INFO: 21:04:51 - main_pipeline.sensor:  Couldn't find Picarro at port COM9, shadowing sensor calls with substitute functions
WARNING: 21:04:51 - main_pipeline.sensor:  Couldn't find Abakus at port COM4, shadowing sensor calls with substitute functions
WARNING: 21:04:51 - main_pipeline.sensor:  Couldn't find Flowmeter at port COM3 and COM5, shadowing sensor calls with substitute functions
WARNING: 21:04:51 - main_pipeline.sensor:  Couldn't find Dimetix laser at port COM6, shadowing sensor calls with substitute functions
WARNING: 21:04:51 - main_pipeline.sensor:  Couldn't find Bronkhorst at port COM7, shadowing sensor calls with substitute functions
INFO: 21:04:51 - sensor_interfaces.sim_instruments:  Fake hardware, pretending to use serial port COM4 with baud 38400
INFO: 21:04:51 - sensor_interfaces.sim_instruments:  Fake hardware, pretending to use serial port COM3 with baud 115200
INFO: 21:04:51 - sensor_interfaces.sim_instruments:  Fake hardware, pretending to use serial port COM5 with baud 115200
INFO: 21:04:51 - sensor_interfaces.sim_instruments:  Fake hardware, pretending to use serial port COM6 with baud 19200
INFO: 21:04:51 - sensor_interfaces.sim_instruments:  Fake hardware, pretending to use serial port COM9 with baud 19200
INFO: 21:04:51 - sensor_interfaces.sim_instruments:  Fake hardware, pretending to use serial port COM7 with baud 38400
INFO: 21:04:51 - main_pipeline.sensor:  Sensor class initiated
INFO: 21:04:51 - main_pipeline.interpreter:  Interpreter class initiated
INFO: 21:04:51 - main_pipeline.writer:  Display class initiated
INFO: 21:04:55 - main_pipeline.sensor:  Shutting down sensors
INFO: 21:04:55 - sensor_interfaces.sim_instruments:  Abakus measurements stopped
INFO: 21:04:55 - sensor_interfaces.sim_instruments:  Dimetix laser turned off
INFO: 21:04:55 - main_pipeline.sensor:  Finished shutting down sensors
INFO: 21:05:21 - main_pipeline.sensor:  Couldn't find Picarro at port COM9, shadowing sensor calls with substitute functions
WARNING: 21:05:21 - main_pipeline.sensor:  Couldn't find Abakus at port COM4, shadowing sensor calls with substitute functions
WARNING: 21:05:21 - main_pipeline.sensor:  Couldn't find Flowmeter at port COM3 and COM5, shadowing sensor calls with substitute functions
WARNING: 21:05:21 - main_pipeline.sensor:  Couldn't find Dimetix laser at port COM6, shadowing sensor calls with substitute functions
WARNING: 21:05:21 - main_pipeline.sensor:  Couldn't find Bronkhorst at port COM7, shadowing sensor calls with substitute functions
INFO: 21:05:21 - sensor_interfaces.sim_instruments:  Fake hardware, pretending to use serial port COM4 with baud 38400
INFO: 21:05:21 - sensor_interfaces.sim_instruments:  Fake hardware, pretending to use serial port COM3 with baud 115200
INFO: 21:05:21 - sensor_interfaces.sim_instruments:  Fake hardware, pretending to use serial port COM5 with baud 115200
INFO: 21:05:21 - sensor_interfaces.sim_instruments:  Fake hardware, pretending to use serial port COM6 with baud 19200
INFO: 21:05:21 - sensor_interfaces.sim_instruments:  Fake hardware, pretending to use serial port COM9 with baud 19200
INFO: 21:05:21 - sensor_interfaces.sim_instruments:  Fake hardware, pretending to use serial port COM7 with baud 38400
INFO: 21:05:21 - main_pipeline.sensor:  Sensor class initiated
INFO: 21:05:21 - main_pipeline.interpreter:  Interpreter class initiated
INFO: 21:05:21 - main_pipeline.writer:  Display class initiated
INFO: 21:05:26 - main_pipeline.sensor:  Shutting down sensors
INFO: 21:05:26 - sensor_interfaces.sim_instruments:  Abakus measurements stopped
INFO: 21:05:26 - sensor_interfaces.sim_instruments:  Dimetix laser turned off
INFO: 21:05:26 - main_pipeline.sensor:  Finished shutting down sensors
INFO: 21:05:38 - main_pipeline.sensor:  Couldn't find Picarro at port COM9, shadowing sensor calls with substitute functions
WARNING: 21:05:38 - main_pipeline.sensor:  Couldn't find Abakus at port COM4, shadowing sensor calls with substitute functions
WARNING: 21:05:38 - main_pipeline.sensor:  Couldn't find Flowmeter at port COM3 and COM5, shadowing sensor calls with substitute functions
WARNING: 21:05:38 - main_pipeline.sensor:  Couldn't find Dimetix laser at port COM6, shadowing sensor calls with substitute functions
WARNING: 21:05:38 - main_pipeline.sensor:  Couldn't find Bronkhorst at port COM7, shadowing sensor calls with substitute functions
INFO: 21:05:38 - sensor_interfaces.sim_instruments:  Fake hardware, pretending to use serial port COM4 with baud 38400
INFO: 21:05:38 - sensor_interfaces.sim_instruments:  Fake hardware, pretending to use serial port COM3 with baud 115200
INFO: 21:05:38 - sensor_interfaces.sim_instruments:  Fake hardware, pretending to use serial port COM5 with baud 115200
INFO: 21:05:38 - sensor_interfaces.sim_instruments:  Fake hardware, pretending to use serial port COM6 with baud 19200
INFO: 21:05:38 - sensor_interfaces.sim_instruments:  Fake hardware, pretending to use serial port COM9 with baud 19200
INFO: 21:05:38 - sensor_interfaces.sim_instruments:  Fake hardware, pretending to use serial port COM7 with baud 38400
INFO: 21:05:38 - main_pipeline.sensor:  Sensor class initiated
INFO: 21:05:38 - main_pipeline.interpreter:  Interpreter class initiated
INFO: 21:05:38 - main_pipeline.writer:  Display class initiated
INFO: 21:05:40 - main_pipeline.sensor:  Initializing sensors
INFO: 21:05:40 - sensor_interfaces.sim_instruments:  Initializing Abakus
INFO: 21:05:40 - sensor_interfaces.sim_instruments:  Abakus initialized
INFO: 21:05:40 - sensor_interfaces.sim_instruments:  Initializing Picarro
INFO: 21:05:40 - sensor_interfaces.sim_instruments:  Initialized Picarro
INFO: 21:05:40 - sensor_interfaces.sim_instruments:  Initializing Dimetix laser
INFO: 21:05:40 - sensor_interfaces.sim_instruments:  Laser initialized
INFO: 21:05:40 - sensor_interfaces.sim_instruments:  Initializing Bronkhorst
INFO: 21:05:40 - sensor_interfaces.sim_instruments:  Bronkhorst initialized
INFO: 21:05:40 - sensor_interfaces.sim_instruments:  Initializing Flowmeter
INFO: 21:05:40 - sensor_interfaces.sim_instruments:  Flowmeter sli2000 initialized
INFO: 21:05:40 - sensor_interfaces.sim_instruments:  Initializing Flowmeter
INFO: 21:05:40 - sensor_interfaces.sim_instruments:  Flowmeter sls1500 initialized
INFO: 21:05:40 - main_pipeline.sensor:  Finished initializing sensors
WARNING: 21:05:41 - __main__:  Error updating the Picarro Gas buffer timestamp: 'NoneType' object is not subscriptable
WARNING: 21:05:41 - __main__:  Error updating the Picarro Gas buffer data: 'NoneType' object is not subscriptable
WARNING: 21:05:41 - __main__:  Error updating the Picarro Gas buffer data: 'NoneType' object is not subscriptable
WARNING: 21:05:41 - __main__:  Error updating the Picarro Gas buffer data: 'NoneType' object is not subscriptable
WARNING: 21:05:41 - __main__:  Error updating the Picarro Gas buffer data: 'NoneType' object is not subscriptable
WARNING: 21:05:41 - __main__:  Error updating the Laser Distance Sensor buffer timestamp: 'NoneType' object is not subscriptable
WARNING: 21:05:41 - __main__:  Error updating the Laser Distance Sensor buffer data: 'NoneType' object is not subscriptable
WARNING: 21:05:41 - __main__:  Error updating the Laser Distance Sensor buffer data: 'NoneType' object is not subscriptable
WARNING: 21:05:41 - __main__:  Error updating the Abakus Particle Counter buffer timestamp: 'NoneType' object is not subscriptable
WARNING: 21:05:41 - __main__:  Error updating the Abakus Particle Counter buffer data: 'NoneType' object is not subscriptable
WARNING: 21:05:41 - __main__:  Error updating the Flowmeter buffer timestamp: 'NoneType' object is not subscriptable
WARNING: 21:05:41 - __main__:  Error updating the Flowmeter buffer data: 'NoneType' object is not subscriptable
WARNING: 21:05:41 - __main__:  Error updating the Flowmeter buffer data: 'NoneType' object is not subscriptable
WARNING: 21:05:41 - __main__:  Error updating the Bronkhorst Pressure buffer timestamp: 'NoneType' object is not subscriptable
WARNING: 21:05:41 - __main__:  Error updating the Bronkhorst Pressure buffer data: 'NoneType' object is not subscriptable
WARNING: 21:05:41 - __main__:  Error updating the Bronkhorst Pressure buffer data: 'NoneType' object is not subscriptable
WARNING: 21:05:41 - __main__:  Error updating the Bronkhorst Pressure buffer data: 'NoneType' object is not subscriptable
WARNING: 21:05:41 - __main__:  Error updating the Bronkhorst Pressure buffer data: 'NoneType' object is not subscriptable
WARNING: 21:05:42 - __main__:  Error updating the Picarro Gas buffer timestamp: 'NoneType' object is not subscriptable
WARNING: 21:05:42 - __main__:  Error updating the Picarro Gas buffer data: 'NoneType' object is not subscriptable
WARNING: 21:05:42 - __main__:  Error updating the Picarro Gas buffer data: 'NoneType' object is not subscriptable
WARNING: 21:05:42 - __main__:  Error updating the Picarro Gas buffer data: 'NoneType' object is not subscriptable
WARNING: 21:05:42 - __main__:  Error updating the Picarro Gas buffer data: 'NoneType' object is not subscriptable
WARNING: 21:05:42 - __main__:  Error updating the Laser Distance Sensor buffer timestamp: 'NoneType' object is not subscriptable
WARNING: 21:05:42 - __main__:  Error updating the Laser Distance Sensor buffer data: 'NoneType' object is not subscriptable
WARNING: 21:05:42 - __main__:  Error updating the Laser Distance Sensor buffer data: 'NoneType' object is not subscriptable
WARNING: 21:05:42 - __main__:  Error updating the Abakus Particle Counter buffer timestamp: 'NoneType' object is not subscriptable
WARNING: 21:05:42 - __main__:  Error updating the Abakus Particle Counter buffer data: 'NoneType' object is not subscriptable
WARNING: 21:05:42 - __main__:  Error updating the Flowmeter buffer timestamp: 'NoneType' object is not subscriptable
WARNING: 21:05:42 - __main__:  Error updating the Flowmeter buffer data: 'NoneType' object is not subscriptable
WARNING: 21:05:42 - __main__:  Error updating the Flowmeter buffer data: 'NoneType' object is not subscriptable
WARNING: 21:05:42 - __main__:  Error updating the Bronkhorst Pressure buffer timestamp: 'NoneType' object is not subscriptable
WARNING: 21:05:42 - __main__:  Error updating the Bronkhorst Pressure buffer data: 'NoneType' object is not subscriptable
WARNING: 21:05:42 - __main__:  Error updating the Bronkhorst Pressure buffer data: 'NoneType' object is not subscriptable
WARNING: 21:05:42 - __main__:  Error updating the Bronkhorst Pressure buffer data: 'NoneType' object is not subscriptable
WARNING: 21:05:42 - __main__:  Error updating the Bronkhorst Pressure buffer data: 'NoneType' object is not subscriptable
WARNING: 21:05:43 - __main__:  Error updating the Picarro Gas buffer timestamp: 'NoneType' object is not subscriptable
WARNING: 21:05:43 - __main__:  Error updating the Picarro Gas buffer data: 'NoneType' object is not subscriptable
WARNING: 21:05:43 - __main__:  Error updating the Picarro Gas buffer data: 'NoneType' object is not subscriptable
WARNING: 21:05:43 - __main__:  Error updating the Picarro Gas buffer data: 'NoneType' object is not subscriptable
WARNING: 21:05:43 - __main__:  Error updating the Picarro Gas buffer data: 'NoneType' object is not subscriptable
WARNING: 21:05:43 - __main__:  Error updating the Laser Distance Sensor buffer timestamp: 'NoneType' object is not subscriptable
WARNING: 21:05:43 - __main__:  Error updating the Laser Distance Sensor buffer data: 'NoneType' object is not subscriptable
WARNING: 21:05:43 - __main__:  Error updating the Laser Distance Sensor buffer data: 'NoneType' object is not subscriptable
WARNING: 21:05:43 - __main__:  Error updating the Abakus Particle Counter buffer timestamp: 'NoneType' object is not subscriptable
WARNING: 21:05:43 - __main__:  Error updating the Abakus Particle Counter buffer data: 'NoneType' object is not subscriptable
WARNING: 21:05:43 - __main__:  Error updating the Flowmeter buffer timestamp: 'NoneType' object is not subscriptable
WARNING: 21:05:43 - __main__:  Error updating the Flowmeter buffer data: 'NoneType' object is not subscriptable
WARNING: 21:05:43 - __main__:  Error updating the Flowmeter buffer data: 'NoneType' object is not subscriptable
WARNING: 21:05:43 - __main__:  Error updating the Bronkhorst Pressure buffer timestamp: 'NoneType' object is not subscriptable
WARNING: 21:05:43 - __main__:  Error updating the Bronkhorst Pressure buffer data: 'NoneType' object is not subscriptable
WARNING: 21:05:43 - __main__:  Error updating the Bronkhorst Pressure buffer data: 'NoneType' object is not subscriptable
WARNING: 21:05:43 - __main__:  Error updating the Bronkhorst Pressure buffer data: 'NoneType' object is not subscriptable
WARNING: 21:05:43 - __main__:  Error updating the Bronkhorst Pressure buffer data: 'NoneType' object is not subscriptable
WARNING: 21:05:44 - __main__:  Error updating the Picarro Gas buffer timestamp: 'NoneType' object is not subscriptable
WARNING: 21:05:44 - __main__:  Error updating the Picarro Gas buffer data: 'NoneType' object is not subscriptable
WARNING: 21:05:44 - __main__:  Error updating the Picarro Gas buffer data: 'NoneType' object is not subscriptable
WARNING: 21:05:44 - __main__:  Error updating the Picarro Gas buffer data: 'NoneType' object is not subscriptable
WARNING: 21:05:44 - __main__:  Error updating the Picarro Gas buffer data: 'NoneType' object is not subscriptable
WARNING: 21:05:44 - __main__:  Error updating the Laser Distance Sensor buffer timestamp: 'NoneType' object is not subscriptable
WARNING: 21:05:44 - __main__:  Error updating the Laser Distance Sensor buffer data: 'NoneType' object is not subscriptable
WARNING: 21:05:44 - __main__:  Error updating the Laser Distance Sensor buffer data: 'NoneType' object is not subscriptable
WARNING: 21:05:44 - __main__:  Error updating the Abakus Particle Counter buffer timestamp: 'NoneType' object is not subscriptable
WARNING: 21:05:44 - __main__:  Error updating the Abakus Particle Counter buffer data: 'NoneType' object is not subscriptable
WARNING: 21:05:44 - __main__:  Error updating the Flowmeter buffer timestamp: 'NoneType' object is not subscriptable
WARNING: 21:05:44 - __main__:  Error updating the Flowmeter buffer data: 'NoneType' object is not subscriptable
WARNING: 21:05:44 - __main__:  Error updating the Flowmeter buffer data: 'NoneType' object is not subscriptable
WARNING: 21:05:44 - __main__:  Error updating the Bronkhorst Pressure buffer timestamp: 'NoneType' object is not subscriptable
WARNING: 21:05:44 - __main__:  Error updating the Bronkhorst Pressure buffer data: 'NoneType' object is not subscriptable
WARNING: 21:05:44 - __main__:  Error updating the Bronkhorst Pressure buffer data: 'NoneType' object is not subscriptable
WARNING: 21:05:44 - __main__:  Error updating the Bronkhorst Pressure buffer data: 'NoneType' object is not subscriptable
WARNING: 21:05:44 - __main__:  Error updating the Bronkhorst Pressure buffer data: 'NoneType' object is not subscriptable
WARNING: 21:05:45 - __main__:  Error updating the Picarro Gas buffer timestamp: 'NoneType' object is not subscriptable
WARNING: 21:05:45 - __main__:  Error updating the Picarro Gas buffer data: 'NoneType' object is not subscriptable
WARNING: 21:05:45 - __main__:  Error updating the Picarro Gas buffer data: 'NoneType' object is not subscriptable
WARNING: 21:05:45 - __main__:  Error updating the Picarro Gas buffer data: 'NoneType' object is not subscriptable
WARNING: 21:05:45 - __main__:  Error updating the Picarro Gas buffer data: 'NoneType' object is not subscriptable
WARNING: 21:05:45 - __main__:  Error updating the Laser Distance Sensor buffer timestamp: 'NoneType' object is not subscriptable
WARNING: 21:05:45 - __main__:  Error updating the Laser Distance Sensor buffer data: 'NoneType' object is not subscriptable
WARNING: 21:05:45 - __main__:  Error updating the Laser Distance Sensor buffer data: 'NoneType' object is not subscriptable
WARNING: 21:05:45 - __main__:  Error updating the Abakus Particle Counter buffer timestamp: 'NoneType' object is not subscriptable
WARNING: 21:05:45 - __main__:  Error updating the Abakus Particle Counter buffer data: 'NoneType' object is not subscriptable
WARNING: 21:05:45 - __main__:  Error updating the Flowmeter buffer timestamp: 'NoneType' object is not subscriptable
WARNING: 21:05:45 - __main__:  Error updating the Flowmeter buffer data: 'NoneType' object is not subscriptable
WARNING: 21:05:45 - __main__:  Error updating the Flowmeter buffer data: 'NoneType' object is not subscriptable
WARNING: 21:05:45 - __main__:  Error updating the Bronkhorst Pressure buffer timestamp: 'NoneType' object is not subscriptable
WARNING: 21:05:45 - __main__:  Error updating the Bronkhorst Pressure buffer data: 'NoneType' object is not subscriptable
WARNING: 21:05:45 - __main__:  Error updating the Bronkhorst Pressure buffer data: 'NoneType' object is not subscriptable
WARNING: 21:05:45 - __main__:  Error updating the Bronkhorst Pressure buffer data: 'NoneType' object is not subscriptable
WARNING: 21:05:45 - __main__:  Error updating the Bronkhorst Pressure buffer data: 'NoneType' object is not subscriptable
WARNING: 21:05:46 - __main__:  Error updating the Picarro Gas buffer timestamp: 'NoneType' object is not subscriptable
WARNING: 21:05:46 - __main__:  Error updating the Picarro Gas buffer data: 'NoneType' object is not subscriptable
WARNING: 21:05:46 - __main__:  Error updating the Picarro Gas buffer data: 'NoneType' object is not subscriptable
WARNING: 21:05:46 - __main__:  Error updating the Picarro Gas buffer data: 'NoneType' object is not subscriptable
WARNING: 21:05:46 - __main__:  Error updating the Picarro Gas buffer data: 'NoneType' object is not subscriptable
WARNING: 21:05:46 - __main__:  Error updating the Laser Distance Sensor buffer timestamp: 'NoneType' object is not subscriptable
WARNING: 21:05:46 - __main__:  Error updating the Laser Distance Sensor buffer data: 'NoneType' object is not subscriptable
WARNING: 21:05:46 - __main__:  Error updating the Laser Distance Sensor buffer data: 'NoneType' object is not subscriptable
WARNING: 21:05:46 - __main__:  Error updating the Abakus Particle Counter buffer timestamp: 'NoneType' object is not subscriptable
WARNING: 21:05:46 - __main__:  Error updating the Abakus Particle Counter buffer data: 'NoneType' object is not subscriptable
WARNING: 21:05:46 - __main__:  Error updating the Flowmeter buffer timestamp: 'NoneType' object is not subscriptable
WARNING: 21:05:46 - __main__:  Error updating the Flowmeter buffer data: 'NoneType' object is not subscriptable
WARNING: 21:05:46 - __main__:  Error updating the Flowmeter buffer data: 'NoneType' object is not subscriptable
WARNING: 21:05:46 - __main__:  Error updating the Bronkhorst Pressure buffer timestamp: 'NoneType' object is not subscriptable
WARNING: 21:05:46 - __main__:  Error updating the Bronkhorst Pressure buffer data: 'NoneType' object is not subscriptable
WARNING: 21:05:46 - __main__:  Error updating the Bronkhorst Pressure buffer data: 'NoneType' object is not subscriptable
WARNING: 21:05:46 - __main__:  Error updating the Bronkhorst Pressure buffer data: 'NoneType' object is not subscriptable
WARNING: 21:05:46 - __main__:  Error updating the Bronkhorst Pressure buffer data: 'NoneType' object is not subscriptable
WARNING: 21:05:47 - __main__:  Error updating the Picarro Gas buffer timestamp: 'NoneType' object is not subscriptable
WARNING: 21:05:47 - __main__:  Error updating the Picarro Gas buffer data: 'NoneType' object is not subscriptable
WARNING: 21:05:47 - __main__:  Error updating the Picarro Gas buffer data: 'NoneType' object is not subscriptable
WARNING: 21:05:47 - __main__:  Error updating the Picarro Gas buffer data: 'NoneType' object is not subscriptable
WARNING: 21:05:47 - __main__:  Error updating the Picarro Gas buffer data: 'NoneType' object is not subscriptable
WARNING: 21:05:47 - __main__:  Error updating the Laser Distance Sensor buffer timestamp: 'NoneType' object is not subscriptable
WARNING: 21:05:47 - __main__:  Error updating the Laser Distance Sensor buffer data: 'NoneType' object is not subscriptable
WARNING: 21:05:47 - __main__:  Error updating the Laser Distance Sensor buffer data: 'NoneType' object is not subscriptable
WARNING: 21:05:47 - __main__:  Error updating the Abakus Particle Counter buffer timestamp: 'NoneType' object is not subscriptable
WARNING: 21:05:47 - __main__:  Error updating the Abakus Particle Counter buffer data: 'NoneType' object is not subscriptable
WARNING: 21:05:47 - __main__:  Error updating the Flowmeter buffer timestamp: 'NoneType' object is not subscriptable
WARNING: 21:05:47 - __main__:  Error updating the Flowmeter buffer data: 'NoneType' object is not subscriptable
WARNING: 21:05:47 - __main__:  Error updating the Flowmeter buffer data: 'NoneType' object is not subscriptable
WARNING: 21:05:47 - __main__:  Error updating the Bronkhorst Pressure buffer timestamp: 'NoneType' object is not subscriptable
WARNING: 21:05:47 - __main__:  Error updating the Bronkhorst Pressure buffer data: 'NoneType' object is not subscriptable
WARNING: 21:05:47 - __main__:  Error updating the Bronkhorst Pressure buffer data: 'NoneType' object is not subscriptable
WARNING: 21:05:47 - __main__:  Error updating the Bronkhorst Pressure buffer data: 'NoneType' object is not subscriptable
WARNING: 21:05:47 - __main__:  Error updating the Bronkhorst Pressure buffer data: 'NoneType' object is not subscriptable
WARNING: 21:05:48 - __main__:  Error updating the Picarro Gas buffer timestamp: 'NoneType' object is not subscriptable
WARNING: 21:05:48 - __main__:  Error updating the Picarro Gas buffer data: 'NoneType' object is not subscriptable
WARNING: 21:05:48 - __main__:  Error updating the Picarro Gas buffer data: 'NoneType' object is not subscriptable
WARNING: 21:05:48 - __main__:  Error updating the Picarro Gas buffer data: 'NoneType' object is not subscriptable
WARNING: 21:05:48 - __main__:  Error updating the Picarro Gas buffer data: 'NoneType' object is not subscriptable
WARNING: 21:05:48 - __main__:  Error updating the Laser Distance Sensor buffer timestamp: 'NoneType' object is not subscriptable
WARNING: 21:05:48 - __main__:  Error updating the Laser Distance Sensor buffer data: 'NoneType' object is not subscriptable
WARNING: 21:05:48 - __main__:  Error updating the Laser Distance Sensor buffer data: 'NoneType' object is not subscriptable
WARNING: 21:05:48 - __main__:  Error updating the Abakus Particle Counter buffer timestamp: 'NoneType' object is not subscriptable
WARNING: 21:05:48 - __main__:  Error updating the Abakus Particle Counter buffer data: 'NoneType' object is not subscriptable
WARNING: 21:05:48 - __main__:  Error updating the Flowmeter buffer timestamp: 'NoneType' object is not subscriptable
WARNING: 21:05:48 - __main__:  Error updating the Flowmeter buffer data: 'NoneType' object is not subscriptable
WARNING: 21:05:48 - __main__:  Error updating the Flowmeter buffer data: 'NoneType' object is not subscriptable
WARNING: 21:05:48 - __main__:  Error updating the Bronkhorst Pressure buffer timestamp: 'NoneType' object is not subscriptable
WARNING: 21:05:48 - __main__:  Error updating the Bronkhorst Pressure buffer data: 'NoneType' object is not subscriptable
WARNING: 21:05:48 - __main__:  Error updating the Bronkhorst Pressure buffer data: 'NoneType' object is not subscriptable
WARNING: 21:05:48 - __main__:  Error updating the Bronkhorst Pressure buffer data: 'NoneType' object is not subscriptable
WARNING: 21:05:48 - __main__:  Error updating the Bronkhorst Pressure buffer data: 'NoneType' object is not subscriptable
WARNING: 21:05:49 - __main__:  Error updating the Picarro Gas buffer timestamp: 'NoneType' object is not subscriptable
WARNING: 21:05:49 - __main__:  Error updating the Picarro Gas buffer data: 'NoneType' object is not subscriptable
WARNING: 21:05:49 - __main__:  Error updating the Picarro Gas buffer data: 'NoneType' object is not subscriptable
WARNING: 21:05:49 - __main__:  Error updating the Picarro Gas buffer data: 'NoneType' object is not subscriptable
WARNING: 21:05:49 - __main__:  Error updating the Picarro Gas buffer data: 'NoneType' object is not subscriptable
WARNING: 21:05:49 - __main__:  Error updating the Laser Distance Sensor buffer timestamp: 'NoneType' object is not subscriptable
WARNING: 21:05:49 - __main__:  Error updating the Laser Distance Sensor buffer data: 'NoneType' object is not subscriptable
WARNING: 21:05:49 - __main__:  Error updating the Laser Distance Sensor buffer data: 'NoneType' object is not subscriptable
WARNING: 21:05:49 - __main__:  Error updating the Abakus Particle Counter buffer timestamp: 'NoneType' object is not subscriptable
WARNING: 21:05:49 - __main__:  Error updating the Abakus Particle Counter buffer data: 'NoneType' object is not subscriptable
WARNING: 21:05:49 - __main__:  Error updating the Flowmeter buffer timestamp: 'NoneType' object is not subscriptable
WARNING: 21:05:49 - __main__:  Error updating the Flowmeter buffer data: 'NoneType' object is not subscriptable
WARNING: 21:05:49 - __main__:  Error updating the Flowmeter buffer data: 'NoneType' object is not subscriptable
WARNING: 21:05:49 - __main__:  Error updating the Bronkhorst Pressure buffer timestamp: 'NoneType' object is not subscriptable
WARNING: 21:05:49 - __main__:  Error updating the Bronkhorst Pressure buffer data: 'NoneType' object is not subscriptable
WARNING: 21:05:49 - __main__:  Error updating the Bronkhorst Pressure buffer data: 'NoneType' object is not subscriptable
WARNING: 21:05:49 - __main__:  Error updating the Bronkhorst Pressure buffer data: 'NoneType' object is not subscriptable
WARNING: 21:05:49 - __main__:  Error updating the Bronkhorst Pressure buffer data: 'NoneType' object is not subscriptable
WARNING: 21:05:50 - __main__:  Error updating the Picarro Gas buffer timestamp: 'NoneType' object is not subscriptable
WARNING: 21:05:50 - __main__:  Error updating the Picarro Gas buffer data: 'NoneType' object is not subscriptable
WARNING: 21:05:50 - __main__:  Error updating the Picarro Gas buffer data: 'NoneType' object is not subscriptable
WARNING: 21:05:50 - __main__:  Error updating the Picarro Gas buffer data: 'NoneType' object is not subscriptable
WARNING: 21:05:50 - __main__:  Error updating the Picarro Gas buffer data: 'NoneType' object is not subscriptable
WARNING: 21:05:50 - __main__:  Error updating the Laser Distance Sensor buffer timestamp: 'NoneType' object is not subscriptable
WARNING: 21:05:50 - __main__:  Error updating the Laser Distance Sensor buffer data: 'NoneType' object is not subscriptable
WARNING: 21:05:50 - __main__:  Error updating the Laser Distance Sensor buffer data: 'NoneType' object is not subscriptable
WARNING: 21:05:50 - __main__:  Error updating the Abakus Particle Counter buffer timestamp: 'NoneType' object is not subscriptable
WARNING: 21:05:50 - __main__:  Error updating the Abakus Particle Counter buffer data: 'NoneType' object is not subscriptable
WARNING: 21:05:50 - __main__:  Error updating the Flowmeter buffer timestamp: 'NoneType' object is not subscriptable
WARNING: 21:05:50 - __main__:  Error updating the Flowmeter buffer data: 'NoneType' object is not subscriptable
WARNING: 21:05:50 - __main__:  Error updating the Flowmeter buffer data: 'NoneType' object is not subscriptable
WARNING: 21:05:50 - __main__:  Error updating the Bronkhorst Pressure buffer timestamp: 'NoneType' object is not subscriptable
WARNING: 21:05:50 - __main__:  Error updating the Bronkhorst Pressure buffer data: 'NoneType' object is not subscriptable
WARNING: 21:05:50 - __main__:  Error updating the Bronkhorst Pressure buffer data: 'NoneType' object is not subscriptable
WARNING: 21:05:50 - __main__:  Error updating the Bronkhorst Pressure buffer data: 'NoneType' object is not subscriptable
WARNING: 21:05:50 - __main__:  Error updating the Bronkhorst Pressure buffer data: 'NoneType' object is not subscriptable
WARNING: 21:05:51 - __main__:  Error updating the Picarro Gas buffer timestamp: 'NoneType' object is not subscriptable
WARNING: 21:05:51 - __main__:  Error updating the Picarro Gas buffer data: 'NoneType' object is not subscriptable
WARNING: 21:05:51 - __main__:  Error updating the Picarro Gas buffer data: 'NoneType' object is not subscriptable
WARNING: 21:05:51 - __main__:  Error updating the Picarro Gas buffer data: 'NoneType' object is not subscriptable
WARNING: 21:05:51 - __main__:  Error updating the Picarro Gas buffer data: 'NoneType' object is not subscriptable
WARNING: 21:05:51 - __main__:  Error updating the Laser Distance Sensor buffer timestamp: 'NoneType' object is not subscriptable
WARNING: 21:05:51 - __main__:  Error updating the Laser Distance Sensor buffer data: 'NoneType' object is not subscriptable
WARNING: 21:05:51 - __main__:  Error updating the Laser Distance Sensor buffer data: 'NoneType' object is not subscriptable
WARNING: 21:05:51 - __main__:  Error updating the Abakus Particle Counter buffer timestamp: 'NoneType' object is not subscriptable
WARNING: 21:05:51 - __main__:  Error updating the Abakus Particle Counter buffer data: 'NoneType' object is not subscriptable
WARNING: 21:05:51 - __main__:  Error updating the Flowmeter buffer timestamp: 'NoneType' object is not subscriptable
WARNING: 21:05:51 - __main__:  Error updating the Flowmeter buffer data: 'NoneType' object is not subscriptable
WARNING: 21:05:51 - __main__:  Error updating the Flowmeter buffer data: 'NoneType' object is not subscriptable
WARNING: 21:05:51 - __main__:  Error updating the Bronkhorst Pressure buffer timestamp: 'NoneType' object is not subscriptable
WARNING: 21:05:51 - __main__:  Error updating the Bronkhorst Pressure buffer data: 'NoneType' object is not subscriptable
WARNING: 21:05:51 - __main__:  Error updating the Bronkhorst Pressure buffer data: 'NoneType' object is not subscriptable
WARNING: 21:05:51 - __main__:  Error updating the Bronkhorst Pressure buffer data: 'NoneType' object is not subscriptable
WARNING: 21:05:51 - __main__:  Error updating the Bronkhorst Pressure buffer data: 'NoneType' object is not subscriptable
WARNING: 21:05:52 - __main__:  Error updating the Picarro Gas buffer timestamp: 'NoneType' object is not subscriptable
WARNING: 21:05:52 - __main__:  Error updating the Picarro Gas buffer data: 'NoneType' object is not subscriptable
WARNING: 21:05:52 - __main__:  Error updating the Picarro Gas buffer data: 'NoneType' object is not subscriptable
WARNING: 21:05:52 - __main__:  Error updating the Picarro Gas buffer data: 'NoneType' object is not subscriptable
WARNING: 21:05:52 - __main__:  Error updating the Picarro Gas buffer data: 'NoneType' object is not subscriptable
WARNING: 21:05:52 - __main__:  Error updating the Laser Distance Sensor buffer timestamp: 'NoneType' object is not subscriptable
WARNING: 21:05:52 - __main__:  Error updating the Laser Distance Sensor buffer data: 'NoneType' object is not subscriptable
WARNING: 21:05:52 - __main__:  Error updating the Laser Distance Sensor buffer data: 'NoneType' object is not subscriptable
WARNING: 21:05:52 - __main__:  Error updating the Abakus Particle Counter buffer timestamp: 'NoneType' object is not subscriptable
WARNING: 21:05:52 - __main__:  Error updating the Abakus Particle Counter buffer data: 'NoneType' object is not subscriptable
WARNING: 21:05:52 - __main__:  Error updating the Flowmeter buffer timestamp: 'NoneType' object is not subscriptable
WARNING: 21:05:52 - __main__:  Error updating the Flowmeter buffer data: 'NoneType' object is not subscriptable
WARNING: 21:05:52 - __main__:  Error updating the Flowmeter buffer data: 'NoneType' object is not subscriptable
WARNING: 21:05:52 - __main__:  Error updating the Bronkhorst Pressure buffer timestamp: 'NoneType' object is not subscriptable
WARNING: 21:05:52 - __main__:  Error updating the Bronkhorst Pressure buffer data: 'NoneType' object is not subscriptable
WARNING: 21:05:52 - __main__:  Error updating the Bronkhorst Pressure buffer data: 'NoneType' object is not subscriptable
WARNING: 21:05:52 - __main__:  Error updating the Bronkhorst Pressure buffer data: 'NoneType' object is not subscriptable
WARNING: 21:05:52 - __main__:  Error updating the Bronkhorst Pressure buffer data: 'NoneType' object is not subscriptable
WARNING: 21:05:53 - __main__:  Error updating the Picarro Gas buffer timestamp: 'NoneType' object is not subscriptable
WARNING: 21:05:53 - __main__:  Error updating the Picarro Gas buffer data: 'NoneType' object is not subscriptable
WARNING: 21:05:53 - __main__:  Error updating the Picarro Gas buffer data: 'NoneType' object is not subscriptable
WARNING: 21:05:53 - __main__:  Error updating the Picarro Gas buffer data: 'NoneType' object is not subscriptable
WARNING: 21:05:53 - __main__:  Error updating the Picarro Gas buffer data: 'NoneType' object is not subscriptable
WARNING: 21:05:53 - __main__:  Error updating the Laser Distance Sensor buffer timestamp: 'NoneType' object is not subscriptable
WARNING: 21:05:53 - __main__:  Error updating the Laser Distance Sensor buffer data: 'NoneType' object is not subscriptable
WARNING: 21:05:53 - __main__:  Error updating the Laser Distance Sensor buffer data: 'NoneType' object is not subscriptable
WARNING: 21:05:53 - __main__:  Error updating the Abakus Particle Counter buffer timestamp: 'NoneType' object is not subscriptable
WARNING: 21:05:53 - __main__:  Error updating the Abakus Particle Counter buffer data: 'NoneType' object is not subscriptable
WARNING: 21:05:53 - __main__:  Error updating the Flowmeter buffer timestamp: 'NoneType' object is not subscriptable
WARNING: 21:05:53 - __main__:  Error updating the Flowmeter buffer data: 'NoneType' object is not subscriptable
WARNING: 21:05:53 - __main__:  Error updating the Flowmeter buffer data: 'NoneType' object is not subscriptable
WARNING: 21:05:53 - __main__:  Error updating the Bronkhorst Pressure buffer timestamp: 'NoneType' object is not subscriptable
WARNING: 21:05:53 - __main__:  Error updating the Bronkhorst Pressure buffer data: 'NoneType' object is not subscriptable
WARNING: 21:05:53 - __main__:  Error updating the Bronkhorst Pressure buffer data: 'NoneType' object is not subscriptable
WARNING: 21:05:53 - __main__:  Error updating the Bronkhorst Pressure buffer data: 'NoneType' object is not subscriptable
WARNING: 21:05:53 - __main__:  Error updating the Bronkhorst Pressure buffer data: 'NoneType' object is not subscriptable
WARNING: 21:05:54 - __main__:  Error updating the Picarro Gas buffer timestamp: 'NoneType' object is not subscriptable
WARNING: 21:05:54 - __main__:  Error updating the Picarro Gas buffer data: 'NoneType' object is not subscriptable
WARNING: 21:05:54 - __main__:  Error updating the Picarro Gas buffer data: 'NoneType' object is not subscriptable
WARNING: 21:05:54 - __main__:  Error updating the Picarro Gas buffer data: 'NoneType' object is not subscriptable
WARNING: 21:05:54 - __main__:  Error updating the Picarro Gas buffer data: 'NoneType' object is not subscriptable
WARNING: 21:05:54 - __main__:  Error updating the Laser Distance Sensor buffer timestamp: 'NoneType' object is not subscriptable
WARNING: 21:05:54 - __main__:  Error updating the Laser Distance Sensor buffer data: 'NoneType' object is not subscriptable
WARNING: 21:05:54 - __main__:  Error updating the Laser Distance Sensor buffer data: 'NoneType' object is not subscriptable
WARNING: 21:05:54 - __main__:  Error updating the Abakus Particle Counter buffer timestamp: 'NoneType' object is not subscriptable
WARNING: 21:05:54 - __main__:  Error updating the Abakus Particle Counter buffer data: 'NoneType' object is not subscriptable
WARNING: 21:05:54 - __main__:  Error updating the Flowmeter buffer timestamp: 'NoneType' object is not subscriptable
WARNING: 21:05:54 - __main__:  Error updating the Flowmeter buffer data: 'NoneType' object is not subscriptable
WARNING: 21:05:54 - __main__:  Error updating the Flowmeter buffer data: 'NoneType' object is not subscriptable
WARNING: 21:05:54 - __main__:  Error updating the Bronkhorst Pressure buffer timestamp: 'NoneType' object is not subscriptable
WARNING: 21:05:54 - __main__:  Error updating the Bronkhorst Pressure buffer data: 'NoneType' object is not subscriptable
WARNING: 21:05:54 - __main__:  Error updating the Bronkhorst Pressure buffer data: 'NoneType' object is not subscriptable
WARNING: 21:05:54 - __main__:  Error updating the Bronkhorst Pressure buffer data: 'NoneType' object is not subscriptable
WARNING: 21:05:54 - __main__:  Error updating the Bronkhorst Pressure buffer data: 'NoneType' object is not subscriptable
WARNING: 21:05:55 - __main__:  Error updating the Picarro Gas buffer timestamp: 'NoneType' object is not subscriptable
WARNING: 21:05:55 - __main__:  Error updating the Picarro Gas buffer data: 'NoneType' object is not subscriptable
WARNING: 21:05:55 - __main__:  Error updating the Picarro Gas buffer data: 'NoneType' object is not subscriptable
WARNING: 21:05:55 - __main__:  Error updating the Picarro Gas buffer data: 'NoneType' object is not subscriptable
WARNING: 21:05:55 - __main__:  Error updating the Picarro Gas buffer data: 'NoneType' object is not subscriptable
WARNING: 21:05:55 - __main__:  Error updating the Laser Distance Sensor buffer timestamp: 'NoneType' object is not subscriptable
WARNING: 21:05:55 - __main__:  Error updating the Laser Distance Sensor buffer data: 'NoneType' object is not subscriptable
WARNING: 21:05:55 - __main__:  Error updating the Laser Distance Sensor buffer data: 'NoneType' object is not subscriptable
WARNING: 21:05:55 - __main__:  Error updating the Abakus Particle Counter buffer timestamp: 'NoneType' object is not subscriptable
WARNING: 21:05:55 - __main__:  Error updating the Abakus Particle Counter buffer data: 'NoneType' object is not subscriptable
WARNING: 21:05:55 - __main__:  Error updating the Flowmeter buffer timestamp: 'NoneType' object is not subscriptable
WARNING: 21:05:55 - __main__:  Error updating the Flowmeter buffer data: 'NoneType' object is not subscriptable
WARNING: 21:05:55 - __main__:  Error updating the Flowmeter buffer data: 'NoneType' object is not subscriptable
WARNING: 21:05:55 - __main__:  Error updating the Bronkhorst Pressure buffer timestamp: 'NoneType' object is not subscriptable
WARNING: 21:05:55 - __main__:  Error updating the Bronkhorst Pressure buffer data: 'NoneType' object is not subscriptable
WARNING: 21:05:55 - __main__:  Error updating the Bronkhorst Pressure buffer data: 'NoneType' object is not subscriptable
WARNING: 21:05:55 - __main__:  Error updating the Bronkhorst Pressure buffer data: 'NoneType' object is not subscriptable
WARNING: 21:05:55 - __main__:  Error updating the Bronkhorst Pressure buffer data: 'NoneType' object is not subscriptable
WARNING: 21:05:56 - __main__:  Error updating the Picarro Gas buffer timestamp: 'NoneType' object is not subscriptable
WARNING: 21:05:56 - __main__:  Error updating the Picarro Gas buffer data: 'NoneType' object is not subscriptable
WARNING: 21:05:56 - __main__:  Error updating the Picarro Gas buffer data: 'NoneType' object is not subscriptable
WARNING: 21:05:56 - __main__:  Error updating the Picarro Gas buffer data: 'NoneType' object is not subscriptable
WARNING: 21:05:56 - __main__:  Error updating the Picarro Gas buffer data: 'NoneType' object is not subscriptable
WARNING: 21:05:56 - __main__:  Error updating the Laser Distance Sensor buffer timestamp: 'NoneType' object is not subscriptable
WARNING: 21:05:56 - __main__:  Error updating the Laser Distance Sensor buffer data: 'NoneType' object is not subscriptable
WARNING: 21:05:56 - __main__:  Error updating the Laser Distance Sensor buffer data: 'NoneType' object is not subscriptable
WARNING: 21:05:56 - __main__:  Error updating the Abakus Particle Counter buffer timestamp: 'NoneType' object is not subscriptable
WARNING: 21:05:56 - __main__:  Error updating the Abakus Particle Counter buffer data: 'NoneType' object is not subscriptable
WARNING: 21:05:56 - __main__:  Error updating the Flowmeter buffer timestamp: 'NoneType' object is not subscriptable
WARNING: 21:05:56 - __main__:  Error updating the Flowmeter buffer data: 'NoneType' object is not subscriptable
WARNING: 21:05:56 - __main__:  Error updating the Flowmeter buffer data: 'NoneType' object is not subscriptable
WARNING: 21:05:56 - __main__:  Error updating the Bronkhorst Pressure buffer timestamp: 'NoneType' object is not subscriptable
WARNING: 21:05:56 - __main__:  Error updating the Bronkhorst Pressure buffer data: 'NoneType' object is not subscriptable
WARNING: 21:05:56 - __main__:  Error updating the Bronkhorst Pressure buffer data: 'NoneType' object is not subscriptable
WARNING: 21:05:56 - __main__:  Error updating the Bronkhorst Pressure buffer data: 'NoneType' object is not subscriptable
WARNING: 21:05:56 - __main__:  Error updating the Bronkhorst Pressure buffer data: 'NoneType' object is not subscriptable
WARNING: 21:05:57 - __main__:  Error updating the Picarro Gas buffer timestamp: 'NoneType' object is not subscriptable
WARNING: 21:05:57 - __main__:  Error updating the Picarro Gas buffer data: 'NoneType' object is not subscriptable
WARNING: 21:05:57 - __main__:  Error updating the Picarro Gas buffer data: 'NoneType' object is not subscriptable
WARNING: 21:05:57 - __main__:  Error updating the Picarro Gas buffer data: 'NoneType' object is not subscriptable
WARNING: 21:05:57 - __main__:  Error updating the Picarro Gas buffer data: 'NoneType' object is not subscriptable
WARNING: 21:05:57 - __main__:  Error updating the Laser Distance Sensor buffer timestamp: 'NoneType' object is not subscriptable
WARNING: 21:05:57 - __main__:  Error updating the Laser Distance Sensor buffer data: 'NoneType' object is not subscriptable
WARNING: 21:05:57 - __main__:  Error updating the Laser Distance Sensor buffer data: 'NoneType' object is not subscriptable
WARNING: 21:05:57 - __main__:  Error updating the Abakus Particle Counter buffer timestamp: 'NoneType' object is not subscriptable
WARNING: 21:05:57 - __main__:  Error updating the Abakus Particle Counter buffer data: 'NoneType' object is not subscriptable
WARNING: 21:05:57 - __main__:  Error updating the Flowmeter buffer timestamp: 'NoneType' object is not subscriptable
WARNING: 21:05:57 - __main__:  Error updating the Flowmeter buffer data: 'NoneType' object is not subscriptable
WARNING: 21:05:57 - __main__:  Error updating the Flowmeter buffer data: 'NoneType' object is not subscriptable
WARNING: 21:05:57 - __main__:  Error updating the Bronkhorst Pressure buffer timestamp: 'NoneType' object is not subscriptable
WARNING: 21:05:57 - __main__:  Error updating the Bronkhorst Pressure buffer data: 'NoneType' object is not subscriptable
WARNING: 21:05:57 - __main__:  Error updating the Bronkhorst Pressure buffer data: 'NoneType' object is not subscriptable
WARNING: 21:05:57 - __main__:  Error updating the Bronkhorst Pressure buffer data: 'NoneType' object is not subscriptable
WARNING: 21:05:57 - __main__:  Error updating the Bronkhorst Pressure buffer data: 'NoneType' object is not subscriptable
WARNING: 21:05:58 - __main__:  Error updating the Picarro Gas buffer timestamp: 'NoneType' object is not subscriptable
WARNING: 21:05:58 - __main__:  Error updating the Picarro Gas buffer data: 'NoneType' object is not subscriptable
WARNING: 21:05:58 - __main__:  Error updating the Picarro Gas buffer data: 'NoneType' object is not subscriptable
WARNING: 21:05:58 - __main__:  Error updating the Picarro Gas buffer data: 'NoneType' object is not subscriptable
WARNING: 21:05:58 - __main__:  Error updating the Picarro Gas buffer data: 'NoneType' object is not subscriptable
WARNING: 21:05:58 - __main__:  Error updating the Laser Distance Sensor buffer timestamp: 'NoneType' object is not subscriptable
WARNING: 21:05:58 - __main__:  Error updating the Laser Distance Sensor buffer data: 'NoneType' object is not subscriptable
WARNING: 21:05:58 - __main__:  Error updating the Laser Distance Sensor buffer data: 'NoneType' object is not subscriptable
WARNING: 21:05:58 - __main__:  Error updating the Abakus Particle Counter buffer timestamp: 'NoneType' object is not subscriptable
WARNING: 21:05:58 - __main__:  Error updating the Abakus Particle Counter buffer data: 'NoneType' object is not subscriptable
WARNING: 21:05:58 - __main__:  Error updating the Flowmeter buffer timestamp: 'NoneType' object is not subscriptable
WARNING: 21:05:58 - __main__:  Error updating the Flowmeter buffer data: 'NoneType' object is not subscriptable
WARNING: 21:05:58 - __main__:  Error updating the Flowmeter buffer data: 'NoneType' object is not subscriptable
WARNING: 21:05:58 - __main__:  Error updating the Bronkhorst Pressure buffer timestamp: 'NoneType' object is not subscriptable
WARNING: 21:05:58 - __main__:  Error updating the Bronkhorst Pressure buffer data: 'NoneType' object is not subscriptable
WARNING: 21:05:58 - __main__:  Error updating the Bronkhorst Pressure buffer data: 'NoneType' object is not subscriptable
WARNING: 21:05:58 - __main__:  Error updating the Bronkhorst Pressure buffer data: 'NoneType' object is not subscriptable
WARNING: 21:05:58 - __main__:  Error updating the Bronkhorst Pressure buffer data: 'NoneType' object is not subscriptable
INFO: 21:06:00 - main_pipeline.sensor:  Shutting down sensors
INFO: 21:06:00 - sensor_interfaces.sim_instruments:  Abakus measurements stopped
INFO: 21:06:00 - sensor_interfaces.sim_instruments:  Dimetix laser turned off
INFO: 21:06:00 - main_pipeline.sensor:  Finished shutting down sensors
INFO: 21:06:02 - main_pipeline.sensor:  Shutting down sensors
INFO: 21:06:02 - sensor_interfaces.sim_instruments:  Abakus measurements stopped
INFO: 21:06:02 - sensor_interfaces.sim_instruments:  Dimetix laser turned off
INFO: 21:06:02 - main_pipeline.sensor:  Finished shutting down sensors
INFO: 21:07:59 - main_pipeline.sensor:  Successfully connected to port None, using real Picarro Gas hardware
INFO: 21:07:59 - main_pipeline.sensor:  Successfully connected to port None, using real Abakus hardware
INFO: 21:07:59 - main_pipeline.sensor:  Successfully connected to port None and None, using real Flowmeter hardware
INFO: 21:07:59 - main_pipeline.sensor:  Successfully connected to port None, using real Dimetix hardware
INFO: 21:07:59 - main_pipeline.sensor:  Successfully connected to port None, using real Bronkhorst hardware
INFO: 21:07:59 - sensor_interfaces.abakus_interface:  Connected to serial port None with baud 38400
INFO: 21:07:59 - sensor_interfaces.flowmeter_interface:  Connected to serial port None with baud 115200
INFO: 21:07:59 - sensor_interfaces.flowmeter_interface:  Connected to serial port None with baud 115200
INFO: 21:07:59 - sensor_interfaces.laser_interface:  Connected to serial port None with baud 19200
INFO: 21:07:59 - sensor_interfaces.bronkhorst_interface:  Connected to serial port None with baud 38400
INFO: 21:07:59 - main_pipeline.sensor:  Sensor class initiated
INFO: 21:07:59 - main_pipeline.interpreter:  Interpreter class initiated
INFO: 21:07:59 - main_pipeline.writer:  Display class initiated
INFO: 21:08:03 - main_pipeline.sensor:  Initializing sensors
INFO: 21:08:03 - sensor_interfaces.abakus_interface:  Initializing Abakus
INFO: 21:08:03 - sensor_interfaces.abakus_interface:  Exception in Abakus initialization: Attempting to use a port that is not open
INFO: 21:08:03 - sensor_interfaces.abakus_interface:  Abakus initialization failed after 10 attempts
INFO: 21:10:18 - main_pipeline.sensor:  Successfully connected to port None, using real Picarro Gas hardware
INFO: 21:10:18 - main_pipeline.sensor:  Successfully connected to port None, using real Abakus hardware
INFO: 21:10:18 - main_pipeline.sensor:  Successfully connected to port None and None, using real Flowmeter hardware
INFO: 21:10:18 - main_pipeline.sensor:  Successfully connected to port None, using real Dimetix hardware
INFO: 21:10:18 - main_pipeline.sensor:  Successfully connected to port None, using real Bronkhorst hardware
INFO: 21:10:18 - sensor_interfaces.abakus_interface:  Connected to serial port None with baud 38400
INFO: 21:10:18 - sensor_interfaces.flowmeter_interface:  Connected to serial port None with baud 115200
INFO: 21:10:18 - sensor_interfaces.flowmeter_interface:  Connected to serial port None with baud 115200
INFO: 21:10:18 - sensor_interfaces.laser_interface:  Connected to serial port None with baud 19200
INFO: 21:10:18 - sensor_interfaces.bronkhorst_interface:  Connected to serial port None with baud 38400
INFO: 21:10:18 - main_pipeline.sensor:  Sensor class initiated
INFO: 21:10:18 - main_pipeline.interpreter:  Interpreter class initiated
INFO: 21:10:18 - main_pipeline.writer:  Display class initiated
INFO: 21:10:19 - main_pipeline.sensor:  Initializing sensors
INFO: 21:10:19 - sensor_interfaces.abakus_interface:  Initializing Abakus
INFO: 21:10:19 - sensor_interfaces.abakus_interface:  Exception in Abakus initialization: Attempting to use a port that is not open
INFO: 21:10:19 - sensor_interfaces.abakus_interface:  Abakus initialization failed after 10 attempts
INFO: 21:10:34 - main_pipeline.sensor:  Couldn't find Picarro at port /dev/ttyUSB0, shadowing sensor calls with substitute functions
WARNING: 21:10:34 - main_pipeline.sensor:  Couldn't find Abakus at port /dev/ttyUSB0, shadowing sensor calls with substitute functions
WARNING: 21:10:34 - main_pipeline.sensor:  Couldn't find Flowmeter at port /dev/ttyUSB0 and /dev/ttyUSB0, shadowing sensor calls with substitute functions
WARNING: 21:10:34 - main_pipeline.sensor:  Couldn't find Dimetix laser at port /dev/ttyUSB0, shadowing sensor calls with substitute functions
WARNING: 21:10:34 - main_pipeline.sensor:  Couldn't find Bronkhorst at port /dev/ttyUSB0, shadowing sensor calls with substitute functions
INFO: 21:10:34 - sensor_interfaces.sim_instruments:  Fake hardware, pretending to use serial port /dev/ttyUSB0 with baud 38400
INFO: 21:10:34 - sensor_interfaces.sim_instruments:  Fake hardware, pretending to use serial port /dev/ttyUSB0 with baud 115200
INFO: 21:10:34 - sensor_interfaces.sim_instruments:  Fake hardware, pretending to use serial port /dev/ttyUSB0 with baud 115200
INFO: 21:10:34 - sensor_interfaces.sim_instruments:  Fake hardware, pretending to use serial port /dev/ttyUSB0 with baud 19200
INFO: 21:10:34 - sensor_interfaces.sim_instruments:  Fake hardware, pretending to use serial port /dev/ttyUSB0 with baud 19200
INFO: 21:10:34 - sensor_interfaces.sim_instruments:  Fake hardware, pretending to use serial port /dev/ttyUSB0 with baud 38400
INFO: 21:10:34 - main_pipeline.sensor:  Sensor class initiated
INFO: 21:10:34 - main_pipeline.interpreter:  Interpreter class initiated
INFO: 21:10:34 - main_pipeline.writer:  Display class initiated
INFO: 21:10:36 - main_pipeline.sensor:  Initializing sensors
INFO: 21:10:36 - sensor_interfaces.sim_instruments:  Initializing Abakus
INFO: 21:10:36 - sensor_interfaces.sim_instruments:  Abakus initialized
INFO: 21:10:36 - sensor_interfaces.sim_instruments:  Initializing Picarro
INFO: 21:10:36 - sensor_interfaces.sim_instruments:  Initialized Picarro
INFO: 21:10:36 - sensor_interfaces.sim_instruments:  Initializing Dimetix laser
INFO: 21:10:36 - sensor_interfaces.sim_instruments:  Laser initialized
INFO: 21:10:36 - sensor_interfaces.sim_instruments:  Initializing Bronkhorst
INFO: 21:10:36 - sensor_interfaces.sim_instruments:  Bronkhorst initialized
INFO: 21:10:36 - sensor_interfaces.sim_instruments:  Initializing Flowmeter
INFO: 21:10:36 - sensor_interfaces.sim_instruments:  Flowmeter sli2000 initialized
INFO: 21:10:36 - sensor_interfaces.sim_instruments:  Initializing Flowmeter
INFO: 21:10:36 - sensor_interfaces.sim_instruments:  Flowmeter sls1500 initialized
INFO: 21:10:36 - main_pipeline.sensor:  Finished initializing sensors
WARNING: 21:10:40 - __main__:  Error updating the Picarro Gas buffer timestamp: 'NoneType' object is not subscriptable
WARNING: 21:10:40 - __main__:  Error updating the Picarro Gas buffer data: 'NoneType' object is not subscriptable
WARNING: 21:10:40 - __main__:  Error updating the Picarro Gas buffer data: 'NoneType' object is not subscriptable
WARNING: 21:10:40 - __main__:  Error updating the Picarro Gas buffer data: 'NoneType' object is not subscriptable
WARNING: 21:10:40 - __main__:  Error updating the Picarro Gas buffer data: 'NoneType' object is not subscriptable
WARNING: 21:10:40 - __main__:  Error updating the Laser Distance Sensor buffer timestamp: 'NoneType' object is not subscriptable
WARNING: 21:10:40 - __main__:  Error updating the Laser Distance Sensor buffer data: 'NoneType' object is not subscriptable
WARNING: 21:10:40 - __main__:  Error updating the Laser Distance Sensor buffer data: 'NoneType' object is not subscriptable
WARNING: 21:10:40 - __main__:  Error updating the Abakus Particle Counter buffer timestamp: 'NoneType' object is not subscriptable
WARNING: 21:10:40 - __main__:  Error updating the Abakus Particle Counter buffer data: 'NoneType' object is not subscriptable
WARNING: 21:10:40 - __main__:  Error updating the Flowmeter buffer timestamp: 'NoneType' object is not subscriptable
WARNING: 21:10:40 - __main__:  Error updating the Flowmeter buffer data: 'NoneType' object is not subscriptable
WARNING: 21:10:40 - __main__:  Error updating the Flowmeter buffer data: 'NoneType' object is not subscriptable
WARNING: 21:10:40 - __main__:  Error updating the Bronkhorst Pressure buffer timestamp: 'NoneType' object is not subscriptable
WARNING: 21:10:40 - __main__:  Error updating the Bronkhorst Pressure buffer data: 'NoneType' object is not subscriptable
WARNING: 21:10:40 - __main__:  Error updating the Bronkhorst Pressure buffer data: 'NoneType' object is not subscriptable
WARNING: 21:10:40 - __main__:  Error updating the Bronkhorst Pressure buffer data: 'NoneType' object is not subscriptable
WARNING: 21:10:40 - __main__:  Error updating the Bronkhorst Pressure buffer data: 'NoneType' object is not subscriptable
WARNING: 21:10:41 - __main__:  Error updating the Picarro Gas buffer timestamp: 'NoneType' object is not subscriptable
WARNING: 21:10:41 - __main__:  Error updating the Picarro Gas buffer data: 'NoneType' object is not subscriptable
WARNING: 21:10:41 - __main__:  Error updating the Picarro Gas buffer data: 'NoneType' object is not subscriptable
WARNING: 21:10:41 - __main__:  Error updating the Picarro Gas buffer data: 'NoneType' object is not subscriptable
WARNING: 21:10:41 - __main__:  Error updating the Picarro Gas buffer data: 'NoneType' object is not subscriptable
WARNING: 21:10:41 - __main__:  Error updating the Laser Distance Sensor buffer timestamp: 'NoneType' object is not subscriptable
WARNING: 21:10:41 - __main__:  Error updating the Laser Distance Sensor buffer data: 'NoneType' object is not subscriptable
WARNING: 21:10:41 - __main__:  Error updating the Laser Distance Sensor buffer data: 'NoneType' object is not subscriptable
WARNING: 21:10:41 - __main__:  Error updating the Abakus Particle Counter buffer timestamp: 'NoneType' object is not subscriptable
WARNING: 21:10:41 - __main__:  Error updating the Abakus Particle Counter buffer data: 'NoneType' object is not subscriptable
WARNING: 21:10:41 - __main__:  Error updating the Flowmeter buffer timestamp: 'NoneType' object is not subscriptable
WARNING: 21:10:41 - __main__:  Error updating the Flowmeter buffer data: 'NoneType' object is not subscriptable
WARNING: 21:10:41 - __main__:  Error updating the Flowmeter buffer data: 'NoneType' object is not subscriptable
WARNING: 21:10:41 - __main__:  Error updating the Bronkhorst Pressure buffer timestamp: 'NoneType' object is not subscriptable
WARNING: 21:10:41 - __main__:  Error updating the Bronkhorst Pressure buffer data: 'NoneType' object is not subscriptable
WARNING: 21:10:41 - __main__:  Error updating the Bronkhorst Pressure buffer data: 'NoneType' object is not subscriptable
WARNING: 21:10:41 - __main__:  Error updating the Bronkhorst Pressure buffer data: 'NoneType' object is not subscriptable
WARNING: 21:10:41 - __main__:  Error updating the Bronkhorst Pressure buffer data: 'NoneType' object is not subscriptable
WARNING: 21:10:42 - __main__:  Error updating the Picarro Gas buffer timestamp: 'NoneType' object is not subscriptable
WARNING: 21:10:42 - __main__:  Error updating the Picarro Gas buffer data: 'NoneType' object is not subscriptable
WARNING: 21:10:42 - __main__:  Error updating the Picarro Gas buffer data: 'NoneType' object is not subscriptable
WARNING: 21:10:42 - __main__:  Error updating the Picarro Gas buffer data: 'NoneType' object is not subscriptable
WARNING: 21:10:42 - __main__:  Error updating the Picarro Gas buffer data: 'NoneType' object is not subscriptable
WARNING: 21:10:42 - __main__:  Error updating the Laser Distance Sensor buffer timestamp: 'NoneType' object is not subscriptable
WARNING: 21:10:42 - __main__:  Error updating the Laser Distance Sensor buffer data: 'NoneType' object is not subscriptable
WARNING: 21:10:42 - __main__:  Error updating the Laser Distance Sensor buffer data: 'NoneType' object is not subscriptable
WARNING: 21:10:42 - __main__:  Error updating the Abakus Particle Counter buffer timestamp: 'NoneType' object is not subscriptable
WARNING: 21:10:42 - __main__:  Error updating the Abakus Particle Counter buffer data: 'NoneType' object is not subscriptable
WARNING: 21:10:42 - __main__:  Error updating the Flowmeter buffer timestamp: 'NoneType' object is not subscriptable
WARNING: 21:10:42 - __main__:  Error updating the Flowmeter buffer data: 'NoneType' object is not subscriptable
WARNING: 21:10:42 - __main__:  Error updating the Flowmeter buffer data: 'NoneType' object is not subscriptable
WARNING: 21:10:42 - __main__:  Error updating the Bronkhorst Pressure buffer timestamp: 'NoneType' object is not subscriptable
WARNING: 21:10:42 - __main__:  Error updating the Bronkhorst Pressure buffer data: 'NoneType' object is not subscriptable
WARNING: 21:10:42 - __main__:  Error updating the Bronkhorst Pressure buffer data: 'NoneType' object is not subscriptable
WARNING: 21:10:42 - __main__:  Error updating the Bronkhorst Pressure buffer data: 'NoneType' object is not subscriptable
WARNING: 21:10:42 - __main__:  Error updating the Bronkhorst Pressure buffer data: 'NoneType' object is not subscriptable
WARNING: 21:10:43 - __main__:  Error updating the Picarro Gas buffer timestamp: 'NoneType' object is not subscriptable
WARNING: 21:10:43 - __main__:  Error updating the Picarro Gas buffer data: 'NoneType' object is not subscriptable
WARNING: 21:10:43 - __main__:  Error updating the Picarro Gas buffer data: 'NoneType' object is not subscriptable
WARNING: 21:10:43 - __main__:  Error updating the Picarro Gas buffer data: 'NoneType' object is not subscriptable
WARNING: 21:10:43 - __main__:  Error updating the Picarro Gas buffer data: 'NoneType' object is not subscriptable
WARNING: 21:10:43 - __main__:  Error updating the Laser Distance Sensor buffer timestamp: 'NoneType' object is not subscriptable
WARNING: 21:10:43 - __main__:  Error updating the Laser Distance Sensor buffer data: 'NoneType' object is not subscriptable
WARNING: 21:10:43 - __main__:  Error updating the Laser Distance Sensor buffer data: 'NoneType' object is not subscriptable
WARNING: 21:10:43 - __main__:  Error updating the Abakus Particle Counter buffer timestamp: 'NoneType' object is not subscriptable
WARNING: 21:10:43 - __main__:  Error updating the Abakus Particle Counter buffer data: 'NoneType' object is not subscriptable
WARNING: 21:10:43 - __main__:  Error updating the Flowmeter buffer timestamp: 'NoneType' object is not subscriptable
WARNING: 21:10:43 - __main__:  Error updating the Flowmeter buffer data: 'NoneType' object is not subscriptable
WARNING: 21:10:43 - __main__:  Error updating the Flowmeter buffer data: 'NoneType' object is not subscriptable
WARNING: 21:10:43 - __main__:  Error updating the Bronkhorst Pressure buffer timestamp: 'NoneType' object is not subscriptable
WARNING: 21:10:43 - __main__:  Error updating the Bronkhorst Pressure buffer data: 'NoneType' object is not subscriptable
WARNING: 21:10:43 - __main__:  Error updating the Bronkhorst Pressure buffer data: 'NoneType' object is not subscriptable
WARNING: 21:10:43 - __main__:  Error updating the Bronkhorst Pressure buffer data: 'NoneType' object is not subscriptable
WARNING: 21:10:43 - __main__:  Error updating the Bronkhorst Pressure buffer data: 'NoneType' object is not subscriptable
WARNING: 21:10:44 - __main__:  Error updating the Picarro Gas buffer timestamp: 'NoneType' object is not subscriptable
WARNING: 21:10:44 - __main__:  Error updating the Picarro Gas buffer data: 'NoneType' object is not subscriptable
WARNING: 21:10:44 - __main__:  Error updating the Picarro Gas buffer data: 'NoneType' object is not subscriptable
WARNING: 21:10:44 - __main__:  Error updating the Picarro Gas buffer data: 'NoneType' object is not subscriptable
WARNING: 21:10:44 - __main__:  Error updating the Picarro Gas buffer data: 'NoneType' object is not subscriptable
WARNING: 21:10:44 - __main__:  Error updating the Laser Distance Sensor buffer timestamp: 'NoneType' object is not subscriptable
WARNING: 21:10:44 - __main__:  Error updating the Laser Distance Sensor buffer data: 'NoneType' object is not subscriptable
WARNING: 21:10:44 - __main__:  Error updating the Laser Distance Sensor buffer data: 'NoneType' object is not subscriptable
WARNING: 21:10:44 - __main__:  Error updating the Abakus Particle Counter buffer timestamp: 'NoneType' object is not subscriptable
WARNING: 21:10:44 - __main__:  Error updating the Abakus Particle Counter buffer data: 'NoneType' object is not subscriptable
WARNING: 21:10:44 - __main__:  Error updating the Flowmeter buffer timestamp: 'NoneType' object is not subscriptable
WARNING: 21:10:44 - __main__:  Error updating the Flowmeter buffer data: 'NoneType' object is not subscriptable
WARNING: 21:10:44 - __main__:  Error updating the Flowmeter buffer data: 'NoneType' object is not subscriptable
WARNING: 21:10:44 - __main__:  Error updating the Bronkhorst Pressure buffer timestamp: 'NoneType' object is not subscriptable
WARNING: 21:10:44 - __main__:  Error updating the Bronkhorst Pressure buffer data: 'NoneType' object is not subscriptable
WARNING: 21:10:44 - __main__:  Error updating the Bronkhorst Pressure buffer data: 'NoneType' object is not subscriptable
WARNING: 21:10:44 - __main__:  Error updating the Bronkhorst Pressure buffer data: 'NoneType' object is not subscriptable
WARNING: 21:10:44 - __main__:  Error updating the Bronkhorst Pressure buffer data: 'NoneType' object is not subscriptable
WARNING: 21:10:45 - __main__:  Error updating the Picarro Gas buffer timestamp: 'NoneType' object is not subscriptable
WARNING: 21:10:45 - __main__:  Error updating the Picarro Gas buffer data: 'NoneType' object is not subscriptable
WARNING: 21:10:45 - __main__:  Error updating the Picarro Gas buffer data: 'NoneType' object is not subscriptable
WARNING: 21:10:45 - __main__:  Error updating the Picarro Gas buffer data: 'NoneType' object is not subscriptable
WARNING: 21:10:45 - __main__:  Error updating the Picarro Gas buffer data: 'NoneType' object is not subscriptable
WARNING: 21:10:45 - __main__:  Error updating the Laser Distance Sensor buffer timestamp: 'NoneType' object is not subscriptable
WARNING: 21:10:45 - __main__:  Error updating the Laser Distance Sensor buffer data: 'NoneType' object is not subscriptable
WARNING: 21:10:45 - __main__:  Error updating the Laser Distance Sensor buffer data: 'NoneType' object is not subscriptable
WARNING: 21:10:45 - __main__:  Error updating the Abakus Particle Counter buffer timestamp: 'NoneType' object is not subscriptable
WARNING: 21:10:45 - __main__:  Error updating the Abakus Particle Counter buffer data: 'NoneType' object is not subscriptable
WARNING: 21:10:45 - __main__:  Error updating the Flowmeter buffer timestamp: 'NoneType' object is not subscriptable
WARNING: 21:10:45 - __main__:  Error updating the Flowmeter buffer data: 'NoneType' object is not subscriptable
WARNING: 21:10:45 - __main__:  Error updating the Flowmeter buffer data: 'NoneType' object is not subscriptable
WARNING: 21:10:45 - __main__:  Error updating the Bronkhorst Pressure buffer timestamp: 'NoneType' object is not subscriptable
WARNING: 21:10:45 - __main__:  Error updating the Bronkhorst Pressure buffer data: 'NoneType' object is not subscriptable
WARNING: 21:10:45 - __main__:  Error updating the Bronkhorst Pressure buffer data: 'NoneType' object is not subscriptable
WARNING: 21:10:45 - __main__:  Error updating the Bronkhorst Pressure buffer data: 'NoneType' object is not subscriptable
WARNING: 21:10:45 - __main__:  Error updating the Bronkhorst Pressure buffer data: 'NoneType' object is not subscriptable
WARNING: 21:10:46 - __main__:  Error updating the Picarro Gas buffer timestamp: 'NoneType' object is not subscriptable
WARNING: 21:10:46 - __main__:  Error updating the Picarro Gas buffer data: 'NoneType' object is not subscriptable
WARNING: 21:10:46 - __main__:  Error updating the Picarro Gas buffer data: 'NoneType' object is not subscriptable
WARNING: 21:10:46 - __main__:  Error updating the Picarro Gas buffer data: 'NoneType' object is not subscriptable
WARNING: 21:10:46 - __main__:  Error updating the Picarro Gas buffer data: 'NoneType' object is not subscriptable
WARNING: 21:10:46 - __main__:  Error updating the Laser Distance Sensor buffer timestamp: 'NoneType' object is not subscriptable
WARNING: 21:10:46 - __main__:  Error updating the Laser Distance Sensor buffer data: 'NoneType' object is not subscriptable
WARNING: 21:10:46 - __main__:  Error updating the Laser Distance Sensor buffer data: 'NoneType' object is not subscriptable
WARNING: 21:10:46 - __main__:  Error updating the Abakus Particle Counter buffer timestamp: 'NoneType' object is not subscriptable
WARNING: 21:10:46 - __main__:  Error updating the Abakus Particle Counter buffer data: 'NoneType' object is not subscriptable
WARNING: 21:10:46 - __main__:  Error updating the Flowmeter buffer timestamp: 'NoneType' object is not subscriptable
WARNING: 21:10:46 - __main__:  Error updating the Flowmeter buffer data: 'NoneType' object is not subscriptable
WARNING: 21:10:46 - __main__:  Error updating the Flowmeter buffer data: 'NoneType' object is not subscriptable
WARNING: 21:10:46 - __main__:  Error updating the Bronkhorst Pressure buffer timestamp: 'NoneType' object is not subscriptable
WARNING: 21:10:46 - __main__:  Error updating the Bronkhorst Pressure buffer data: 'NoneType' object is not subscriptable
WARNING: 21:10:46 - __main__:  Error updating the Bronkhorst Pressure buffer data: 'NoneType' object is not subscriptable
WARNING: 21:10:46 - __main__:  Error updating the Bronkhorst Pressure buffer data: 'NoneType' object is not subscriptable
WARNING: 21:10:46 - __main__:  Error updating the Bronkhorst Pressure buffer data: 'NoneType' object is not subscriptable
WARNING: 21:10:47 - __main__:  Error updating the Picarro Gas buffer timestamp: 'NoneType' object is not subscriptable
WARNING: 21:10:47 - __main__:  Error updating the Picarro Gas buffer data: 'NoneType' object is not subscriptable
WARNING: 21:10:47 - __main__:  Error updating the Picarro Gas buffer data: 'NoneType' object is not subscriptable
WARNING: 21:10:47 - __main__:  Error updating the Picarro Gas buffer data: 'NoneType' object is not subscriptable
WARNING: 21:10:47 - __main__:  Error updating the Picarro Gas buffer data: 'NoneType' object is not subscriptable
WARNING: 21:10:47 - __main__:  Error updating the Laser Distance Sensor buffer timestamp: 'NoneType' object is not subscriptable
WARNING: 21:10:47 - __main__:  Error updating the Laser Distance Sensor buffer data: 'NoneType' object is not subscriptable
WARNING: 21:10:47 - __main__:  Error updating the Laser Distance Sensor buffer data: 'NoneType' object is not subscriptable
WARNING: 21:10:47 - __main__:  Error updating the Abakus Particle Counter buffer timestamp: 'NoneType' object is not subscriptable
WARNING: 21:10:47 - __main__:  Error updating the Abakus Particle Counter buffer data: 'NoneType' object is not subscriptable
WARNING: 21:10:47 - __main__:  Error updating the Flowmeter buffer timestamp: 'NoneType' object is not subscriptable
WARNING: 21:10:47 - __main__:  Error updating the Flowmeter buffer data: 'NoneType' object is not subscriptable
WARNING: 21:10:47 - __main__:  Error updating the Flowmeter buffer data: 'NoneType' object is not subscriptable
WARNING: 21:10:47 - __main__:  Error updating the Bronkhorst Pressure buffer timestamp: 'NoneType' object is not subscriptable
WARNING: 21:10:47 - __main__:  Error updating the Bronkhorst Pressure buffer data: 'NoneType' object is not subscriptable
WARNING: 21:10:47 - __main__:  Error updating the Bronkhorst Pressure buffer data: 'NoneType' object is not subscriptable
WARNING: 21:10:47 - __main__:  Error updating the Bronkhorst Pressure buffer data: 'NoneType' object is not subscriptable
WARNING: 21:10:47 - __main__:  Error updating the Bronkhorst Pressure buffer data: 'NoneType' object is not subscriptable
WARNING: 21:10:48 - __main__:  Error updating the Picarro Gas buffer timestamp: 'NoneType' object is not subscriptable
WARNING: 21:10:48 - __main__:  Error updating the Picarro Gas buffer data: 'NoneType' object is not subscriptable
WARNING: 21:10:48 - __main__:  Error updating the Picarro Gas buffer data: 'NoneType' object is not subscriptable
WARNING: 21:10:48 - __main__:  Error updating the Picarro Gas buffer data: 'NoneType' object is not subscriptable
WARNING: 21:10:48 - __main__:  Error updating the Picarro Gas buffer data: 'NoneType' object is not subscriptable
WARNING: 21:10:48 - __main__:  Error updating the Laser Distance Sensor buffer timestamp: 'NoneType' object is not subscriptable
WARNING: 21:10:48 - __main__:  Error updating the Laser Distance Sensor buffer data: 'NoneType' object is not subscriptable
WARNING: 21:10:48 - __main__:  Error updating the Laser Distance Sensor buffer data: 'NoneType' object is not subscriptable
WARNING: 21:10:48 - __main__:  Error updating the Abakus Particle Counter buffer timestamp: 'NoneType' object is not subscriptable
WARNING: 21:10:48 - __main__:  Error updating the Abakus Particle Counter buffer data: 'NoneType' object is not subscriptable
WARNING: 21:10:48 - __main__:  Error updating the Flowmeter buffer timestamp: 'NoneType' object is not subscriptable
WARNING: 21:10:48 - __main__:  Error updating the Flowmeter buffer data: 'NoneType' object is not subscriptable
WARNING: 21:10:48 - __main__:  Error updating the Flowmeter buffer data: 'NoneType' object is not subscriptable
WARNING: 21:10:48 - __main__:  Error updating the Bronkhorst Pressure buffer timestamp: 'NoneType' object is not subscriptable
WARNING: 21:10:48 - __main__:  Error updating the Bronkhorst Pressure buffer data: 'NoneType' object is not subscriptable
WARNING: 21:10:48 - __main__:  Error updating the Bronkhorst Pressure buffer data: 'NoneType' object is not subscriptable
WARNING: 21:10:48 - __main__:  Error updating the Bronkhorst Pressure buffer data: 'NoneType' object is not subscriptable
WARNING: 21:10:48 - __main__:  Error updating the Bronkhorst Pressure buffer data: 'NoneType' object is not subscriptable
WARNING: 21:10:49 - __main__:  Error updating the Picarro Gas buffer timestamp: 'NoneType' object is not subscriptable
WARNING: 21:10:49 - __main__:  Error updating the Picarro Gas buffer data: 'NoneType' object is not subscriptable
WARNING: 21:10:49 - __main__:  Error updating the Picarro Gas buffer data: 'NoneType' object is not subscriptable
WARNING: 21:10:49 - __main__:  Error updating the Picarro Gas buffer data: 'NoneType' object is not subscriptable
WARNING: 21:10:49 - __main__:  Error updating the Picarro Gas buffer data: 'NoneType' object is not subscriptable
WARNING: 21:10:49 - __main__:  Error updating the Laser Distance Sensor buffer timestamp: 'NoneType' object is not subscriptable
WARNING: 21:10:49 - __main__:  Error updating the Laser Distance Sensor buffer data: 'NoneType' object is not subscriptable
WARNING: 21:10:49 - __main__:  Error updating the Laser Distance Sensor buffer data: 'NoneType' object is not subscriptable
WARNING: 21:10:49 - __main__:  Error updating the Abakus Particle Counter buffer timestamp: 'NoneType' object is not subscriptable
WARNING: 21:10:49 - __main__:  Error updating the Abakus Particle Counter buffer data: 'NoneType' object is not subscriptable
WARNING: 21:10:49 - __main__:  Error updating the Flowmeter buffer timestamp: 'NoneType' object is not subscriptable
WARNING: 21:10:49 - __main__:  Error updating the Flowmeter buffer data: 'NoneType' object is not subscriptable
WARNING: 21:10:49 - __main__:  Error updating the Flowmeter buffer data: 'NoneType' object is not subscriptable
WARNING: 21:10:49 - __main__:  Error updating the Bronkhorst Pressure buffer timestamp: 'NoneType' object is not subscriptable
WARNING: 21:10:49 - __main__:  Error updating the Bronkhorst Pressure buffer data: 'NoneType' object is not subscriptable
WARNING: 21:10:49 - __main__:  Error updating the Bronkhorst Pressure buffer data: 'NoneType' object is not subscriptable
WARNING: 21:10:49 - __main__:  Error updating the Bronkhorst Pressure buffer data: 'NoneType' object is not subscriptable
WARNING: 21:10:49 - __main__:  Error updating the Bronkhorst Pressure buffer data: 'NoneType' object is not subscriptable
WARNING: 21:10:50 - __main__:  Error updating the Picarro Gas buffer timestamp: 'NoneType' object is not subscriptable
WARNING: 21:10:50 - __main__:  Error updating the Picarro Gas buffer data: 'NoneType' object is not subscriptable
WARNING: 21:10:50 - __main__:  Error updating the Picarro Gas buffer data: 'NoneType' object is not subscriptable
WARNING: 21:10:50 - __main__:  Error updating the Picarro Gas buffer data: 'NoneType' object is not subscriptable
WARNING: 21:10:50 - __main__:  Error updating the Picarro Gas buffer data: 'NoneType' object is not subscriptable
WARNING: 21:10:50 - __main__:  Error updating the Laser Distance Sensor buffer timestamp: 'NoneType' object is not subscriptable
WARNING: 21:10:50 - __main__:  Error updating the Laser Distance Sensor buffer data: 'NoneType' object is not subscriptable
WARNING: 21:10:50 - __main__:  Error updating the Laser Distance Sensor buffer data: 'NoneType' object is not subscriptable
WARNING: 21:10:50 - __main__:  Error updating the Abakus Particle Counter buffer timestamp: 'NoneType' object is not subscriptable
WARNING: 21:10:50 - __main__:  Error updating the Abakus Particle Counter buffer data: 'NoneType' object is not subscriptable
WARNING: 21:10:50 - __main__:  Error updating the Flowmeter buffer timestamp: 'NoneType' object is not subscriptable
WARNING: 21:10:50 - __main__:  Error updating the Flowmeter buffer data: 'NoneType' object is not subscriptable
WARNING: 21:10:50 - __main__:  Error updating the Flowmeter buffer data: 'NoneType' object is not subscriptable
WARNING: 21:10:50 - __main__:  Error updating the Bronkhorst Pressure buffer timestamp: 'NoneType' object is not subscriptable
WARNING: 21:10:50 - __main__:  Error updating the Bronkhorst Pressure buffer data: 'NoneType' object is not subscriptable
WARNING: 21:10:50 - __main__:  Error updating the Bronkhorst Pressure buffer data: 'NoneType' object is not subscriptable
WARNING: 21:10:50 - __main__:  Error updating the Bronkhorst Pressure buffer data: 'NoneType' object is not subscriptable
WARNING: 21:10:50 - __main__:  Error updating the Bronkhorst Pressure buffer data: 'NoneType' object is not subscriptable
INFO: 21:12:09 - main_pipeline.sensor:  Couldn't find Picarro at port /dev/ttyUSB0, shadowing sensor calls with substitute functions
WARNING: 21:12:09 - main_pipeline.sensor:  Couldn't find Abakus at port /dev/ttyUSB0, shadowing sensor calls with substitute functions
WARNING: 21:12:09 - main_pipeline.sensor:  Couldn't find Flowmeter at port /dev/ttyUSB0 and /dev/ttyUSB0, shadowing sensor calls with substitute functions
WARNING: 21:12:09 - main_pipeline.sensor:  Couldn't find Dimetix laser at port /dev/ttyUSB0, shadowing sensor calls with substitute functions
WARNING: 21:12:09 - main_pipeline.sensor:  Couldn't find Bronkhorst at port /dev/ttyUSB0, shadowing sensor calls with substitute functions
INFO: 21:12:09 - sensor_interfaces.sim_instruments:  Fake hardware, pretending to use serial port /dev/ttyUSB0 with baud 38400
INFO: 21:12:09 - sensor_interfaces.sim_instruments:  Fake hardware, pretending to use serial port /dev/ttyUSB0 with baud 115200
INFO: 21:12:09 - sensor_interfaces.sim_instruments:  Fake hardware, pretending to use serial port /dev/ttyUSB0 with baud 115200
INFO: 21:12:09 - sensor_interfaces.sim_instruments:  Fake hardware, pretending to use serial port /dev/ttyUSB0 with baud 19200
INFO: 21:12:09 - sensor_interfaces.sim_instruments:  Fake hardware, pretending to use serial port /dev/ttyUSB0 with baud 19200
INFO: 21:12:09 - sensor_interfaces.sim_instruments:  Fake hardware, pretending to use serial port /dev/ttyUSB0 with baud 38400
INFO: 21:12:09 - main_pipeline.sensor:  Sensor class initiated
INFO: 21:12:09 - main_pipeline.interpreter:  Interpreter class initiated
INFO: 21:12:09 - main_pipeline.writer:  Display class initiated
INFO: 21:12:10 - main_pipeline.sensor:  Initializing sensors
INFO: 21:12:10 - sensor_interfaces.sim_instruments:  Initializing Abakus
INFO: 21:12:10 - sensor_interfaces.sim_instruments:  Abakus initialized
INFO: 21:12:10 - sensor_interfaces.sim_instruments:  Initializing Picarro
INFO: 21:12:10 - sensor_interfaces.sim_instruments:  Initialized Picarro
INFO: 21:12:10 - sensor_interfaces.sim_instruments:  Initializing Dimetix laser
INFO: 21:12:10 - sensor_interfaces.sim_instruments:  Laser initialized
INFO: 21:12:10 - sensor_interfaces.sim_instruments:  Initializing Bronkhorst
INFO: 21:12:10 - sensor_interfaces.sim_instruments:  Bronkhorst initialized
INFO: 21:12:10 - sensor_interfaces.sim_instruments:  Initializing Flowmeter
INFO: 21:12:10 - sensor_interfaces.sim_instruments:  Flowmeter sli2000 initialized
INFO: 21:12:10 - sensor_interfaces.sim_instruments:  Initializing Flowmeter
INFO: 21:12:10 - sensor_interfaces.sim_instruments:  Flowmeter sls1500 initialized
INFO: 21:12:10 - main_pipeline.sensor:  Finished initializing sensors
WARNING: 21:12:11 - __main__:  Error updating the Picarro Gas buffer timestamp: 'NoneType' object is not subscriptable
WARNING: 21:12:11 - __main__:  Error updating the Picarro Gas buffer data: 'NoneType' object is not subscriptable
WARNING: 21:12:11 - __main__:  Error updating the Picarro Gas buffer data: 'NoneType' object is not subscriptable
WARNING: 21:12:11 - __main__:  Error updating the Picarro Gas buffer data: 'NoneType' object is not subscriptable
WARNING: 21:12:11 - __main__:  Error updating the Picarro Gas buffer data: 'NoneType' object is not subscriptable
WARNING: 21:12:11 - __main__:  Error updating the Laser Distance Sensor buffer timestamp: 'NoneType' object is not subscriptable
WARNING: 21:12:11 - __main__:  Error updating the Laser Distance Sensor buffer data: 'NoneType' object is not subscriptable
WARNING: 21:12:11 - __main__:  Error updating the Laser Distance Sensor buffer data: 'NoneType' object is not subscriptable
WARNING: 21:12:11 - __main__:  Error updating the Abakus Particle Counter buffer timestamp: 'NoneType' object is not subscriptable
WARNING: 21:12:11 - __main__:  Error updating the Abakus Particle Counter buffer data: 'NoneType' object is not subscriptable
WARNING: 21:12:11 - __main__:  Error updating the Flowmeter buffer timestamp: 'NoneType' object is not subscriptable
WARNING: 21:12:11 - __main__:  Error updating the Flowmeter buffer data: 'NoneType' object is not subscriptable
WARNING: 21:12:11 - __main__:  Error updating the Flowmeter buffer data: 'NoneType' object is not subscriptable
WARNING: 21:12:11 - __main__:  Error updating the Bronkhorst Pressure buffer timestamp: 'NoneType' object is not subscriptable
WARNING: 21:12:11 - __main__:  Error updating the Bronkhorst Pressure buffer data: 'NoneType' object is not subscriptable
WARNING: 21:12:11 - __main__:  Error updating the Bronkhorst Pressure buffer data: 'NoneType' object is not subscriptable
WARNING: 21:12:11 - __main__:  Error updating the Bronkhorst Pressure buffer data: 'NoneType' object is not subscriptable
WARNING: 21:12:11 - __main__:  Error updating the Bronkhorst Pressure buffer data: 'NoneType' object is not subscriptable
WARNING: 21:12:12 - __main__:  Error updating the Picarro Gas buffer timestamp: 'NoneType' object is not subscriptable
WARNING: 21:12:12 - __main__:  Error updating the Picarro Gas buffer data: 'NoneType' object is not subscriptable
WARNING: 21:12:12 - __main__:  Error updating the Picarro Gas buffer data: 'NoneType' object is not subscriptable
WARNING: 21:12:12 - __main__:  Error updating the Picarro Gas buffer data: 'NoneType' object is not subscriptable
WARNING: 21:12:12 - __main__:  Error updating the Picarro Gas buffer data: 'NoneType' object is not subscriptable
WARNING: 21:12:12 - __main__:  Error updating the Laser Distance Sensor buffer timestamp: 'NoneType' object is not subscriptable
WARNING: 21:12:12 - __main__:  Error updating the Laser Distance Sensor buffer data: 'NoneType' object is not subscriptable
WARNING: 21:12:12 - __main__:  Error updating the Laser Distance Sensor buffer data: 'NoneType' object is not subscriptable
WARNING: 21:12:12 - __main__:  Error updating the Abakus Particle Counter buffer timestamp: 'NoneType' object is not subscriptable
WARNING: 21:12:12 - __main__:  Error updating the Abakus Particle Counter buffer data: 'NoneType' object is not subscriptable
WARNING: 21:12:12 - __main__:  Error updating the Flowmeter buffer timestamp: 'NoneType' object is not subscriptable
WARNING: 21:12:12 - __main__:  Error updating the Flowmeter buffer data: 'NoneType' object is not subscriptable
WARNING: 21:12:12 - __main__:  Error updating the Flowmeter buffer data: 'NoneType' object is not subscriptable
WARNING: 21:12:12 - __main__:  Error updating the Bronkhorst Pressure buffer timestamp: 'NoneType' object is not subscriptable
WARNING: 21:12:12 - __main__:  Error updating the Bronkhorst Pressure buffer data: 'NoneType' object is not subscriptable
WARNING: 21:12:12 - __main__:  Error updating the Bronkhorst Pressure buffer data: 'NoneType' object is not subscriptable
WARNING: 21:12:12 - __main__:  Error updating the Bronkhorst Pressure buffer data: 'NoneType' object is not subscriptable
WARNING: 21:12:12 - __main__:  Error updating the Bronkhorst Pressure buffer data: 'NoneType' object is not subscriptable
WARNING: 21:12:13 - __main__:  Error updating the Picarro Gas buffer timestamp: 'NoneType' object is not subscriptable
WARNING: 21:12:13 - __main__:  Error updating the Picarro Gas buffer data: 'NoneType' object is not subscriptable
WARNING: 21:12:13 - __main__:  Error updating the Picarro Gas buffer data: 'NoneType' object is not subscriptable
WARNING: 21:12:13 - __main__:  Error updating the Picarro Gas buffer data: 'NoneType' object is not subscriptable
WARNING: 21:12:13 - __main__:  Error updating the Picarro Gas buffer data: 'NoneType' object is not subscriptable
WARNING: 21:12:13 - __main__:  Error updating the Laser Distance Sensor buffer timestamp: 'NoneType' object is not subscriptable
WARNING: 21:12:13 - __main__:  Error updating the Laser Distance Sensor buffer data: 'NoneType' object is not subscriptable
WARNING: 21:12:13 - __main__:  Error updating the Laser Distance Sensor buffer data: 'NoneType' object is not subscriptable
WARNING: 21:12:13 - __main__:  Error updating the Abakus Particle Counter buffer timestamp: 'NoneType' object is not subscriptable
WARNING: 21:12:13 - __main__:  Error updating the Abakus Particle Counter buffer data: 'NoneType' object is not subscriptable
WARNING: 21:12:13 - __main__:  Error updating the Flowmeter buffer timestamp: 'NoneType' object is not subscriptable
WARNING: 21:12:13 - __main__:  Error updating the Flowmeter buffer data: 'NoneType' object is not subscriptable
WARNING: 21:12:13 - __main__:  Error updating the Flowmeter buffer data: 'NoneType' object is not subscriptable
WARNING: 21:12:13 - __main__:  Error updating the Bronkhorst Pressure buffer timestamp: 'NoneType' object is not subscriptable
WARNING: 21:12:13 - __main__:  Error updating the Bronkhorst Pressure buffer data: 'NoneType' object is not subscriptable
WARNING: 21:12:13 - __main__:  Error updating the Bronkhorst Pressure buffer data: 'NoneType' object is not subscriptable
WARNING: 21:12:13 - __main__:  Error updating the Bronkhorst Pressure buffer data: 'NoneType' object is not subscriptable
WARNING: 21:12:13 - __main__:  Error updating the Bronkhorst Pressure buffer data: 'NoneType' object is not subscriptable
WARNING: 21:12:14 - __main__:  Error updating the Picarro Gas buffer timestamp: 'NoneType' object is not subscriptable
WARNING: 21:12:14 - __main__:  Error updating the Picarro Gas buffer data: 'NoneType' object is not subscriptable
WARNING: 21:12:14 - __main__:  Error updating the Picarro Gas buffer data: 'NoneType' object is not subscriptable
WARNING: 21:12:14 - __main__:  Error updating the Picarro Gas buffer data: 'NoneType' object is not subscriptable
WARNING: 21:12:14 - __main__:  Error updating the Picarro Gas buffer data: 'NoneType' object is not subscriptable
WARNING: 21:12:14 - __main__:  Error updating the Laser Distance Sensor buffer timestamp: 'NoneType' object is not subscriptable
WARNING: 21:12:14 - __main__:  Error updating the Laser Distance Sensor buffer data: 'NoneType' object is not subscriptable
WARNING: 21:12:14 - __main__:  Error updating the Laser Distance Sensor buffer data: 'NoneType' object is not subscriptable
WARNING: 21:12:14 - __main__:  Error updating the Abakus Particle Counter buffer timestamp: 'NoneType' object is not subscriptable
WARNING: 21:12:14 - __main__:  Error updating the Abakus Particle Counter buffer data: 'NoneType' object is not subscriptable
WARNING: 21:12:14 - __main__:  Error updating the Flowmeter buffer timestamp: 'NoneType' object is not subscriptable
WARNING: 21:12:14 - __main__:  Error updating the Flowmeter buffer data: 'NoneType' object is not subscriptable
WARNING: 21:12:14 - __main__:  Error updating the Flowmeter buffer data: 'NoneType' object is not subscriptable
WARNING: 21:12:14 - __main__:  Error updating the Bronkhorst Pressure buffer timestamp: 'NoneType' object is not subscriptable
WARNING: 21:12:14 - __main__:  Error updating the Bronkhorst Pressure buffer data: 'NoneType' object is not subscriptable
WARNING: 21:12:14 - __main__:  Error updating the Bronkhorst Pressure buffer data: 'NoneType' object is not subscriptable
WARNING: 21:12:14 - __main__:  Error updating the Bronkhorst Pressure buffer data: 'NoneType' object is not subscriptable
WARNING: 21:12:14 - __main__:  Error updating the Bronkhorst Pressure buffer data: 'NoneType' object is not subscriptable
WARNING: 21:12:15 - __main__:  Error updating the Picarro Gas buffer timestamp: 'NoneType' object is not subscriptable
WARNING: 21:12:15 - __main__:  Error updating the Picarro Gas buffer data: 'NoneType' object is not subscriptable
WARNING: 21:12:15 - __main__:  Error updating the Picarro Gas buffer data: 'NoneType' object is not subscriptable
WARNING: 21:12:15 - __main__:  Error updating the Picarro Gas buffer data: 'NoneType' object is not subscriptable
WARNING: 21:12:15 - __main__:  Error updating the Picarro Gas buffer data: 'NoneType' object is not subscriptable
WARNING: 21:12:15 - __main__:  Error updating the Laser Distance Sensor buffer timestamp: 'NoneType' object is not subscriptable
WARNING: 21:12:15 - __main__:  Error updating the Laser Distance Sensor buffer data: 'NoneType' object is not subscriptable
WARNING: 21:12:15 - __main__:  Error updating the Laser Distance Sensor buffer data: 'NoneType' object is not subscriptable
WARNING: 21:12:15 - __main__:  Error updating the Abakus Particle Counter buffer timestamp: 'NoneType' object is not subscriptable
WARNING: 21:12:15 - __main__:  Error updating the Abakus Particle Counter buffer data: 'NoneType' object is not subscriptable
WARNING: 21:12:15 - __main__:  Error updating the Flowmeter buffer timestamp: 'NoneType' object is not subscriptable
WARNING: 21:12:15 - __main__:  Error updating the Flowmeter buffer data: 'NoneType' object is not subscriptable
WARNING: 21:12:15 - __main__:  Error updating the Flowmeter buffer data: 'NoneType' object is not subscriptable
WARNING: 21:12:15 - __main__:  Error updating the Bronkhorst Pressure buffer timestamp: 'NoneType' object is not subscriptable
WARNING: 21:12:15 - __main__:  Error updating the Bronkhorst Pressure buffer data: 'NoneType' object is not subscriptable
WARNING: 21:12:15 - __main__:  Error updating the Bronkhorst Pressure buffer data: 'NoneType' object is not subscriptable
WARNING: 21:12:15 - __main__:  Error updating the Bronkhorst Pressure buffer data: 'NoneType' object is not subscriptable
WARNING: 21:12:15 - __main__:  Error updating the Bronkhorst Pressure buffer data: 'NoneType' object is not subscriptable
WARNING: 21:12:16 - __main__:  Error updating the Picarro Gas buffer timestamp: 'NoneType' object is not subscriptable
WARNING: 21:12:16 - __main__:  Error updating the Picarro Gas buffer data: 'NoneType' object is not subscriptable
WARNING: 21:12:16 - __main__:  Error updating the Picarro Gas buffer data: 'NoneType' object is not subscriptable
WARNING: 21:12:16 - __main__:  Error updating the Picarro Gas buffer data: 'NoneType' object is not subscriptable
WARNING: 21:12:16 - __main__:  Error updating the Picarro Gas buffer data: 'NoneType' object is not subscriptable
WARNING: 21:12:16 - __main__:  Error updating the Laser Distance Sensor buffer timestamp: 'NoneType' object is not subscriptable
WARNING: 21:12:16 - __main__:  Error updating the Laser Distance Sensor buffer data: 'NoneType' object is not subscriptable
WARNING: 21:12:16 - __main__:  Error updating the Laser Distance Sensor buffer data: 'NoneType' object is not subscriptable
WARNING: 21:12:16 - __main__:  Error updating the Abakus Particle Counter buffer timestamp: 'NoneType' object is not subscriptable
WARNING: 21:12:16 - __main__:  Error updating the Abakus Particle Counter buffer data: 'NoneType' object is not subscriptable
WARNING: 21:12:16 - __main__:  Error updating the Flowmeter buffer timestamp: 'NoneType' object is not subscriptable
WARNING: 21:12:16 - __main__:  Error updating the Flowmeter buffer data: 'NoneType' object is not subscriptable
WARNING: 21:12:16 - __main__:  Error updating the Flowmeter buffer data: 'NoneType' object is not subscriptable
WARNING: 21:12:16 - __main__:  Error updating the Bronkhorst Pressure buffer timestamp: 'NoneType' object is not subscriptable
WARNING: 21:12:16 - __main__:  Error updating the Bronkhorst Pressure buffer data: 'NoneType' object is not subscriptable
WARNING: 21:12:16 - __main__:  Error updating the Bronkhorst Pressure buffer data: 'NoneType' object is not subscriptable
WARNING: 21:12:16 - __main__:  Error updating the Bronkhorst Pressure buffer data: 'NoneType' object is not subscriptable
WARNING: 21:12:16 - __main__:  Error updating the Bronkhorst Pressure buffer data: 'NoneType' object is not subscriptable
WARNING: 21:12:17 - __main__:  Error updating the Picarro Gas buffer timestamp: 'NoneType' object is not subscriptable
WARNING: 21:12:17 - __main__:  Error updating the Picarro Gas buffer data: 'NoneType' object is not subscriptable
WARNING: 21:12:17 - __main__:  Error updating the Picarro Gas buffer data: 'NoneType' object is not subscriptable
WARNING: 21:12:17 - __main__:  Error updating the Picarro Gas buffer data: 'NoneType' object is not subscriptable
WARNING: 21:12:17 - __main__:  Error updating the Picarro Gas buffer data: 'NoneType' object is not subscriptable
WARNING: 21:12:17 - __main__:  Error updating the Laser Distance Sensor buffer timestamp: 'NoneType' object is not subscriptable
WARNING: 21:12:17 - __main__:  Error updating the Laser Distance Sensor buffer data: 'NoneType' object is not subscriptable
WARNING: 21:12:17 - __main__:  Error updating the Laser Distance Sensor buffer data: 'NoneType' object is not subscriptable
WARNING: 21:12:17 - __main__:  Error updating the Abakus Particle Counter buffer timestamp: 'NoneType' object is not subscriptable
WARNING: 21:12:17 - __main__:  Error updating the Abakus Particle Counter buffer data: 'NoneType' object is not subscriptable
WARNING: 21:12:17 - __main__:  Error updating the Flowmeter buffer timestamp: 'NoneType' object is not subscriptable
WARNING: 21:12:17 - __main__:  Error updating the Flowmeter buffer data: 'NoneType' object is not subscriptable
WARNING: 21:12:17 - __main__:  Error updating the Flowmeter buffer data: 'NoneType' object is not subscriptable
WARNING: 21:12:17 - __main__:  Error updating the Bronkhorst Pressure buffer timestamp: 'NoneType' object is not subscriptable
WARNING: 21:12:17 - __main__:  Error updating the Bronkhorst Pressure buffer data: 'NoneType' object is not subscriptable
WARNING: 21:12:17 - __main__:  Error updating the Bronkhorst Pressure buffer data: 'NoneType' object is not subscriptable
WARNING: 21:12:17 - __main__:  Error updating the Bronkhorst Pressure buffer data: 'NoneType' object is not subscriptable
WARNING: 21:12:17 - __main__:  Error updating the Bronkhorst Pressure buffer data: 'NoneType' object is not subscriptable
WARNING: 21:12:18 - __main__:  Error updating the Picarro Gas buffer timestamp: 'NoneType' object is not subscriptable
WARNING: 21:12:18 - __main__:  Error updating the Picarro Gas buffer data: 'NoneType' object is not subscriptable
WARNING: 21:12:18 - __main__:  Error updating the Picarro Gas buffer data: 'NoneType' object is not subscriptable
WARNING: 21:12:18 - __main__:  Error updating the Picarro Gas buffer data: 'NoneType' object is not subscriptable
WARNING: 21:12:18 - __main__:  Error updating the Picarro Gas buffer data: 'NoneType' object is not subscriptable
WARNING: 21:12:18 - __main__:  Error updating the Laser Distance Sensor buffer timestamp: 'NoneType' object is not subscriptable
WARNING: 21:12:18 - __main__:  Error updating the Laser Distance Sensor buffer data: 'NoneType' object is not subscriptable
WARNING: 21:12:18 - __main__:  Error updating the Laser Distance Sensor buffer data: 'NoneType' object is not subscriptable
WARNING: 21:12:18 - __main__:  Error updating the Abakus Particle Counter buffer timestamp: 'NoneType' object is not subscriptable
WARNING: 21:12:18 - __main__:  Error updating the Abakus Particle Counter buffer data: 'NoneType' object is not subscriptable
WARNING: 21:12:18 - __main__:  Error updating the Flowmeter buffer timestamp: 'NoneType' object is not subscriptable
WARNING: 21:12:18 - __main__:  Error updating the Flowmeter buffer data: 'NoneType' object is not subscriptable
WARNING: 21:12:18 - __main__:  Error updating the Flowmeter buffer data: 'NoneType' object is not subscriptable
WARNING: 21:12:18 - __main__:  Error updating the Bronkhorst Pressure buffer timestamp: 'NoneType' object is not subscriptable
WARNING: 21:12:18 - __main__:  Error updating the Bronkhorst Pressure buffer data: 'NoneType' object is not subscriptable
WARNING: 21:12:18 - __main__:  Error updating the Bronkhorst Pressure buffer data: 'NoneType' object is not subscriptable
WARNING: 21:12:18 - __main__:  Error updating the Bronkhorst Pressure buffer data: 'NoneType' object is not subscriptable
WARNING: 21:12:18 - __main__:  Error updating the Bronkhorst Pressure buffer data: 'NoneType' object is not subscriptable
WARNING: 21:12:19 - __main__:  Error updating the Picarro Gas buffer timestamp: 'NoneType' object is not subscriptable
WARNING: 21:12:19 - __main__:  Error updating the Picarro Gas buffer data: 'NoneType' object is not subscriptable
WARNING: 21:12:19 - __main__:  Error updating the Picarro Gas buffer data: 'NoneType' object is not subscriptable
WARNING: 21:12:19 - __main__:  Error updating the Picarro Gas buffer data: 'NoneType' object is not subscriptable
WARNING: 21:12:19 - __main__:  Error updating the Picarro Gas buffer data: 'NoneType' object is not subscriptable
WARNING: 21:12:19 - __main__:  Error updating the Laser Distance Sensor buffer timestamp: 'NoneType' object is not subscriptable
WARNING: 21:12:19 - __main__:  Error updating the Laser Distance Sensor buffer data: 'NoneType' object is not subscriptable
WARNING: 21:12:19 - __main__:  Error updating the Laser Distance Sensor buffer data: 'NoneType' object is not subscriptable
WARNING: 21:12:19 - __main__:  Error updating the Abakus Particle Counter buffer timestamp: 'NoneType' object is not subscriptable
WARNING: 21:12:19 - __main__:  Error updating the Abakus Particle Counter buffer data: 'NoneType' object is not subscriptable
WARNING: 21:12:19 - __main__:  Error updating the Flowmeter buffer timestamp: 'NoneType' object is not subscriptable
WARNING: 21:12:19 - __main__:  Error updating the Flowmeter buffer data: 'NoneType' object is not subscriptable
WARNING: 21:12:19 - __main__:  Error updating the Flowmeter buffer data: 'NoneType' object is not subscriptable
WARNING: 21:12:19 - __main__:  Error updating the Bronkhorst Pressure buffer timestamp: 'NoneType' object is not subscriptable
WARNING: 21:12:19 - __main__:  Error updating the Bronkhorst Pressure buffer data: 'NoneType' object is not subscriptable
WARNING: 21:12:19 - __main__:  Error updating the Bronkhorst Pressure buffer data: 'NoneType' object is not subscriptable
WARNING: 21:12:19 - __main__:  Error updating the Bronkhorst Pressure buffer data: 'NoneType' object is not subscriptable
WARNING: 21:12:19 - __main__:  Error updating the Bronkhorst Pressure buffer data: 'NoneType' object is not subscriptable
WARNING: 21:12:20 - __main__:  Error updating the Picarro Gas buffer timestamp: 'NoneType' object is not subscriptable
WARNING: 21:12:20 - __main__:  Error updating the Picarro Gas buffer data: 'NoneType' object is not subscriptable
WARNING: 21:12:20 - __main__:  Error updating the Picarro Gas buffer data: 'NoneType' object is not subscriptable
WARNING: 21:12:20 - __main__:  Error updating the Picarro Gas buffer data: 'NoneType' object is not subscriptable
WARNING: 21:12:20 - __main__:  Error updating the Picarro Gas buffer data: 'NoneType' object is not subscriptable
WARNING: 21:12:20 - __main__:  Error updating the Laser Distance Sensor buffer timestamp: 'NoneType' object is not subscriptable
WARNING: 21:12:20 - __main__:  Error updating the Laser Distance Sensor buffer data: 'NoneType' object is not subscriptable
WARNING: 21:12:20 - __main__:  Error updating the Laser Distance Sensor buffer data: 'NoneType' object is not subscriptable
WARNING: 21:12:20 - __main__:  Error updating the Abakus Particle Counter buffer timestamp: 'NoneType' object is not subscriptable
WARNING: 21:12:20 - __main__:  Error updating the Abakus Particle Counter buffer data: 'NoneType' object is not subscriptable
WARNING: 21:12:20 - __main__:  Error updating the Flowmeter buffer timestamp: 'NoneType' object is not subscriptable
WARNING: 21:12:20 - __main__:  Error updating the Flowmeter buffer data: 'NoneType' object is not subscriptable
WARNING: 21:12:20 - __main__:  Error updating the Flowmeter buffer data: 'NoneType' object is not subscriptable
WARNING: 21:12:20 - __main__:  Error updating the Bronkhorst Pressure buffer timestamp: 'NoneType' object is not subscriptable
WARNING: 21:12:20 - __main__:  Error updating the Bronkhorst Pressure buffer data: 'NoneType' object is not subscriptable
WARNING: 21:12:20 - __main__:  Error updating the Bronkhorst Pressure buffer data: 'NoneType' object is not subscriptable
WARNING: 21:12:20 - __main__:  Error updating the Bronkhorst Pressure buffer data: 'NoneType' object is not subscriptable
WARNING: 21:12:20 - __main__:  Error updating the Bronkhorst Pressure buffer data: 'NoneType' object is not subscriptable
WARNING: 21:12:21 - __main__:  Error updating the Picarro Gas buffer timestamp: 'NoneType' object is not subscriptable
WARNING: 21:12:21 - __main__:  Error updating the Picarro Gas buffer data: 'NoneType' object is not subscriptable
WARNING: 21:12:21 - __main__:  Error updating the Picarro Gas buffer data: 'NoneType' object is not subscriptable
WARNING: 21:12:21 - __main__:  Error updating the Picarro Gas buffer data: 'NoneType' object is not subscriptable
WARNING: 21:12:21 - __main__:  Error updating the Picarro Gas buffer data: 'NoneType' object is not subscriptable
WARNING: 21:12:21 - __main__:  Error updating the Laser Distance Sensor buffer timestamp: 'NoneType' object is not subscriptable
WARNING: 21:12:21 - __main__:  Error updating the Laser Distance Sensor buffer data: 'NoneType' object is not subscriptable
WARNING: 21:12:21 - __main__:  Error updating the Laser Distance Sensor buffer data: 'NoneType' object is not subscriptable
WARNING: 21:12:21 - __main__:  Error updating the Abakus Particle Counter buffer timestamp: 'NoneType' object is not subscriptable
WARNING: 21:12:21 - __main__:  Error updating the Abakus Particle Counter buffer data: 'NoneType' object is not subscriptable
WARNING: 21:12:21 - __main__:  Error updating the Flowmeter buffer timestamp: 'NoneType' object is not subscriptable
WARNING: 21:12:21 - __main__:  Error updating the Flowmeter buffer data: 'NoneType' object is not subscriptable
WARNING: 21:12:21 - __main__:  Error updating the Flowmeter buffer data: 'NoneType' object is not subscriptable
WARNING: 21:12:21 - __main__:  Error updating the Bronkhorst Pressure buffer timestamp: 'NoneType' object is not subscriptable
WARNING: 21:12:21 - __main__:  Error updating the Bronkhorst Pressure buffer data: 'NoneType' object is not subscriptable
WARNING: 21:12:21 - __main__:  Error updating the Bronkhorst Pressure buffer data: 'NoneType' object is not subscriptable
WARNING: 21:12:21 - __main__:  Error updating the Bronkhorst Pressure buffer data: 'NoneType' object is not subscriptable
WARNING: 21:12:21 - __main__:  Error updating the Bronkhorst Pressure buffer data: 'NoneType' object is not subscriptable
WARNING: 21:12:22 - __main__:  Error updating the Picarro Gas buffer timestamp: 'NoneType' object is not subscriptable
WARNING: 21:12:22 - __main__:  Error updating the Picarro Gas buffer data: 'NoneType' object is not subscriptable
WARNING: 21:12:22 - __main__:  Error updating the Picarro Gas buffer data: 'NoneType' object is not subscriptable
WARNING: 21:12:22 - __main__:  Error updating the Picarro Gas buffer data: 'NoneType' object is not subscriptable
WARNING: 21:12:22 - __main__:  Error updating the Picarro Gas buffer data: 'NoneType' object is not subscriptable
WARNING: 21:12:22 - __main__:  Error updating the Laser Distance Sensor buffer timestamp: 'NoneType' object is not subscriptable
WARNING: 21:12:22 - __main__:  Error updating the Laser Distance Sensor buffer data: 'NoneType' object is not subscriptable
WARNING: 21:12:22 - __main__:  Error updating the Laser Distance Sensor buffer data: 'NoneType' object is not subscriptable
WARNING: 21:12:22 - __main__:  Error updating the Abakus Particle Counter buffer timestamp: 'NoneType' object is not subscriptable
WARNING: 21:12:22 - __main__:  Error updating the Abakus Particle Counter buffer data: 'NoneType' object is not subscriptable
WARNING: 21:12:22 - __main__:  Error updating the Flowmeter buffer timestamp: 'NoneType' object is not subscriptable
WARNING: 21:12:22 - __main__:  Error updating the Flowmeter buffer data: 'NoneType' object is not subscriptable
WARNING: 21:12:22 - __main__:  Error updating the Flowmeter buffer data: 'NoneType' object is not subscriptable
WARNING: 21:12:22 - __main__:  Error updating the Bronkhorst Pressure buffer timestamp: 'NoneType' object is not subscriptable
WARNING: 21:12:22 - __main__:  Error updating the Bronkhorst Pressure buffer data: 'NoneType' object is not subscriptable
WARNING: 21:12:22 - __main__:  Error updating the Bronkhorst Pressure buffer data: 'NoneType' object is not subscriptable
WARNING: 21:12:22 - __main__:  Error updating the Bronkhorst Pressure buffer data: 'NoneType' object is not subscriptable
WARNING: 21:12:22 - __main__:  Error updating the Bronkhorst Pressure buffer data: 'NoneType' object is not subscriptable
INFO: 21:12:25 - main_pipeline.sensor:  Shutting down sensors
INFO: 21:12:25 - sensor_interfaces.sim_instruments:  Abakus measurements stopped
INFO: 21:12:25 - sensor_interfaces.sim_instruments:  Dimetix laser turned off
INFO: 21:12:25 - main_pipeline.sensor:  Finished shutting down sensors
INFO: 21:14:10 - main_pipeline.sensor:  Couldn't find Picarro at port /dev/ttyUSB0, shadowing sensor calls with substitute functions
WARNING: 21:14:10 - main_pipeline.sensor:  Couldn't find Abakus at port /dev/ttyUSB0, shadowing sensor calls with substitute functions
WARNING: 21:14:10 - main_pipeline.sensor:  Couldn't find Flowmeter at port /dev/ttyUSB0 and /dev/ttyUSB0, shadowing sensor calls with substitute functions
WARNING: 21:14:10 - main_pipeline.sensor:  Couldn't find Dimetix laser at port /dev/ttyUSB0, shadowing sensor calls with substitute functions
WARNING: 21:14:10 - main_pipeline.sensor:  Couldn't find Bronkhorst at port /dev/ttyUSB0, shadowing sensor calls with substitute functions
INFO: 21:14:10 - sensor_interfaces.sim_instruments:  Fake hardware, pretending to use serial port /dev/ttyUSB0 with baud 38400
INFO: 21:14:10 - sensor_interfaces.sim_instruments:  Fake hardware, pretending to use serial port /dev/ttyUSB0 with baud 115200
INFO: 21:14:10 - sensor_interfaces.sim_instruments:  Fake hardware, pretending to use serial port /dev/ttyUSB0 with baud 115200
INFO: 21:14:10 - sensor_interfaces.sim_instruments:  Fake hardware, pretending to use serial port /dev/ttyUSB0 with baud 19200
INFO: 21:14:10 - sensor_interfaces.sim_instruments:  Fake hardware, pretending to use serial port /dev/ttyUSB0 with baud 19200
INFO: 21:14:10 - sensor_interfaces.sim_instruments:  Fake hardware, pretending to use serial port /dev/ttyUSB0 with baud 38400
INFO: 21:14:10 - main_pipeline.sensor:  Sensor class initiated
INFO: 21:14:10 - main_pipeline.interpreter:  Interpreter class initiated
INFO: 21:14:10 - main_pipeline.writer:  Display class initiated
INFO: 21:14:11 - main_pipeline.sensor:  Initializing sensors
INFO: 21:14:11 - sensor_interfaces.sim_instruments:  Initializing Abakus
INFO: 21:14:11 - sensor_interfaces.sim_instruments:  Abakus initialized
INFO: 21:14:11 - sensor_interfaces.sim_instruments:  Initializing Picarro
INFO: 21:14:11 - sensor_interfaces.sim_instruments:  Initialized Picarro
INFO: 21:14:11 - sensor_interfaces.sim_instruments:  Initializing Dimetix laser
INFO: 21:14:11 - sensor_interfaces.sim_instruments:  Laser initialized
INFO: 21:14:11 - sensor_interfaces.sim_instruments:  Initializing Bronkhorst
INFO: 21:14:11 - sensor_interfaces.sim_instruments:  Bronkhorst initialized
INFO: 21:14:11 - sensor_interfaces.sim_instruments:  Initializing Flowmeter
INFO: 21:14:11 - sensor_interfaces.sim_instruments:  Flowmeter sli2000 initialized
INFO: 21:14:11 - sensor_interfaces.sim_instruments:  Initializing Flowmeter
INFO: 21:14:11 - sensor_interfaces.sim_instruments:  Flowmeter sls1500 initialized
INFO: 21:14:11 - main_pipeline.sensor:  Finished initializing sensors
WARNING: 21:14:13 - __main__:  Error updating the Picarro Gas buffer timestamp: 'NoneType' object is not subscriptable
WARNING: 21:14:13 - __main__:  Error updating the Picarro Gas buffer data: 'NoneType' object is not subscriptable
WARNING: 21:14:13 - __main__:  Error updating the Picarro Gas buffer data: 'NoneType' object is not subscriptable
WARNING: 21:14:13 - __main__:  Error updating the Picarro Gas buffer data: 'NoneType' object is not subscriptable
WARNING: 21:14:13 - __main__:  Error updating the Picarro Gas buffer data: 'NoneType' object is not subscriptable
WARNING: 21:14:13 - __main__:  Error updating the Laser Distance Sensor buffer timestamp: 'NoneType' object is not subscriptable
WARNING: 21:14:13 - __main__:  Error updating the Laser Distance Sensor buffer data: 'NoneType' object is not subscriptable
WARNING: 21:14:13 - __main__:  Error updating the Laser Distance Sensor buffer data: 'NoneType' object is not subscriptable
WARNING: 21:14:13 - __main__:  Error updating the Abakus Particle Counter buffer timestamp: 'NoneType' object is not subscriptable
WARNING: 21:14:13 - __main__:  Error updating the Abakus Particle Counter buffer data: 'NoneType' object is not subscriptable
WARNING: 21:14:13 - __main__:  Error updating the Flowmeter buffer timestamp: 'NoneType' object is not subscriptable
WARNING: 21:14:13 - __main__:  Error updating the Flowmeter buffer data: 'NoneType' object is not subscriptable
WARNING: 21:14:13 - __main__:  Error updating the Flowmeter buffer data: 'NoneType' object is not subscriptable
WARNING: 21:14:13 - __main__:  Error updating the Bronkhorst Pressure buffer timestamp: 'NoneType' object is not subscriptable
WARNING: 21:14:13 - __main__:  Error updating the Bronkhorst Pressure buffer data: 'NoneType' object is not subscriptable
WARNING: 21:14:13 - __main__:  Error updating the Bronkhorst Pressure buffer data: 'NoneType' object is not subscriptable
WARNING: 21:14:13 - __main__:  Error updating the Bronkhorst Pressure buffer data: 'NoneType' object is not subscriptable
WARNING: 21:14:13 - __main__:  Error updating the Bronkhorst Pressure buffer data: 'NoneType' object is not subscriptable
WARNING: 21:14:14 - __main__:  Error updating the Picarro Gas buffer timestamp: 'NoneType' object is not subscriptable
WARNING: 21:14:14 - __main__:  Error updating the Picarro Gas buffer data: 'NoneType' object is not subscriptable
WARNING: 21:14:14 - __main__:  Error updating the Picarro Gas buffer data: 'NoneType' object is not subscriptable
WARNING: 21:14:14 - __main__:  Error updating the Picarro Gas buffer data: 'NoneType' object is not subscriptable
WARNING: 21:14:14 - __main__:  Error updating the Picarro Gas buffer data: 'NoneType' object is not subscriptable
WARNING: 21:14:14 - __main__:  Error updating the Laser Distance Sensor buffer timestamp: 'NoneType' object is not subscriptable
WARNING: 21:14:14 - __main__:  Error updating the Laser Distance Sensor buffer data: 'NoneType' object is not subscriptable
WARNING: 21:14:14 - __main__:  Error updating the Laser Distance Sensor buffer data: 'NoneType' object is not subscriptable
WARNING: 21:14:14 - __main__:  Error updating the Abakus Particle Counter buffer timestamp: 'NoneType' object is not subscriptable
WARNING: 21:14:14 - __main__:  Error updating the Abakus Particle Counter buffer data: 'NoneType' object is not subscriptable
WARNING: 21:14:14 - __main__:  Error updating the Flowmeter buffer timestamp: 'NoneType' object is not subscriptable
WARNING: 21:14:14 - __main__:  Error updating the Flowmeter buffer data: 'NoneType' object is not subscriptable
WARNING: 21:14:14 - __main__:  Error updating the Flowmeter buffer data: 'NoneType' object is not subscriptable
WARNING: 21:14:14 - __main__:  Error updating the Bronkhorst Pressure buffer timestamp: 'NoneType' object is not subscriptable
WARNING: 21:14:14 - __main__:  Error updating the Bronkhorst Pressure buffer data: 'NoneType' object is not subscriptable
WARNING: 21:14:14 - __main__:  Error updating the Bronkhorst Pressure buffer data: 'NoneType' object is not subscriptable
WARNING: 21:14:14 - __main__:  Error updating the Bronkhorst Pressure buffer data: 'NoneType' object is not subscriptable
WARNING: 21:14:14 - __main__:  Error updating the Bronkhorst Pressure buffer data: 'NoneType' object is not subscriptable
WARNING: 21:14:15 - __main__:  Error updating the Picarro Gas buffer timestamp: 'NoneType' object is not subscriptable
WARNING: 21:14:15 - __main__:  Error updating the Picarro Gas buffer data: 'NoneType' object is not subscriptable
WARNING: 21:14:15 - __main__:  Error updating the Picarro Gas buffer data: 'NoneType' object is not subscriptable
WARNING: 21:14:15 - __main__:  Error updating the Picarro Gas buffer data: 'NoneType' object is not subscriptable
WARNING: 21:14:15 - __main__:  Error updating the Picarro Gas buffer data: 'NoneType' object is not subscriptable
WARNING: 21:14:15 - __main__:  Error updating the Laser Distance Sensor buffer timestamp: 'NoneType' object is not subscriptable
WARNING: 21:14:15 - __main__:  Error updating the Laser Distance Sensor buffer data: 'NoneType' object is not subscriptable
WARNING: 21:14:15 - __main__:  Error updating the Laser Distance Sensor buffer data: 'NoneType' object is not subscriptable
WARNING: 21:14:15 - __main__:  Error updating the Abakus Particle Counter buffer timestamp: 'NoneType' object is not subscriptable
WARNING: 21:14:15 - __main__:  Error updating the Abakus Particle Counter buffer data: 'NoneType' object is not subscriptable
WARNING: 21:14:15 - __main__:  Error updating the Flowmeter buffer timestamp: 'NoneType' object is not subscriptable
WARNING: 21:14:15 - __main__:  Error updating the Flowmeter buffer data: 'NoneType' object is not subscriptable
WARNING: 21:14:15 - __main__:  Error updating the Flowmeter buffer data: 'NoneType' object is not subscriptable
WARNING: 21:14:15 - __main__:  Error updating the Bronkhorst Pressure buffer timestamp: 'NoneType' object is not subscriptable
WARNING: 21:14:15 - __main__:  Error updating the Bronkhorst Pressure buffer data: 'NoneType' object is not subscriptable
WARNING: 21:14:15 - __main__:  Error updating the Bronkhorst Pressure buffer data: 'NoneType' object is not subscriptable
WARNING: 21:14:15 - __main__:  Error updating the Bronkhorst Pressure buffer data: 'NoneType' object is not subscriptable
WARNING: 21:14:15 - __main__:  Error updating the Bronkhorst Pressure buffer data: 'NoneType' object is not subscriptable
WARNING: 21:14:16 - __main__:  Error updating the Picarro Gas buffer timestamp: 'NoneType' object is not subscriptable
WARNING: 21:14:16 - __main__:  Error updating the Picarro Gas buffer data: 'NoneType' object is not subscriptable
WARNING: 21:14:16 - __main__:  Error updating the Picarro Gas buffer data: 'NoneType' object is not subscriptable
WARNING: 21:14:16 - __main__:  Error updating the Picarro Gas buffer data: 'NoneType' object is not subscriptable
WARNING: 21:14:16 - __main__:  Error updating the Picarro Gas buffer data: 'NoneType' object is not subscriptable
WARNING: 21:14:16 - __main__:  Error updating the Laser Distance Sensor buffer timestamp: 'NoneType' object is not subscriptable
WARNING: 21:14:16 - __main__:  Error updating the Laser Distance Sensor buffer data: 'NoneType' object is not subscriptable
WARNING: 21:14:16 - __main__:  Error updating the Laser Distance Sensor buffer data: 'NoneType' object is not subscriptable
WARNING: 21:14:16 - __main__:  Error updating the Abakus Particle Counter buffer timestamp: 'NoneType' object is not subscriptable
WARNING: 21:14:16 - __main__:  Error updating the Abakus Particle Counter buffer data: 'NoneType' object is not subscriptable
WARNING: 21:14:16 - __main__:  Error updating the Flowmeter buffer timestamp: 'NoneType' object is not subscriptable
WARNING: 21:14:16 - __main__:  Error updating the Flowmeter buffer data: 'NoneType' object is not subscriptable
WARNING: 21:14:16 - __main__:  Error updating the Flowmeter buffer data: 'NoneType' object is not subscriptable
WARNING: 21:14:16 - __main__:  Error updating the Bronkhorst Pressure buffer timestamp: 'NoneType' object is not subscriptable
WARNING: 21:14:16 - __main__:  Error updating the Bronkhorst Pressure buffer data: 'NoneType' object is not subscriptable
WARNING: 21:14:16 - __main__:  Error updating the Bronkhorst Pressure buffer data: 'NoneType' object is not subscriptable
WARNING: 21:14:16 - __main__:  Error updating the Bronkhorst Pressure buffer data: 'NoneType' object is not subscriptable
WARNING: 21:14:16 - __main__:  Error updating the Bronkhorst Pressure buffer data: 'NoneType' object is not subscriptable
WARNING: 21:14:17 - __main__:  Error updating the Picarro Gas buffer timestamp: 'NoneType' object is not subscriptable
WARNING: 21:14:17 - __main__:  Error updating the Picarro Gas buffer data: 'NoneType' object is not subscriptable
WARNING: 21:14:17 - __main__:  Error updating the Picarro Gas buffer data: 'NoneType' object is not subscriptable
WARNING: 21:14:17 - __main__:  Error updating the Picarro Gas buffer data: 'NoneType' object is not subscriptable
WARNING: 21:14:17 - __main__:  Error updating the Picarro Gas buffer data: 'NoneType' object is not subscriptable
WARNING: 21:14:17 - __main__:  Error updating the Laser Distance Sensor buffer timestamp: 'NoneType' object is not subscriptable
WARNING: 21:14:17 - __main__:  Error updating the Laser Distance Sensor buffer data: 'NoneType' object is not subscriptable
WARNING: 21:14:17 - __main__:  Error updating the Laser Distance Sensor buffer data: 'NoneType' object is not subscriptable
WARNING: 21:14:17 - __main__:  Error updating the Abakus Particle Counter buffer timestamp: 'NoneType' object is not subscriptable
WARNING: 21:14:17 - __main__:  Error updating the Abakus Particle Counter buffer data: 'NoneType' object is not subscriptable
WARNING: 21:14:17 - __main__:  Error updating the Flowmeter buffer timestamp: 'NoneType' object is not subscriptable
WARNING: 21:14:17 - __main__:  Error updating the Flowmeter buffer data: 'NoneType' object is not subscriptable
WARNING: 21:14:17 - __main__:  Error updating the Flowmeter buffer data: 'NoneType' object is not subscriptable
WARNING: 21:14:17 - __main__:  Error updating the Bronkhorst Pressure buffer timestamp: 'NoneType' object is not subscriptable
WARNING: 21:14:17 - __main__:  Error updating the Bronkhorst Pressure buffer data: 'NoneType' object is not subscriptable
WARNING: 21:14:17 - __main__:  Error updating the Bronkhorst Pressure buffer data: 'NoneType' object is not subscriptable
WARNING: 21:14:17 - __main__:  Error updating the Bronkhorst Pressure buffer data: 'NoneType' object is not subscriptable
WARNING: 21:14:17 - __main__:  Error updating the Bronkhorst Pressure buffer data: 'NoneType' object is not subscriptable
WARNING: 21:14:18 - __main__:  Error updating the Picarro Gas buffer timestamp: 'NoneType' object is not subscriptable
WARNING: 21:14:18 - __main__:  Error updating the Picarro Gas buffer data: 'NoneType' object is not subscriptable
WARNING: 21:14:18 - __main__:  Error updating the Picarro Gas buffer data: 'NoneType' object is not subscriptable
WARNING: 21:14:18 - __main__:  Error updating the Picarro Gas buffer data: 'NoneType' object is not subscriptable
WARNING: 21:14:18 - __main__:  Error updating the Picarro Gas buffer data: 'NoneType' object is not subscriptable
WARNING: 21:14:18 - __main__:  Error updating the Laser Distance Sensor buffer timestamp: 'NoneType' object is not subscriptable
WARNING: 21:14:18 - __main__:  Error updating the Laser Distance Sensor buffer data: 'NoneType' object is not subscriptable
WARNING: 21:14:18 - __main__:  Error updating the Laser Distance Sensor buffer data: 'NoneType' object is not subscriptable
WARNING: 21:14:18 - __main__:  Error updating the Abakus Particle Counter buffer timestamp: 'NoneType' object is not subscriptable
WARNING: 21:14:18 - __main__:  Error updating the Abakus Particle Counter buffer data: 'NoneType' object is not subscriptable
WARNING: 21:14:18 - __main__:  Error updating the Flowmeter buffer timestamp: 'NoneType' object is not subscriptable
WARNING: 21:14:18 - __main__:  Error updating the Flowmeter buffer data: 'NoneType' object is not subscriptable
WARNING: 21:14:18 - __main__:  Error updating the Flowmeter buffer data: 'NoneType' object is not subscriptable
WARNING: 21:14:18 - __main__:  Error updating the Bronkhorst Pressure buffer timestamp: 'NoneType' object is not subscriptable
WARNING: 21:14:18 - __main__:  Error updating the Bronkhorst Pressure buffer data: 'NoneType' object is not subscriptable
WARNING: 21:14:18 - __main__:  Error updating the Bronkhorst Pressure buffer data: 'NoneType' object is not subscriptable
WARNING: 21:14:18 - __main__:  Error updating the Bronkhorst Pressure buffer data: 'NoneType' object is not subscriptable
WARNING: 21:14:18 - __main__:  Error updating the Bronkhorst Pressure buffer data: 'NoneType' object is not subscriptable
WARNING: 21:14:19 - __main__:  Error updating the Picarro Gas buffer timestamp: 'NoneType' object is not subscriptable
WARNING: 21:14:19 - __main__:  Error updating the Picarro Gas buffer data: 'NoneType' object is not subscriptable
WARNING: 21:14:19 - __main__:  Error updating the Picarro Gas buffer data: 'NoneType' object is not subscriptable
WARNING: 21:14:19 - __main__:  Error updating the Picarro Gas buffer data: 'NoneType' object is not subscriptable
WARNING: 21:14:19 - __main__:  Error updating the Picarro Gas buffer data: 'NoneType' object is not subscriptable
WARNING: 21:14:19 - __main__:  Error updating the Laser Distance Sensor buffer timestamp: 'NoneType' object is not subscriptable
WARNING: 21:14:19 - __main__:  Error updating the Laser Distance Sensor buffer data: 'NoneType' object is not subscriptable
WARNING: 21:14:19 - __main__:  Error updating the Laser Distance Sensor buffer data: 'NoneType' object is not subscriptable
WARNING: 21:14:19 - __main__:  Error updating the Abakus Particle Counter buffer timestamp: 'NoneType' object is not subscriptable
WARNING: 21:14:19 - __main__:  Error updating the Abakus Particle Counter buffer data: 'NoneType' object is not subscriptable
WARNING: 21:14:19 - __main__:  Error updating the Flowmeter buffer timestamp: 'NoneType' object is not subscriptable
WARNING: 21:14:19 - __main__:  Error updating the Flowmeter buffer data: 'NoneType' object is not subscriptable
WARNING: 21:14:19 - __main__:  Error updating the Flowmeter buffer data: 'NoneType' object is not subscriptable
WARNING: 21:14:19 - __main__:  Error updating the Bronkhorst Pressure buffer timestamp: 'NoneType' object is not subscriptable
WARNING: 21:14:19 - __main__:  Error updating the Bronkhorst Pressure buffer data: 'NoneType' object is not subscriptable
WARNING: 21:14:19 - __main__:  Error updating the Bronkhorst Pressure buffer data: 'NoneType' object is not subscriptable
WARNING: 21:14:19 - __main__:  Error updating the Bronkhorst Pressure buffer data: 'NoneType' object is not subscriptable
WARNING: 21:14:19 - __main__:  Error updating the Bronkhorst Pressure buffer data: 'NoneType' object is not subscriptable
WARNING: 21:14:20 - __main__:  Error updating the Picarro Gas buffer timestamp: 'NoneType' object is not subscriptable
WARNING: 21:14:20 - __main__:  Error updating the Picarro Gas buffer data: 'NoneType' object is not subscriptable
WARNING: 21:14:20 - __main__:  Error updating the Picarro Gas buffer data: 'NoneType' object is not subscriptable
WARNING: 21:14:20 - __main__:  Error updating the Picarro Gas buffer data: 'NoneType' object is not subscriptable
WARNING: 21:14:20 - __main__:  Error updating the Picarro Gas buffer data: 'NoneType' object is not subscriptable
WARNING: 21:14:20 - __main__:  Error updating the Laser Distance Sensor buffer timestamp: 'NoneType' object is not subscriptable
WARNING: 21:14:20 - __main__:  Error updating the Laser Distance Sensor buffer data: 'NoneType' object is not subscriptable
WARNING: 21:14:20 - __main__:  Error updating the Laser Distance Sensor buffer data: 'NoneType' object is not subscriptable
WARNING: 21:14:20 - __main__:  Error updating the Abakus Particle Counter buffer timestamp: 'NoneType' object is not subscriptable
WARNING: 21:14:20 - __main__:  Error updating the Abakus Particle Counter buffer data: 'NoneType' object is not subscriptable
WARNING: 21:14:20 - __main__:  Error updating the Flowmeter buffer timestamp: 'NoneType' object is not subscriptable
WARNING: 21:14:20 - __main__:  Error updating the Flowmeter buffer data: 'NoneType' object is not subscriptable
WARNING: 21:14:20 - __main__:  Error updating the Flowmeter buffer data: 'NoneType' object is not subscriptable
WARNING: 21:14:20 - __main__:  Error updating the Bronkhorst Pressure buffer timestamp: 'NoneType' object is not subscriptable
WARNING: 21:14:20 - __main__:  Error updating the Bronkhorst Pressure buffer data: 'NoneType' object is not subscriptable
WARNING: 21:14:20 - __main__:  Error updating the Bronkhorst Pressure buffer data: 'NoneType' object is not subscriptable
WARNING: 21:14:20 - __main__:  Error updating the Bronkhorst Pressure buffer data: 'NoneType' object is not subscriptable
WARNING: 21:14:20 - __main__:  Error updating the Bronkhorst Pressure buffer data: 'NoneType' object is not subscriptable
WARNING: 21:14:21 - __main__:  Error updating the Picarro Gas buffer timestamp: 'NoneType' object is not subscriptable
WARNING: 21:14:21 - __main__:  Error updating the Picarro Gas buffer data: 'NoneType' object is not subscriptable
WARNING: 21:14:21 - __main__:  Error updating the Picarro Gas buffer data: 'NoneType' object is not subscriptable
WARNING: 21:14:21 - __main__:  Error updating the Picarro Gas buffer data: 'NoneType' object is not subscriptable
WARNING: 21:14:21 - __main__:  Error updating the Picarro Gas buffer data: 'NoneType' object is not subscriptable
WARNING: 21:14:21 - __main__:  Error updating the Laser Distance Sensor buffer timestamp: 'NoneType' object is not subscriptable
WARNING: 21:14:21 - __main__:  Error updating the Laser Distance Sensor buffer data: 'NoneType' object is not subscriptable
WARNING: 21:14:21 - __main__:  Error updating the Laser Distance Sensor buffer data: 'NoneType' object is not subscriptable
WARNING: 21:14:21 - __main__:  Error updating the Abakus Particle Counter buffer timestamp: 'NoneType' object is not subscriptable
WARNING: 21:14:21 - __main__:  Error updating the Abakus Particle Counter buffer data: 'NoneType' object is not subscriptable
WARNING: 21:14:21 - __main__:  Error updating the Flowmeter buffer timestamp: 'NoneType' object is not subscriptable
WARNING: 21:14:21 - __main__:  Error updating the Flowmeter buffer data: 'NoneType' object is not subscriptable
WARNING: 21:14:21 - __main__:  Error updating the Flowmeter buffer data: 'NoneType' object is not subscriptable
WARNING: 21:14:21 - __main__:  Error updating the Bronkhorst Pressure buffer timestamp: 'NoneType' object is not subscriptable
WARNING: 21:14:21 - __main__:  Error updating the Bronkhorst Pressure buffer data: 'NoneType' object is not subscriptable
WARNING: 21:14:21 - __main__:  Error updating the Bronkhorst Pressure buffer data: 'NoneType' object is not subscriptable
WARNING: 21:14:21 - __main__:  Error updating the Bronkhorst Pressure buffer data: 'NoneType' object is not subscriptable
WARNING: 21:14:21 - __main__:  Error updating the Bronkhorst Pressure buffer data: 'NoneType' object is not subscriptable
WARNING: 21:14:22 - __main__:  Error updating the Picarro Gas buffer timestamp: 'NoneType' object is not subscriptable
WARNING: 21:14:22 - __main__:  Error updating the Picarro Gas buffer data: 'NoneType' object is not subscriptable
WARNING: 21:14:22 - __main__:  Error updating the Picarro Gas buffer data: 'NoneType' object is not subscriptable
WARNING: 21:14:22 - __main__:  Error updating the Picarro Gas buffer data: 'NoneType' object is not subscriptable
WARNING: 21:14:22 - __main__:  Error updating the Picarro Gas buffer data: 'NoneType' object is not subscriptable
WARNING: 21:14:22 - __main__:  Error updating the Laser Distance Sensor buffer timestamp: 'NoneType' object is not subscriptable
WARNING: 21:14:22 - __main__:  Error updating the Laser Distance Sensor buffer data: 'NoneType' object is not subscriptable
WARNING: 21:14:22 - __main__:  Error updating the Laser Distance Sensor buffer data: 'NoneType' object is not subscriptable
WARNING: 21:14:22 - __main__:  Error updating the Abakus Particle Counter buffer timestamp: 'NoneType' object is not subscriptable
WARNING: 21:14:22 - __main__:  Error updating the Abakus Particle Counter buffer data: 'NoneType' object is not subscriptable
WARNING: 21:14:22 - __main__:  Error updating the Flowmeter buffer timestamp: 'NoneType' object is not subscriptable
WARNING: 21:14:22 - __main__:  Error updating the Flowmeter buffer data: 'NoneType' object is not subscriptable
WARNING: 21:14:22 - __main__:  Error updating the Flowmeter buffer data: 'NoneType' object is not subscriptable
WARNING: 21:14:22 - __main__:  Error updating the Bronkhorst Pressure buffer timestamp: 'NoneType' object is not subscriptable
WARNING: 21:14:22 - __main__:  Error updating the Bronkhorst Pressure buffer data: 'NoneType' object is not subscriptable
WARNING: 21:14:22 - __main__:  Error updating the Bronkhorst Pressure buffer data: 'NoneType' object is not subscriptable
WARNING: 21:14:22 - __main__:  Error updating the Bronkhorst Pressure buffer data: 'NoneType' object is not subscriptable
WARNING: 21:14:22 - __main__:  Error updating the Bronkhorst Pressure buffer data: 'NoneType' object is not subscriptable
WARNING: 21:14:23 - __main__:  Error updating the Picarro Gas buffer timestamp: 'NoneType' object is not subscriptable
WARNING: 21:14:23 - __main__:  Error updating the Picarro Gas buffer data: 'NoneType' object is not subscriptable
WARNING: 21:14:23 - __main__:  Error updating the Picarro Gas buffer data: 'NoneType' object is not subscriptable
WARNING: 21:14:23 - __main__:  Error updating the Picarro Gas buffer data: 'NoneType' object is not subscriptable
WARNING: 21:14:23 - __main__:  Error updating the Picarro Gas buffer data: 'NoneType' object is not subscriptable
WARNING: 21:14:23 - __main__:  Error updating the Laser Distance Sensor buffer timestamp: 'NoneType' object is not subscriptable
WARNING: 21:14:23 - __main__:  Error updating the Laser Distance Sensor buffer data: 'NoneType' object is not subscriptable
WARNING: 21:14:23 - __main__:  Error updating the Laser Distance Sensor buffer data: 'NoneType' object is not subscriptable
WARNING: 21:14:23 - __main__:  Error updating the Abakus Particle Counter buffer timestamp: 'NoneType' object is not subscriptable
WARNING: 21:14:23 - __main__:  Error updating the Abakus Particle Counter buffer data: 'NoneType' object is not subscriptable
WARNING: 21:14:23 - __main__:  Error updating the Flowmeter buffer timestamp: 'NoneType' object is not subscriptable
WARNING: 21:14:23 - __main__:  Error updating the Flowmeter buffer data: 'NoneType' object is not subscriptable
WARNING: 21:14:23 - __main__:  Error updating the Flowmeter buffer data: 'NoneType' object is not subscriptable
WARNING: 21:14:23 - __main__:  Error updating the Bronkhorst Pressure buffer timestamp: 'NoneType' object is not subscriptable
WARNING: 21:14:23 - __main__:  Error updating the Bronkhorst Pressure buffer data: 'NoneType' object is not subscriptable
WARNING: 21:14:23 - __main__:  Error updating the Bronkhorst Pressure buffer data: 'NoneType' object is not subscriptable
WARNING: 21:14:23 - __main__:  Error updating the Bronkhorst Pressure buffer data: 'NoneType' object is not subscriptable
WARNING: 21:14:23 - __main__:  Error updating the Bronkhorst Pressure buffer data: 'NoneType' object is not subscriptable
INFO: 21:14:24 - main_pipeline.sensor:  Shutting down sensors
INFO: 21:14:24 - sensor_interfaces.sim_instruments:  Abakus measurements stopped
INFO: 21:14:24 - sensor_interfaces.sim_instruments:  Dimetix laser turned off
INFO: 21:14:24 - main_pipeline.sensor:  Finished shutting down sensors
WARNING: 21:14:24 - __main__:  Error updating the Picarro Gas buffer timestamp: 'NoneType' object is not subscriptable
WARNING: 21:14:24 - __main__:  Error updating the Picarro Gas buffer data: 'NoneType' object is not subscriptable
WARNING: 21:14:24 - __main__:  Error updating the Picarro Gas buffer data: 'NoneType' object is not subscriptable
WARNING: 21:14:24 - __main__:  Error updating the Picarro Gas buffer data: 'NoneType' object is not subscriptable
WARNING: 21:14:24 - __main__:  Error updating the Picarro Gas buffer data: 'NoneType' object is not subscriptable
WARNING: 21:14:24 - __main__:  Error updating the Laser Distance Sensor buffer timestamp: 'NoneType' object is not subscriptable
WARNING: 21:14:24 - __main__:  Error updating the Laser Distance Sensor buffer data: 'NoneType' object is not subscriptable
WARNING: 21:14:24 - __main__:  Error updating the Laser Distance Sensor buffer data: 'NoneType' object is not subscriptable
WARNING: 21:14:24 - __main__:  Error updating the Abakus Particle Counter buffer timestamp: 'NoneType' object is not subscriptable
WARNING: 21:14:24 - __main__:  Error updating the Abakus Particle Counter buffer data: 'NoneType' object is not subscriptable
WARNING: 21:14:24 - __main__:  Error updating the Flowmeter buffer timestamp: 'NoneType' object is not subscriptable
WARNING: 21:14:24 - __main__:  Error updating the Flowmeter buffer data: 'NoneType' object is not subscriptable
WARNING: 21:14:24 - __main__:  Error updating the Flowmeter buffer data: 'NoneType' object is not subscriptable
WARNING: 21:14:24 - __main__:  Error updating the Bronkhorst Pressure buffer timestamp: 'NoneType' object is not subscriptable
WARNING: 21:14:24 - __main__:  Error updating the Bronkhorst Pressure buffer data: 'NoneType' object is not subscriptable
WARNING: 21:14:24 - __main__:  Error updating the Bronkhorst Pressure buffer data: 'NoneType' object is not subscriptable
WARNING: 21:14:24 - __main__:  Error updating the Bronkhorst Pressure buffer data: 'NoneType' object is not subscriptable
WARNING: 21:14:24 - __main__:  Error updating the Bronkhorst Pressure buffer data: 'NoneType' object is not subscriptable
INFO: 21:15:00 - main_pipeline.sensor:  Couldn't find Picarro at port /dev/ttyUSB0, shadowing sensor calls with substitute functions
WARNING: 21:15:00 - main_pipeline.sensor:  Couldn't find Abakus at port /dev/ttyUSB0, shadowing sensor calls with substitute functions
WARNING: 21:15:00 - main_pipeline.sensor:  Couldn't find Flowmeter at port /dev/ttyUSB0 and /dev/ttyUSB0, shadowing sensor calls with substitute functions
WARNING: 21:15:00 - main_pipeline.sensor:  Couldn't find Dimetix laser at port /dev/ttyUSB0, shadowing sensor calls with substitute functions
WARNING: 21:15:00 - main_pipeline.sensor:  Couldn't find Bronkhorst at port /dev/ttyUSB0, shadowing sensor calls with substitute functions
INFO: 21:15:00 - sensor_interfaces.sim_instruments:  Fake hardware, pretending to use serial port /dev/ttyUSB0 with baud 38400
INFO: 21:15:00 - sensor_interfaces.sim_instruments:  Fake hardware, pretending to use serial port /dev/ttyUSB0 with baud 115200
INFO: 21:15:00 - sensor_interfaces.sim_instruments:  Fake hardware, pretending to use serial port /dev/ttyUSB0 with baud 115200
INFO: 21:15:00 - sensor_interfaces.sim_instruments:  Fake hardware, pretending to use serial port /dev/ttyUSB0 with baud 19200
INFO: 21:15:00 - sensor_interfaces.sim_instruments:  Fake hardware, pretending to use serial port /dev/ttyUSB0 with baud 19200
INFO: 21:15:00 - sensor_interfaces.sim_instruments:  Fake hardware, pretending to use serial port /dev/ttyUSB0 with baud 38400
INFO: 21:15:00 - main_pipeline.sensor:  Sensor class initiated
INFO: 21:15:00 - main_pipeline.interpreter:  Interpreter class initiated
INFO: 21:15:00 - main_pipeline.writer:  Display class initiated
INFO: 21:15:02 - main_pipeline.sensor:  Initializing sensors
INFO: 21:15:02 - sensor_interfaces.sim_instruments:  Initializing Abakus
INFO: 21:15:02 - sensor_interfaces.sim_instruments:  Abakus initialized
INFO: 21:15:02 - sensor_interfaces.sim_instruments:  Initializing Picarro
INFO: 21:15:02 - sensor_interfaces.sim_instruments:  Initialized Picarro
INFO: 21:15:02 - sensor_interfaces.sim_instruments:  Initializing Dimetix laser
INFO: 21:15:02 - sensor_interfaces.sim_instruments:  Laser initialized
INFO: 21:15:02 - sensor_interfaces.sim_instruments:  Initializing Bronkhorst
INFO: 21:15:02 - sensor_interfaces.sim_instruments:  Bronkhorst initialized
INFO: 21:15:02 - sensor_interfaces.sim_instruments:  Initializing Flowmeter
INFO: 21:15:02 - sensor_interfaces.sim_instruments:  Flowmeter sli2000 initialized
INFO: 21:15:02 - sensor_interfaces.sim_instruments:  Initializing Flowmeter
INFO: 21:15:02 - sensor_interfaces.sim_instruments:  Flowmeter sls1500 initialized
INFO: 21:15:02 - main_pipeline.sensor:  Finished initializing sensors
WARNING: 21:15:03 - __main__:  Error updating the Picarro Gas buffer timestamp: 'NoneType' object is not subscriptable
WARNING: 21:15:03 - __main__:  Error updating the Picarro Gas buffer data: 'NoneType' object is not subscriptable
WARNING: 21:15:03 - __main__:  Error updating the Picarro Gas buffer data: 'NoneType' object is not subscriptable
WARNING: 21:15:03 - __main__:  Error updating the Picarro Gas buffer data: 'NoneType' object is not subscriptable
WARNING: 21:15:03 - __main__:  Error updating the Picarro Gas buffer data: 'NoneType' object is not subscriptable
WARNING: 21:15:03 - __main__:  Error updating the Laser Distance Sensor buffer timestamp: 'NoneType' object is not subscriptable
WARNING: 21:15:03 - __main__:  Error updating the Laser Distance Sensor buffer data: 'NoneType' object is not subscriptable
WARNING: 21:15:03 - __main__:  Error updating the Laser Distance Sensor buffer data: 'NoneType' object is not subscriptable
WARNING: 21:15:03 - __main__:  Error updating the Abakus Particle Counter buffer timestamp: 'NoneType' object is not subscriptable
WARNING: 21:15:03 - __main__:  Error updating the Abakus Particle Counter buffer data: 'NoneType' object is not subscriptable
WARNING: 21:15:03 - __main__:  Error updating the Flowmeter buffer timestamp: 'NoneType' object is not subscriptable
WARNING: 21:15:03 - __main__:  Error updating the Flowmeter buffer data: 'NoneType' object is not subscriptable
WARNING: 21:15:03 - __main__:  Error updating the Flowmeter buffer data: 'NoneType' object is not subscriptable
WARNING: 21:15:03 - __main__:  Error updating the Bronkhorst Pressure buffer timestamp: 'NoneType' object is not subscriptable
WARNING: 21:15:03 - __main__:  Error updating the Bronkhorst Pressure buffer data: 'NoneType' object is not subscriptable
WARNING: 21:15:03 - __main__:  Error updating the Bronkhorst Pressure buffer data: 'NoneType' object is not subscriptable
WARNING: 21:15:03 - __main__:  Error updating the Bronkhorst Pressure buffer data: 'NoneType' object is not subscriptable
WARNING: 21:15:03 - __main__:  Error updating the Bronkhorst Pressure buffer data: 'NoneType' object is not subscriptable
WARNING: 21:15:04 - __main__:  Error updating the Picarro Gas buffer timestamp: 'NoneType' object is not subscriptable
WARNING: 21:15:04 - __main__:  Error updating the Picarro Gas buffer data: 'NoneType' object is not subscriptable
WARNING: 21:15:04 - __main__:  Error updating the Picarro Gas buffer data: 'NoneType' object is not subscriptable
WARNING: 21:15:04 - __main__:  Error updating the Picarro Gas buffer data: 'NoneType' object is not subscriptable
WARNING: 21:15:04 - __main__:  Error updating the Picarro Gas buffer data: 'NoneType' object is not subscriptable
WARNING: 21:15:04 - __main__:  Error updating the Laser Distance Sensor buffer timestamp: 'NoneType' object is not subscriptable
WARNING: 21:15:04 - __main__:  Error updating the Laser Distance Sensor buffer data: 'NoneType' object is not subscriptable
WARNING: 21:15:04 - __main__:  Error updating the Laser Distance Sensor buffer data: 'NoneType' object is not subscriptable
WARNING: 21:15:04 - __main__:  Error updating the Abakus Particle Counter buffer timestamp: 'NoneType' object is not subscriptable
WARNING: 21:15:04 - __main__:  Error updating the Abakus Particle Counter buffer data: 'NoneType' object is not subscriptable
WARNING: 21:15:04 - __main__:  Error updating the Flowmeter buffer timestamp: 'NoneType' object is not subscriptable
WARNING: 21:15:04 - __main__:  Error updating the Flowmeter buffer data: 'NoneType' object is not subscriptable
WARNING: 21:15:04 - __main__:  Error updating the Flowmeter buffer data: 'NoneType' object is not subscriptable
WARNING: 21:15:04 - __main__:  Error updating the Bronkhorst Pressure buffer timestamp: 'NoneType' object is not subscriptable
WARNING: 21:15:04 - __main__:  Error updating the Bronkhorst Pressure buffer data: 'NoneType' object is not subscriptable
WARNING: 21:15:04 - __main__:  Error updating the Bronkhorst Pressure buffer data: 'NoneType' object is not subscriptable
WARNING: 21:15:04 - __main__:  Error updating the Bronkhorst Pressure buffer data: 'NoneType' object is not subscriptable
WARNING: 21:15:04 - __main__:  Error updating the Bronkhorst Pressure buffer data: 'NoneType' object is not subscriptable
WARNING: 21:15:05 - __main__:  Error updating the Picarro Gas buffer timestamp: 'NoneType' object is not subscriptable
WARNING: 21:15:05 - __main__:  Error updating the Picarro Gas buffer data: 'NoneType' object is not subscriptable
WARNING: 21:15:05 - __main__:  Error updating the Picarro Gas buffer data: 'NoneType' object is not subscriptable
WARNING: 21:15:05 - __main__:  Error updating the Picarro Gas buffer data: 'NoneType' object is not subscriptable
WARNING: 21:15:05 - __main__:  Error updating the Picarro Gas buffer data: 'NoneType' object is not subscriptable
WARNING: 21:15:05 - __main__:  Error updating the Laser Distance Sensor buffer timestamp: 'NoneType' object is not subscriptable
WARNING: 21:15:05 - __main__:  Error updating the Laser Distance Sensor buffer data: 'NoneType' object is not subscriptable
WARNING: 21:15:05 - __main__:  Error updating the Laser Distance Sensor buffer data: 'NoneType' object is not subscriptable
WARNING: 21:15:05 - __main__:  Error updating the Abakus Particle Counter buffer timestamp: 'NoneType' object is not subscriptable
WARNING: 21:15:05 - __main__:  Error updating the Abakus Particle Counter buffer data: 'NoneType' object is not subscriptable
WARNING: 21:15:05 - __main__:  Error updating the Flowmeter buffer timestamp: 'NoneType' object is not subscriptable
WARNING: 21:15:05 - __main__:  Error updating the Flowmeter buffer data: 'NoneType' object is not subscriptable
WARNING: 21:15:05 - __main__:  Error updating the Flowmeter buffer data: 'NoneType' object is not subscriptable
WARNING: 21:15:05 - __main__:  Error updating the Bronkhorst Pressure buffer timestamp: 'NoneType' object is not subscriptable
WARNING: 21:15:05 - __main__:  Error updating the Bronkhorst Pressure buffer data: 'NoneType' object is not subscriptable
WARNING: 21:15:05 - __main__:  Error updating the Bronkhorst Pressure buffer data: 'NoneType' object is not subscriptable
WARNING: 21:15:05 - __main__:  Error updating the Bronkhorst Pressure buffer data: 'NoneType' object is not subscriptable
WARNING: 21:15:05 - __main__:  Error updating the Bronkhorst Pressure buffer data: 'NoneType' object is not subscriptable
WARNING: 21:15:06 - __main__:  Error updating the Picarro Gas buffer timestamp: 'NoneType' object is not subscriptable
WARNING: 21:15:06 - __main__:  Error updating the Picarro Gas buffer data: 'NoneType' object is not subscriptable
WARNING: 21:15:06 - __main__:  Error updating the Picarro Gas buffer data: 'NoneType' object is not subscriptable
WARNING: 21:15:06 - __main__:  Error updating the Picarro Gas buffer data: 'NoneType' object is not subscriptable
WARNING: 21:15:06 - __main__:  Error updating the Picarro Gas buffer data: 'NoneType' object is not subscriptable
WARNING: 21:15:06 - __main__:  Error updating the Laser Distance Sensor buffer timestamp: 'NoneType' object is not subscriptable
WARNING: 21:15:06 - __main__:  Error updating the Laser Distance Sensor buffer data: 'NoneType' object is not subscriptable
WARNING: 21:15:06 - __main__:  Error updating the Laser Distance Sensor buffer data: 'NoneType' object is not subscriptable
WARNING: 21:15:06 - __main__:  Error updating the Abakus Particle Counter buffer timestamp: 'NoneType' object is not subscriptable
WARNING: 21:15:06 - __main__:  Error updating the Abakus Particle Counter buffer data: 'NoneType' object is not subscriptable
WARNING: 21:15:06 - __main__:  Error updating the Flowmeter buffer timestamp: 'NoneType' object is not subscriptable
WARNING: 21:15:06 - __main__:  Error updating the Flowmeter buffer data: 'NoneType' object is not subscriptable
WARNING: 21:15:06 - __main__:  Error updating the Flowmeter buffer data: 'NoneType' object is not subscriptable
WARNING: 21:15:06 - __main__:  Error updating the Bronkhorst Pressure buffer timestamp: 'NoneType' object is not subscriptable
WARNING: 21:15:06 - __main__:  Error updating the Bronkhorst Pressure buffer data: 'NoneType' object is not subscriptable
WARNING: 21:15:06 - __main__:  Error updating the Bronkhorst Pressure buffer data: 'NoneType' object is not subscriptable
WARNING: 21:15:06 - __main__:  Error updating the Bronkhorst Pressure buffer data: 'NoneType' object is not subscriptable
WARNING: 21:15:06 - __main__:  Error updating the Bronkhorst Pressure buffer data: 'NoneType' object is not subscriptable
WARNING: 21:15:07 - __main__:  Error updating the Picarro Gas buffer timestamp: 'NoneType' object is not subscriptable
WARNING: 21:15:07 - __main__:  Error updating the Picarro Gas buffer data: 'NoneType' object is not subscriptable
WARNING: 21:15:07 - __main__:  Error updating the Picarro Gas buffer data: 'NoneType' object is not subscriptable
WARNING: 21:15:07 - __main__:  Error updating the Picarro Gas buffer data: 'NoneType' object is not subscriptable
WARNING: 21:15:07 - __main__:  Error updating the Picarro Gas buffer data: 'NoneType' object is not subscriptable
WARNING: 21:15:07 - __main__:  Error updating the Laser Distance Sensor buffer timestamp: 'NoneType' object is not subscriptable
WARNING: 21:15:07 - __main__:  Error updating the Laser Distance Sensor buffer data: 'NoneType' object is not subscriptable
WARNING: 21:15:07 - __main__:  Error updating the Laser Distance Sensor buffer data: 'NoneType' object is not subscriptable
WARNING: 21:15:07 - __main__:  Error updating the Abakus Particle Counter buffer timestamp: 'NoneType' object is not subscriptable
WARNING: 21:15:07 - __main__:  Error updating the Abakus Particle Counter buffer data: 'NoneType' object is not subscriptable
WARNING: 21:15:07 - __main__:  Error updating the Flowmeter buffer timestamp: 'NoneType' object is not subscriptable
WARNING: 21:15:07 - __main__:  Error updating the Flowmeter buffer data: 'NoneType' object is not subscriptable
WARNING: 21:15:07 - __main__:  Error updating the Flowmeter buffer data: 'NoneType' object is not subscriptable
WARNING: 21:15:07 - __main__:  Error updating the Bronkhorst Pressure buffer timestamp: 'NoneType' object is not subscriptable
WARNING: 21:15:07 - __main__:  Error updating the Bronkhorst Pressure buffer data: 'NoneType' object is not subscriptable
WARNING: 21:15:07 - __main__:  Error updating the Bronkhorst Pressure buffer data: 'NoneType' object is not subscriptable
WARNING: 21:15:07 - __main__:  Error updating the Bronkhorst Pressure buffer data: 'NoneType' object is not subscriptable
WARNING: 21:15:07 - __main__:  Error updating the Bronkhorst Pressure buffer data: 'NoneType' object is not subscriptable
WARNING: 21:15:08 - __main__:  Error updating the Picarro Gas buffer timestamp: 'NoneType' object is not subscriptable
WARNING: 21:15:08 - __main__:  Error updating the Picarro Gas buffer data: 'NoneType' object is not subscriptable
WARNING: 21:15:08 - __main__:  Error updating the Picarro Gas buffer data: 'NoneType' object is not subscriptable
WARNING: 21:15:08 - __main__:  Error updating the Picarro Gas buffer data: 'NoneType' object is not subscriptable
WARNING: 21:15:08 - __main__:  Error updating the Picarro Gas buffer data: 'NoneType' object is not subscriptable
WARNING: 21:15:08 - __main__:  Error updating the Laser Distance Sensor buffer timestamp: 'NoneType' object is not subscriptable
WARNING: 21:15:08 - __main__:  Error updating the Laser Distance Sensor buffer data: 'NoneType' object is not subscriptable
WARNING: 21:15:08 - __main__:  Error updating the Laser Distance Sensor buffer data: 'NoneType' object is not subscriptable
WARNING: 21:15:08 - __main__:  Error updating the Abakus Particle Counter buffer timestamp: 'NoneType' object is not subscriptable
WARNING: 21:15:08 - __main__:  Error updating the Abakus Particle Counter buffer data: 'NoneType' object is not subscriptable
WARNING: 21:15:08 - __main__:  Error updating the Flowmeter buffer timestamp: 'NoneType' object is not subscriptable
WARNING: 21:15:08 - __main__:  Error updating the Flowmeter buffer data: 'NoneType' object is not subscriptable
WARNING: 21:15:08 - __main__:  Error updating the Flowmeter buffer data: 'NoneType' object is not subscriptable
WARNING: 21:15:08 - __main__:  Error updating the Bronkhorst Pressure buffer timestamp: 'NoneType' object is not subscriptable
WARNING: 21:15:08 - __main__:  Error updating the Bronkhorst Pressure buffer data: 'NoneType' object is not subscriptable
WARNING: 21:15:08 - __main__:  Error updating the Bronkhorst Pressure buffer data: 'NoneType' object is not subscriptable
WARNING: 21:15:08 - __main__:  Error updating the Bronkhorst Pressure buffer data: 'NoneType' object is not subscriptable
WARNING: 21:15:08 - __main__:  Error updating the Bronkhorst Pressure buffer data: 'NoneType' object is not subscriptable
WARNING: 21:15:09 - __main__:  Error updating the Picarro Gas buffer timestamp: 'NoneType' object is not subscriptable
WARNING: 21:15:09 - __main__:  Error updating the Picarro Gas buffer data: 'NoneType' object is not subscriptable
WARNING: 21:15:09 - __main__:  Error updating the Picarro Gas buffer data: 'NoneType' object is not subscriptable
WARNING: 21:15:09 - __main__:  Error updating the Picarro Gas buffer data: 'NoneType' object is not subscriptable
WARNING: 21:15:09 - __main__:  Error updating the Picarro Gas buffer data: 'NoneType' object is not subscriptable
WARNING: 21:15:09 - __main__:  Error updating the Laser Distance Sensor buffer timestamp: 'NoneType' object is not subscriptable
WARNING: 21:15:09 - __main__:  Error updating the Laser Distance Sensor buffer data: 'NoneType' object is not subscriptable
WARNING: 21:15:09 - __main__:  Error updating the Laser Distance Sensor buffer data: 'NoneType' object is not subscriptable
WARNING: 21:15:09 - __main__:  Error updating the Abakus Particle Counter buffer timestamp: 'NoneType' object is not subscriptable
WARNING: 21:15:09 - __main__:  Error updating the Abakus Particle Counter buffer data: 'NoneType' object is not subscriptable
WARNING: 21:15:09 - __main__:  Error updating the Flowmeter buffer timestamp: 'NoneType' object is not subscriptable
WARNING: 21:15:09 - __main__:  Error updating the Flowmeter buffer data: 'NoneType' object is not subscriptable
WARNING: 21:15:09 - __main__:  Error updating the Flowmeter buffer data: 'NoneType' object is not subscriptable
WARNING: 21:15:09 - __main__:  Error updating the Bronkhorst Pressure buffer timestamp: 'NoneType' object is not subscriptable
WARNING: 21:15:09 - __main__:  Error updating the Bronkhorst Pressure buffer data: 'NoneType' object is not subscriptable
WARNING: 21:15:09 - __main__:  Error updating the Bronkhorst Pressure buffer data: 'NoneType' object is not subscriptable
WARNING: 21:15:09 - __main__:  Error updating the Bronkhorst Pressure buffer data: 'NoneType' object is not subscriptable
WARNING: 21:15:09 - __main__:  Error updating the Bronkhorst Pressure buffer data: 'NoneType' object is not subscriptable
INFO: 21:15:13 - main_pipeline.sensor:  Shutting down sensors
INFO: 21:15:13 - sensor_interfaces.sim_instruments:  Abakus measurements stopped
INFO: 21:15:13 - sensor_interfaces.sim_instruments:  Dimetix laser turned off
INFO: 21:15:13 - main_pipeline.sensor:  Finished shutting down sensors
INFO: 21:15:48 - main_pipeline.sensor:  Couldn't find Picarro at port /dev/ttyUSB0, shadowing sensor calls with substitute functions
WARNING: 21:15:48 - main_pipeline.sensor:  Couldn't find Abakus at port /dev/ttyUSB0, shadowing sensor calls with substitute functions
WARNING: 21:15:48 - main_pipeline.sensor:  Couldn't find Flowmeter at port /dev/ttyUSB0 and /dev/ttyUSB0, shadowing sensor calls with substitute functions
WARNING: 21:15:48 - main_pipeline.sensor:  Couldn't find Dimetix laser at port /dev/ttyUSB0, shadowing sensor calls with substitute functions
WARNING: 21:15:48 - main_pipeline.sensor:  Couldn't find Bronkhorst at port /dev/ttyUSB0, shadowing sensor calls with substitute functions
INFO: 21:15:48 - sensor_interfaces.sim_instruments:  Fake hardware, pretending to use serial port /dev/ttyUSB0 with baud 38400
INFO: 21:15:48 - sensor_interfaces.sim_instruments:  Fake hardware, pretending to use serial port /dev/ttyUSB0 with baud 115200
INFO: 21:15:48 - sensor_interfaces.sim_instruments:  Fake hardware, pretending to use serial port /dev/ttyUSB0 with baud 115200
INFO: 21:15:48 - sensor_interfaces.sim_instruments:  Fake hardware, pretending to use serial port /dev/ttyUSB0 with baud 19200
INFO: 21:15:48 - sensor_interfaces.sim_instruments:  Fake hardware, pretending to use serial port /dev/ttyUSB0 with baud 19200
INFO: 21:15:48 - sensor_interfaces.sim_instruments:  Fake hardware, pretending to use serial port /dev/ttyUSB0 with baud 38400
INFO: 21:15:48 - main_pipeline.sensor:  Sensor class initiated
INFO: 21:15:48 - main_pipeline.interpreter:  Interpreter class initiated
INFO: 21:15:48 - main_pipeline.writer:  Display class initiated
INFO: 21:15:50 - main_pipeline.sensor:  Initializing sensors
INFO: 21:15:50 - sensor_interfaces.sim_instruments:  Initializing Abakus
INFO: 21:15:50 - sensor_interfaces.sim_instruments:  Abakus initialized
INFO: 21:15:50 - sensor_interfaces.sim_instruments:  Initializing Picarro
INFO: 21:15:50 - sensor_interfaces.sim_instruments:  Initialized Picarro
INFO: 21:15:50 - sensor_interfaces.sim_instruments:  Initializing Dimetix laser
INFO: 21:15:50 - sensor_interfaces.sim_instruments:  Laser initialized
INFO: 21:15:50 - sensor_interfaces.sim_instruments:  Initializing Bronkhorst
INFO: 21:15:50 - sensor_interfaces.sim_instruments:  Bronkhorst initialized
INFO: 21:15:50 - sensor_interfaces.sim_instruments:  Initializing Flowmeter
INFO: 21:15:50 - sensor_interfaces.sim_instruments:  Flowmeter sli2000 initialized
INFO: 21:15:50 - sensor_interfaces.sim_instruments:  Initializing Flowmeter
INFO: 21:15:50 - sensor_interfaces.sim_instruments:  Flowmeter sls1500 initialized
INFO: 21:15:50 - main_pipeline.sensor:  Finished initializing sensors
WARNING: 21:15:53 - __main__:  Error updating the Picarro Gas buffer timestamp: 'NoneType' object is not subscriptable
WARNING: 21:15:53 - __main__:  Error updating the Picarro Gas buffer data: 'NoneType' object is not subscriptable
WARNING: 21:15:53 - __main__:  Error updating the Picarro Gas buffer data: 'NoneType' object is not subscriptable
WARNING: 21:15:53 - __main__:  Error updating the Picarro Gas buffer data: 'NoneType' object is not subscriptable
WARNING: 21:15:53 - __main__:  Error updating the Picarro Gas buffer data: 'NoneType' object is not subscriptable
WARNING: 21:15:53 - __main__:  Error updating the Laser Distance Sensor buffer timestamp: 'NoneType' object is not subscriptable
WARNING: 21:15:53 - __main__:  Error updating the Laser Distance Sensor buffer data: 'NoneType' object is not subscriptable
WARNING: 21:15:53 - __main__:  Error updating the Laser Distance Sensor buffer data: 'NoneType' object is not subscriptable
WARNING: 21:15:53 - __main__:  Error updating the Abakus Particle Counter buffer timestamp: 'NoneType' object is not subscriptable
WARNING: 21:15:53 - __main__:  Error updating the Abakus Particle Counter buffer data: 'NoneType' object is not subscriptable
WARNING: 21:15:53 - __main__:  Error updating the Flowmeter buffer timestamp: 'NoneType' object is not subscriptable
WARNING: 21:15:53 - __main__:  Error updating the Flowmeter buffer data: 'NoneType' object is not subscriptable
WARNING: 21:15:53 - __main__:  Error updating the Flowmeter buffer data: 'NoneType' object is not subscriptable
WARNING: 21:15:53 - __main__:  Error updating the Bronkhorst Pressure buffer timestamp: 'NoneType' object is not subscriptable
WARNING: 21:15:53 - __main__:  Error updating the Bronkhorst Pressure buffer data: 'NoneType' object is not subscriptable
WARNING: 21:15:53 - __main__:  Error updating the Bronkhorst Pressure buffer data: 'NoneType' object is not subscriptable
WARNING: 21:15:53 - __main__:  Error updating the Bronkhorst Pressure buffer data: 'NoneType' object is not subscriptable
WARNING: 21:15:53 - __main__:  Error updating the Bronkhorst Pressure buffer data: 'NoneType' object is not subscriptable
WARNING: 21:15:54 - __main__:  Error updating the Picarro Gas buffer timestamp: 'NoneType' object is not subscriptable
WARNING: 21:15:54 - __main__:  Error updating the Picarro Gas buffer data: 'NoneType' object is not subscriptable
WARNING: 21:15:54 - __main__:  Error updating the Picarro Gas buffer data: 'NoneType' object is not subscriptable
WARNING: 21:15:54 - __main__:  Error updating the Picarro Gas buffer data: 'NoneType' object is not subscriptable
WARNING: 21:15:54 - __main__:  Error updating the Picarro Gas buffer data: 'NoneType' object is not subscriptable
WARNING: 21:15:54 - __main__:  Error updating the Laser Distance Sensor buffer timestamp: 'NoneType' object is not subscriptable
WARNING: 21:15:54 - __main__:  Error updating the Laser Distance Sensor buffer data: 'NoneType' object is not subscriptable
WARNING: 21:15:54 - __main__:  Error updating the Laser Distance Sensor buffer data: 'NoneType' object is not subscriptable
WARNING: 21:15:54 - __main__:  Error updating the Abakus Particle Counter buffer timestamp: 'NoneType' object is not subscriptable
WARNING: 21:15:54 - __main__:  Error updating the Abakus Particle Counter buffer data: 'NoneType' object is not subscriptable
WARNING: 21:15:54 - __main__:  Error updating the Flowmeter buffer timestamp: 'NoneType' object is not subscriptable
WARNING: 21:15:54 - __main__:  Error updating the Flowmeter buffer data: 'NoneType' object is not subscriptable
WARNING: 21:15:54 - __main__:  Error updating the Flowmeter buffer data: 'NoneType' object is not subscriptable
WARNING: 21:15:54 - __main__:  Error updating the Bronkhorst Pressure buffer timestamp: 'NoneType' object is not subscriptable
WARNING: 21:15:54 - __main__:  Error updating the Bronkhorst Pressure buffer data: 'NoneType' object is not subscriptable
WARNING: 21:15:54 - __main__:  Error updating the Bronkhorst Pressure buffer data: 'NoneType' object is not subscriptable
WARNING: 21:15:54 - __main__:  Error updating the Bronkhorst Pressure buffer data: 'NoneType' object is not subscriptable
WARNING: 21:15:54 - __main__:  Error updating the Bronkhorst Pressure buffer data: 'NoneType' object is not subscriptable
WARNING: 21:15:55 - __main__:  Error updating the Picarro Gas buffer timestamp: 'NoneType' object is not subscriptable
WARNING: 21:15:55 - __main__:  Error updating the Picarro Gas buffer data: 'NoneType' object is not subscriptable
WARNING: 21:15:55 - __main__:  Error updating the Picarro Gas buffer data: 'NoneType' object is not subscriptable
WARNING: 21:15:55 - __main__:  Error updating the Picarro Gas buffer data: 'NoneType' object is not subscriptable
WARNING: 21:15:55 - __main__:  Error updating the Picarro Gas buffer data: 'NoneType' object is not subscriptable
WARNING: 21:15:55 - __main__:  Error updating the Laser Distance Sensor buffer timestamp: 'NoneType' object is not subscriptable
WARNING: 21:15:55 - __main__:  Error updating the Laser Distance Sensor buffer data: 'NoneType' object is not subscriptable
WARNING: 21:15:55 - __main__:  Error updating the Laser Distance Sensor buffer data: 'NoneType' object is not subscriptable
WARNING: 21:15:55 - __main__:  Error updating the Abakus Particle Counter buffer timestamp: 'NoneType' object is not subscriptable
WARNING: 21:15:55 - __main__:  Error updating the Abakus Particle Counter buffer data: 'NoneType' object is not subscriptable
WARNING: 21:15:55 - __main__:  Error updating the Flowmeter buffer timestamp: 'NoneType' object is not subscriptable
WARNING: 21:15:55 - __main__:  Error updating the Flowmeter buffer data: 'NoneType' object is not subscriptable
WARNING: 21:15:55 - __main__:  Error updating the Flowmeter buffer data: 'NoneType' object is not subscriptable
WARNING: 21:15:55 - __main__:  Error updating the Bronkhorst Pressure buffer timestamp: 'NoneType' object is not subscriptable
WARNING: 21:15:55 - __main__:  Error updating the Bronkhorst Pressure buffer data: 'NoneType' object is not subscriptable
WARNING: 21:15:55 - __main__:  Error updating the Bronkhorst Pressure buffer data: 'NoneType' object is not subscriptable
WARNING: 21:15:55 - __main__:  Error updating the Bronkhorst Pressure buffer data: 'NoneType' object is not subscriptable
WARNING: 21:15:55 - __main__:  Error updating the Bronkhorst Pressure buffer data: 'NoneType' object is not subscriptable
WARNING: 21:15:56 - __main__:  Error updating the Picarro Gas buffer timestamp: 'NoneType' object is not subscriptable
WARNING: 21:15:56 - __main__:  Error updating the Picarro Gas buffer data: 'NoneType' object is not subscriptable
WARNING: 21:15:56 - __main__:  Error updating the Picarro Gas buffer data: 'NoneType' object is not subscriptable
WARNING: 21:15:56 - __main__:  Error updating the Picarro Gas buffer data: 'NoneType' object is not subscriptable
WARNING: 21:15:56 - __main__:  Error updating the Picarro Gas buffer data: 'NoneType' object is not subscriptable
WARNING: 21:15:56 - __main__:  Error updating the Laser Distance Sensor buffer timestamp: 'NoneType' object is not subscriptable
WARNING: 21:15:56 - __main__:  Error updating the Laser Distance Sensor buffer data: 'NoneType' object is not subscriptable
WARNING: 21:15:56 - __main__:  Error updating the Laser Distance Sensor buffer data: 'NoneType' object is not subscriptable
WARNING: 21:15:56 - __main__:  Error updating the Abakus Particle Counter buffer timestamp: 'NoneType' object is not subscriptable
WARNING: 21:15:56 - __main__:  Error updating the Abakus Particle Counter buffer data: 'NoneType' object is not subscriptable
WARNING: 21:15:56 - __main__:  Error updating the Flowmeter buffer timestamp: 'NoneType' object is not subscriptable
WARNING: 21:15:56 - __main__:  Error updating the Flowmeter buffer data: 'NoneType' object is not subscriptable
WARNING: 21:15:56 - __main__:  Error updating the Flowmeter buffer data: 'NoneType' object is not subscriptable
WARNING: 21:15:56 - __main__:  Error updating the Bronkhorst Pressure buffer timestamp: 'NoneType' object is not subscriptable
WARNING: 21:15:56 - __main__:  Error updating the Bronkhorst Pressure buffer data: 'NoneType' object is not subscriptable
WARNING: 21:15:56 - __main__:  Error updating the Bronkhorst Pressure buffer data: 'NoneType' object is not subscriptable
WARNING: 21:15:56 - __main__:  Error updating the Bronkhorst Pressure buffer data: 'NoneType' object is not subscriptable
WARNING: 21:15:56 - __main__:  Error updating the Bronkhorst Pressure buffer data: 'NoneType' object is not subscriptable
INFO: 21:15:59 - main_pipeline.sensor:  Shutting down sensors
INFO: 21:15:59 - sensor_interfaces.sim_instruments:  Abakus measurements stopped
INFO: 21:15:59 - sensor_interfaces.sim_instruments:  Dimetix laser turned off
INFO: 21:15:59 - main_pipeline.sensor:  Finished shutting down sensors
INFO: 21:16:24 - main_pipeline.sensor:  Couldn't find Picarro at port /dev/ttyUSB0, shadowing sensor calls with substitute functions
WARNING: 21:16:24 - main_pipeline.sensor:  Couldn't find Abakus at port /dev/ttyUSB0, shadowing sensor calls with substitute functions
WARNING: 21:16:24 - main_pipeline.sensor:  Couldn't find Flowmeter at port /dev/ttyUSB0 and /dev/ttyUSB0, shadowing sensor calls with substitute functions
WARNING: 21:16:24 - main_pipeline.sensor:  Couldn't find Dimetix laser at port /dev/ttyUSB0, shadowing sensor calls with substitute functions
WARNING: 21:16:24 - main_pipeline.sensor:  Couldn't find Bronkhorst at port /dev/ttyUSB0, shadowing sensor calls with substitute functions
INFO: 21:16:24 - sensor_interfaces.sim_instruments:  Fake hardware, pretending to use serial port /dev/ttyUSB0 with baud 38400
INFO: 21:16:24 - sensor_interfaces.sim_instruments:  Fake hardware, pretending to use serial port /dev/ttyUSB0 with baud 115200
INFO: 21:16:24 - sensor_interfaces.sim_instruments:  Fake hardware, pretending to use serial port /dev/ttyUSB0 with baud 115200
INFO: 21:16:24 - sensor_interfaces.sim_instruments:  Fake hardware, pretending to use serial port /dev/ttyUSB0 with baud 19200
INFO: 21:16:24 - sensor_interfaces.sim_instruments:  Fake hardware, pretending to use serial port /dev/ttyUSB0 with baud 19200
INFO: 21:16:24 - sensor_interfaces.sim_instruments:  Fake hardware, pretending to use serial port /dev/ttyUSB0 with baud 38400
INFO: 21:16:24 - main_pipeline.sensor:  Sensor class initiated
INFO: 21:16:24 - main_pipeline.interpreter:  Interpreter class initiated
INFO: 21:16:24 - main_pipeline.writer:  Display class initiated
INFO: 21:16:27 - main_pipeline.sensor:  Initializing sensors
INFO: 21:16:27 - sensor_interfaces.sim_instruments:  Initializing Abakus
INFO: 21:16:27 - sensor_interfaces.sim_instruments:  Abakus initialized
INFO: 21:16:27 - sensor_interfaces.sim_instruments:  Initializing Picarro
INFO: 21:16:27 - sensor_interfaces.sim_instruments:  Initialized Picarro
INFO: 21:16:27 - sensor_interfaces.sim_instruments:  Initializing Dimetix laser
INFO: 21:16:27 - sensor_interfaces.sim_instruments:  Laser initialized
INFO: 21:16:27 - sensor_interfaces.sim_instruments:  Initializing Bronkhorst
INFO: 21:16:27 - sensor_interfaces.sim_instruments:  Bronkhorst initialized
INFO: 21:16:27 - sensor_interfaces.sim_instruments:  Initializing Flowmeter
INFO: 21:16:27 - sensor_interfaces.sim_instruments:  Flowmeter sli2000 initialized
INFO: 21:16:27 - sensor_interfaces.sim_instruments:  Initializing Flowmeter
INFO: 21:16:27 - sensor_interfaces.sim_instruments:  Flowmeter sls1500 initialized
INFO: 21:16:27 - main_pipeline.sensor:  Finished initializing sensors
WARNING: 21:16:28 - __main__:  Error updating the Picarro Gas buffer timestamp: 'NoneType' object is not subscriptable
WARNING: 21:16:28 - __main__:  Error updating the Picarro Gas buffer data: 'NoneType' object is not subscriptable
WARNING: 21:16:28 - __main__:  Error updating the Picarro Gas buffer data: 'NoneType' object is not subscriptable
WARNING: 21:16:28 - __main__:  Error updating the Picarro Gas buffer data: 'NoneType' object is not subscriptable
WARNING: 21:16:28 - __main__:  Error updating the Picarro Gas buffer data: 'NoneType' object is not subscriptable
WARNING: 21:16:28 - __main__:  Error updating the Laser Distance Sensor buffer timestamp: 'NoneType' object is not subscriptable
WARNING: 21:16:28 - __main__:  Error updating the Laser Distance Sensor buffer data: 'NoneType' object is not subscriptable
WARNING: 21:16:28 - __main__:  Error updating the Laser Distance Sensor buffer data: 'NoneType' object is not subscriptable
WARNING: 21:16:28 - __main__:  Error updating the Abakus Particle Counter buffer timestamp: 'NoneType' object is not subscriptable
WARNING: 21:16:28 - __main__:  Error updating the Abakus Particle Counter buffer data: 'NoneType' object is not subscriptable
WARNING: 21:16:28 - __main__:  Error updating the Flowmeter buffer timestamp: 'NoneType' object is not subscriptable
WARNING: 21:16:28 - __main__:  Error updating the Flowmeter buffer data: 'NoneType' object is not subscriptable
WARNING: 21:16:28 - __main__:  Error updating the Flowmeter buffer data: 'NoneType' object is not subscriptable
WARNING: 21:16:28 - __main__:  Error updating the Bronkhorst Pressure buffer timestamp: 'NoneType' object is not subscriptable
WARNING: 21:16:28 - __main__:  Error updating the Bronkhorst Pressure buffer data: 'NoneType' object is not subscriptable
WARNING: 21:16:28 - __main__:  Error updating the Bronkhorst Pressure buffer data: 'NoneType' object is not subscriptable
WARNING: 21:16:28 - __main__:  Error updating the Bronkhorst Pressure buffer data: 'NoneType' object is not subscriptable
WARNING: 21:16:28 - __main__:  Error updating the Bronkhorst Pressure buffer data: 'NoneType' object is not subscriptable
WARNING: 21:16:29 - __main__:  Error updating the Picarro Gas buffer timestamp: 'NoneType' object is not subscriptable
WARNING: 21:16:29 - __main__:  Error updating the Picarro Gas buffer data: 'NoneType' object is not subscriptable
WARNING: 21:16:29 - __main__:  Error updating the Picarro Gas buffer data: 'NoneType' object is not subscriptable
WARNING: 21:16:29 - __main__:  Error updating the Picarro Gas buffer data: 'NoneType' object is not subscriptable
WARNING: 21:16:29 - __main__:  Error updating the Picarro Gas buffer data: 'NoneType' object is not subscriptable
WARNING: 21:16:29 - __main__:  Error updating the Laser Distance Sensor buffer timestamp: 'NoneType' object is not subscriptable
WARNING: 21:16:29 - __main__:  Error updating the Laser Distance Sensor buffer data: 'NoneType' object is not subscriptable
WARNING: 21:16:29 - __main__:  Error updating the Laser Distance Sensor buffer data: 'NoneType' object is not subscriptable
WARNING: 21:16:29 - __main__:  Error updating the Abakus Particle Counter buffer timestamp: 'NoneType' object is not subscriptable
WARNING: 21:16:29 - __main__:  Error updating the Abakus Particle Counter buffer data: 'NoneType' object is not subscriptable
WARNING: 21:16:29 - __main__:  Error updating the Flowmeter buffer timestamp: 'NoneType' object is not subscriptable
WARNING: 21:16:29 - __main__:  Error updating the Flowmeter buffer data: 'NoneType' object is not subscriptable
WARNING: 21:16:29 - __main__:  Error updating the Flowmeter buffer data: 'NoneType' object is not subscriptable
WARNING: 21:16:29 - __main__:  Error updating the Bronkhorst Pressure buffer timestamp: 'NoneType' object is not subscriptable
WARNING: 21:16:29 - __main__:  Error updating the Bronkhorst Pressure buffer data: 'NoneType' object is not subscriptable
WARNING: 21:16:29 - __main__:  Error updating the Bronkhorst Pressure buffer data: 'NoneType' object is not subscriptable
WARNING: 21:16:29 - __main__:  Error updating the Bronkhorst Pressure buffer data: 'NoneType' object is not subscriptable
WARNING: 21:16:29 - __main__:  Error updating the Bronkhorst Pressure buffer data: 'NoneType' object is not subscriptable
WARNING: 21:16:30 - __main__:  Error updating the Picarro Gas buffer timestamp: 'NoneType' object is not subscriptable
WARNING: 21:16:30 - __main__:  Error updating the Picarro Gas buffer data: 'NoneType' object is not subscriptable
WARNING: 21:16:30 - __main__:  Error updating the Picarro Gas buffer data: 'NoneType' object is not subscriptable
WARNING: 21:16:30 - __main__:  Error updating the Picarro Gas buffer data: 'NoneType' object is not subscriptable
WARNING: 21:16:30 - __main__:  Error updating the Picarro Gas buffer data: 'NoneType' object is not subscriptable
WARNING: 21:16:30 - __main__:  Error updating the Laser Distance Sensor buffer timestamp: 'NoneType' object is not subscriptable
WARNING: 21:16:30 - __main__:  Error updating the Laser Distance Sensor buffer data: 'NoneType' object is not subscriptable
WARNING: 21:16:30 - __main__:  Error updating the Laser Distance Sensor buffer data: 'NoneType' object is not subscriptable
WARNING: 21:16:30 - __main__:  Error updating the Abakus Particle Counter buffer timestamp: 'NoneType' object is not subscriptable
WARNING: 21:16:30 - __main__:  Error updating the Abakus Particle Counter buffer data: 'NoneType' object is not subscriptable
WARNING: 21:16:30 - __main__:  Error updating the Flowmeter buffer timestamp: 'NoneType' object is not subscriptable
WARNING: 21:16:30 - __main__:  Error updating the Flowmeter buffer data: 'NoneType' object is not subscriptable
WARNING: 21:16:30 - __main__:  Error updating the Flowmeter buffer data: 'NoneType' object is not subscriptable
WARNING: 21:16:30 - __main__:  Error updating the Bronkhorst Pressure buffer timestamp: 'NoneType' object is not subscriptable
WARNING: 21:16:30 - __main__:  Error updating the Bronkhorst Pressure buffer data: 'NoneType' object is not subscriptable
WARNING: 21:16:30 - __main__:  Error updating the Bronkhorst Pressure buffer data: 'NoneType' object is not subscriptable
WARNING: 21:16:30 - __main__:  Error updating the Bronkhorst Pressure buffer data: 'NoneType' object is not subscriptable
WARNING: 21:16:30 - __main__:  Error updating the Bronkhorst Pressure buffer data: 'NoneType' object is not subscriptable
WARNING: 21:16:31 - __main__:  Error updating the Picarro Gas buffer timestamp: 'NoneType' object is not subscriptable
WARNING: 21:16:31 - __main__:  Error updating the Picarro Gas buffer data: 'NoneType' object is not subscriptable
WARNING: 21:16:31 - __main__:  Error updating the Picarro Gas buffer data: 'NoneType' object is not subscriptable
WARNING: 21:16:31 - __main__:  Error updating the Picarro Gas buffer data: 'NoneType' object is not subscriptable
WARNING: 21:16:31 - __main__:  Error updating the Picarro Gas buffer data: 'NoneType' object is not subscriptable
WARNING: 21:16:31 - __main__:  Error updating the Laser Distance Sensor buffer timestamp: 'NoneType' object is not subscriptable
WARNING: 21:16:31 - __main__:  Error updating the Laser Distance Sensor buffer data: 'NoneType' object is not subscriptable
WARNING: 21:16:31 - __main__:  Error updating the Laser Distance Sensor buffer data: 'NoneType' object is not subscriptable
WARNING: 21:16:31 - __main__:  Error updating the Abakus Particle Counter buffer timestamp: 'NoneType' object is not subscriptable
WARNING: 21:16:31 - __main__:  Error updating the Abakus Particle Counter buffer data: 'NoneType' object is not subscriptable
WARNING: 21:16:31 - __main__:  Error updating the Flowmeter buffer timestamp: 'NoneType' object is not subscriptable
WARNING: 21:16:31 - __main__:  Error updating the Flowmeter buffer data: 'NoneType' object is not subscriptable
WARNING: 21:16:31 - __main__:  Error updating the Flowmeter buffer data: 'NoneType' object is not subscriptable
WARNING: 21:16:31 - __main__:  Error updating the Bronkhorst Pressure buffer timestamp: 'NoneType' object is not subscriptable
WARNING: 21:16:31 - __main__:  Error updating the Bronkhorst Pressure buffer data: 'NoneType' object is not subscriptable
WARNING: 21:16:31 - __main__:  Error updating the Bronkhorst Pressure buffer data: 'NoneType' object is not subscriptable
WARNING: 21:16:31 - __main__:  Error updating the Bronkhorst Pressure buffer data: 'NoneType' object is not subscriptable
WARNING: 21:16:31 - __main__:  Error updating the Bronkhorst Pressure buffer data: 'NoneType' object is not subscriptable
WARNING: 21:16:32 - __main__:  Error updating the Picarro Gas buffer timestamp: 'NoneType' object is not subscriptable
WARNING: 21:16:32 - __main__:  Error updating the Picarro Gas buffer data: 'NoneType' object is not subscriptable
WARNING: 21:16:32 - __main__:  Error updating the Picarro Gas buffer data: 'NoneType' object is not subscriptable
WARNING: 21:16:32 - __main__:  Error updating the Picarro Gas buffer data: 'NoneType' object is not subscriptable
WARNING: 21:16:32 - __main__:  Error updating the Picarro Gas buffer data: 'NoneType' object is not subscriptable
WARNING: 21:16:32 - __main__:  Error updating the Laser Distance Sensor buffer timestamp: 'NoneType' object is not subscriptable
WARNING: 21:16:32 - __main__:  Error updating the Laser Distance Sensor buffer data: 'NoneType' object is not subscriptable
WARNING: 21:16:32 - __main__:  Error updating the Laser Distance Sensor buffer data: 'NoneType' object is not subscriptable
WARNING: 21:16:32 - __main__:  Error updating the Abakus Particle Counter buffer timestamp: 'NoneType' object is not subscriptable
WARNING: 21:16:32 - __main__:  Error updating the Abakus Particle Counter buffer data: 'NoneType' object is not subscriptable
WARNING: 21:16:32 - __main__:  Error updating the Flowmeter buffer timestamp: 'NoneType' object is not subscriptable
WARNING: 21:16:32 - __main__:  Error updating the Flowmeter buffer data: 'NoneType' object is not subscriptable
WARNING: 21:16:32 - __main__:  Error updating the Flowmeter buffer data: 'NoneType' object is not subscriptable
WARNING: 21:16:32 - __main__:  Error updating the Bronkhorst Pressure buffer timestamp: 'NoneType' object is not subscriptable
WARNING: 21:16:32 - __main__:  Error updating the Bronkhorst Pressure buffer data: 'NoneType' object is not subscriptable
WARNING: 21:16:32 - __main__:  Error updating the Bronkhorst Pressure buffer data: 'NoneType' object is not subscriptable
WARNING: 21:16:32 - __main__:  Error updating the Bronkhorst Pressure buffer data: 'NoneType' object is not subscriptable
WARNING: 21:16:32 - __main__:  Error updating the Bronkhorst Pressure buffer data: 'NoneType' object is not subscriptable
WARNING: 21:16:33 - __main__:  Error updating the Picarro Gas buffer timestamp: 'NoneType' object is not subscriptable
WARNING: 21:16:33 - __main__:  Error updating the Picarro Gas buffer data: 'NoneType' object is not subscriptable
WARNING: 21:16:33 - __main__:  Error updating the Picarro Gas buffer data: 'NoneType' object is not subscriptable
WARNING: 21:16:33 - __main__:  Error updating the Picarro Gas buffer data: 'NoneType' object is not subscriptable
WARNING: 21:16:33 - __main__:  Error updating the Picarro Gas buffer data: 'NoneType' object is not subscriptable
WARNING: 21:16:33 - __main__:  Error updating the Laser Distance Sensor buffer timestamp: 'NoneType' object is not subscriptable
WARNING: 21:16:33 - __main__:  Error updating the Laser Distance Sensor buffer data: 'NoneType' object is not subscriptable
WARNING: 21:16:33 - __main__:  Error updating the Laser Distance Sensor buffer data: 'NoneType' object is not subscriptable
WARNING: 21:16:33 - __main__:  Error updating the Abakus Particle Counter buffer timestamp: 'NoneType' object is not subscriptable
WARNING: 21:16:33 - __main__:  Error updating the Abakus Particle Counter buffer data: 'NoneType' object is not subscriptable
WARNING: 21:16:33 - __main__:  Error updating the Flowmeter buffer timestamp: 'NoneType' object is not subscriptable
WARNING: 21:16:33 - __main__:  Error updating the Flowmeter buffer data: 'NoneType' object is not subscriptable
WARNING: 21:16:33 - __main__:  Error updating the Flowmeter buffer data: 'NoneType' object is not subscriptable
WARNING: 21:16:33 - __main__:  Error updating the Bronkhorst Pressure buffer timestamp: 'NoneType' object is not subscriptable
WARNING: 21:16:33 - __main__:  Error updating the Bronkhorst Pressure buffer data: 'NoneType' object is not subscriptable
WARNING: 21:16:33 - __main__:  Error updating the Bronkhorst Pressure buffer data: 'NoneType' object is not subscriptable
WARNING: 21:16:33 - __main__:  Error updating the Bronkhorst Pressure buffer data: 'NoneType' object is not subscriptable
WARNING: 21:16:33 - __main__:  Error updating the Bronkhorst Pressure buffer data: 'NoneType' object is not subscriptable
WARNING: 21:16:34 - __main__:  Error updating the Picarro Gas buffer timestamp: 'NoneType' object is not subscriptable
WARNING: 21:16:34 - __main__:  Error updating the Picarro Gas buffer data: 'NoneType' object is not subscriptable
WARNING: 21:16:34 - __main__:  Error updating the Picarro Gas buffer data: 'NoneType' object is not subscriptable
WARNING: 21:16:34 - __main__:  Error updating the Picarro Gas buffer data: 'NoneType' object is not subscriptable
WARNING: 21:16:34 - __main__:  Error updating the Picarro Gas buffer data: 'NoneType' object is not subscriptable
WARNING: 21:16:34 - __main__:  Error updating the Laser Distance Sensor buffer timestamp: 'NoneType' object is not subscriptable
WARNING: 21:16:34 - __main__:  Error updating the Laser Distance Sensor buffer data: 'NoneType' object is not subscriptable
WARNING: 21:16:34 - __main__:  Error updating the Laser Distance Sensor buffer data: 'NoneType' object is not subscriptable
WARNING: 21:16:34 - __main__:  Error updating the Abakus Particle Counter buffer timestamp: 'NoneType' object is not subscriptable
WARNING: 21:16:34 - __main__:  Error updating the Abakus Particle Counter buffer data: 'NoneType' object is not subscriptable
WARNING: 21:16:34 - __main__:  Error updating the Flowmeter buffer timestamp: 'NoneType' object is not subscriptable
WARNING: 21:16:34 - __main__:  Error updating the Flowmeter buffer data: 'NoneType' object is not subscriptable
WARNING: 21:16:34 - __main__:  Error updating the Flowmeter buffer data: 'NoneType' object is not subscriptable
WARNING: 21:16:34 - __main__:  Error updating the Bronkhorst Pressure buffer timestamp: 'NoneType' object is not subscriptable
WARNING: 21:16:34 - __main__:  Error updating the Bronkhorst Pressure buffer data: 'NoneType' object is not subscriptable
WARNING: 21:16:34 - __main__:  Error updating the Bronkhorst Pressure buffer data: 'NoneType' object is not subscriptable
WARNING: 21:16:34 - __main__:  Error updating the Bronkhorst Pressure buffer data: 'NoneType' object is not subscriptable
WARNING: 21:16:34 - __main__:  Error updating the Bronkhorst Pressure buffer data: 'NoneType' object is not subscriptable
WARNING: 21:16:35 - __main__:  Error updating the Picarro Gas buffer timestamp: 'NoneType' object is not subscriptable
WARNING: 21:16:35 - __main__:  Error updating the Picarro Gas buffer data: 'NoneType' object is not subscriptable
WARNING: 21:16:35 - __main__:  Error updating the Picarro Gas buffer data: 'NoneType' object is not subscriptable
WARNING: 21:16:35 - __main__:  Error updating the Picarro Gas buffer data: 'NoneType' object is not subscriptable
WARNING: 21:16:35 - __main__:  Error updating the Picarro Gas buffer data: 'NoneType' object is not subscriptable
WARNING: 21:16:35 - __main__:  Error updating the Laser Distance Sensor buffer timestamp: 'NoneType' object is not subscriptable
WARNING: 21:16:35 - __main__:  Error updating the Laser Distance Sensor buffer data: 'NoneType' object is not subscriptable
WARNING: 21:16:35 - __main__:  Error updating the Laser Distance Sensor buffer data: 'NoneType' object is not subscriptable
WARNING: 21:16:35 - __main__:  Error updating the Abakus Particle Counter buffer timestamp: 'NoneType' object is not subscriptable
WARNING: 21:16:35 - __main__:  Error updating the Abakus Particle Counter buffer data: 'NoneType' object is not subscriptable
WARNING: 21:16:35 - __main__:  Error updating the Flowmeter buffer timestamp: 'NoneType' object is not subscriptable
WARNING: 21:16:35 - __main__:  Error updating the Flowmeter buffer data: 'NoneType' object is not subscriptable
WARNING: 21:16:35 - __main__:  Error updating the Flowmeter buffer data: 'NoneType' object is not subscriptable
WARNING: 21:16:35 - __main__:  Error updating the Bronkhorst Pressure buffer timestamp: 'NoneType' object is not subscriptable
WARNING: 21:16:35 - __main__:  Error updating the Bronkhorst Pressure buffer data: 'NoneType' object is not subscriptable
WARNING: 21:16:35 - __main__:  Error updating the Bronkhorst Pressure buffer data: 'NoneType' object is not subscriptable
WARNING: 21:16:35 - __main__:  Error updating the Bronkhorst Pressure buffer data: 'NoneType' object is not subscriptable
WARNING: 21:16:35 - __main__:  Error updating the Bronkhorst Pressure buffer data: 'NoneType' object is not subscriptable
WARNING: 21:16:36 - __main__:  Error updating the Picarro Gas buffer timestamp: 'NoneType' object is not subscriptable
WARNING: 21:16:36 - __main__:  Error updating the Picarro Gas buffer data: 'NoneType' object is not subscriptable
WARNING: 21:16:36 - __main__:  Error updating the Picarro Gas buffer data: 'NoneType' object is not subscriptable
WARNING: 21:16:36 - __main__:  Error updating the Picarro Gas buffer data: 'NoneType' object is not subscriptable
WARNING: 21:16:36 - __main__:  Error updating the Picarro Gas buffer data: 'NoneType' object is not subscriptable
WARNING: 21:16:36 - __main__:  Error updating the Laser Distance Sensor buffer timestamp: 'NoneType' object is not subscriptable
WARNING: 21:16:36 - __main__:  Error updating the Laser Distance Sensor buffer data: 'NoneType' object is not subscriptable
WARNING: 21:16:36 - __main__:  Error updating the Laser Distance Sensor buffer data: 'NoneType' object is not subscriptable
WARNING: 21:16:36 - __main__:  Error updating the Abakus Particle Counter buffer timestamp: 'NoneType' object is not subscriptable
WARNING: 21:16:36 - __main__:  Error updating the Abakus Particle Counter buffer data: 'NoneType' object is not subscriptable
WARNING: 21:16:36 - __main__:  Error updating the Flowmeter buffer timestamp: 'NoneType' object is not subscriptable
WARNING: 21:16:36 - __main__:  Error updating the Flowmeter buffer data: 'NoneType' object is not subscriptable
WARNING: 21:16:36 - __main__:  Error updating the Flowmeter buffer data: 'NoneType' object is not subscriptable
WARNING: 21:16:36 - __main__:  Error updating the Bronkhorst Pressure buffer timestamp: 'NoneType' object is not subscriptable
WARNING: 21:16:36 - __main__:  Error updating the Bronkhorst Pressure buffer data: 'NoneType' object is not subscriptable
WARNING: 21:16:36 - __main__:  Error updating the Bronkhorst Pressure buffer data: 'NoneType' object is not subscriptable
WARNING: 21:16:36 - __main__:  Error updating the Bronkhorst Pressure buffer data: 'NoneType' object is not subscriptable
WARNING: 21:16:36 - __main__:  Error updating the Bronkhorst Pressure buffer data: 'NoneType' object is not subscriptable
INFO: 21:16:40 - main_pipeline.sensor:  Shutting down sensors
INFO: 21:16:40 - sensor_interfaces.sim_instruments:  Abakus measurements stopped
INFO: 21:16:40 - sensor_interfaces.sim_instruments:  Dimetix laser turned off
INFO: 21:16:40 - main_pipeline.sensor:  Finished shutting down sensors
INFO: 21:17:07 - main_pipeline.sensor:  Couldn't find Picarro at port /dev/ttyUSB0, shadowing sensor calls with substitute functions
WARNING: 21:17:07 - main_pipeline.sensor:  Couldn't find Abakus at port /dev/ttyUSB0, shadowing sensor calls with substitute functions
WARNING: 21:17:07 - main_pipeline.sensor:  Couldn't find Flowmeter at port /dev/ttyUSB0 and /dev/ttyUSB0, shadowing sensor calls with substitute functions
WARNING: 21:17:07 - main_pipeline.sensor:  Couldn't find Dimetix laser at port /dev/ttyUSB0, shadowing sensor calls with substitute functions
WARNING: 21:17:07 - main_pipeline.sensor:  Couldn't find Bronkhorst at port /dev/ttyUSB0, shadowing sensor calls with substitute functions
INFO: 21:17:07 - sensor_interfaces.sim_instruments:  Fake hardware, pretending to use serial port /dev/ttyUSB0 with baud 38400
INFO: 21:17:07 - sensor_interfaces.sim_instruments:  Fake hardware, pretending to use serial port /dev/ttyUSB0 with baud 115200
INFO: 21:17:07 - sensor_interfaces.sim_instruments:  Fake hardware, pretending to use serial port /dev/ttyUSB0 with baud 115200
INFO: 21:17:07 - sensor_interfaces.sim_instruments:  Fake hardware, pretending to use serial port /dev/ttyUSB0 with baud 19200
INFO: 21:17:07 - sensor_interfaces.sim_instruments:  Fake hardware, pretending to use serial port /dev/ttyUSB0 with baud 19200
INFO: 21:17:07 - sensor_interfaces.sim_instruments:  Fake hardware, pretending to use serial port /dev/ttyUSB0 with baud 38400
INFO: 21:17:07 - main_pipeline.sensor:  Sensor class initiated
INFO: 21:17:07 - main_pipeline.interpreter:  Interpreter class initiated
INFO: 21:17:07 - main_pipeline.writer:  Display class initiated
INFO: 21:17:09 - main_pipeline.sensor:  Initializing sensors
INFO: 21:17:09 - sensor_interfaces.sim_instruments:  Initializing Abakus
INFO: 21:17:09 - sensor_interfaces.sim_instruments:  Abakus initialized
INFO: 21:17:09 - sensor_interfaces.sim_instruments:  Initializing Picarro
INFO: 21:17:09 - sensor_interfaces.sim_instruments:  Initialized Picarro
INFO: 21:17:09 - sensor_interfaces.sim_instruments:  Initializing Dimetix laser
INFO: 21:17:09 - sensor_interfaces.sim_instruments:  Laser initialized
INFO: 21:17:09 - sensor_interfaces.sim_instruments:  Initializing Bronkhorst
INFO: 21:17:09 - sensor_interfaces.sim_instruments:  Bronkhorst initialized
INFO: 21:17:09 - sensor_interfaces.sim_instruments:  Initializing Flowmeter
INFO: 21:17:09 - sensor_interfaces.sim_instruments:  Flowmeter sli2000 initialized
INFO: 21:17:09 - sensor_interfaces.sim_instruments:  Initializing Flowmeter
INFO: 21:17:09 - sensor_interfaces.sim_instruments:  Flowmeter sls1500 initialized
INFO: 21:17:09 - main_pipeline.sensor:  Finished initializing sensors
WARNING: 21:17:10 - __main__:  Error updating the Picarro Gas buffer timestamp: 'NoneType' object is not subscriptable
WARNING: 21:17:10 - __main__:  Error updating the Picarro Gas buffer data: 'NoneType' object is not subscriptable
WARNING: 21:17:10 - __main__:  Error updating the Picarro Gas buffer data: 'NoneType' object is not subscriptable
WARNING: 21:17:10 - __main__:  Error updating the Picarro Gas buffer data: 'NoneType' object is not subscriptable
WARNING: 21:17:10 - __main__:  Error updating the Picarro Gas buffer data: 'NoneType' object is not subscriptable
WARNING: 21:17:10 - __main__:  Error updating the Laser Distance Sensor buffer timestamp: 'NoneType' object is not subscriptable
WARNING: 21:17:10 - __main__:  Error updating the Laser Distance Sensor buffer data: 'NoneType' object is not subscriptable
WARNING: 21:17:10 - __main__:  Error updating the Laser Distance Sensor buffer data: 'NoneType' object is not subscriptable
WARNING: 21:17:10 - __main__:  Error updating the Abakus Particle Counter buffer timestamp: 'NoneType' object is not subscriptable
WARNING: 21:17:10 - __main__:  Error updating the Abakus Particle Counter buffer data: 'NoneType' object is not subscriptable
WARNING: 21:17:10 - __main__:  Error updating the Flowmeter buffer timestamp: 'NoneType' object is not subscriptable
WARNING: 21:17:10 - __main__:  Error updating the Flowmeter buffer data: 'NoneType' object is not subscriptable
WARNING: 21:17:10 - __main__:  Error updating the Flowmeter buffer data: 'NoneType' object is not subscriptable
WARNING: 21:17:10 - __main__:  Error updating the Bronkhorst Pressure buffer timestamp: 'NoneType' object is not subscriptable
WARNING: 21:17:10 - __main__:  Error updating the Bronkhorst Pressure buffer data: 'NoneType' object is not subscriptable
WARNING: 21:17:10 - __main__:  Error updating the Bronkhorst Pressure buffer data: 'NoneType' object is not subscriptable
WARNING: 21:17:10 - __main__:  Error updating the Bronkhorst Pressure buffer data: 'NoneType' object is not subscriptable
WARNING: 21:17:10 - __main__:  Error updating the Bronkhorst Pressure buffer data: 'NoneType' object is not subscriptable
WARNING: 21:17:11 - __main__:  Error updating the Picarro Gas buffer timestamp: 'NoneType' object is not subscriptable
WARNING: 21:17:11 - __main__:  Error updating the Picarro Gas buffer data: 'NoneType' object is not subscriptable
WARNING: 21:17:11 - __main__:  Error updating the Picarro Gas buffer data: 'NoneType' object is not subscriptable
WARNING: 21:17:11 - __main__:  Error updating the Picarro Gas buffer data: 'NoneType' object is not subscriptable
WARNING: 21:17:11 - __main__:  Error updating the Picarro Gas buffer data: 'NoneType' object is not subscriptable
WARNING: 21:17:11 - __main__:  Error updating the Laser Distance Sensor buffer timestamp: 'NoneType' object is not subscriptable
WARNING: 21:17:11 - __main__:  Error updating the Laser Distance Sensor buffer data: 'NoneType' object is not subscriptable
WARNING: 21:17:11 - __main__:  Error updating the Laser Distance Sensor buffer data: 'NoneType' object is not subscriptable
WARNING: 21:17:11 - __main__:  Error updating the Abakus Particle Counter buffer timestamp: 'NoneType' object is not subscriptable
WARNING: 21:17:11 - __main__:  Error updating the Abakus Particle Counter buffer data: 'NoneType' object is not subscriptable
WARNING: 21:17:11 - __main__:  Error updating the Flowmeter buffer timestamp: 'NoneType' object is not subscriptable
WARNING: 21:17:11 - __main__:  Error updating the Flowmeter buffer data: 'NoneType' object is not subscriptable
WARNING: 21:17:11 - __main__:  Error updating the Flowmeter buffer data: 'NoneType' object is not subscriptable
WARNING: 21:17:11 - __main__:  Error updating the Bronkhorst Pressure buffer timestamp: 'NoneType' object is not subscriptable
WARNING: 21:17:11 - __main__:  Error updating the Bronkhorst Pressure buffer data: 'NoneType' object is not subscriptable
WARNING: 21:17:11 - __main__:  Error updating the Bronkhorst Pressure buffer data: 'NoneType' object is not subscriptable
WARNING: 21:17:11 - __main__:  Error updating the Bronkhorst Pressure buffer data: 'NoneType' object is not subscriptable
WARNING: 21:17:11 - __main__:  Error updating the Bronkhorst Pressure buffer data: 'NoneType' object is not subscriptable
WARNING: 21:17:12 - __main__:  Error updating the Picarro Gas buffer timestamp: 'NoneType' object is not subscriptable
WARNING: 21:17:12 - __main__:  Error updating the Picarro Gas buffer data: 'NoneType' object is not subscriptable
WARNING: 21:17:12 - __main__:  Error updating the Picarro Gas buffer data: 'NoneType' object is not subscriptable
WARNING: 21:17:12 - __main__:  Error updating the Picarro Gas buffer data: 'NoneType' object is not subscriptable
WARNING: 21:17:12 - __main__:  Error updating the Picarro Gas buffer data: 'NoneType' object is not subscriptable
WARNING: 21:17:12 - __main__:  Error updating the Laser Distance Sensor buffer timestamp: 'NoneType' object is not subscriptable
WARNING: 21:17:12 - __main__:  Error updating the Laser Distance Sensor buffer data: 'NoneType' object is not subscriptable
WARNING: 21:17:12 - __main__:  Error updating the Laser Distance Sensor buffer data: 'NoneType' object is not subscriptable
WARNING: 21:17:12 - __main__:  Error updating the Abakus Particle Counter buffer timestamp: 'NoneType' object is not subscriptable
WARNING: 21:17:12 - __main__:  Error updating the Abakus Particle Counter buffer data: 'NoneType' object is not subscriptable
WARNING: 21:17:12 - __main__:  Error updating the Flowmeter buffer timestamp: 'NoneType' object is not subscriptable
WARNING: 21:17:12 - __main__:  Error updating the Flowmeter buffer data: 'NoneType' object is not subscriptable
WARNING: 21:17:12 - __main__:  Error updating the Flowmeter buffer data: 'NoneType' object is not subscriptable
WARNING: 21:17:12 - __main__:  Error updating the Bronkhorst Pressure buffer timestamp: 'NoneType' object is not subscriptable
WARNING: 21:17:12 - __main__:  Error updating the Bronkhorst Pressure buffer data: 'NoneType' object is not subscriptable
WARNING: 21:17:12 - __main__:  Error updating the Bronkhorst Pressure buffer data: 'NoneType' object is not subscriptable
WARNING: 21:17:12 - __main__:  Error updating the Bronkhorst Pressure buffer data: 'NoneType' object is not subscriptable
WARNING: 21:17:12 - __main__:  Error updating the Bronkhorst Pressure buffer data: 'NoneType' object is not subscriptable
WARNING: 21:17:13 - __main__:  Error updating the Picarro Gas buffer timestamp: 'NoneType' object is not subscriptable
WARNING: 21:17:13 - __main__:  Error updating the Picarro Gas buffer data: 'NoneType' object is not subscriptable
WARNING: 21:17:13 - __main__:  Error updating the Picarro Gas buffer data: 'NoneType' object is not subscriptable
WARNING: 21:17:13 - __main__:  Error updating the Picarro Gas buffer data: 'NoneType' object is not subscriptable
WARNING: 21:17:13 - __main__:  Error updating the Picarro Gas buffer data: 'NoneType' object is not subscriptable
WARNING: 21:17:13 - __main__:  Error updating the Laser Distance Sensor buffer timestamp: 'NoneType' object is not subscriptable
WARNING: 21:17:13 - __main__:  Error updating the Laser Distance Sensor buffer data: 'NoneType' object is not subscriptable
WARNING: 21:17:13 - __main__:  Error updating the Laser Distance Sensor buffer data: 'NoneType' object is not subscriptable
WARNING: 21:17:13 - __main__:  Error updating the Abakus Particle Counter buffer timestamp: 'NoneType' object is not subscriptable
WARNING: 21:17:13 - __main__:  Error updating the Abakus Particle Counter buffer data: 'NoneType' object is not subscriptable
WARNING: 21:17:13 - __main__:  Error updating the Flowmeter buffer timestamp: 'NoneType' object is not subscriptable
WARNING: 21:17:13 - __main__:  Error updating the Flowmeter buffer data: 'NoneType' object is not subscriptable
WARNING: 21:17:13 - __main__:  Error updating the Flowmeter buffer data: 'NoneType' object is not subscriptable
WARNING: 21:17:13 - __main__:  Error updating the Bronkhorst Pressure buffer timestamp: 'NoneType' object is not subscriptable
WARNING: 21:17:13 - __main__:  Error updating the Bronkhorst Pressure buffer data: 'NoneType' object is not subscriptable
WARNING: 21:17:13 - __main__:  Error updating the Bronkhorst Pressure buffer data: 'NoneType' object is not subscriptable
WARNING: 21:17:13 - __main__:  Error updating the Bronkhorst Pressure buffer data: 'NoneType' object is not subscriptable
WARNING: 21:17:13 - __main__:  Error updating the Bronkhorst Pressure buffer data: 'NoneType' object is not subscriptable
WARNING: 21:17:14 - __main__:  Error updating the Picarro Gas buffer timestamp: 'NoneType' object is not subscriptable
WARNING: 21:17:14 - __main__:  Error updating the Picarro Gas buffer data: 'NoneType' object is not subscriptable
WARNING: 21:17:14 - __main__:  Error updating the Picarro Gas buffer data: 'NoneType' object is not subscriptable
WARNING: 21:17:14 - __main__:  Error updating the Picarro Gas buffer data: 'NoneType' object is not subscriptable
WARNING: 21:17:14 - __main__:  Error updating the Picarro Gas buffer data: 'NoneType' object is not subscriptable
WARNING: 21:17:14 - __main__:  Error updating the Laser Distance Sensor buffer timestamp: 'NoneType' object is not subscriptable
WARNING: 21:17:14 - __main__:  Error updating the Laser Distance Sensor buffer data: 'NoneType' object is not subscriptable
WARNING: 21:17:14 - __main__:  Error updating the Laser Distance Sensor buffer data: 'NoneType' object is not subscriptable
WARNING: 21:17:14 - __main__:  Error updating the Abakus Particle Counter buffer timestamp: 'NoneType' object is not subscriptable
WARNING: 21:17:14 - __main__:  Error updating the Abakus Particle Counter buffer data: 'NoneType' object is not subscriptable
WARNING: 21:17:14 - __main__:  Error updating the Flowmeter buffer timestamp: 'NoneType' object is not subscriptable
WARNING: 21:17:14 - __main__:  Error updating the Flowmeter buffer data: 'NoneType' object is not subscriptable
WARNING: 21:17:14 - __main__:  Error updating the Flowmeter buffer data: 'NoneType' object is not subscriptable
WARNING: 21:17:14 - __main__:  Error updating the Bronkhorst Pressure buffer timestamp: 'NoneType' object is not subscriptable
WARNING: 21:17:14 - __main__:  Error updating the Bronkhorst Pressure buffer data: 'NoneType' object is not subscriptable
WARNING: 21:17:14 - __main__:  Error updating the Bronkhorst Pressure buffer data: 'NoneType' object is not subscriptable
WARNING: 21:17:14 - __main__:  Error updating the Bronkhorst Pressure buffer data: 'NoneType' object is not subscriptable
WARNING: 21:17:14 - __main__:  Error updating the Bronkhorst Pressure buffer data: 'NoneType' object is not subscriptable
WARNING: 21:17:15 - __main__:  Error updating the Picarro Gas buffer timestamp: 'NoneType' object is not subscriptable
WARNING: 21:17:15 - __main__:  Error updating the Picarro Gas buffer data: 'NoneType' object is not subscriptable
WARNING: 21:17:15 - __main__:  Error updating the Picarro Gas buffer data: 'NoneType' object is not subscriptable
WARNING: 21:17:15 - __main__:  Error updating the Picarro Gas buffer data: 'NoneType' object is not subscriptable
WARNING: 21:17:15 - __main__:  Error updating the Picarro Gas buffer data: 'NoneType' object is not subscriptable
WARNING: 21:17:15 - __main__:  Error updating the Laser Distance Sensor buffer timestamp: 'NoneType' object is not subscriptable
WARNING: 21:17:15 - __main__:  Error updating the Laser Distance Sensor buffer data: 'NoneType' object is not subscriptable
WARNING: 21:17:15 - __main__:  Error updating the Laser Distance Sensor buffer data: 'NoneType' object is not subscriptable
WARNING: 21:17:15 - __main__:  Error updating the Abakus Particle Counter buffer timestamp: 'NoneType' object is not subscriptable
WARNING: 21:17:15 - __main__:  Error updating the Abakus Particle Counter buffer data: 'NoneType' object is not subscriptable
WARNING: 21:17:15 - __main__:  Error updating the Flowmeter buffer timestamp: 'NoneType' object is not subscriptable
WARNING: 21:17:15 - __main__:  Error updating the Flowmeter buffer data: 'NoneType' object is not subscriptable
WARNING: 21:17:15 - __main__:  Error updating the Flowmeter buffer data: 'NoneType' object is not subscriptable
WARNING: 21:17:15 - __main__:  Error updating the Bronkhorst Pressure buffer timestamp: 'NoneType' object is not subscriptable
WARNING: 21:17:15 - __main__:  Error updating the Bronkhorst Pressure buffer data: 'NoneType' object is not subscriptable
WARNING: 21:17:15 - __main__:  Error updating the Bronkhorst Pressure buffer data: 'NoneType' object is not subscriptable
WARNING: 21:17:15 - __main__:  Error updating the Bronkhorst Pressure buffer data: 'NoneType' object is not subscriptable
WARNING: 21:17:15 - __main__:  Error updating the Bronkhorst Pressure buffer data: 'NoneType' object is not subscriptable
WARNING: 21:17:16 - __main__:  Error updating the Picarro Gas buffer timestamp: 'NoneType' object is not subscriptable
WARNING: 21:17:16 - __main__:  Error updating the Picarro Gas buffer data: 'NoneType' object is not subscriptable
WARNING: 21:17:16 - __main__:  Error updating the Picarro Gas buffer data: 'NoneType' object is not subscriptable
WARNING: 21:17:16 - __main__:  Error updating the Picarro Gas buffer data: 'NoneType' object is not subscriptable
WARNING: 21:17:16 - __main__:  Error updating the Picarro Gas buffer data: 'NoneType' object is not subscriptable
WARNING: 21:17:16 - __main__:  Error updating the Laser Distance Sensor buffer timestamp: 'NoneType' object is not subscriptable
WARNING: 21:17:16 - __main__:  Error updating the Laser Distance Sensor buffer data: 'NoneType' object is not subscriptable
WARNING: 21:17:16 - __main__:  Error updating the Laser Distance Sensor buffer data: 'NoneType' object is not subscriptable
WARNING: 21:17:16 - __main__:  Error updating the Abakus Particle Counter buffer timestamp: 'NoneType' object is not subscriptable
WARNING: 21:17:16 - __main__:  Error updating the Abakus Particle Counter buffer data: 'NoneType' object is not subscriptable
WARNING: 21:17:16 - __main__:  Error updating the Flowmeter buffer timestamp: 'NoneType' object is not subscriptable
WARNING: 21:17:16 - __main__:  Error updating the Flowmeter buffer data: 'NoneType' object is not subscriptable
WARNING: 21:17:16 - __main__:  Error updating the Flowmeter buffer data: 'NoneType' object is not subscriptable
WARNING: 21:17:16 - __main__:  Error updating the Bronkhorst Pressure buffer timestamp: 'NoneType' object is not subscriptable
WARNING: 21:17:16 - __main__:  Error updating the Bronkhorst Pressure buffer data: 'NoneType' object is not subscriptable
WARNING: 21:17:16 - __main__:  Error updating the Bronkhorst Pressure buffer data: 'NoneType' object is not subscriptable
WARNING: 21:17:16 - __main__:  Error updating the Bronkhorst Pressure buffer data: 'NoneType' object is not subscriptable
WARNING: 21:17:16 - __main__:  Error updating the Bronkhorst Pressure buffer data: 'NoneType' object is not subscriptable
WARNING: 21:17:17 - __main__:  Error updating the Picarro Gas buffer timestamp: 'NoneType' object is not subscriptable
WARNING: 21:17:17 - __main__:  Error updating the Picarro Gas buffer data: 'NoneType' object is not subscriptable
WARNING: 21:17:17 - __main__:  Error updating the Picarro Gas buffer data: 'NoneType' object is not subscriptable
WARNING: 21:17:17 - __main__:  Error updating the Picarro Gas buffer data: 'NoneType' object is not subscriptable
WARNING: 21:17:17 - __main__:  Error updating the Picarro Gas buffer data: 'NoneType' object is not subscriptable
WARNING: 21:17:17 - __main__:  Error updating the Laser Distance Sensor buffer timestamp: 'NoneType' object is not subscriptable
WARNING: 21:17:17 - __main__:  Error updating the Laser Distance Sensor buffer data: 'NoneType' object is not subscriptable
WARNING: 21:17:17 - __main__:  Error updating the Laser Distance Sensor buffer data: 'NoneType' object is not subscriptable
WARNING: 21:17:17 - __main__:  Error updating the Abakus Particle Counter buffer timestamp: 'NoneType' object is not subscriptable
WARNING: 21:17:17 - __main__:  Error updating the Abakus Particle Counter buffer data: 'NoneType' object is not subscriptable
WARNING: 21:17:17 - __main__:  Error updating the Flowmeter buffer timestamp: 'NoneType' object is not subscriptable
WARNING: 21:17:17 - __main__:  Error updating the Flowmeter buffer data: 'NoneType' object is not subscriptable
WARNING: 21:17:17 - __main__:  Error updating the Flowmeter buffer data: 'NoneType' object is not subscriptable
WARNING: 21:17:17 - __main__:  Error updating the Bronkhorst Pressure buffer timestamp: 'NoneType' object is not subscriptable
WARNING: 21:17:17 - __main__:  Error updating the Bronkhorst Pressure buffer data: 'NoneType' object is not subscriptable
WARNING: 21:17:17 - __main__:  Error updating the Bronkhorst Pressure buffer data: 'NoneType' object is not subscriptable
WARNING: 21:17:17 - __main__:  Error updating the Bronkhorst Pressure buffer data: 'NoneType' object is not subscriptable
WARNING: 21:17:17 - __main__:  Error updating the Bronkhorst Pressure buffer data: 'NoneType' object is not subscriptable
WARNING: 21:17:18 - __main__:  Error updating the Picarro Gas buffer timestamp: 'NoneType' object is not subscriptable
WARNING: 21:17:18 - __main__:  Error updating the Picarro Gas buffer data: 'NoneType' object is not subscriptable
WARNING: 21:17:18 - __main__:  Error updating the Picarro Gas buffer data: 'NoneType' object is not subscriptable
WARNING: 21:17:18 - __main__:  Error updating the Picarro Gas buffer data: 'NoneType' object is not subscriptable
WARNING: 21:17:18 - __main__:  Error updating the Picarro Gas buffer data: 'NoneType' object is not subscriptable
WARNING: 21:17:18 - __main__:  Error updating the Laser Distance Sensor buffer timestamp: 'NoneType' object is not subscriptable
WARNING: 21:17:18 - __main__:  Error updating the Laser Distance Sensor buffer data: 'NoneType' object is not subscriptable
WARNING: 21:17:18 - __main__:  Error updating the Laser Distance Sensor buffer data: 'NoneType' object is not subscriptable
WARNING: 21:17:18 - __main__:  Error updating the Abakus Particle Counter buffer timestamp: 'NoneType' object is not subscriptable
WARNING: 21:17:18 - __main__:  Error updating the Abakus Particle Counter buffer data: 'NoneType' object is not subscriptable
WARNING: 21:17:18 - __main__:  Error updating the Flowmeter buffer timestamp: 'NoneType' object is not subscriptable
WARNING: 21:17:18 - __main__:  Error updating the Flowmeter buffer data: 'NoneType' object is not subscriptable
WARNING: 21:17:18 - __main__:  Error updating the Flowmeter buffer data: 'NoneType' object is not subscriptable
WARNING: 21:17:18 - __main__:  Error updating the Bronkhorst Pressure buffer timestamp: 'NoneType' object is not subscriptable
WARNING: 21:17:18 - __main__:  Error updating the Bronkhorst Pressure buffer data: 'NoneType' object is not subscriptable
WARNING: 21:17:18 - __main__:  Error updating the Bronkhorst Pressure buffer data: 'NoneType' object is not subscriptable
WARNING: 21:17:18 - __main__:  Error updating the Bronkhorst Pressure buffer data: 'NoneType' object is not subscriptable
WARNING: 21:17:18 - __main__:  Error updating the Bronkhorst Pressure buffer data: 'NoneType' object is not subscriptable
WARNING: 21:17:19 - __main__:  Error updating the Picarro Gas buffer timestamp: 'NoneType' object is not subscriptable
WARNING: 21:17:19 - __main__:  Error updating the Picarro Gas buffer data: 'NoneType' object is not subscriptable
WARNING: 21:17:19 - __main__:  Error updating the Picarro Gas buffer data: 'NoneType' object is not subscriptable
WARNING: 21:17:19 - __main__:  Error updating the Picarro Gas buffer data: 'NoneType' object is not subscriptable
WARNING: 21:17:19 - __main__:  Error updating the Picarro Gas buffer data: 'NoneType' object is not subscriptable
WARNING: 21:17:19 - __main__:  Error updating the Laser Distance Sensor buffer timestamp: 'NoneType' object is not subscriptable
WARNING: 21:17:19 - __main__:  Error updating the Laser Distance Sensor buffer data: 'NoneType' object is not subscriptable
WARNING: 21:17:19 - __main__:  Error updating the Laser Distance Sensor buffer data: 'NoneType' object is not subscriptable
WARNING: 21:17:19 - __main__:  Error updating the Abakus Particle Counter buffer timestamp: 'NoneType' object is not subscriptable
WARNING: 21:17:19 - __main__:  Error updating the Abakus Particle Counter buffer data: 'NoneType' object is not subscriptable
WARNING: 21:17:19 - __main__:  Error updating the Flowmeter buffer timestamp: 'NoneType' object is not subscriptable
WARNING: 21:17:19 - __main__:  Error updating the Flowmeter buffer data: 'NoneType' object is not subscriptable
WARNING: 21:17:19 - __main__:  Error updating the Flowmeter buffer data: 'NoneType' object is not subscriptable
WARNING: 21:17:19 - __main__:  Error updating the Bronkhorst Pressure buffer timestamp: 'NoneType' object is not subscriptable
WARNING: 21:17:19 - __main__:  Error updating the Bronkhorst Pressure buffer data: 'NoneType' object is not subscriptable
WARNING: 21:17:19 - __main__:  Error updating the Bronkhorst Pressure buffer data: 'NoneType' object is not subscriptable
WARNING: 21:17:19 - __main__:  Error updating the Bronkhorst Pressure buffer data: 'NoneType' object is not subscriptable
WARNING: 21:17:19 - __main__:  Error updating the Bronkhorst Pressure buffer data: 'NoneType' object is not subscriptable
WARNING: 21:17:20 - __main__:  Error updating the Picarro Gas buffer timestamp: 'NoneType' object is not subscriptable
WARNING: 21:17:20 - __main__:  Error updating the Picarro Gas buffer data: 'NoneType' object is not subscriptable
WARNING: 21:17:20 - __main__:  Error updating the Picarro Gas buffer data: 'NoneType' object is not subscriptable
WARNING: 21:17:20 - __main__:  Error updating the Picarro Gas buffer data: 'NoneType' object is not subscriptable
WARNING: 21:17:20 - __main__:  Error updating the Picarro Gas buffer data: 'NoneType' object is not subscriptable
WARNING: 21:17:20 - __main__:  Error updating the Laser Distance Sensor buffer timestamp: 'NoneType' object is not subscriptable
WARNING: 21:17:20 - __main__:  Error updating the Laser Distance Sensor buffer data: 'NoneType' object is not subscriptable
WARNING: 21:17:20 - __main__:  Error updating the Laser Distance Sensor buffer data: 'NoneType' object is not subscriptable
WARNING: 21:17:20 - __main__:  Error updating the Abakus Particle Counter buffer timestamp: 'NoneType' object is not subscriptable
WARNING: 21:17:20 - __main__:  Error updating the Abakus Particle Counter buffer data: 'NoneType' object is not subscriptable
WARNING: 21:17:20 - __main__:  Error updating the Flowmeter buffer timestamp: 'NoneType' object is not subscriptable
WARNING: 21:17:20 - __main__:  Error updating the Flowmeter buffer data: 'NoneType' object is not subscriptable
WARNING: 21:17:20 - __main__:  Error updating the Flowmeter buffer data: 'NoneType' object is not subscriptable
WARNING: 21:17:20 - __main__:  Error updating the Bronkhorst Pressure buffer timestamp: 'NoneType' object is not subscriptable
WARNING: 21:17:20 - __main__:  Error updating the Bronkhorst Pressure buffer data: 'NoneType' object is not subscriptable
WARNING: 21:17:20 - __main__:  Error updating the Bronkhorst Pressure buffer data: 'NoneType' object is not subscriptable
WARNING: 21:17:20 - __main__:  Error updating the Bronkhorst Pressure buffer data: 'NoneType' object is not subscriptable
WARNING: 21:17:20 - __main__:  Error updating the Bronkhorst Pressure buffer data: 'NoneType' object is not subscriptable
WARNING: 21:17:21 - __main__:  Error updating the Picarro Gas buffer timestamp: 'NoneType' object is not subscriptable
WARNING: 21:17:21 - __main__:  Error updating the Picarro Gas buffer data: 'NoneType' object is not subscriptable
WARNING: 21:17:21 - __main__:  Error updating the Picarro Gas buffer data: 'NoneType' object is not subscriptable
WARNING: 21:17:21 - __main__:  Error updating the Picarro Gas buffer data: 'NoneType' object is not subscriptable
WARNING: 21:17:21 - __main__:  Error updating the Picarro Gas buffer data: 'NoneType' object is not subscriptable
WARNING: 21:17:21 - __main__:  Error updating the Laser Distance Sensor buffer timestamp: 'NoneType' object is not subscriptable
WARNING: 21:17:21 - __main__:  Error updating the Laser Distance Sensor buffer data: 'NoneType' object is not subscriptable
WARNING: 21:17:21 - __main__:  Error updating the Laser Distance Sensor buffer data: 'NoneType' object is not subscriptable
WARNING: 21:17:21 - __main__:  Error updating the Abakus Particle Counter buffer timestamp: 'NoneType' object is not subscriptable
WARNING: 21:17:21 - __main__:  Error updating the Abakus Particle Counter buffer data: 'NoneType' object is not subscriptable
WARNING: 21:17:21 - __main__:  Error updating the Flowmeter buffer timestamp: 'NoneType' object is not subscriptable
WARNING: 21:17:21 - __main__:  Error updating the Flowmeter buffer data: 'NoneType' object is not subscriptable
WARNING: 21:17:21 - __main__:  Error updating the Flowmeter buffer data: 'NoneType' object is not subscriptable
WARNING: 21:17:21 - __main__:  Error updating the Bronkhorst Pressure buffer timestamp: 'NoneType' object is not subscriptable
WARNING: 21:17:21 - __main__:  Error updating the Bronkhorst Pressure buffer data: 'NoneType' object is not subscriptable
WARNING: 21:17:21 - __main__:  Error updating the Bronkhorst Pressure buffer data: 'NoneType' object is not subscriptable
WARNING: 21:17:21 - __main__:  Error updating the Bronkhorst Pressure buffer data: 'NoneType' object is not subscriptable
WARNING: 21:17:21 - __main__:  Error updating the Bronkhorst Pressure buffer data: 'NoneType' object is not subscriptable
WARNING: 21:17:22 - __main__:  Error updating the Picarro Gas buffer timestamp: 'NoneType' object is not subscriptable
WARNING: 21:17:22 - __main__:  Error updating the Picarro Gas buffer data: 'NoneType' object is not subscriptable
WARNING: 21:17:22 - __main__:  Error updating the Picarro Gas buffer data: 'NoneType' object is not subscriptable
WARNING: 21:17:22 - __main__:  Error updating the Picarro Gas buffer data: 'NoneType' object is not subscriptable
WARNING: 21:17:22 - __main__:  Error updating the Picarro Gas buffer data: 'NoneType' object is not subscriptable
WARNING: 21:17:22 - __main__:  Error updating the Laser Distance Sensor buffer timestamp: 'NoneType' object is not subscriptable
WARNING: 21:17:22 - __main__:  Error updating the Laser Distance Sensor buffer data: 'NoneType' object is not subscriptable
WARNING: 21:17:22 - __main__:  Error updating the Laser Distance Sensor buffer data: 'NoneType' object is not subscriptable
WARNING: 21:17:22 - __main__:  Error updating the Abakus Particle Counter buffer timestamp: 'NoneType' object is not subscriptable
WARNING: 21:17:22 - __main__:  Error updating the Abakus Particle Counter buffer data: 'NoneType' object is not subscriptable
WARNING: 21:17:22 - __main__:  Error updating the Flowmeter buffer timestamp: 'NoneType' object is not subscriptable
WARNING: 21:17:22 - __main__:  Error updating the Flowmeter buffer data: 'NoneType' object is not subscriptable
WARNING: 21:17:22 - __main__:  Error updating the Flowmeter buffer data: 'NoneType' object is not subscriptable
WARNING: 21:17:22 - __main__:  Error updating the Bronkhorst Pressure buffer timestamp: 'NoneType' object is not subscriptable
WARNING: 21:17:22 - __main__:  Error updating the Bronkhorst Pressure buffer data: 'NoneType' object is not subscriptable
WARNING: 21:17:22 - __main__:  Error updating the Bronkhorst Pressure buffer data: 'NoneType' object is not subscriptable
WARNING: 21:17:22 - __main__:  Error updating the Bronkhorst Pressure buffer data: 'NoneType' object is not subscriptable
WARNING: 21:17:22 - __main__:  Error updating the Bronkhorst Pressure buffer data: 'NoneType' object is not subscriptable
INFO: 21:17:27 - main_pipeline.sensor:  Shutting down sensors
INFO: 21:17:27 - sensor_interfaces.sim_instruments:  Abakus measurements stopped
INFO: 21:17:27 - sensor_interfaces.sim_instruments:  Dimetix laser turned off
INFO: 21:17:27 - main_pipeline.sensor:  Finished shutting down sensors
INFO: 21:18:16 - main_pipeline.sensor:  Couldn't find Picarro at port /dev/ttyUSB0, shadowing sensor calls with substitute functions
WARNING: 21:18:16 - main_pipeline.sensor:  Couldn't find Abakus at port /dev/ttyUSB0, shadowing sensor calls with substitute functions
WARNING: 21:18:16 - main_pipeline.sensor:  Couldn't find Flowmeter at port /dev/ttyUSB0 and /dev/ttyUSB0, shadowing sensor calls with substitute functions
WARNING: 21:18:16 - main_pipeline.sensor:  Couldn't find Dimetix laser at port /dev/ttyUSB0, shadowing sensor calls with substitute functions
WARNING: 21:18:16 - main_pipeline.sensor:  Couldn't find Bronkhorst at port /dev/ttyUSB0, shadowing sensor calls with substitute functions
INFO: 21:18:16 - sensor_interfaces.sim_instruments:  Fake hardware, pretending to use serial port /dev/ttyUSB0 with baud 38400
INFO: 21:18:16 - sensor_interfaces.sim_instruments:  Fake hardware, pretending to use serial port /dev/ttyUSB0 with baud 115200
INFO: 21:18:16 - sensor_interfaces.sim_instruments:  Fake hardware, pretending to use serial port /dev/ttyUSB0 with baud 115200
INFO: 21:18:16 - sensor_interfaces.sim_instruments:  Fake hardware, pretending to use serial port /dev/ttyUSB0 with baud 19200
INFO: 21:18:16 - sensor_interfaces.sim_instruments:  Fake hardware, pretending to use serial port /dev/ttyUSB0 with baud 19200
INFO: 21:18:16 - sensor_interfaces.sim_instruments:  Fake hardware, pretending to use serial port /dev/ttyUSB0 with baud 38400
INFO: 21:18:16 - main_pipeline.sensor:  Sensor class initiated
INFO: 21:18:16 - main_pipeline.interpreter:  Interpreter class initiated
INFO: 21:18:16 - main_pipeline.writer:  Display class initiated
INFO: 21:18:18 - main_pipeline.sensor:  Initializing sensors
INFO: 21:18:18 - sensor_interfaces.sim_instruments:  Initializing Abakus
INFO: 21:18:18 - sensor_interfaces.sim_instruments:  Abakus initialized
INFO: 21:18:18 - sensor_interfaces.sim_instruments:  Initializing Picarro
INFO: 21:18:18 - sensor_interfaces.sim_instruments:  Initialized Picarro
INFO: 21:18:18 - sensor_interfaces.sim_instruments:  Initializing Dimetix laser
INFO: 21:18:18 - sensor_interfaces.sim_instruments:  Laser initialized
INFO: 21:18:18 - sensor_interfaces.sim_instruments:  Initializing Bronkhorst
INFO: 21:18:18 - sensor_interfaces.sim_instruments:  Bronkhorst initialized
INFO: 21:18:18 - sensor_interfaces.sim_instruments:  Initializing Flowmeter
INFO: 21:18:18 - sensor_interfaces.sim_instruments:  Flowmeter sli2000 initialized
INFO: 21:18:18 - sensor_interfaces.sim_instruments:  Initializing Flowmeter
INFO: 21:18:18 - sensor_interfaces.sim_instruments:  Flowmeter sls1500 initialized
INFO: 21:18:18 - main_pipeline.sensor:  Finished initializing sensors
WARNING: 21:18:19 - __main__:  Error updating the Picarro Gas buffer timestamp: 'NoneType' object is not subscriptable
WARNING: 21:18:19 - __main__:  Error updating the Picarro Gas buffer data: 'NoneType' object is not subscriptable
WARNING: 21:18:19 - __main__:  Error updating the Picarro Gas buffer data: 'NoneType' object is not subscriptable
WARNING: 21:18:19 - __main__:  Error updating the Picarro Gas buffer data: 'NoneType' object is not subscriptable
WARNING: 21:18:19 - __main__:  Error updating the Picarro Gas buffer data: 'NoneType' object is not subscriptable
WARNING: 21:18:19 - __main__:  Error updating the Laser Distance Sensor buffer timestamp: 'NoneType' object is not subscriptable
WARNING: 21:18:19 - __main__:  Error updating the Laser Distance Sensor buffer data: 'NoneType' object is not subscriptable
WARNING: 21:18:19 - __main__:  Error updating the Laser Distance Sensor buffer data: 'NoneType' object is not subscriptable
WARNING: 21:18:19 - __main__:  Error updating the Abakus Particle Counter buffer timestamp: 'NoneType' object is not subscriptable
WARNING: 21:18:19 - __main__:  Error updating the Abakus Particle Counter buffer data: 'NoneType' object is not subscriptable
WARNING: 21:18:19 - __main__:  Error updating the Flowmeter buffer timestamp: 'NoneType' object is not subscriptable
WARNING: 21:18:19 - __main__:  Error updating the Flowmeter buffer data: 'NoneType' object is not subscriptable
WARNING: 21:18:19 - __main__:  Error updating the Flowmeter buffer data: 'NoneType' object is not subscriptable
WARNING: 21:18:19 - __main__:  Error updating the Bronkhorst Pressure buffer timestamp: 'NoneType' object is not subscriptable
WARNING: 21:18:19 - __main__:  Error updating the Bronkhorst Pressure buffer data: 'NoneType' object is not subscriptable
WARNING: 21:18:19 - __main__:  Error updating the Bronkhorst Pressure buffer data: 'NoneType' object is not subscriptable
WARNING: 21:18:19 - __main__:  Error updating the Bronkhorst Pressure buffer data: 'NoneType' object is not subscriptable
WARNING: 21:18:19 - __main__:  Error updating the Bronkhorst Pressure buffer data: 'NoneType' object is not subscriptable
WARNING: 21:18:20 - __main__:  Error updating the Picarro Gas buffer timestamp: 'NoneType' object is not subscriptable
WARNING: 21:18:20 - __main__:  Error updating the Picarro Gas buffer data: 'NoneType' object is not subscriptable
WARNING: 21:18:20 - __main__:  Error updating the Picarro Gas buffer data: 'NoneType' object is not subscriptable
WARNING: 21:18:20 - __main__:  Error updating the Picarro Gas buffer data: 'NoneType' object is not subscriptable
WARNING: 21:18:20 - __main__:  Error updating the Picarro Gas buffer data: 'NoneType' object is not subscriptable
WARNING: 21:18:20 - __main__:  Error updating the Laser Distance Sensor buffer timestamp: 'NoneType' object is not subscriptable
WARNING: 21:18:20 - __main__:  Error updating the Laser Distance Sensor buffer data: 'NoneType' object is not subscriptable
WARNING: 21:18:20 - __main__:  Error updating the Laser Distance Sensor buffer data: 'NoneType' object is not subscriptable
WARNING: 21:18:20 - __main__:  Error updating the Abakus Particle Counter buffer timestamp: 'NoneType' object is not subscriptable
WARNING: 21:18:20 - __main__:  Error updating the Abakus Particle Counter buffer data: 'NoneType' object is not subscriptable
WARNING: 21:18:20 - __main__:  Error updating the Flowmeter buffer timestamp: 'NoneType' object is not subscriptable
WARNING: 21:18:20 - __main__:  Error updating the Flowmeter buffer data: 'NoneType' object is not subscriptable
WARNING: 21:18:20 - __main__:  Error updating the Flowmeter buffer data: 'NoneType' object is not subscriptable
WARNING: 21:18:20 - __main__:  Error updating the Bronkhorst Pressure buffer timestamp: 'NoneType' object is not subscriptable
WARNING: 21:18:20 - __main__:  Error updating the Bronkhorst Pressure buffer data: 'NoneType' object is not subscriptable
WARNING: 21:18:20 - __main__:  Error updating the Bronkhorst Pressure buffer data: 'NoneType' object is not subscriptable
WARNING: 21:18:20 - __main__:  Error updating the Bronkhorst Pressure buffer data: 'NoneType' object is not subscriptable
WARNING: 21:18:20 - __main__:  Error updating the Bronkhorst Pressure buffer data: 'NoneType' object is not subscriptable
WARNING: 21:18:21 - __main__:  Error updating the Picarro Gas buffer timestamp: 'NoneType' object is not subscriptable
WARNING: 21:18:21 - __main__:  Error updating the Picarro Gas buffer data: 'NoneType' object is not subscriptable
WARNING: 21:18:21 - __main__:  Error updating the Picarro Gas buffer data: 'NoneType' object is not subscriptable
WARNING: 21:18:21 - __main__:  Error updating the Picarro Gas buffer data: 'NoneType' object is not subscriptable
WARNING: 21:18:21 - __main__:  Error updating the Picarro Gas buffer data: 'NoneType' object is not subscriptable
WARNING: 21:18:21 - __main__:  Error updating the Laser Distance Sensor buffer timestamp: 'NoneType' object is not subscriptable
WARNING: 21:18:21 - __main__:  Error updating the Laser Distance Sensor buffer data: 'NoneType' object is not subscriptable
WARNING: 21:18:21 - __main__:  Error updating the Laser Distance Sensor buffer data: 'NoneType' object is not subscriptable
WARNING: 21:18:21 - __main__:  Error updating the Abakus Particle Counter buffer timestamp: 'NoneType' object is not subscriptable
WARNING: 21:18:21 - __main__:  Error updating the Abakus Particle Counter buffer data: 'NoneType' object is not subscriptable
WARNING: 21:18:21 - __main__:  Error updating the Flowmeter buffer timestamp: 'NoneType' object is not subscriptable
WARNING: 21:18:21 - __main__:  Error updating the Flowmeter buffer data: 'NoneType' object is not subscriptable
WARNING: 21:18:21 - __main__:  Error updating the Flowmeter buffer data: 'NoneType' object is not subscriptable
WARNING: 21:18:21 - __main__:  Error updating the Bronkhorst Pressure buffer timestamp: 'NoneType' object is not subscriptable
WARNING: 21:18:21 - __main__:  Error updating the Bronkhorst Pressure buffer data: 'NoneType' object is not subscriptable
WARNING: 21:18:21 - __main__:  Error updating the Bronkhorst Pressure buffer data: 'NoneType' object is not subscriptable
WARNING: 21:18:21 - __main__:  Error updating the Bronkhorst Pressure buffer data: 'NoneType' object is not subscriptable
WARNING: 21:18:21 - __main__:  Error updating the Bronkhorst Pressure buffer data: 'NoneType' object is not subscriptable
WARNING: 21:18:22 - __main__:  Error updating the Picarro Gas buffer timestamp: 'NoneType' object is not subscriptable
WARNING: 21:18:22 - __main__:  Error updating the Picarro Gas buffer data: 'NoneType' object is not subscriptable
WARNING: 21:18:22 - __main__:  Error updating the Picarro Gas buffer data: 'NoneType' object is not subscriptable
WARNING: 21:18:22 - __main__:  Error updating the Picarro Gas buffer data: 'NoneType' object is not subscriptable
WARNING: 21:18:22 - __main__:  Error updating the Picarro Gas buffer data: 'NoneType' object is not subscriptable
WARNING: 21:18:22 - __main__:  Error updating the Laser Distance Sensor buffer timestamp: 'NoneType' object is not subscriptable
WARNING: 21:18:22 - __main__:  Error updating the Laser Distance Sensor buffer data: 'NoneType' object is not subscriptable
WARNING: 21:18:22 - __main__:  Error updating the Laser Distance Sensor buffer data: 'NoneType' object is not subscriptable
WARNING: 21:18:22 - __main__:  Error updating the Abakus Particle Counter buffer timestamp: 'NoneType' object is not subscriptable
WARNING: 21:18:22 - __main__:  Error updating the Abakus Particle Counter buffer data: 'NoneType' object is not subscriptable
WARNING: 21:18:22 - __main__:  Error updating the Flowmeter buffer timestamp: 'NoneType' object is not subscriptable
WARNING: 21:18:22 - __main__:  Error updating the Flowmeter buffer data: 'NoneType' object is not subscriptable
WARNING: 21:18:22 - __main__:  Error updating the Flowmeter buffer data: 'NoneType' object is not subscriptable
WARNING: 21:18:22 - __main__:  Error updating the Bronkhorst Pressure buffer timestamp: 'NoneType' object is not subscriptable
WARNING: 21:18:22 - __main__:  Error updating the Bronkhorst Pressure buffer data: 'NoneType' object is not subscriptable
WARNING: 21:18:22 - __main__:  Error updating the Bronkhorst Pressure buffer data: 'NoneType' object is not subscriptable
WARNING: 21:18:22 - __main__:  Error updating the Bronkhorst Pressure buffer data: 'NoneType' object is not subscriptable
WARNING: 21:18:22 - __main__:  Error updating the Bronkhorst Pressure buffer data: 'NoneType' object is not subscriptable
WARNING: 21:18:23 - __main__:  Error updating the Picarro Gas buffer timestamp: 'NoneType' object is not subscriptable
WARNING: 21:18:23 - __main__:  Error updating the Picarro Gas buffer data: 'NoneType' object is not subscriptable
WARNING: 21:18:23 - __main__:  Error updating the Picarro Gas buffer data: 'NoneType' object is not subscriptable
WARNING: 21:18:23 - __main__:  Error updating the Picarro Gas buffer data: 'NoneType' object is not subscriptable
WARNING: 21:18:23 - __main__:  Error updating the Picarro Gas buffer data: 'NoneType' object is not subscriptable
WARNING: 21:18:23 - __main__:  Error updating the Laser Distance Sensor buffer timestamp: 'NoneType' object is not subscriptable
WARNING: 21:18:23 - __main__:  Error updating the Laser Distance Sensor buffer data: 'NoneType' object is not subscriptable
WARNING: 21:18:23 - __main__:  Error updating the Laser Distance Sensor buffer data: 'NoneType' object is not subscriptable
WARNING: 21:18:23 - __main__:  Error updating the Abakus Particle Counter buffer timestamp: 'NoneType' object is not subscriptable
WARNING: 21:18:23 - __main__:  Error updating the Abakus Particle Counter buffer data: 'NoneType' object is not subscriptable
WARNING: 21:18:23 - __main__:  Error updating the Flowmeter buffer timestamp: 'NoneType' object is not subscriptable
WARNING: 21:18:23 - __main__:  Error updating the Flowmeter buffer data: 'NoneType' object is not subscriptable
WARNING: 21:18:23 - __main__:  Error updating the Flowmeter buffer data: 'NoneType' object is not subscriptable
WARNING: 21:18:23 - __main__:  Error updating the Bronkhorst Pressure buffer timestamp: 'NoneType' object is not subscriptable
WARNING: 21:18:23 - __main__:  Error updating the Bronkhorst Pressure buffer data: 'NoneType' object is not subscriptable
WARNING: 21:18:23 - __main__:  Error updating the Bronkhorst Pressure buffer data: 'NoneType' object is not subscriptable
WARNING: 21:18:23 - __main__:  Error updating the Bronkhorst Pressure buffer data: 'NoneType' object is not subscriptable
WARNING: 21:18:23 - __main__:  Error updating the Bronkhorst Pressure buffer data: 'NoneType' object is not subscriptable
WARNING: 21:18:24 - __main__:  Error updating the Picarro Gas buffer timestamp: 'NoneType' object is not subscriptable
WARNING: 21:18:24 - __main__:  Error updating the Picarro Gas buffer data: 'NoneType' object is not subscriptable
WARNING: 21:18:24 - __main__:  Error updating the Picarro Gas buffer data: 'NoneType' object is not subscriptable
WARNING: 21:18:24 - __main__:  Error updating the Picarro Gas buffer data: 'NoneType' object is not subscriptable
WARNING: 21:18:24 - __main__:  Error updating the Picarro Gas buffer data: 'NoneType' object is not subscriptable
WARNING: 21:18:24 - __main__:  Error updating the Laser Distance Sensor buffer timestamp: 'NoneType' object is not subscriptable
WARNING: 21:18:24 - __main__:  Error updating the Laser Distance Sensor buffer data: 'NoneType' object is not subscriptable
WARNING: 21:18:24 - __main__:  Error updating the Laser Distance Sensor buffer data: 'NoneType' object is not subscriptable
WARNING: 21:18:24 - __main__:  Error updating the Abakus Particle Counter buffer timestamp: 'NoneType' object is not subscriptable
WARNING: 21:18:24 - __main__:  Error updating the Abakus Particle Counter buffer data: 'NoneType' object is not subscriptable
WARNING: 21:18:24 - __main__:  Error updating the Flowmeter buffer timestamp: 'NoneType' object is not subscriptable
WARNING: 21:18:24 - __main__:  Error updating the Flowmeter buffer data: 'NoneType' object is not subscriptable
WARNING: 21:18:24 - __main__:  Error updating the Flowmeter buffer data: 'NoneType' object is not subscriptable
WARNING: 21:18:24 - __main__:  Error updating the Bronkhorst Pressure buffer timestamp: 'NoneType' object is not subscriptable
WARNING: 21:18:24 - __main__:  Error updating the Bronkhorst Pressure buffer data: 'NoneType' object is not subscriptable
WARNING: 21:18:24 - __main__:  Error updating the Bronkhorst Pressure buffer data: 'NoneType' object is not subscriptable
WARNING: 21:18:24 - __main__:  Error updating the Bronkhorst Pressure buffer data: 'NoneType' object is not subscriptable
WARNING: 21:18:24 - __main__:  Error updating the Bronkhorst Pressure buffer data: 'NoneType' object is not subscriptable
WARNING: 21:18:25 - __main__:  Error updating the Picarro Gas buffer timestamp: 'NoneType' object is not subscriptable
WARNING: 21:18:25 - __main__:  Error updating the Picarro Gas buffer data: 'NoneType' object is not subscriptable
WARNING: 21:18:25 - __main__:  Error updating the Picarro Gas buffer data: 'NoneType' object is not subscriptable
WARNING: 21:18:25 - __main__:  Error updating the Picarro Gas buffer data: 'NoneType' object is not subscriptable
WARNING: 21:18:25 - __main__:  Error updating the Picarro Gas buffer data: 'NoneType' object is not subscriptable
WARNING: 21:18:25 - __main__:  Error updating the Laser Distance Sensor buffer timestamp: 'NoneType' object is not subscriptable
WARNING: 21:18:25 - __main__:  Error updating the Laser Distance Sensor buffer data: 'NoneType' object is not subscriptable
WARNING: 21:18:25 - __main__:  Error updating the Laser Distance Sensor buffer data: 'NoneType' object is not subscriptable
WARNING: 21:18:25 - __main__:  Error updating the Abakus Particle Counter buffer timestamp: 'NoneType' object is not subscriptable
WARNING: 21:18:25 - __main__:  Error updating the Abakus Particle Counter buffer data: 'NoneType' object is not subscriptable
WARNING: 21:18:25 - __main__:  Error updating the Flowmeter buffer timestamp: 'NoneType' object is not subscriptable
WARNING: 21:18:25 - __main__:  Error updating the Flowmeter buffer data: 'NoneType' object is not subscriptable
WARNING: 21:18:25 - __main__:  Error updating the Flowmeter buffer data: 'NoneType' object is not subscriptable
WARNING: 21:18:25 - __main__:  Error updating the Bronkhorst Pressure buffer timestamp: 'NoneType' object is not subscriptable
WARNING: 21:18:25 - __main__:  Error updating the Bronkhorst Pressure buffer data: 'NoneType' object is not subscriptable
WARNING: 21:18:25 - __main__:  Error updating the Bronkhorst Pressure buffer data: 'NoneType' object is not subscriptable
WARNING: 21:18:25 - __main__:  Error updating the Bronkhorst Pressure buffer data: 'NoneType' object is not subscriptable
WARNING: 21:18:25 - __main__:  Error updating the Bronkhorst Pressure buffer data: 'NoneType' object is not subscriptable
WARNING: 21:18:26 - __main__:  Error updating the Picarro Gas buffer timestamp: 'NoneType' object is not subscriptable
WARNING: 21:18:26 - __main__:  Error updating the Picarro Gas buffer data: 'NoneType' object is not subscriptable
WARNING: 21:18:26 - __main__:  Error updating the Picarro Gas buffer data: 'NoneType' object is not subscriptable
WARNING: 21:18:26 - __main__:  Error updating the Picarro Gas buffer data: 'NoneType' object is not subscriptable
WARNING: 21:18:26 - __main__:  Error updating the Picarro Gas buffer data: 'NoneType' object is not subscriptable
WARNING: 21:18:26 - __main__:  Error updating the Laser Distance Sensor buffer timestamp: 'NoneType' object is not subscriptable
WARNING: 21:18:26 - __main__:  Error updating the Laser Distance Sensor buffer data: 'NoneType' object is not subscriptable
WARNING: 21:18:26 - __main__:  Error updating the Laser Distance Sensor buffer data: 'NoneType' object is not subscriptable
WARNING: 21:18:26 - __main__:  Error updating the Abakus Particle Counter buffer timestamp: 'NoneType' object is not subscriptable
WARNING: 21:18:26 - __main__:  Error updating the Abakus Particle Counter buffer data: 'NoneType' object is not subscriptable
WARNING: 21:18:26 - __main__:  Error updating the Flowmeter buffer timestamp: 'NoneType' object is not subscriptable
WARNING: 21:18:26 - __main__:  Error updating the Flowmeter buffer data: 'NoneType' object is not subscriptable
WARNING: 21:18:26 - __main__:  Error updating the Flowmeter buffer data: 'NoneType' object is not subscriptable
WARNING: 21:18:26 - __main__:  Error updating the Bronkhorst Pressure buffer timestamp: 'NoneType' object is not subscriptable
WARNING: 21:18:26 - __main__:  Error updating the Bronkhorst Pressure buffer data: 'NoneType' object is not subscriptable
WARNING: 21:18:26 - __main__:  Error updating the Bronkhorst Pressure buffer data: 'NoneType' object is not subscriptable
WARNING: 21:18:26 - __main__:  Error updating the Bronkhorst Pressure buffer data: 'NoneType' object is not subscriptable
WARNING: 21:18:26 - __main__:  Error updating the Bronkhorst Pressure buffer data: 'NoneType' object is not subscriptable
WARNING: 21:18:27 - __main__:  Error updating the Picarro Gas buffer timestamp: 'NoneType' object is not subscriptable
WARNING: 21:18:27 - __main__:  Error updating the Picarro Gas buffer data: 'NoneType' object is not subscriptable
WARNING: 21:18:27 - __main__:  Error updating the Picarro Gas buffer data: 'NoneType' object is not subscriptable
WARNING: 21:18:27 - __main__:  Error updating the Picarro Gas buffer data: 'NoneType' object is not subscriptable
WARNING: 21:18:27 - __main__:  Error updating the Picarro Gas buffer data: 'NoneType' object is not subscriptable
WARNING: 21:18:27 - __main__:  Error updating the Laser Distance Sensor buffer timestamp: 'NoneType' object is not subscriptable
WARNING: 21:18:27 - __main__:  Error updating the Laser Distance Sensor buffer data: 'NoneType' object is not subscriptable
WARNING: 21:18:27 - __main__:  Error updating the Laser Distance Sensor buffer data: 'NoneType' object is not subscriptable
WARNING: 21:18:27 - __main__:  Error updating the Abakus Particle Counter buffer timestamp: 'NoneType' object is not subscriptable
WARNING: 21:18:27 - __main__:  Error updating the Abakus Particle Counter buffer data: 'NoneType' object is not subscriptable
WARNING: 21:18:27 - __main__:  Error updating the Flowmeter buffer timestamp: 'NoneType' object is not subscriptable
WARNING: 21:18:27 - __main__:  Error updating the Flowmeter buffer data: 'NoneType' object is not subscriptable
WARNING: 21:18:27 - __main__:  Error updating the Flowmeter buffer data: 'NoneType' object is not subscriptable
WARNING: 21:18:27 - __main__:  Error updating the Bronkhorst Pressure buffer timestamp: 'NoneType' object is not subscriptable
WARNING: 21:18:27 - __main__:  Error updating the Bronkhorst Pressure buffer data: 'NoneType' object is not subscriptable
WARNING: 21:18:27 - __main__:  Error updating the Bronkhorst Pressure buffer data: 'NoneType' object is not subscriptable
WARNING: 21:18:27 - __main__:  Error updating the Bronkhorst Pressure buffer data: 'NoneType' object is not subscriptable
WARNING: 21:18:27 - __main__:  Error updating the Bronkhorst Pressure buffer data: 'NoneType' object is not subscriptable
WARNING: 21:18:28 - __main__:  Error updating the Picarro Gas buffer timestamp: 'NoneType' object is not subscriptable
WARNING: 21:18:28 - __main__:  Error updating the Picarro Gas buffer data: 'NoneType' object is not subscriptable
WARNING: 21:18:28 - __main__:  Error updating the Picarro Gas buffer data: 'NoneType' object is not subscriptable
WARNING: 21:18:28 - __main__:  Error updating the Picarro Gas buffer data: 'NoneType' object is not subscriptable
WARNING: 21:18:28 - __main__:  Error updating the Picarro Gas buffer data: 'NoneType' object is not subscriptable
WARNING: 21:18:28 - __main__:  Error updating the Laser Distance Sensor buffer timestamp: 'NoneType' object is not subscriptable
WARNING: 21:18:28 - __main__:  Error updating the Laser Distance Sensor buffer data: 'NoneType' object is not subscriptable
WARNING: 21:18:28 - __main__:  Error updating the Laser Distance Sensor buffer data: 'NoneType' object is not subscriptable
WARNING: 21:18:28 - __main__:  Error updating the Abakus Particle Counter buffer timestamp: 'NoneType' object is not subscriptable
WARNING: 21:18:28 - __main__:  Error updating the Abakus Particle Counter buffer data: 'NoneType' object is not subscriptable
WARNING: 21:18:28 - __main__:  Error updating the Flowmeter buffer timestamp: 'NoneType' object is not subscriptable
WARNING: 21:18:28 - __main__:  Error updating the Flowmeter buffer data: 'NoneType' object is not subscriptable
WARNING: 21:18:28 - __main__:  Error updating the Flowmeter buffer data: 'NoneType' object is not subscriptable
WARNING: 21:18:28 - __main__:  Error updating the Bronkhorst Pressure buffer timestamp: 'NoneType' object is not subscriptable
WARNING: 21:18:28 - __main__:  Error updating the Bronkhorst Pressure buffer data: 'NoneType' object is not subscriptable
WARNING: 21:18:28 - __main__:  Error updating the Bronkhorst Pressure buffer data: 'NoneType' object is not subscriptable
WARNING: 21:18:28 - __main__:  Error updating the Bronkhorst Pressure buffer data: 'NoneType' object is not subscriptable
WARNING: 21:18:28 - __main__:  Error updating the Bronkhorst Pressure buffer data: 'NoneType' object is not subscriptable
WARNING: 21:18:29 - __main__:  Error updating the Picarro Gas buffer timestamp: 'NoneType' object is not subscriptable
WARNING: 21:18:29 - __main__:  Error updating the Picarro Gas buffer data: 'NoneType' object is not subscriptable
WARNING: 21:18:29 - __main__:  Error updating the Picarro Gas buffer data: 'NoneType' object is not subscriptable
WARNING: 21:18:29 - __main__:  Error updating the Picarro Gas buffer data: 'NoneType' object is not subscriptable
WARNING: 21:18:29 - __main__:  Error updating the Picarro Gas buffer data: 'NoneType' object is not subscriptable
WARNING: 21:18:29 - __main__:  Error updating the Laser Distance Sensor buffer timestamp: 'NoneType' object is not subscriptable
WARNING: 21:18:29 - __main__:  Error updating the Laser Distance Sensor buffer data: 'NoneType' object is not subscriptable
WARNING: 21:18:29 - __main__:  Error updating the Laser Distance Sensor buffer data: 'NoneType' object is not subscriptable
WARNING: 21:18:29 - __main__:  Error updating the Abakus Particle Counter buffer timestamp: 'NoneType' object is not subscriptable
WARNING: 21:18:29 - __main__:  Error updating the Abakus Particle Counter buffer data: 'NoneType' object is not subscriptable
WARNING: 21:18:29 - __main__:  Error updating the Flowmeter buffer timestamp: 'NoneType' object is not subscriptable
WARNING: 21:18:29 - __main__:  Error updating the Flowmeter buffer data: 'NoneType' object is not subscriptable
WARNING: 21:18:29 - __main__:  Error updating the Flowmeter buffer data: 'NoneType' object is not subscriptable
WARNING: 21:18:29 - __main__:  Error updating the Bronkhorst Pressure buffer timestamp: 'NoneType' object is not subscriptable
WARNING: 21:18:29 - __main__:  Error updating the Bronkhorst Pressure buffer data: 'NoneType' object is not subscriptable
WARNING: 21:18:29 - __main__:  Error updating the Bronkhorst Pressure buffer data: 'NoneType' object is not subscriptable
WARNING: 21:18:29 - __main__:  Error updating the Bronkhorst Pressure buffer data: 'NoneType' object is not subscriptable
WARNING: 21:18:29 - __main__:  Error updating the Bronkhorst Pressure buffer data: 'NoneType' object is not subscriptable
INFO: 21:18:35 - main_pipeline.sensor:  Shutting down sensors
INFO: 21:18:35 - sensor_interfaces.sim_instruments:  Abakus measurements stopped
INFO: 21:18:35 - sensor_interfaces.sim_instruments:  Dimetix laser turned off
INFO: 21:18:35 - main_pipeline.sensor:  Finished shutting down sensors
INFO: 21:18:38 - main_pipeline.sensor:  Couldn't find Picarro at port /dev/ttyUSB0, shadowing sensor calls with substitute functions
WARNING: 21:18:38 - main_pipeline.sensor:  Couldn't find Abakus at port /dev/ttyUSB0, shadowing sensor calls with substitute functions
WARNING: 21:18:38 - main_pipeline.sensor:  Couldn't find Flowmeter at port /dev/ttyUSB0 and /dev/ttyUSB0, shadowing sensor calls with substitute functions
WARNING: 21:18:38 - main_pipeline.sensor:  Couldn't find Dimetix laser at port /dev/ttyUSB0, shadowing sensor calls with substitute functions
WARNING: 21:18:38 - main_pipeline.sensor:  Couldn't find Bronkhorst at port /dev/ttyUSB0, shadowing sensor calls with substitute functions
INFO: 21:18:38 - sensor_interfaces.sim_instruments:  Fake hardware, pretending to use serial port /dev/ttyUSB0 with baud 38400
INFO: 21:18:38 - sensor_interfaces.sim_instruments:  Fake hardware, pretending to use serial port /dev/ttyUSB0 with baud 115200
INFO: 21:18:38 - sensor_interfaces.sim_instruments:  Fake hardware, pretending to use serial port /dev/ttyUSB0 with baud 115200
INFO: 21:18:38 - sensor_interfaces.sim_instruments:  Fake hardware, pretending to use serial port /dev/ttyUSB0 with baud 19200
INFO: 21:18:38 - sensor_interfaces.sim_instruments:  Fake hardware, pretending to use serial port /dev/ttyUSB0 with baud 19200
INFO: 21:18:38 - sensor_interfaces.sim_instruments:  Fake hardware, pretending to use serial port /dev/ttyUSB0 with baud 38400
INFO: 21:18:38 - main_pipeline.sensor:  Sensor class initiated
INFO: 21:18:38 - main_pipeline.interpreter:  Interpreter class initiated
INFO: 21:18:38 - main_pipeline.writer:  Display class initiated
INFO: 21:18:40 - main_pipeline.sensor:  Initializing sensors
INFO: 21:18:40 - sensor_interfaces.sim_instruments:  Initializing Abakus
INFO: 21:18:40 - sensor_interfaces.sim_instruments:  Abakus initialized
INFO: 21:18:40 - sensor_interfaces.sim_instruments:  Initializing Picarro
INFO: 21:18:40 - sensor_interfaces.sim_instruments:  Initialized Picarro
INFO: 21:18:40 - sensor_interfaces.sim_instruments:  Initializing Dimetix laser
INFO: 21:18:40 - sensor_interfaces.sim_instruments:  Laser initialized
INFO: 21:18:40 - sensor_interfaces.sim_instruments:  Initializing Bronkhorst
INFO: 21:18:40 - sensor_interfaces.sim_instruments:  Bronkhorst initialized
INFO: 21:18:40 - sensor_interfaces.sim_instruments:  Initializing Flowmeter
INFO: 21:18:40 - sensor_interfaces.sim_instruments:  Flowmeter sli2000 initialized
INFO: 21:18:40 - sensor_interfaces.sim_instruments:  Initializing Flowmeter
INFO: 21:18:40 - sensor_interfaces.sim_instruments:  Flowmeter sls1500 initialized
INFO: 21:18:40 - main_pipeline.sensor:  Finished initializing sensors
WARNING: 21:18:40 - __main__:  Error updating the Picarro Gas buffer timestamp: 'NoneType' object is not subscriptable
WARNING: 21:18:40 - __main__:  Error updating the Picarro Gas buffer data: 'NoneType' object is not subscriptable
WARNING: 21:18:40 - __main__:  Error updating the Picarro Gas buffer data: 'NoneType' object is not subscriptable
WARNING: 21:18:40 - __main__:  Error updating the Picarro Gas buffer data: 'NoneType' object is not subscriptable
WARNING: 21:18:40 - __main__:  Error updating the Picarro Gas buffer data: 'NoneType' object is not subscriptable
WARNING: 21:18:40 - __main__:  Error updating the Laser Distance Sensor buffer timestamp: 'NoneType' object is not subscriptable
WARNING: 21:18:40 - __main__:  Error updating the Laser Distance Sensor buffer data: 'NoneType' object is not subscriptable
WARNING: 21:18:40 - __main__:  Error updating the Laser Distance Sensor buffer data: 'NoneType' object is not subscriptable
WARNING: 21:18:40 - __main__:  Error updating the Abakus Particle Counter buffer timestamp: 'NoneType' object is not subscriptable
WARNING: 21:18:40 - __main__:  Error updating the Abakus Particle Counter buffer data: 'NoneType' object is not subscriptable
WARNING: 21:18:40 - __main__:  Error updating the Flowmeter buffer timestamp: 'NoneType' object is not subscriptable
WARNING: 21:18:40 - __main__:  Error updating the Flowmeter buffer data: 'NoneType' object is not subscriptable
WARNING: 21:18:40 - __main__:  Error updating the Flowmeter buffer data: 'NoneType' object is not subscriptable
WARNING: 21:18:40 - __main__:  Error updating the Bronkhorst Pressure buffer timestamp: 'NoneType' object is not subscriptable
WARNING: 21:18:40 - __main__:  Error updating the Bronkhorst Pressure buffer data: 'NoneType' object is not subscriptable
WARNING: 21:18:40 - __main__:  Error updating the Bronkhorst Pressure buffer data: 'NoneType' object is not subscriptable
WARNING: 21:18:40 - __main__:  Error updating the Bronkhorst Pressure buffer data: 'NoneType' object is not subscriptable
WARNING: 21:18:40 - __main__:  Error updating the Bronkhorst Pressure buffer data: 'NoneType' object is not subscriptable
WARNING: 21:18:42 - __main__:  Error updating the Picarro Gas buffer timestamp: 'NoneType' object is not subscriptable
WARNING: 21:18:42 - __main__:  Error updating the Picarro Gas buffer data: 'NoneType' object is not subscriptable
WARNING: 21:18:42 - __main__:  Error updating the Picarro Gas buffer data: 'NoneType' object is not subscriptable
WARNING: 21:18:42 - __main__:  Error updating the Picarro Gas buffer data: 'NoneType' object is not subscriptable
WARNING: 21:18:42 - __main__:  Error updating the Picarro Gas buffer data: 'NoneType' object is not subscriptable
WARNING: 21:18:42 - __main__:  Error updating the Laser Distance Sensor buffer timestamp: 'NoneType' object is not subscriptable
WARNING: 21:18:42 - __main__:  Error updating the Laser Distance Sensor buffer data: 'NoneType' object is not subscriptable
WARNING: 21:18:42 - __main__:  Error updating the Laser Distance Sensor buffer data: 'NoneType' object is not subscriptable
WARNING: 21:18:42 - __main__:  Error updating the Abakus Particle Counter buffer timestamp: 'NoneType' object is not subscriptable
WARNING: 21:18:42 - __main__:  Error updating the Abakus Particle Counter buffer data: 'NoneType' object is not subscriptable
WARNING: 21:18:42 - __main__:  Error updating the Flowmeter buffer timestamp: 'NoneType' object is not subscriptable
WARNING: 21:18:42 - __main__:  Error updating the Flowmeter buffer data: 'NoneType' object is not subscriptable
WARNING: 21:18:42 - __main__:  Error updating the Flowmeter buffer data: 'NoneType' object is not subscriptable
WARNING: 21:18:42 - __main__:  Error updating the Bronkhorst Pressure buffer timestamp: 'NoneType' object is not subscriptable
WARNING: 21:18:42 - __main__:  Error updating the Bronkhorst Pressure buffer data: 'NoneType' object is not subscriptable
WARNING: 21:18:42 - __main__:  Error updating the Bronkhorst Pressure buffer data: 'NoneType' object is not subscriptable
WARNING: 21:18:42 - __main__:  Error updating the Bronkhorst Pressure buffer data: 'NoneType' object is not subscriptable
WARNING: 21:18:42 - __main__:  Error updating the Bronkhorst Pressure buffer data: 'NoneType' object is not subscriptable
WARNING: 21:18:43 - __main__:  Error updating the Picarro Gas buffer timestamp: 'NoneType' object is not subscriptable
WARNING: 21:18:43 - __main__:  Error updating the Picarro Gas buffer data: 'NoneType' object is not subscriptable
WARNING: 21:18:43 - __main__:  Error updating the Picarro Gas buffer data: 'NoneType' object is not subscriptable
WARNING: 21:18:43 - __main__:  Error updating the Picarro Gas buffer data: 'NoneType' object is not subscriptable
WARNING: 21:18:43 - __main__:  Error updating the Picarro Gas buffer data: 'NoneType' object is not subscriptable
WARNING: 21:18:43 - __main__:  Error updating the Laser Distance Sensor buffer timestamp: 'NoneType' object is not subscriptable
WARNING: 21:18:43 - __main__:  Error updating the Laser Distance Sensor buffer data: 'NoneType' object is not subscriptable
WARNING: 21:18:43 - __main__:  Error updating the Laser Distance Sensor buffer data: 'NoneType' object is not subscriptable
WARNING: 21:18:43 - __main__:  Error updating the Abakus Particle Counter buffer timestamp: 'NoneType' object is not subscriptable
WARNING: 21:18:43 - __main__:  Error updating the Abakus Particle Counter buffer data: 'NoneType' object is not subscriptable
WARNING: 21:18:43 - __main__:  Error updating the Flowmeter buffer timestamp: 'NoneType' object is not subscriptable
WARNING: 21:18:43 - __main__:  Error updating the Flowmeter buffer data: 'NoneType' object is not subscriptable
WARNING: 21:18:43 - __main__:  Error updating the Flowmeter buffer data: 'NoneType' object is not subscriptable
WARNING: 21:18:43 - __main__:  Error updating the Bronkhorst Pressure buffer timestamp: 'NoneType' object is not subscriptable
WARNING: 21:18:43 - __main__:  Error updating the Bronkhorst Pressure buffer data: 'NoneType' object is not subscriptable
WARNING: 21:18:43 - __main__:  Error updating the Bronkhorst Pressure buffer data: 'NoneType' object is not subscriptable
WARNING: 21:18:43 - __main__:  Error updating the Bronkhorst Pressure buffer data: 'NoneType' object is not subscriptable
WARNING: 21:18:43 - __main__:  Error updating the Bronkhorst Pressure buffer data: 'NoneType' object is not subscriptable
WARNING: 21:18:44 - __main__:  Error updating the Picarro Gas buffer timestamp: 'NoneType' object is not subscriptable
WARNING: 21:18:44 - __main__:  Error updating the Picarro Gas buffer data: 'NoneType' object is not subscriptable
WARNING: 21:18:44 - __main__:  Error updating the Picarro Gas buffer data: 'NoneType' object is not subscriptable
WARNING: 21:18:44 - __main__:  Error updating the Picarro Gas buffer data: 'NoneType' object is not subscriptable
WARNING: 21:18:44 - __main__:  Error updating the Picarro Gas buffer data: 'NoneType' object is not subscriptable
WARNING: 21:18:44 - __main__:  Error updating the Laser Distance Sensor buffer timestamp: 'NoneType' object is not subscriptable
WARNING: 21:18:44 - __main__:  Error updating the Laser Distance Sensor buffer data: 'NoneType' object is not subscriptable
WARNING: 21:18:44 - __main__:  Error updating the Laser Distance Sensor buffer data: 'NoneType' object is not subscriptable
WARNING: 21:18:44 - __main__:  Error updating the Abakus Particle Counter buffer timestamp: 'NoneType' object is not subscriptable
WARNING: 21:18:44 - __main__:  Error updating the Abakus Particle Counter buffer data: 'NoneType' object is not subscriptable
WARNING: 21:18:44 - __main__:  Error updating the Flowmeter buffer timestamp: 'NoneType' object is not subscriptable
WARNING: 21:18:44 - __main__:  Error updating the Flowmeter buffer data: 'NoneType' object is not subscriptable
WARNING: 21:18:44 - __main__:  Error updating the Flowmeter buffer data: 'NoneType' object is not subscriptable
WARNING: 21:18:44 - __main__:  Error updating the Bronkhorst Pressure buffer timestamp: 'NoneType' object is not subscriptable
WARNING: 21:18:44 - __main__:  Error updating the Bronkhorst Pressure buffer data: 'NoneType' object is not subscriptable
WARNING: 21:18:44 - __main__:  Error updating the Bronkhorst Pressure buffer data: 'NoneType' object is not subscriptable
WARNING: 21:18:44 - __main__:  Error updating the Bronkhorst Pressure buffer data: 'NoneType' object is not subscriptable
WARNING: 21:18:44 - __main__:  Error updating the Bronkhorst Pressure buffer data: 'NoneType' object is not subscriptable
WARNING: 21:18:45 - __main__:  Error updating the Picarro Gas buffer timestamp: 'NoneType' object is not subscriptable
WARNING: 21:18:45 - __main__:  Error updating the Picarro Gas buffer data: 'NoneType' object is not subscriptable
WARNING: 21:18:45 - __main__:  Error updating the Picarro Gas buffer data: 'NoneType' object is not subscriptable
WARNING: 21:18:45 - __main__:  Error updating the Picarro Gas buffer data: 'NoneType' object is not subscriptable
WARNING: 21:18:45 - __main__:  Error updating the Picarro Gas buffer data: 'NoneType' object is not subscriptable
WARNING: 21:18:45 - __main__:  Error updating the Laser Distance Sensor buffer timestamp: 'NoneType' object is not subscriptable
WARNING: 21:18:45 - __main__:  Error updating the Laser Distance Sensor buffer data: 'NoneType' object is not subscriptable
WARNING: 21:18:45 - __main__:  Error updating the Laser Distance Sensor buffer data: 'NoneType' object is not subscriptable
WARNING: 21:18:45 - __main__:  Error updating the Abakus Particle Counter buffer timestamp: 'NoneType' object is not subscriptable
WARNING: 21:18:45 - __main__:  Error updating the Abakus Particle Counter buffer data: 'NoneType' object is not subscriptable
WARNING: 21:18:45 - __main__:  Error updating the Flowmeter buffer timestamp: 'NoneType' object is not subscriptable
WARNING: 21:18:45 - __main__:  Error updating the Flowmeter buffer data: 'NoneType' object is not subscriptable
WARNING: 21:18:45 - __main__:  Error updating the Flowmeter buffer data: 'NoneType' object is not subscriptable
WARNING: 21:18:45 - __main__:  Error updating the Bronkhorst Pressure buffer timestamp: 'NoneType' object is not subscriptable
WARNING: 21:18:45 - __main__:  Error updating the Bronkhorst Pressure buffer data: 'NoneType' object is not subscriptable
WARNING: 21:18:45 - __main__:  Error updating the Bronkhorst Pressure buffer data: 'NoneType' object is not subscriptable
WARNING: 21:18:45 - __main__:  Error updating the Bronkhorst Pressure buffer data: 'NoneType' object is not subscriptable
WARNING: 21:18:45 - __main__:  Error updating the Bronkhorst Pressure buffer data: 'NoneType' object is not subscriptable
INFO: 21:18:48 - main_pipeline.sensor:  Shutting down sensors
INFO: 21:18:48 - sensor_interfaces.sim_instruments:  Abakus measurements stopped
INFO: 21:18:48 - sensor_interfaces.sim_instruments:  Dimetix laser turned off
INFO: 21:18:48 - main_pipeline.sensor:  Finished shutting down sensors
INFO: 21:19:16 - main_pipeline.sensor:  Couldn't find Picarro at port /dev/ttyUSB0, shadowing sensor calls with substitute functions
WARNING: 21:19:16 - main_pipeline.sensor:  Couldn't find Abakus at port /dev/ttyUSB0, shadowing sensor calls with substitute functions
WARNING: 21:19:16 - main_pipeline.sensor:  Couldn't find Flowmeter at port /dev/ttyUSB0 and /dev/ttyUSB0, shadowing sensor calls with substitute functions
WARNING: 21:19:16 - main_pipeline.sensor:  Couldn't find Dimetix laser at port /dev/ttyUSB0, shadowing sensor calls with substitute functions
WARNING: 21:19:16 - main_pipeline.sensor:  Couldn't find Bronkhorst at port /dev/ttyUSB0, shadowing sensor calls with substitute functions
INFO: 21:19:16 - sensor_interfaces.sim_instruments:  Fake hardware, pretending to use serial port /dev/ttyUSB0 with baud 38400
INFO: 21:19:16 - sensor_interfaces.sim_instruments:  Fake hardware, pretending to use serial port /dev/ttyUSB0 with baud 115200
INFO: 21:19:16 - sensor_interfaces.sim_instruments:  Fake hardware, pretending to use serial port /dev/ttyUSB0 with baud 115200
INFO: 21:19:16 - sensor_interfaces.sim_instruments:  Fake hardware, pretending to use serial port /dev/ttyUSB0 with baud 19200
INFO: 21:19:16 - sensor_interfaces.sim_instruments:  Fake hardware, pretending to use serial port /dev/ttyUSB0 with baud 19200
INFO: 21:19:16 - sensor_interfaces.sim_instruments:  Fake hardware, pretending to use serial port /dev/ttyUSB0 with baud 38400
INFO: 21:19:16 - main_pipeline.sensor:  Sensor class initiated
INFO: 21:19:16 - main_pipeline.interpreter:  Interpreter class initiated
INFO: 21:19:16 - main_pipeline.writer:  Display class initiated
INFO: 21:19:22 - main_pipeline.sensor:  Initializing sensors
INFO: 21:19:22 - sensor_interfaces.sim_instruments:  Initializing Abakus
INFO: 21:19:22 - sensor_interfaces.sim_instruments:  Abakus initialized
INFO: 21:19:22 - sensor_interfaces.sim_instruments:  Initializing Picarro
INFO: 21:19:22 - sensor_interfaces.sim_instruments:  Initialized Picarro
INFO: 21:19:22 - sensor_interfaces.sim_instruments:  Initializing Dimetix laser
INFO: 21:19:22 - sensor_interfaces.sim_instruments:  Laser initialized
INFO: 21:19:22 - sensor_interfaces.sim_instruments:  Initializing Bronkhorst
INFO: 21:19:22 - sensor_interfaces.sim_instruments:  Bronkhorst initialized
INFO: 21:19:22 - sensor_interfaces.sim_instruments:  Initializing Flowmeter
INFO: 21:19:22 - sensor_interfaces.sim_instruments:  Flowmeter sli2000 initialized
INFO: 21:19:22 - sensor_interfaces.sim_instruments:  Initializing Flowmeter
INFO: 21:19:22 - sensor_interfaces.sim_instruments:  Flowmeter sls1500 initialized
INFO: 21:19:22 - main_pipeline.sensor:  Finished initializing sensors
WARNING: 21:19:23 - __main__:  Error updating the Picarro Gas buffer timestamp: 'NoneType' object is not subscriptable
WARNING: 21:19:23 - __main__:  Error updating the Picarro Gas buffer data: 'NoneType' object is not subscriptable
WARNING: 21:19:23 - __main__:  Error updating the Picarro Gas buffer data: 'NoneType' object is not subscriptable
WARNING: 21:19:23 - __main__:  Error updating the Picarro Gas buffer data: 'NoneType' object is not subscriptable
WARNING: 21:19:23 - __main__:  Error updating the Picarro Gas buffer data: 'NoneType' object is not subscriptable
WARNING: 21:19:23 - __main__:  Error updating the Laser Distance Sensor buffer timestamp: 'NoneType' object is not subscriptable
WARNING: 21:19:23 - __main__:  Error updating the Laser Distance Sensor buffer data: 'NoneType' object is not subscriptable
WARNING: 21:19:23 - __main__:  Error updating the Laser Distance Sensor buffer data: 'NoneType' object is not subscriptable
WARNING: 21:19:23 - __main__:  Error updating the Abakus Particle Counter buffer timestamp: 'NoneType' object is not subscriptable
WARNING: 21:19:23 - __main__:  Error updating the Abakus Particle Counter buffer data: 'NoneType' object is not subscriptable
WARNING: 21:19:23 - __main__:  Error updating the Flowmeter buffer timestamp: 'NoneType' object is not subscriptable
WARNING: 21:19:23 - __main__:  Error updating the Flowmeter buffer data: 'NoneType' object is not subscriptable
WARNING: 21:19:23 - __main__:  Error updating the Flowmeter buffer data: 'NoneType' object is not subscriptable
WARNING: 21:19:23 - __main__:  Error updating the Bronkhorst Pressure buffer timestamp: 'NoneType' object is not subscriptable
WARNING: 21:19:23 - __main__:  Error updating the Bronkhorst Pressure buffer data: 'NoneType' object is not subscriptable
WARNING: 21:19:23 - __main__:  Error updating the Bronkhorst Pressure buffer data: 'NoneType' object is not subscriptable
WARNING: 21:19:23 - __main__:  Error updating the Bronkhorst Pressure buffer data: 'NoneType' object is not subscriptable
WARNING: 21:19:23 - __main__:  Error updating the Bronkhorst Pressure buffer data: 'NoneType' object is not subscriptable
WARNING: 21:19:24 - __main__:  Error updating the Picarro Gas buffer timestamp: 'NoneType' object is not subscriptable
WARNING: 21:19:24 - __main__:  Error updating the Picarro Gas buffer data: 'NoneType' object is not subscriptable
WARNING: 21:19:24 - __main__:  Error updating the Picarro Gas buffer data: 'NoneType' object is not subscriptable
WARNING: 21:19:24 - __main__:  Error updating the Picarro Gas buffer data: 'NoneType' object is not subscriptable
WARNING: 21:19:24 - __main__:  Error updating the Picarro Gas buffer data: 'NoneType' object is not subscriptable
WARNING: 21:19:24 - __main__:  Error updating the Laser Distance Sensor buffer timestamp: 'NoneType' object is not subscriptable
WARNING: 21:19:24 - __main__:  Error updating the Laser Distance Sensor buffer data: 'NoneType' object is not subscriptable
WARNING: 21:19:24 - __main__:  Error updating the Laser Distance Sensor buffer data: 'NoneType' object is not subscriptable
WARNING: 21:19:24 - __main__:  Error updating the Abakus Particle Counter buffer timestamp: 'NoneType' object is not subscriptable
WARNING: 21:19:24 - __main__:  Error updating the Abakus Particle Counter buffer data: 'NoneType' object is not subscriptable
WARNING: 21:19:24 - __main__:  Error updating the Flowmeter buffer timestamp: 'NoneType' object is not subscriptable
WARNING: 21:19:24 - __main__:  Error updating the Flowmeter buffer data: 'NoneType' object is not subscriptable
WARNING: 21:19:24 - __main__:  Error updating the Flowmeter buffer data: 'NoneType' object is not subscriptable
WARNING: 21:19:24 - __main__:  Error updating the Bronkhorst Pressure buffer timestamp: 'NoneType' object is not subscriptable
WARNING: 21:19:24 - __main__:  Error updating the Bronkhorst Pressure buffer data: 'NoneType' object is not subscriptable
WARNING: 21:19:24 - __main__:  Error updating the Bronkhorst Pressure buffer data: 'NoneType' object is not subscriptable
WARNING: 21:19:24 - __main__:  Error updating the Bronkhorst Pressure buffer data: 'NoneType' object is not subscriptable
WARNING: 21:19:24 - __main__:  Error updating the Bronkhorst Pressure buffer data: 'NoneType' object is not subscriptable
WARNING: 21:19:25 - __main__:  Error updating the Picarro Gas buffer timestamp: 'NoneType' object is not subscriptable
WARNING: 21:19:25 - __main__:  Error updating the Picarro Gas buffer data: 'NoneType' object is not subscriptable
WARNING: 21:19:25 - __main__:  Error updating the Picarro Gas buffer data: 'NoneType' object is not subscriptable
WARNING: 21:19:25 - __main__:  Error updating the Picarro Gas buffer data: 'NoneType' object is not subscriptable
WARNING: 21:19:25 - __main__:  Error updating the Picarro Gas buffer data: 'NoneType' object is not subscriptable
WARNING: 21:19:25 - __main__:  Error updating the Laser Distance Sensor buffer timestamp: 'NoneType' object is not subscriptable
WARNING: 21:19:25 - __main__:  Error updating the Laser Distance Sensor buffer data: 'NoneType' object is not subscriptable
WARNING: 21:19:25 - __main__:  Error updating the Laser Distance Sensor buffer data: 'NoneType' object is not subscriptable
WARNING: 21:19:25 - __main__:  Error updating the Abakus Particle Counter buffer timestamp: 'NoneType' object is not subscriptable
WARNING: 21:19:25 - __main__:  Error updating the Abakus Particle Counter buffer data: 'NoneType' object is not subscriptable
WARNING: 21:19:25 - __main__:  Error updating the Flowmeter buffer timestamp: 'NoneType' object is not subscriptable
WARNING: 21:19:25 - __main__:  Error updating the Flowmeter buffer data: 'NoneType' object is not subscriptable
WARNING: 21:19:25 - __main__:  Error updating the Flowmeter buffer data: 'NoneType' object is not subscriptable
WARNING: 21:19:25 - __main__:  Error updating the Bronkhorst Pressure buffer timestamp: 'NoneType' object is not subscriptable
WARNING: 21:19:25 - __main__:  Error updating the Bronkhorst Pressure buffer data: 'NoneType' object is not subscriptable
WARNING: 21:19:25 - __main__:  Error updating the Bronkhorst Pressure buffer data: 'NoneType' object is not subscriptable
WARNING: 21:19:25 - __main__:  Error updating the Bronkhorst Pressure buffer data: 'NoneType' object is not subscriptable
WARNING: 21:19:25 - __main__:  Error updating the Bronkhorst Pressure buffer data: 'NoneType' object is not subscriptable
WARNING: 21:19:26 - __main__:  Error updating the Picarro Gas buffer timestamp: 'NoneType' object is not subscriptable
WARNING: 21:19:26 - __main__:  Error updating the Picarro Gas buffer data: 'NoneType' object is not subscriptable
WARNING: 21:19:26 - __main__:  Error updating the Picarro Gas buffer data: 'NoneType' object is not subscriptable
WARNING: 21:19:26 - __main__:  Error updating the Picarro Gas buffer data: 'NoneType' object is not subscriptable
WARNING: 21:19:26 - __main__:  Error updating the Picarro Gas buffer data: 'NoneType' object is not subscriptable
WARNING: 21:19:26 - __main__:  Error updating the Laser Distance Sensor buffer timestamp: 'NoneType' object is not subscriptable
WARNING: 21:19:26 - __main__:  Error updating the Laser Distance Sensor buffer data: 'NoneType' object is not subscriptable
WARNING: 21:19:26 - __main__:  Error updating the Laser Distance Sensor buffer data: 'NoneType' object is not subscriptable
WARNING: 21:19:26 - __main__:  Error updating the Abakus Particle Counter buffer timestamp: 'NoneType' object is not subscriptable
WARNING: 21:19:26 - __main__:  Error updating the Abakus Particle Counter buffer data: 'NoneType' object is not subscriptable
WARNING: 21:19:26 - __main__:  Error updating the Flowmeter buffer timestamp: 'NoneType' object is not subscriptable
WARNING: 21:19:26 - __main__:  Error updating the Flowmeter buffer data: 'NoneType' object is not subscriptable
WARNING: 21:19:26 - __main__:  Error updating the Flowmeter buffer data: 'NoneType' object is not subscriptable
WARNING: 21:19:26 - __main__:  Error updating the Bronkhorst Pressure buffer timestamp: 'NoneType' object is not subscriptable
WARNING: 21:19:26 - __main__:  Error updating the Bronkhorst Pressure buffer data: 'NoneType' object is not subscriptable
WARNING: 21:19:26 - __main__:  Error updating the Bronkhorst Pressure buffer data: 'NoneType' object is not subscriptable
WARNING: 21:19:26 - __main__:  Error updating the Bronkhorst Pressure buffer data: 'NoneType' object is not subscriptable
WARNING: 21:19:26 - __main__:  Error updating the Bronkhorst Pressure buffer data: 'NoneType' object is not subscriptable
WARNING: 21:19:27 - __main__:  Error updating the Picarro Gas buffer timestamp: 'NoneType' object is not subscriptable
WARNING: 21:19:27 - __main__:  Error updating the Picarro Gas buffer data: 'NoneType' object is not subscriptable
WARNING: 21:19:27 - __main__:  Error updating the Picarro Gas buffer data: 'NoneType' object is not subscriptable
WARNING: 21:19:27 - __main__:  Error updating the Picarro Gas buffer data: 'NoneType' object is not subscriptable
WARNING: 21:19:27 - __main__:  Error updating the Picarro Gas buffer data: 'NoneType' object is not subscriptable
WARNING: 21:19:27 - __main__:  Error updating the Laser Distance Sensor buffer timestamp: 'NoneType' object is not subscriptable
WARNING: 21:19:27 - __main__:  Error updating the Laser Distance Sensor buffer data: 'NoneType' object is not subscriptable
WARNING: 21:19:27 - __main__:  Error updating the Laser Distance Sensor buffer data: 'NoneType' object is not subscriptable
WARNING: 21:19:27 - __main__:  Error updating the Abakus Particle Counter buffer timestamp: 'NoneType' object is not subscriptable
WARNING: 21:19:27 - __main__:  Error updating the Abakus Particle Counter buffer data: 'NoneType' object is not subscriptable
WARNING: 21:19:27 - __main__:  Error updating the Flowmeter buffer timestamp: 'NoneType' object is not subscriptable
WARNING: 21:19:27 - __main__:  Error updating the Flowmeter buffer data: 'NoneType' object is not subscriptable
WARNING: 21:19:27 - __main__:  Error updating the Flowmeter buffer data: 'NoneType' object is not subscriptable
WARNING: 21:19:27 - __main__:  Error updating the Bronkhorst Pressure buffer timestamp: 'NoneType' object is not subscriptable
WARNING: 21:19:27 - __main__:  Error updating the Bronkhorst Pressure buffer data: 'NoneType' object is not subscriptable
WARNING: 21:19:27 - __main__:  Error updating the Bronkhorst Pressure buffer data: 'NoneType' object is not subscriptable
WARNING: 21:19:27 - __main__:  Error updating the Bronkhorst Pressure buffer data: 'NoneType' object is not subscriptable
WARNING: 21:19:27 - __main__:  Error updating the Bronkhorst Pressure buffer data: 'NoneType' object is not subscriptable
WARNING: 21:19:28 - __main__:  Error updating the Picarro Gas buffer timestamp: 'NoneType' object is not subscriptable
WARNING: 21:19:28 - __main__:  Error updating the Picarro Gas buffer data: 'NoneType' object is not subscriptable
WARNING: 21:19:28 - __main__:  Error updating the Picarro Gas buffer data: 'NoneType' object is not subscriptable
WARNING: 21:19:28 - __main__:  Error updating the Picarro Gas buffer data: 'NoneType' object is not subscriptable
WARNING: 21:19:28 - __main__:  Error updating the Picarro Gas buffer data: 'NoneType' object is not subscriptable
WARNING: 21:19:28 - __main__:  Error updating the Laser Distance Sensor buffer timestamp: 'NoneType' object is not subscriptable
WARNING: 21:19:28 - __main__:  Error updating the Laser Distance Sensor buffer data: 'NoneType' object is not subscriptable
WARNING: 21:19:28 - __main__:  Error updating the Laser Distance Sensor buffer data: 'NoneType' object is not subscriptable
WARNING: 21:19:28 - __main__:  Error updating the Abakus Particle Counter buffer timestamp: 'NoneType' object is not subscriptable
WARNING: 21:19:28 - __main__:  Error updating the Abakus Particle Counter buffer data: 'NoneType' object is not subscriptable
WARNING: 21:19:28 - __main__:  Error updating the Flowmeter buffer timestamp: 'NoneType' object is not subscriptable
WARNING: 21:19:28 - __main__:  Error updating the Flowmeter buffer data: 'NoneType' object is not subscriptable
WARNING: 21:19:28 - __main__:  Error updating the Flowmeter buffer data: 'NoneType' object is not subscriptable
WARNING: 21:19:28 - __main__:  Error updating the Bronkhorst Pressure buffer timestamp: 'NoneType' object is not subscriptable
WARNING: 21:19:28 - __main__:  Error updating the Bronkhorst Pressure buffer data: 'NoneType' object is not subscriptable
WARNING: 21:19:28 - __main__:  Error updating the Bronkhorst Pressure buffer data: 'NoneType' object is not subscriptable
WARNING: 21:19:28 - __main__:  Error updating the Bronkhorst Pressure buffer data: 'NoneType' object is not subscriptable
WARNING: 21:19:28 - __main__:  Error updating the Bronkhorst Pressure buffer data: 'NoneType' object is not subscriptable
INFO: 21:19:32 - main_pipeline.sensor:  Shutting down sensors
INFO: 21:19:32 - sensor_interfaces.sim_instruments:  Abakus measurements stopped
INFO: 21:19:32 - sensor_interfaces.sim_instruments:  Dimetix laser turned off
INFO: 21:19:32 - main_pipeline.sensor:  Finished shutting down sensors
INFO: 21:19:46 - main_pipeline.sensor:  Couldn't find Picarro at port /dev/ttyUSB0, shadowing sensor calls with substitute functions
WARNING: 21:19:46 - main_pipeline.sensor:  Couldn't find Abakus at port /dev/ttyUSB0, shadowing sensor calls with substitute functions
WARNING: 21:19:46 - main_pipeline.sensor:  Couldn't find Flowmeter at port /dev/ttyUSB0 and /dev/ttyUSB0, shadowing sensor calls with substitute functions
WARNING: 21:19:46 - main_pipeline.sensor:  Couldn't find Dimetix laser at port /dev/ttyUSB0, shadowing sensor calls with substitute functions
WARNING: 21:19:46 - main_pipeline.sensor:  Couldn't find Bronkhorst at port /dev/ttyUSB0, shadowing sensor calls with substitute functions
INFO: 21:19:46 - sensor_interfaces.sim_instruments:  Fake hardware, pretending to use serial port /dev/ttyUSB0 with baud 38400
INFO: 21:19:46 - sensor_interfaces.sim_instruments:  Fake hardware, pretending to use serial port /dev/ttyUSB0 with baud 115200
INFO: 21:19:46 - sensor_interfaces.sim_instruments:  Fake hardware, pretending to use serial port /dev/ttyUSB0 with baud 115200
INFO: 21:19:46 - sensor_interfaces.sim_instruments:  Fake hardware, pretending to use serial port /dev/ttyUSB0 with baud 19200
INFO: 21:19:46 - sensor_interfaces.sim_instruments:  Fake hardware, pretending to use serial port /dev/ttyUSB0 with baud 19200
INFO: 21:19:46 - sensor_interfaces.sim_instruments:  Fake hardware, pretending to use serial port /dev/ttyUSB0 with baud 38400
INFO: 21:19:46 - main_pipeline.sensor:  Sensor class initiated
INFO: 21:19:46 - main_pipeline.interpreter:  Interpreter class initiated
INFO: 21:19:46 - main_pipeline.writer:  Display class initiated
INFO: 21:19:48 - main_pipeline.sensor:  Initializing sensors
INFO: 21:19:48 - sensor_interfaces.sim_instruments:  Initializing Abakus
INFO: 21:19:48 - sensor_interfaces.sim_instruments:  Abakus initialized
INFO: 21:19:48 - sensor_interfaces.sim_instruments:  Initializing Picarro
INFO: 21:19:48 - sensor_interfaces.sim_instruments:  Initialized Picarro
INFO: 21:19:48 - sensor_interfaces.sim_instruments:  Initializing Dimetix laser
INFO: 21:19:48 - sensor_interfaces.sim_instruments:  Laser initialized
INFO: 21:19:48 - sensor_interfaces.sim_instruments:  Initializing Bronkhorst
INFO: 21:19:48 - sensor_interfaces.sim_instruments:  Bronkhorst initialized
INFO: 21:19:48 - sensor_interfaces.sim_instruments:  Initializing Flowmeter
INFO: 21:19:48 - sensor_interfaces.sim_instruments:  Flowmeter sli2000 initialized
INFO: 21:19:48 - sensor_interfaces.sim_instruments:  Initializing Flowmeter
INFO: 21:19:48 - sensor_interfaces.sim_instruments:  Flowmeter sls1500 initialized
INFO: 21:19:48 - main_pipeline.sensor:  Finished initializing sensors
WARNING: 21:19:50 - __main__:  Error updating the Picarro Gas buffer timestamp: 'NoneType' object is not subscriptable
WARNING: 21:19:50 - __main__:  Error updating the Picarro Gas buffer data: 'NoneType' object is not subscriptable
WARNING: 21:19:50 - __main__:  Error updating the Picarro Gas buffer data: 'NoneType' object is not subscriptable
WARNING: 21:19:50 - __main__:  Error updating the Picarro Gas buffer data: 'NoneType' object is not subscriptable
WARNING: 21:19:50 - __main__:  Error updating the Picarro Gas buffer data: 'NoneType' object is not subscriptable
WARNING: 21:19:50 - __main__:  Error updating the Laser Distance Sensor buffer timestamp: 'NoneType' object is not subscriptable
WARNING: 21:19:50 - __main__:  Error updating the Laser Distance Sensor buffer data: 'NoneType' object is not subscriptable
WARNING: 21:19:50 - __main__:  Error updating the Laser Distance Sensor buffer data: 'NoneType' object is not subscriptable
WARNING: 21:19:50 - __main__:  Error updating the Abakus Particle Counter buffer timestamp: 'NoneType' object is not subscriptable
WARNING: 21:19:50 - __main__:  Error updating the Abakus Particle Counter buffer data: 'NoneType' object is not subscriptable
WARNING: 21:19:50 - __main__:  Error updating the Flowmeter buffer timestamp: 'NoneType' object is not subscriptable
WARNING: 21:19:50 - __main__:  Error updating the Flowmeter buffer data: 'NoneType' object is not subscriptable
WARNING: 21:19:50 - __main__:  Error updating the Flowmeter buffer data: 'NoneType' object is not subscriptable
WARNING: 21:19:50 - __main__:  Error updating the Bronkhorst Pressure buffer timestamp: 'NoneType' object is not subscriptable
WARNING: 21:19:50 - __main__:  Error updating the Bronkhorst Pressure buffer data: 'NoneType' object is not subscriptable
WARNING: 21:19:50 - __main__:  Error updating the Bronkhorst Pressure buffer data: 'NoneType' object is not subscriptable
WARNING: 21:19:50 - __main__:  Error updating the Bronkhorst Pressure buffer data: 'NoneType' object is not subscriptable
WARNING: 21:19:50 - __main__:  Error updating the Bronkhorst Pressure buffer data: 'NoneType' object is not subscriptable
WARNING: 21:19:51 - __main__:  Error updating the Picarro Gas buffer timestamp: 'NoneType' object is not subscriptable
WARNING: 21:19:51 - __main__:  Error updating the Picarro Gas buffer data: 'NoneType' object is not subscriptable
WARNING: 21:19:51 - __main__:  Error updating the Picarro Gas buffer data: 'NoneType' object is not subscriptable
WARNING: 21:19:51 - __main__:  Error updating the Picarro Gas buffer data: 'NoneType' object is not subscriptable
WARNING: 21:19:51 - __main__:  Error updating the Picarro Gas buffer data: 'NoneType' object is not subscriptable
WARNING: 21:19:51 - __main__:  Error updating the Laser Distance Sensor buffer timestamp: 'NoneType' object is not subscriptable
WARNING: 21:19:51 - __main__:  Error updating the Laser Distance Sensor buffer data: 'NoneType' object is not subscriptable
WARNING: 21:19:51 - __main__:  Error updating the Laser Distance Sensor buffer data: 'NoneType' object is not subscriptable
WARNING: 21:19:51 - __main__:  Error updating the Abakus Particle Counter buffer timestamp: 'NoneType' object is not subscriptable
WARNING: 21:19:51 - __main__:  Error updating the Abakus Particle Counter buffer data: 'NoneType' object is not subscriptable
WARNING: 21:19:51 - __main__:  Error updating the Flowmeter buffer timestamp: 'NoneType' object is not subscriptable
WARNING: 21:19:51 - __main__:  Error updating the Flowmeter buffer data: 'NoneType' object is not subscriptable
WARNING: 21:19:51 - __main__:  Error updating the Flowmeter buffer data: 'NoneType' object is not subscriptable
WARNING: 21:19:51 - __main__:  Error updating the Bronkhorst Pressure buffer timestamp: 'NoneType' object is not subscriptable
WARNING: 21:19:51 - __main__:  Error updating the Bronkhorst Pressure buffer data: 'NoneType' object is not subscriptable
WARNING: 21:19:51 - __main__:  Error updating the Bronkhorst Pressure buffer data: 'NoneType' object is not subscriptable
WARNING: 21:19:51 - __main__:  Error updating the Bronkhorst Pressure buffer data: 'NoneType' object is not subscriptable
WARNING: 21:19:51 - __main__:  Error updating the Bronkhorst Pressure buffer data: 'NoneType' object is not subscriptable
WARNING: 21:19:52 - __main__:  Error updating the Picarro Gas buffer timestamp: 'NoneType' object is not subscriptable
WARNING: 21:19:52 - __main__:  Error updating the Picarro Gas buffer data: 'NoneType' object is not subscriptable
WARNING: 21:19:52 - __main__:  Error updating the Picarro Gas buffer data: 'NoneType' object is not subscriptable
WARNING: 21:19:52 - __main__:  Error updating the Picarro Gas buffer data: 'NoneType' object is not subscriptable
WARNING: 21:19:52 - __main__:  Error updating the Picarro Gas buffer data: 'NoneType' object is not subscriptable
WARNING: 21:19:52 - __main__:  Error updating the Laser Distance Sensor buffer timestamp: 'NoneType' object is not subscriptable
WARNING: 21:19:52 - __main__:  Error updating the Laser Distance Sensor buffer data: 'NoneType' object is not subscriptable
WARNING: 21:19:52 - __main__:  Error updating the Laser Distance Sensor buffer data: 'NoneType' object is not subscriptable
WARNING: 21:19:52 - __main__:  Error updating the Abakus Particle Counter buffer timestamp: 'NoneType' object is not subscriptable
WARNING: 21:19:52 - __main__:  Error updating the Abakus Particle Counter buffer data: 'NoneType' object is not subscriptable
WARNING: 21:19:52 - __main__:  Error updating the Flowmeter buffer timestamp: 'NoneType' object is not subscriptable
WARNING: 21:19:52 - __main__:  Error updating the Flowmeter buffer data: 'NoneType' object is not subscriptable
WARNING: 21:19:52 - __main__:  Error updating the Flowmeter buffer data: 'NoneType' object is not subscriptable
WARNING: 21:19:52 - __main__:  Error updating the Bronkhorst Pressure buffer timestamp: 'NoneType' object is not subscriptable
WARNING: 21:19:52 - __main__:  Error updating the Bronkhorst Pressure buffer data: 'NoneType' object is not subscriptable
WARNING: 21:19:52 - __main__:  Error updating the Bronkhorst Pressure buffer data: 'NoneType' object is not subscriptable
WARNING: 21:19:52 - __main__:  Error updating the Bronkhorst Pressure buffer data: 'NoneType' object is not subscriptable
WARNING: 21:19:52 - __main__:  Error updating the Bronkhorst Pressure buffer data: 'NoneType' object is not subscriptable
WARNING: 21:19:53 - __main__:  Error updating the Picarro Gas buffer timestamp: 'NoneType' object is not subscriptable
WARNING: 21:19:53 - __main__:  Error updating the Picarro Gas buffer data: 'NoneType' object is not subscriptable
WARNING: 21:19:53 - __main__:  Error updating the Picarro Gas buffer data: 'NoneType' object is not subscriptable
WARNING: 21:19:53 - __main__:  Error updating the Picarro Gas buffer data: 'NoneType' object is not subscriptable
WARNING: 21:19:53 - __main__:  Error updating the Picarro Gas buffer data: 'NoneType' object is not subscriptable
WARNING: 21:19:53 - __main__:  Error updating the Laser Distance Sensor buffer timestamp: 'NoneType' object is not subscriptable
WARNING: 21:19:53 - __main__:  Error updating the Laser Distance Sensor buffer data: 'NoneType' object is not subscriptable
WARNING: 21:19:53 - __main__:  Error updating the Laser Distance Sensor buffer data: 'NoneType' object is not subscriptable
WARNING: 21:19:53 - __main__:  Error updating the Abakus Particle Counter buffer timestamp: 'NoneType' object is not subscriptable
WARNING: 21:19:53 - __main__:  Error updating the Abakus Particle Counter buffer data: 'NoneType' object is not subscriptable
WARNING: 21:19:53 - __main__:  Error updating the Flowmeter buffer timestamp: 'NoneType' object is not subscriptable
WARNING: 21:19:53 - __main__:  Error updating the Flowmeter buffer data: 'NoneType' object is not subscriptable
WARNING: 21:19:53 - __main__:  Error updating the Flowmeter buffer data: 'NoneType' object is not subscriptable
WARNING: 21:19:53 - __main__:  Error updating the Bronkhorst Pressure buffer timestamp: 'NoneType' object is not subscriptable
WARNING: 21:19:53 - __main__:  Error updating the Bronkhorst Pressure buffer data: 'NoneType' object is not subscriptable
WARNING: 21:19:53 - __main__:  Error updating the Bronkhorst Pressure buffer data: 'NoneType' object is not subscriptable
WARNING: 21:19:53 - __main__:  Error updating the Bronkhorst Pressure buffer data: 'NoneType' object is not subscriptable
WARNING: 21:19:53 - __main__:  Error updating the Bronkhorst Pressure buffer data: 'NoneType' object is not subscriptable
WARNING: 21:19:54 - __main__:  Error updating the Picarro Gas buffer timestamp: 'NoneType' object is not subscriptable
WARNING: 21:19:54 - __main__:  Error updating the Picarro Gas buffer data: 'NoneType' object is not subscriptable
WARNING: 21:19:54 - __main__:  Error updating the Picarro Gas buffer data: 'NoneType' object is not subscriptable
WARNING: 21:19:54 - __main__:  Error updating the Picarro Gas buffer data: 'NoneType' object is not subscriptable
WARNING: 21:19:54 - __main__:  Error updating the Picarro Gas buffer data: 'NoneType' object is not subscriptable
WARNING: 21:19:54 - __main__:  Error updating the Laser Distance Sensor buffer timestamp: 'NoneType' object is not subscriptable
WARNING: 21:19:54 - __main__:  Error updating the Laser Distance Sensor buffer data: 'NoneType' object is not subscriptable
WARNING: 21:19:54 - __main__:  Error updating the Laser Distance Sensor buffer data: 'NoneType' object is not subscriptable
WARNING: 21:19:54 - __main__:  Error updating the Abakus Particle Counter buffer timestamp: 'NoneType' object is not subscriptable
WARNING: 21:19:54 - __main__:  Error updating the Abakus Particle Counter buffer data: 'NoneType' object is not subscriptable
WARNING: 21:19:54 - __main__:  Error updating the Flowmeter buffer timestamp: 'NoneType' object is not subscriptable
WARNING: 21:19:54 - __main__:  Error updating the Flowmeter buffer data: 'NoneType' object is not subscriptable
WARNING: 21:19:54 - __main__:  Error updating the Flowmeter buffer data: 'NoneType' object is not subscriptable
WARNING: 21:19:54 - __main__:  Error updating the Bronkhorst Pressure buffer timestamp: 'NoneType' object is not subscriptable
WARNING: 21:19:54 - __main__:  Error updating the Bronkhorst Pressure buffer data: 'NoneType' object is not subscriptable
WARNING: 21:19:54 - __main__:  Error updating the Bronkhorst Pressure buffer data: 'NoneType' object is not subscriptable
WARNING: 21:19:54 - __main__:  Error updating the Bronkhorst Pressure buffer data: 'NoneType' object is not subscriptable
WARNING: 21:19:54 - __main__:  Error updating the Bronkhorst Pressure buffer data: 'NoneType' object is not subscriptable
WARNING: 21:19:55 - __main__:  Error updating the Picarro Gas buffer timestamp: 'NoneType' object is not subscriptable
WARNING: 21:19:55 - __main__:  Error updating the Picarro Gas buffer data: 'NoneType' object is not subscriptable
WARNING: 21:19:55 - __main__:  Error updating the Picarro Gas buffer data: 'NoneType' object is not subscriptable
WARNING: 21:19:55 - __main__:  Error updating the Picarro Gas buffer data: 'NoneType' object is not subscriptable
WARNING: 21:19:55 - __main__:  Error updating the Picarro Gas buffer data: 'NoneType' object is not subscriptable
WARNING: 21:19:55 - __main__:  Error updating the Laser Distance Sensor buffer timestamp: 'NoneType' object is not subscriptable
WARNING: 21:19:55 - __main__:  Error updating the Laser Distance Sensor buffer data: 'NoneType' object is not subscriptable
WARNING: 21:19:55 - __main__:  Error updating the Laser Distance Sensor buffer data: 'NoneType' object is not subscriptable
WARNING: 21:19:55 - __main__:  Error updating the Abakus Particle Counter buffer timestamp: 'NoneType' object is not subscriptable
WARNING: 21:19:55 - __main__:  Error updating the Abakus Particle Counter buffer data: 'NoneType' object is not subscriptable
WARNING: 21:19:55 - __main__:  Error updating the Flowmeter buffer timestamp: 'NoneType' object is not subscriptable
WARNING: 21:19:55 - __main__:  Error updating the Flowmeter buffer data: 'NoneType' object is not subscriptable
WARNING: 21:19:55 - __main__:  Error updating the Flowmeter buffer data: 'NoneType' object is not subscriptable
WARNING: 21:19:55 - __main__:  Error updating the Bronkhorst Pressure buffer timestamp: 'NoneType' object is not subscriptable
WARNING: 21:19:55 - __main__:  Error updating the Bronkhorst Pressure buffer data: 'NoneType' object is not subscriptable
WARNING: 21:19:55 - __main__:  Error updating the Bronkhorst Pressure buffer data: 'NoneType' object is not subscriptable
WARNING: 21:19:55 - __main__:  Error updating the Bronkhorst Pressure buffer data: 'NoneType' object is not subscriptable
WARNING: 21:19:55 - __main__:  Error updating the Bronkhorst Pressure buffer data: 'NoneType' object is not subscriptable
WARNING: 21:19:56 - __main__:  Error updating the Picarro Gas buffer timestamp: 'NoneType' object is not subscriptable
WARNING: 21:19:56 - __main__:  Error updating the Picarro Gas buffer data: 'NoneType' object is not subscriptable
WARNING: 21:19:56 - __main__:  Error updating the Picarro Gas buffer data: 'NoneType' object is not subscriptable
WARNING: 21:19:56 - __main__:  Error updating the Picarro Gas buffer data: 'NoneType' object is not subscriptable
WARNING: 21:19:56 - __main__:  Error updating the Picarro Gas buffer data: 'NoneType' object is not subscriptable
WARNING: 21:19:56 - __main__:  Error updating the Laser Distance Sensor buffer timestamp: 'NoneType' object is not subscriptable
WARNING: 21:19:56 - __main__:  Error updating the Laser Distance Sensor buffer data: 'NoneType' object is not subscriptable
WARNING: 21:19:56 - __main__:  Error updating the Laser Distance Sensor buffer data: 'NoneType' object is not subscriptable
WARNING: 21:19:56 - __main__:  Error updating the Abakus Particle Counter buffer timestamp: 'NoneType' object is not subscriptable
WARNING: 21:19:56 - __main__:  Error updating the Abakus Particle Counter buffer data: 'NoneType' object is not subscriptable
WARNING: 21:19:56 - __main__:  Error updating the Flowmeter buffer timestamp: 'NoneType' object is not subscriptable
WARNING: 21:19:56 - __main__:  Error updating the Flowmeter buffer data: 'NoneType' object is not subscriptable
WARNING: 21:19:56 - __main__:  Error updating the Flowmeter buffer data: 'NoneType' object is not subscriptable
WARNING: 21:19:56 - __main__:  Error updating the Bronkhorst Pressure buffer timestamp: 'NoneType' object is not subscriptable
WARNING: 21:19:56 - __main__:  Error updating the Bronkhorst Pressure buffer data: 'NoneType' object is not subscriptable
WARNING: 21:19:56 - __main__:  Error updating the Bronkhorst Pressure buffer data: 'NoneType' object is not subscriptable
WARNING: 21:19:56 - __main__:  Error updating the Bronkhorst Pressure buffer data: 'NoneType' object is not subscriptable
WARNING: 21:19:56 - __main__:  Error updating the Bronkhorst Pressure buffer data: 'NoneType' object is not subscriptable
WARNING: 21:19:57 - __main__:  Error updating the Picarro Gas buffer timestamp: 'NoneType' object is not subscriptable
WARNING: 21:19:57 - __main__:  Error updating the Picarro Gas buffer data: 'NoneType' object is not subscriptable
WARNING: 21:19:57 - __main__:  Error updating the Picarro Gas buffer data: 'NoneType' object is not subscriptable
WARNING: 21:19:57 - __main__:  Error updating the Picarro Gas buffer data: 'NoneType' object is not subscriptable
WARNING: 21:19:57 - __main__:  Error updating the Picarro Gas buffer data: 'NoneType' object is not subscriptable
WARNING: 21:19:57 - __main__:  Error updating the Laser Distance Sensor buffer timestamp: 'NoneType' object is not subscriptable
WARNING: 21:19:57 - __main__:  Error updating the Laser Distance Sensor buffer data: 'NoneType' object is not subscriptable
WARNING: 21:19:57 - __main__:  Error updating the Laser Distance Sensor buffer data: 'NoneType' object is not subscriptable
WARNING: 21:19:57 - __main__:  Error updating the Abakus Particle Counter buffer timestamp: 'NoneType' object is not subscriptable
WARNING: 21:19:57 - __main__:  Error updating the Abakus Particle Counter buffer data: 'NoneType' object is not subscriptable
WARNING: 21:19:57 - __main__:  Error updating the Flowmeter buffer timestamp: 'NoneType' object is not subscriptable
WARNING: 21:19:57 - __main__:  Error updating the Flowmeter buffer data: 'NoneType' object is not subscriptable
WARNING: 21:19:57 - __main__:  Error updating the Flowmeter buffer data: 'NoneType' object is not subscriptable
WARNING: 21:19:57 - __main__:  Error updating the Bronkhorst Pressure buffer timestamp: 'NoneType' object is not subscriptable
WARNING: 21:19:57 - __main__:  Error updating the Bronkhorst Pressure buffer data: 'NoneType' object is not subscriptable
WARNING: 21:19:57 - __main__:  Error updating the Bronkhorst Pressure buffer data: 'NoneType' object is not subscriptable
WARNING: 21:19:57 - __main__:  Error updating the Bronkhorst Pressure buffer data: 'NoneType' object is not subscriptable
WARNING: 21:19:57 - __main__:  Error updating the Bronkhorst Pressure buffer data: 'NoneType' object is not subscriptable
WARNING: 21:19:58 - __main__:  Error updating the Picarro Gas buffer timestamp: 'NoneType' object is not subscriptable
WARNING: 21:19:58 - __main__:  Error updating the Picarro Gas buffer data: 'NoneType' object is not subscriptable
WARNING: 21:19:58 - __main__:  Error updating the Picarro Gas buffer data: 'NoneType' object is not subscriptable
WARNING: 21:19:58 - __main__:  Error updating the Picarro Gas buffer data: 'NoneType' object is not subscriptable
WARNING: 21:19:58 - __main__:  Error updating the Picarro Gas buffer data: 'NoneType' object is not subscriptable
WARNING: 21:19:58 - __main__:  Error updating the Laser Distance Sensor buffer timestamp: 'NoneType' object is not subscriptable
WARNING: 21:19:58 - __main__:  Error updating the Laser Distance Sensor buffer data: 'NoneType' object is not subscriptable
WARNING: 21:19:58 - __main__:  Error updating the Laser Distance Sensor buffer data: 'NoneType' object is not subscriptable
WARNING: 21:19:58 - __main__:  Error updating the Abakus Particle Counter buffer timestamp: 'NoneType' object is not subscriptable
WARNING: 21:19:58 - __main__:  Error updating the Abakus Particle Counter buffer data: 'NoneType' object is not subscriptable
WARNING: 21:19:58 - __main__:  Error updating the Flowmeter buffer timestamp: 'NoneType' object is not subscriptable
WARNING: 21:19:58 - __main__:  Error updating the Flowmeter buffer data: 'NoneType' object is not subscriptable
WARNING: 21:19:58 - __main__:  Error updating the Flowmeter buffer data: 'NoneType' object is not subscriptable
WARNING: 21:19:58 - __main__:  Error updating the Bronkhorst Pressure buffer timestamp: 'NoneType' object is not subscriptable
WARNING: 21:19:58 - __main__:  Error updating the Bronkhorst Pressure buffer data: 'NoneType' object is not subscriptable
WARNING: 21:19:58 - __main__:  Error updating the Bronkhorst Pressure buffer data: 'NoneType' object is not subscriptable
WARNING: 21:19:58 - __main__:  Error updating the Bronkhorst Pressure buffer data: 'NoneType' object is not subscriptable
WARNING: 21:19:58 - __main__:  Error updating the Bronkhorst Pressure buffer data: 'NoneType' object is not subscriptable
WARNING: 21:19:59 - __main__:  Error updating the Picarro Gas buffer timestamp: 'NoneType' object is not subscriptable
WARNING: 21:19:59 - __main__:  Error updating the Picarro Gas buffer data: 'NoneType' object is not subscriptable
WARNING: 21:19:59 - __main__:  Error updating the Picarro Gas buffer data: 'NoneType' object is not subscriptable
WARNING: 21:19:59 - __main__:  Error updating the Picarro Gas buffer data: 'NoneType' object is not subscriptable
WARNING: 21:19:59 - __main__:  Error updating the Picarro Gas buffer data: 'NoneType' object is not subscriptable
WARNING: 21:19:59 - __main__:  Error updating the Laser Distance Sensor buffer timestamp: 'NoneType' object is not subscriptable
WARNING: 21:19:59 - __main__:  Error updating the Laser Distance Sensor buffer data: 'NoneType' object is not subscriptable
WARNING: 21:19:59 - __main__:  Error updating the Laser Distance Sensor buffer data: 'NoneType' object is not subscriptable
WARNING: 21:19:59 - __main__:  Error updating the Abakus Particle Counter buffer timestamp: 'NoneType' object is not subscriptable
WARNING: 21:19:59 - __main__:  Error updating the Abakus Particle Counter buffer data: 'NoneType' object is not subscriptable
WARNING: 21:19:59 - __main__:  Error updating the Flowmeter buffer timestamp: 'NoneType' object is not subscriptable
WARNING: 21:19:59 - __main__:  Error updating the Flowmeter buffer data: 'NoneType' object is not subscriptable
WARNING: 21:19:59 - __main__:  Error updating the Flowmeter buffer data: 'NoneType' object is not subscriptable
WARNING: 21:19:59 - __main__:  Error updating the Bronkhorst Pressure buffer timestamp: 'NoneType' object is not subscriptable
WARNING: 21:19:59 - __main__:  Error updating the Bronkhorst Pressure buffer data: 'NoneType' object is not subscriptable
WARNING: 21:19:59 - __main__:  Error updating the Bronkhorst Pressure buffer data: 'NoneType' object is not subscriptable
WARNING: 21:19:59 - __main__:  Error updating the Bronkhorst Pressure buffer data: 'NoneType' object is not subscriptable
WARNING: 21:19:59 - __main__:  Error updating the Bronkhorst Pressure buffer data: 'NoneType' object is not subscriptable
INFO: 21:20:03 - main_pipeline.sensor:  Shutting down sensors
INFO: 21:20:03 - sensor_interfaces.sim_instruments:  Abakus measurements stopped
INFO: 21:20:03 - sensor_interfaces.sim_instruments:  Dimetix laser turned off
INFO: 21:20:03 - main_pipeline.sensor:  Finished shutting down sensors
INFO: 21:20:16 - __main__:  Interpreter class initiated
INFO: 21:20:23 - main_pipeline.sensor:  Couldn't find Picarro at port /dev/ttyUSB0, shadowing sensor calls with substitute functions
WARNING: 21:20:23 - main_pipeline.sensor:  Couldn't find Abakus at port /dev/ttyUSB0, shadowing sensor calls with substitute functions
WARNING: 21:20:23 - main_pipeline.sensor:  Couldn't find Flowmeter at port /dev/ttyUSB0 and /dev/ttyUSB0, shadowing sensor calls with substitute functions
WARNING: 21:20:23 - main_pipeline.sensor:  Couldn't find Dimetix laser at port /dev/ttyUSB0, shadowing sensor calls with substitute functions
WARNING: 21:20:23 - main_pipeline.sensor:  Couldn't find Bronkhorst at port /dev/ttyUSB0, shadowing sensor calls with substitute functions
INFO: 21:20:23 - sensor_interfaces.sim_instruments:  Fake hardware, pretending to use serial port /dev/ttyUSB0 with baud 38400
INFO: 21:20:23 - sensor_interfaces.sim_instruments:  Fake hardware, pretending to use serial port /dev/ttyUSB0 with baud 115200
INFO: 21:20:23 - sensor_interfaces.sim_instruments:  Fake hardware, pretending to use serial port /dev/ttyUSB0 with baud 115200
INFO: 21:20:23 - sensor_interfaces.sim_instruments:  Fake hardware, pretending to use serial port /dev/ttyUSB0 with baud 19200
INFO: 21:20:23 - sensor_interfaces.sim_instruments:  Fake hardware, pretending to use serial port /dev/ttyUSB0 with baud 19200
INFO: 21:20:23 - sensor_interfaces.sim_instruments:  Fake hardware, pretending to use serial port /dev/ttyUSB0 with baud 38400
INFO: 21:20:23 - main_pipeline.sensor:  Sensor class initiated
INFO: 21:20:23 - main_pipeline.interpreter:  Interpreter class initiated
INFO: 21:20:23 - main_pipeline.writer:  Display class initiated
INFO: 21:20:25 - main_pipeline.sensor:  Initializing sensors
INFO: 21:20:25 - sensor_interfaces.sim_instruments:  Initializing Abakus
INFO: 21:20:25 - sensor_interfaces.sim_instruments:  Abakus initialized
INFO: 21:20:25 - sensor_interfaces.sim_instruments:  Initializing Picarro
INFO: 21:20:25 - sensor_interfaces.sim_instruments:  Initialized Picarro
INFO: 21:20:25 - sensor_interfaces.sim_instruments:  Initializing Dimetix laser
INFO: 21:20:25 - sensor_interfaces.sim_instruments:  Laser initialized
INFO: 21:20:25 - sensor_interfaces.sim_instruments:  Initializing Bronkhorst
INFO: 21:20:25 - sensor_interfaces.sim_instruments:  Bronkhorst initialized
INFO: 21:20:25 - sensor_interfaces.sim_instruments:  Initializing Flowmeter
INFO: 21:20:25 - sensor_interfaces.sim_instruments:  Flowmeter sli2000 initialized
INFO: 21:20:25 - sensor_interfaces.sim_instruments:  Initializing Flowmeter
INFO: 21:20:25 - sensor_interfaces.sim_instruments:  Flowmeter sls1500 initialized
INFO: 21:20:25 - main_pipeline.sensor:  Finished initializing sensors
WARNING: 21:20:26 - __main__:  Error updating the Picarro Gas buffer timestamp: 'NoneType' object is not subscriptable
WARNING: 21:20:26 - __main__:  Error updating the Picarro Gas buffer data: 'NoneType' object is not subscriptable
WARNING: 21:20:26 - __main__:  Error updating the Picarro Gas buffer data: 'NoneType' object is not subscriptable
WARNING: 21:20:26 - __main__:  Error updating the Picarro Gas buffer data: 'NoneType' object is not subscriptable
WARNING: 21:20:26 - __main__:  Error updating the Picarro Gas buffer data: 'NoneType' object is not subscriptable
WARNING: 21:20:26 - __main__:  Error updating the Laser Distance Sensor buffer timestamp: 'NoneType' object is not subscriptable
WARNING: 21:20:26 - __main__:  Error updating the Laser Distance Sensor buffer data: 'NoneType' object is not subscriptable
WARNING: 21:20:26 - __main__:  Error updating the Laser Distance Sensor buffer data: 'NoneType' object is not subscriptable
WARNING: 21:20:26 - __main__:  Error updating the Abakus Particle Counter buffer timestamp: 'NoneType' object is not subscriptable
WARNING: 21:20:26 - __main__:  Error updating the Abakus Particle Counter buffer data: 'NoneType' object is not subscriptable
WARNING: 21:20:26 - __main__:  Error updating the Flowmeter buffer timestamp: 'NoneType' object is not subscriptable
WARNING: 21:20:26 - __main__:  Error updating the Flowmeter buffer data: 'NoneType' object is not subscriptable
WARNING: 21:20:26 - __main__:  Error updating the Flowmeter buffer data: 'NoneType' object is not subscriptable
WARNING: 21:20:26 - __main__:  Error updating the Bronkhorst Pressure buffer timestamp: 'NoneType' object is not subscriptable
WARNING: 21:20:26 - __main__:  Error updating the Bronkhorst Pressure buffer data: 'NoneType' object is not subscriptable
WARNING: 21:20:26 - __main__:  Error updating the Bronkhorst Pressure buffer data: 'NoneType' object is not subscriptable
WARNING: 21:20:26 - __main__:  Error updating the Bronkhorst Pressure buffer data: 'NoneType' object is not subscriptable
WARNING: 21:20:26 - __main__:  Error updating the Bronkhorst Pressure buffer data: 'NoneType' object is not subscriptable
WARNING: 21:20:27 - __main__:  Error updating the Picarro Gas buffer timestamp: 'NoneType' object is not subscriptable
WARNING: 21:20:27 - __main__:  Error updating the Picarro Gas buffer data: 'NoneType' object is not subscriptable
WARNING: 21:20:27 - __main__:  Error updating the Picarro Gas buffer data: 'NoneType' object is not subscriptable
WARNING: 21:20:27 - __main__:  Error updating the Picarro Gas buffer data: 'NoneType' object is not subscriptable
WARNING: 21:20:27 - __main__:  Error updating the Picarro Gas buffer data: 'NoneType' object is not subscriptable
WARNING: 21:20:27 - __main__:  Error updating the Laser Distance Sensor buffer timestamp: 'NoneType' object is not subscriptable
WARNING: 21:20:27 - __main__:  Error updating the Laser Distance Sensor buffer data: 'NoneType' object is not subscriptable
WARNING: 21:20:27 - __main__:  Error updating the Laser Distance Sensor buffer data: 'NoneType' object is not subscriptable
WARNING: 21:20:27 - __main__:  Error updating the Abakus Particle Counter buffer timestamp: 'NoneType' object is not subscriptable
WARNING: 21:20:27 - __main__:  Error updating the Abakus Particle Counter buffer data: 'NoneType' object is not subscriptable
WARNING: 21:20:27 - __main__:  Error updating the Flowmeter buffer timestamp: 'NoneType' object is not subscriptable
WARNING: 21:20:27 - __main__:  Error updating the Flowmeter buffer data: 'NoneType' object is not subscriptable
WARNING: 21:20:27 - __main__:  Error updating the Flowmeter buffer data: 'NoneType' object is not subscriptable
WARNING: 21:20:27 - __main__:  Error updating the Bronkhorst Pressure buffer timestamp: 'NoneType' object is not subscriptable
WARNING: 21:20:27 - __main__:  Error updating the Bronkhorst Pressure buffer data: 'NoneType' object is not subscriptable
WARNING: 21:20:27 - __main__:  Error updating the Bronkhorst Pressure buffer data: 'NoneType' object is not subscriptable
WARNING: 21:20:27 - __main__:  Error updating the Bronkhorst Pressure buffer data: 'NoneType' object is not subscriptable
WARNING: 21:20:27 - __main__:  Error updating the Bronkhorst Pressure buffer data: 'NoneType' object is not subscriptable
WARNING: 21:20:28 - __main__:  Error updating the Picarro Gas buffer timestamp: 'NoneType' object is not subscriptable
WARNING: 21:20:28 - __main__:  Error updating the Picarro Gas buffer data: 'NoneType' object is not subscriptable
WARNING: 21:20:28 - __main__:  Error updating the Picarro Gas buffer data: 'NoneType' object is not subscriptable
WARNING: 21:20:28 - __main__:  Error updating the Picarro Gas buffer data: 'NoneType' object is not subscriptable
WARNING: 21:20:28 - __main__:  Error updating the Picarro Gas buffer data: 'NoneType' object is not subscriptable
WARNING: 21:20:28 - __main__:  Error updating the Laser Distance Sensor buffer timestamp: 'NoneType' object is not subscriptable
WARNING: 21:20:28 - __main__:  Error updating the Laser Distance Sensor buffer data: 'NoneType' object is not subscriptable
WARNING: 21:20:28 - __main__:  Error updating the Laser Distance Sensor buffer data: 'NoneType' object is not subscriptable
WARNING: 21:20:28 - __main__:  Error updating the Abakus Particle Counter buffer timestamp: 'NoneType' object is not subscriptable
WARNING: 21:20:28 - __main__:  Error updating the Abakus Particle Counter buffer data: 'NoneType' object is not subscriptable
WARNING: 21:20:28 - __main__:  Error updating the Flowmeter buffer timestamp: 'NoneType' object is not subscriptable
WARNING: 21:20:28 - __main__:  Error updating the Flowmeter buffer data: 'NoneType' object is not subscriptable
WARNING: 21:20:28 - __main__:  Error updating the Flowmeter buffer data: 'NoneType' object is not subscriptable
WARNING: 21:20:28 - __main__:  Error updating the Bronkhorst Pressure buffer timestamp: 'NoneType' object is not subscriptable
WARNING: 21:20:28 - __main__:  Error updating the Bronkhorst Pressure buffer data: 'NoneType' object is not subscriptable
WARNING: 21:20:28 - __main__:  Error updating the Bronkhorst Pressure buffer data: 'NoneType' object is not subscriptable
WARNING: 21:20:28 - __main__:  Error updating the Bronkhorst Pressure buffer data: 'NoneType' object is not subscriptable
WARNING: 21:20:28 - __main__:  Error updating the Bronkhorst Pressure buffer data: 'NoneType' object is not subscriptable
WARNING: 21:20:29 - __main__:  Error updating the Picarro Gas buffer timestamp: 'NoneType' object is not subscriptable
WARNING: 21:20:29 - __main__:  Error updating the Picarro Gas buffer data: 'NoneType' object is not subscriptable
WARNING: 21:20:29 - __main__:  Error updating the Picarro Gas buffer data: 'NoneType' object is not subscriptable
WARNING: 21:20:29 - __main__:  Error updating the Picarro Gas buffer data: 'NoneType' object is not subscriptable
WARNING: 21:20:29 - __main__:  Error updating the Picarro Gas buffer data: 'NoneType' object is not subscriptable
WARNING: 21:20:29 - __main__:  Error updating the Laser Distance Sensor buffer timestamp: 'NoneType' object is not subscriptable
WARNING: 21:20:29 - __main__:  Error updating the Laser Distance Sensor buffer data: 'NoneType' object is not subscriptable
WARNING: 21:20:29 - __main__:  Error updating the Laser Distance Sensor buffer data: 'NoneType' object is not subscriptable
WARNING: 21:20:29 - __main__:  Error updating the Abakus Particle Counter buffer timestamp: 'NoneType' object is not subscriptable
WARNING: 21:20:29 - __main__:  Error updating the Abakus Particle Counter buffer data: 'NoneType' object is not subscriptable
WARNING: 21:20:29 - __main__:  Error updating the Flowmeter buffer timestamp: 'NoneType' object is not subscriptable
WARNING: 21:20:29 - __main__:  Error updating the Flowmeter buffer data: 'NoneType' object is not subscriptable
WARNING: 21:20:29 - __main__:  Error updating the Flowmeter buffer data: 'NoneType' object is not subscriptable
WARNING: 21:20:29 - __main__:  Error updating the Bronkhorst Pressure buffer timestamp: 'NoneType' object is not subscriptable
WARNING: 21:20:29 - __main__:  Error updating the Bronkhorst Pressure buffer data: 'NoneType' object is not subscriptable
WARNING: 21:20:29 - __main__:  Error updating the Bronkhorst Pressure buffer data: 'NoneType' object is not subscriptable
WARNING: 21:20:29 - __main__:  Error updating the Bronkhorst Pressure buffer data: 'NoneType' object is not subscriptable
WARNING: 21:20:29 - __main__:  Error updating the Bronkhorst Pressure buffer data: 'NoneType' object is not subscriptable
WARNING: 21:20:30 - __main__:  Error updating the Picarro Gas buffer timestamp: 'NoneType' object is not subscriptable
WARNING: 21:20:30 - __main__:  Error updating the Picarro Gas buffer data: 'NoneType' object is not subscriptable
WARNING: 21:20:30 - __main__:  Error updating the Picarro Gas buffer data: 'NoneType' object is not subscriptable
WARNING: 21:20:30 - __main__:  Error updating the Picarro Gas buffer data: 'NoneType' object is not subscriptable
WARNING: 21:20:30 - __main__:  Error updating the Picarro Gas buffer data: 'NoneType' object is not subscriptable
WARNING: 21:20:30 - __main__:  Error updating the Laser Distance Sensor buffer timestamp: 'NoneType' object is not subscriptable
WARNING: 21:20:30 - __main__:  Error updating the Laser Distance Sensor buffer data: 'NoneType' object is not subscriptable
WARNING: 21:20:30 - __main__:  Error updating the Laser Distance Sensor buffer data: 'NoneType' object is not subscriptable
WARNING: 21:20:30 - __main__:  Error updating the Abakus Particle Counter buffer timestamp: 'NoneType' object is not subscriptable
WARNING: 21:20:30 - __main__:  Error updating the Abakus Particle Counter buffer data: 'NoneType' object is not subscriptable
WARNING: 21:20:30 - __main__:  Error updating the Flowmeter buffer timestamp: 'NoneType' object is not subscriptable
WARNING: 21:20:30 - __main__:  Error updating the Flowmeter buffer data: 'NoneType' object is not subscriptable
WARNING: 21:20:30 - __main__:  Error updating the Flowmeter buffer data: 'NoneType' object is not subscriptable
WARNING: 21:20:30 - __main__:  Error updating the Bronkhorst Pressure buffer timestamp: 'NoneType' object is not subscriptable
WARNING: 21:20:30 - __main__:  Error updating the Bronkhorst Pressure buffer data: 'NoneType' object is not subscriptable
WARNING: 21:20:30 - __main__:  Error updating the Bronkhorst Pressure buffer data: 'NoneType' object is not subscriptable
WARNING: 21:20:30 - __main__:  Error updating the Bronkhorst Pressure buffer data: 'NoneType' object is not subscriptable
WARNING: 21:20:30 - __main__:  Error updating the Bronkhorst Pressure buffer data: 'NoneType' object is not subscriptable
WARNING: 21:20:31 - __main__:  Error updating the Picarro Gas buffer timestamp: 'NoneType' object is not subscriptable
WARNING: 21:20:31 - __main__:  Error updating the Picarro Gas buffer data: 'NoneType' object is not subscriptable
WARNING: 21:20:31 - __main__:  Error updating the Picarro Gas buffer data: 'NoneType' object is not subscriptable
WARNING: 21:20:31 - __main__:  Error updating the Picarro Gas buffer data: 'NoneType' object is not subscriptable
WARNING: 21:20:31 - __main__:  Error updating the Picarro Gas buffer data: 'NoneType' object is not subscriptable
WARNING: 21:20:31 - __main__:  Error updating the Laser Distance Sensor buffer timestamp: 'NoneType' object is not subscriptable
WARNING: 21:20:31 - __main__:  Error updating the Laser Distance Sensor buffer data: 'NoneType' object is not subscriptable
WARNING: 21:20:31 - __main__:  Error updating the Laser Distance Sensor buffer data: 'NoneType' object is not subscriptable
WARNING: 21:20:31 - __main__:  Error updating the Abakus Particle Counter buffer timestamp: 'NoneType' object is not subscriptable
WARNING: 21:20:31 - __main__:  Error updating the Abakus Particle Counter buffer data: 'NoneType' object is not subscriptable
WARNING: 21:20:31 - __main__:  Error updating the Flowmeter buffer timestamp: 'NoneType' object is not subscriptable
WARNING: 21:20:31 - __main__:  Error updating the Flowmeter buffer data: 'NoneType' object is not subscriptable
WARNING: 21:20:31 - __main__:  Error updating the Flowmeter buffer data: 'NoneType' object is not subscriptable
WARNING: 21:20:31 - __main__:  Error updating the Bronkhorst Pressure buffer timestamp: 'NoneType' object is not subscriptable
WARNING: 21:20:31 - __main__:  Error updating the Bronkhorst Pressure buffer data: 'NoneType' object is not subscriptable
WARNING: 21:20:31 - __main__:  Error updating the Bronkhorst Pressure buffer data: 'NoneType' object is not subscriptable
WARNING: 21:20:31 - __main__:  Error updating the Bronkhorst Pressure buffer data: 'NoneType' object is not subscriptable
WARNING: 21:20:31 - __main__:  Error updating the Bronkhorst Pressure buffer data: 'NoneType' object is not subscriptable
WARNING: 21:20:32 - __main__:  Error updating the Picarro Gas buffer timestamp: 'NoneType' object is not subscriptable
WARNING: 21:20:32 - __main__:  Error updating the Picarro Gas buffer data: 'NoneType' object is not subscriptable
WARNING: 21:20:32 - __main__:  Error updating the Picarro Gas buffer data: 'NoneType' object is not subscriptable
WARNING: 21:20:32 - __main__:  Error updating the Picarro Gas buffer data: 'NoneType' object is not subscriptable
WARNING: 21:20:32 - __main__:  Error updating the Picarro Gas buffer data: 'NoneType' object is not subscriptable
WARNING: 21:20:32 - __main__:  Error updating the Laser Distance Sensor buffer timestamp: 'NoneType' object is not subscriptable
WARNING: 21:20:32 - __main__:  Error updating the Laser Distance Sensor buffer data: 'NoneType' object is not subscriptable
WARNING: 21:20:32 - __main__:  Error updating the Laser Distance Sensor buffer data: 'NoneType' object is not subscriptable
WARNING: 21:20:32 - __main__:  Error updating the Abakus Particle Counter buffer timestamp: 'NoneType' object is not subscriptable
WARNING: 21:20:32 - __main__:  Error updating the Abakus Particle Counter buffer data: 'NoneType' object is not subscriptable
WARNING: 21:20:32 - __main__:  Error updating the Flowmeter buffer timestamp: 'NoneType' object is not subscriptable
WARNING: 21:20:32 - __main__:  Error updating the Flowmeter buffer data: 'NoneType' object is not subscriptable
WARNING: 21:20:32 - __main__:  Error updating the Flowmeter buffer data: 'NoneType' object is not subscriptable
WARNING: 21:20:32 - __main__:  Error updating the Bronkhorst Pressure buffer timestamp: 'NoneType' object is not subscriptable
WARNING: 21:20:32 - __main__:  Error updating the Bronkhorst Pressure buffer data: 'NoneType' object is not subscriptable
WARNING: 21:20:32 - __main__:  Error updating the Bronkhorst Pressure buffer data: 'NoneType' object is not subscriptable
WARNING: 21:20:32 - __main__:  Error updating the Bronkhorst Pressure buffer data: 'NoneType' object is not subscriptable
WARNING: 21:20:32 - __main__:  Error updating the Bronkhorst Pressure buffer data: 'NoneType' object is not subscriptable
WARNING: 21:20:33 - __main__:  Error updating the Picarro Gas buffer timestamp: 'NoneType' object is not subscriptable
WARNING: 21:20:33 - __main__:  Error updating the Picarro Gas buffer data: 'NoneType' object is not subscriptable
WARNING: 21:20:33 - __main__:  Error updating the Picarro Gas buffer data: 'NoneType' object is not subscriptable
WARNING: 21:20:33 - __main__:  Error updating the Picarro Gas buffer data: 'NoneType' object is not subscriptable
WARNING: 21:20:33 - __main__:  Error updating the Picarro Gas buffer data: 'NoneType' object is not subscriptable
WARNING: 21:20:33 - __main__:  Error updating the Laser Distance Sensor buffer timestamp: 'NoneType' object is not subscriptable
WARNING: 21:20:33 - __main__:  Error updating the Laser Distance Sensor buffer data: 'NoneType' object is not subscriptable
WARNING: 21:20:33 - __main__:  Error updating the Laser Distance Sensor buffer data: 'NoneType' object is not subscriptable
WARNING: 21:20:33 - __main__:  Error updating the Abakus Particle Counter buffer timestamp: 'NoneType' object is not subscriptable
WARNING: 21:20:33 - __main__:  Error updating the Abakus Particle Counter buffer data: 'NoneType' object is not subscriptable
WARNING: 21:20:33 - __main__:  Error updating the Flowmeter buffer timestamp: 'NoneType' object is not subscriptable
WARNING: 21:20:33 - __main__:  Error updating the Flowmeter buffer data: 'NoneType' object is not subscriptable
WARNING: 21:20:33 - __main__:  Error updating the Flowmeter buffer data: 'NoneType' object is not subscriptable
WARNING: 21:20:33 - __main__:  Error updating the Bronkhorst Pressure buffer timestamp: 'NoneType' object is not subscriptable
WARNING: 21:20:33 - __main__:  Error updating the Bronkhorst Pressure buffer data: 'NoneType' object is not subscriptable
WARNING: 21:20:33 - __main__:  Error updating the Bronkhorst Pressure buffer data: 'NoneType' object is not subscriptable
WARNING: 21:20:33 - __main__:  Error updating the Bronkhorst Pressure buffer data: 'NoneType' object is not subscriptable
WARNING: 21:20:33 - __main__:  Error updating the Bronkhorst Pressure buffer data: 'NoneType' object is not subscriptable
WARNING: 21:20:34 - __main__:  Error updating the Picarro Gas buffer timestamp: 'NoneType' object is not subscriptable
WARNING: 21:20:34 - __main__:  Error updating the Picarro Gas buffer data: 'NoneType' object is not subscriptable
WARNING: 21:20:34 - __main__:  Error updating the Picarro Gas buffer data: 'NoneType' object is not subscriptable
WARNING: 21:20:34 - __main__:  Error updating the Picarro Gas buffer data: 'NoneType' object is not subscriptable
WARNING: 21:20:34 - __main__:  Error updating the Picarro Gas buffer data: 'NoneType' object is not subscriptable
WARNING: 21:20:34 - __main__:  Error updating the Laser Distance Sensor buffer timestamp: 'NoneType' object is not subscriptable
WARNING: 21:20:34 - __main__:  Error updating the Laser Distance Sensor buffer data: 'NoneType' object is not subscriptable
WARNING: 21:20:34 - __main__:  Error updating the Laser Distance Sensor buffer data: 'NoneType' object is not subscriptable
WARNING: 21:20:34 - __main__:  Error updating the Abakus Particle Counter buffer timestamp: 'NoneType' object is not subscriptable
WARNING: 21:20:34 - __main__:  Error updating the Abakus Particle Counter buffer data: 'NoneType' object is not subscriptable
WARNING: 21:20:34 - __main__:  Error updating the Flowmeter buffer timestamp: 'NoneType' object is not subscriptable
WARNING: 21:20:34 - __main__:  Error updating the Flowmeter buffer data: 'NoneType' object is not subscriptable
WARNING: 21:20:34 - __main__:  Error updating the Flowmeter buffer data: 'NoneType' object is not subscriptable
WARNING: 21:20:34 - __main__:  Error updating the Bronkhorst Pressure buffer timestamp: 'NoneType' object is not subscriptable
WARNING: 21:20:34 - __main__:  Error updating the Bronkhorst Pressure buffer data: 'NoneType' object is not subscriptable
WARNING: 21:20:34 - __main__:  Error updating the Bronkhorst Pressure buffer data: 'NoneType' object is not subscriptable
WARNING: 21:20:34 - __main__:  Error updating the Bronkhorst Pressure buffer data: 'NoneType' object is not subscriptable
WARNING: 21:20:34 - __main__:  Error updating the Bronkhorst Pressure buffer data: 'NoneType' object is not subscriptable
WARNING: 21:20:35 - __main__:  Error updating the Picarro Gas buffer timestamp: 'NoneType' object is not subscriptable
WARNING: 21:20:35 - __main__:  Error updating the Picarro Gas buffer data: 'NoneType' object is not subscriptable
WARNING: 21:20:35 - __main__:  Error updating the Picarro Gas buffer data: 'NoneType' object is not subscriptable
WARNING: 21:20:35 - __main__:  Error updating the Picarro Gas buffer data: 'NoneType' object is not subscriptable
WARNING: 21:20:35 - __main__:  Error updating the Picarro Gas buffer data: 'NoneType' object is not subscriptable
WARNING: 21:20:35 - __main__:  Error updating the Laser Distance Sensor buffer timestamp: 'NoneType' object is not subscriptable
WARNING: 21:20:35 - __main__:  Error updating the Laser Distance Sensor buffer data: 'NoneType' object is not subscriptable
WARNING: 21:20:35 - __main__:  Error updating the Laser Distance Sensor buffer data: 'NoneType' object is not subscriptable
WARNING: 21:20:35 - __main__:  Error updating the Abakus Particle Counter buffer timestamp: 'NoneType' object is not subscriptable
WARNING: 21:20:35 - __main__:  Error updating the Abakus Particle Counter buffer data: 'NoneType' object is not subscriptable
WARNING: 21:20:35 - __main__:  Error updating the Flowmeter buffer timestamp: 'NoneType' object is not subscriptable
WARNING: 21:20:35 - __main__:  Error updating the Flowmeter buffer data: 'NoneType' object is not subscriptable
WARNING: 21:20:35 - __main__:  Error updating the Flowmeter buffer data: 'NoneType' object is not subscriptable
WARNING: 21:20:35 - __main__:  Error updating the Bronkhorst Pressure buffer timestamp: 'NoneType' object is not subscriptable
WARNING: 21:20:35 - __main__:  Error updating the Bronkhorst Pressure buffer data: 'NoneType' object is not subscriptable
WARNING: 21:20:35 - __main__:  Error updating the Bronkhorst Pressure buffer data: 'NoneType' object is not subscriptable
WARNING: 21:20:35 - __main__:  Error updating the Bronkhorst Pressure buffer data: 'NoneType' object is not subscriptable
WARNING: 21:20:35 - __main__:  Error updating the Bronkhorst Pressure buffer data: 'NoneType' object is not subscriptable
WARNING: 21:20:36 - __main__:  Error updating the Picarro Gas buffer timestamp: 'NoneType' object is not subscriptable
WARNING: 21:20:36 - __main__:  Error updating the Picarro Gas buffer data: 'NoneType' object is not subscriptable
WARNING: 21:20:36 - __main__:  Error updating the Picarro Gas buffer data: 'NoneType' object is not subscriptable
WARNING: 21:20:36 - __main__:  Error updating the Picarro Gas buffer data: 'NoneType' object is not subscriptable
WARNING: 21:20:36 - __main__:  Error updating the Picarro Gas buffer data: 'NoneType' object is not subscriptable
WARNING: 21:20:36 - __main__:  Error updating the Laser Distance Sensor buffer timestamp: 'NoneType' object is not subscriptable
WARNING: 21:20:36 - __main__:  Error updating the Laser Distance Sensor buffer data: 'NoneType' object is not subscriptable
WARNING: 21:20:36 - __main__:  Error updating the Laser Distance Sensor buffer data: 'NoneType' object is not subscriptable
WARNING: 21:20:36 - __main__:  Error updating the Abakus Particle Counter buffer timestamp: 'NoneType' object is not subscriptable
WARNING: 21:20:36 - __main__:  Error updating the Abakus Particle Counter buffer data: 'NoneType' object is not subscriptable
WARNING: 21:20:36 - __main__:  Error updating the Flowmeter buffer timestamp: 'NoneType' object is not subscriptable
WARNING: 21:20:36 - __main__:  Error updating the Flowmeter buffer data: 'NoneType' object is not subscriptable
WARNING: 21:20:36 - __main__:  Error updating the Flowmeter buffer data: 'NoneType' object is not subscriptable
WARNING: 21:20:36 - __main__:  Error updating the Bronkhorst Pressure buffer timestamp: 'NoneType' object is not subscriptable
WARNING: 21:20:36 - __main__:  Error updating the Bronkhorst Pressure buffer data: 'NoneType' object is not subscriptable
WARNING: 21:20:36 - __main__:  Error updating the Bronkhorst Pressure buffer data: 'NoneType' object is not subscriptable
WARNING: 21:20:36 - __main__:  Error updating the Bronkhorst Pressure buffer data: 'NoneType' object is not subscriptable
WARNING: 21:20:36 - __main__:  Error updating the Bronkhorst Pressure buffer data: 'NoneType' object is not subscriptable
WARNING: 21:20:37 - __main__:  Error updating the Picarro Gas buffer timestamp: 'NoneType' object is not subscriptable
WARNING: 21:20:37 - __main__:  Error updating the Picarro Gas buffer data: 'NoneType' object is not subscriptable
WARNING: 21:20:37 - __main__:  Error updating the Picarro Gas buffer data: 'NoneType' object is not subscriptable
WARNING: 21:20:37 - __main__:  Error updating the Picarro Gas buffer data: 'NoneType' object is not subscriptable
WARNING: 21:20:37 - __main__:  Error updating the Picarro Gas buffer data: 'NoneType' object is not subscriptable
WARNING: 21:20:37 - __main__:  Error updating the Laser Distance Sensor buffer timestamp: 'NoneType' object is not subscriptable
WARNING: 21:20:37 - __main__:  Error updating the Laser Distance Sensor buffer data: 'NoneType' object is not subscriptable
WARNING: 21:20:37 - __main__:  Error updating the Laser Distance Sensor buffer data: 'NoneType' object is not subscriptable
WARNING: 21:20:37 - __main__:  Error updating the Abakus Particle Counter buffer timestamp: 'NoneType' object is not subscriptable
WARNING: 21:20:37 - __main__:  Error updating the Abakus Particle Counter buffer data: 'NoneType' object is not subscriptable
WARNING: 21:20:37 - __main__:  Error updating the Flowmeter buffer timestamp: 'NoneType' object is not subscriptable
WARNING: 21:20:37 - __main__:  Error updating the Flowmeter buffer data: 'NoneType' object is not subscriptable
WARNING: 21:20:37 - __main__:  Error updating the Flowmeter buffer data: 'NoneType' object is not subscriptable
WARNING: 21:20:37 - __main__:  Error updating the Bronkhorst Pressure buffer timestamp: 'NoneType' object is not subscriptable
WARNING: 21:20:37 - __main__:  Error updating the Bronkhorst Pressure buffer data: 'NoneType' object is not subscriptable
WARNING: 21:20:37 - __main__:  Error updating the Bronkhorst Pressure buffer data: 'NoneType' object is not subscriptable
WARNING: 21:20:37 - __main__:  Error updating the Bronkhorst Pressure buffer data: 'NoneType' object is not subscriptable
WARNING: 21:20:37 - __main__:  Error updating the Bronkhorst Pressure buffer data: 'NoneType' object is not subscriptable
WARNING: 21:20:38 - __main__:  Error updating the Picarro Gas buffer timestamp: 'NoneType' object is not subscriptable
WARNING: 21:20:38 - __main__:  Error updating the Picarro Gas buffer data: 'NoneType' object is not subscriptable
WARNING: 21:20:38 - __main__:  Error updating the Picarro Gas buffer data: 'NoneType' object is not subscriptable
WARNING: 21:20:38 - __main__:  Error updating the Picarro Gas buffer data: 'NoneType' object is not subscriptable
WARNING: 21:20:38 - __main__:  Error updating the Picarro Gas buffer data: 'NoneType' object is not subscriptable
WARNING: 21:20:38 - __main__:  Error updating the Laser Distance Sensor buffer timestamp: 'NoneType' object is not subscriptable
WARNING: 21:20:38 - __main__:  Error updating the Laser Distance Sensor buffer data: 'NoneType' object is not subscriptable
WARNING: 21:20:38 - __main__:  Error updating the Laser Distance Sensor buffer data: 'NoneType' object is not subscriptable
WARNING: 21:20:38 - __main__:  Error updating the Abakus Particle Counter buffer timestamp: 'NoneType' object is not subscriptable
WARNING: 21:20:38 - __main__:  Error updating the Abakus Particle Counter buffer data: 'NoneType' object is not subscriptable
WARNING: 21:20:38 - __main__:  Error updating the Flowmeter buffer timestamp: 'NoneType' object is not subscriptable
WARNING: 21:20:38 - __main__:  Error updating the Flowmeter buffer data: 'NoneType' object is not subscriptable
WARNING: 21:20:38 - __main__:  Error updating the Flowmeter buffer data: 'NoneType' object is not subscriptable
WARNING: 21:20:38 - __main__:  Error updating the Bronkhorst Pressure buffer timestamp: 'NoneType' object is not subscriptable
WARNING: 21:20:38 - __main__:  Error updating the Bronkhorst Pressure buffer data: 'NoneType' object is not subscriptable
WARNING: 21:20:38 - __main__:  Error updating the Bronkhorst Pressure buffer data: 'NoneType' object is not subscriptable
WARNING: 21:20:38 - __main__:  Error updating the Bronkhorst Pressure buffer data: 'NoneType' object is not subscriptable
WARNING: 21:20:38 - __main__:  Error updating the Bronkhorst Pressure buffer data: 'NoneType' object is not subscriptable
WARNING: 21:20:39 - __main__:  Error updating the Picarro Gas buffer timestamp: 'NoneType' object is not subscriptable
WARNING: 21:20:39 - __main__:  Error updating the Picarro Gas buffer data: 'NoneType' object is not subscriptable
WARNING: 21:20:39 - __main__:  Error updating the Picarro Gas buffer data: 'NoneType' object is not subscriptable
WARNING: 21:20:39 - __main__:  Error updating the Picarro Gas buffer data: 'NoneType' object is not subscriptable
WARNING: 21:20:39 - __main__:  Error updating the Picarro Gas buffer data: 'NoneType' object is not subscriptable
WARNING: 21:20:39 - __main__:  Error updating the Laser Distance Sensor buffer timestamp: 'NoneType' object is not subscriptable
WARNING: 21:20:39 - __main__:  Error updating the Laser Distance Sensor buffer data: 'NoneType' object is not subscriptable
WARNING: 21:20:39 - __main__:  Error updating the Laser Distance Sensor buffer data: 'NoneType' object is not subscriptable
WARNING: 21:20:39 - __main__:  Error updating the Abakus Particle Counter buffer timestamp: 'NoneType' object is not subscriptable
WARNING: 21:20:39 - __main__:  Error updating the Abakus Particle Counter buffer data: 'NoneType' object is not subscriptable
WARNING: 21:20:39 - __main__:  Error updating the Flowmeter buffer timestamp: 'NoneType' object is not subscriptable
WARNING: 21:20:39 - __main__:  Error updating the Flowmeter buffer data: 'NoneType' object is not subscriptable
WARNING: 21:20:39 - __main__:  Error updating the Flowmeter buffer data: 'NoneType' object is not subscriptable
WARNING: 21:20:39 - __main__:  Error updating the Bronkhorst Pressure buffer timestamp: 'NoneType' object is not subscriptable
WARNING: 21:20:39 - __main__:  Error updating the Bronkhorst Pressure buffer data: 'NoneType' object is not subscriptable
WARNING: 21:20:39 - __main__:  Error updating the Bronkhorst Pressure buffer data: 'NoneType' object is not subscriptable
WARNING: 21:20:39 - __main__:  Error updating the Bronkhorst Pressure buffer data: 'NoneType' object is not subscriptable
WARNING: 21:20:39 - __main__:  Error updating the Bronkhorst Pressure buffer data: 'NoneType' object is not subscriptable
INFO: 21:20:43 - main_pipeline.sensor:  Shutting down sensors
INFO: 21:20:43 - sensor_interfaces.sim_instruments:  Abakus measurements stopped
INFO: 21:20:43 - sensor_interfaces.sim_instruments:  Dimetix laser turned off
INFO: 21:20:43 - main_pipeline.sensor:  Finished shutting down sensors
INFO: 21:20:52 - __main__:  Interpreter class initiated
INFO: 21:22:51 - main_pipeline.sensor:  Couldn't find Picarro at port /dev/ttyUSB0, shadowing sensor calls with substitute functions
WARNING: 21:22:51 - main_pipeline.sensor:  Couldn't find Abakus at port /dev/ttyUSB0, shadowing sensor calls with substitute functions
WARNING: 21:22:51 - main_pipeline.sensor:  Couldn't find Flowmeter at port /dev/ttyUSB0 and /dev/ttyUSB0, shadowing sensor calls with substitute functions
WARNING: 21:22:52 - main_pipeline.sensor:  Couldn't find Dimetix laser at port /dev/ttyUSB0, shadowing sensor calls with substitute functions
WARNING: 21:22:52 - main_pipeline.sensor:  Couldn't find Bronkhorst at port /dev/ttyUSB0, shadowing sensor calls with substitute functions
INFO: 21:22:52 - sensor_interfaces.sim_instruments:  Fake hardware, pretending to use serial port /dev/ttyUSB0 with baud 38400
INFO: 21:22:52 - sensor_interfaces.sim_instruments:  Fake hardware, pretending to use serial port /dev/ttyUSB0 with baud 115200
INFO: 21:22:52 - sensor_interfaces.sim_instruments:  Fake hardware, pretending to use serial port /dev/ttyUSB0 with baud 115200
INFO: 21:22:52 - sensor_interfaces.sim_instruments:  Fake hardware, pretending to use serial port /dev/ttyUSB0 with baud 19200
INFO: 21:22:52 - sensor_interfaces.sim_instruments:  Fake hardware, pretending to use serial port /dev/ttyUSB0 with baud 19200
INFO: 21:22:52 - sensor_interfaces.sim_instruments:  Fake hardware, pretending to use serial port /dev/ttyUSB0 with baud 38400
INFO: 21:22:52 - main_pipeline.sensor:  Sensor class initiated
INFO: 21:22:52 - main_pipeline.interpreter:  Interpreter class initiated
INFO: 21:22:52 - main_pipeline.writer:  Display class initiated
INFO: 21:22:53 - main_pipeline.sensor:  Initializing sensors
INFO: 21:22:53 - sensor_interfaces.sim_instruments:  Initializing Abakus
INFO: 21:22:53 - sensor_interfaces.sim_instruments:  Abakus initialized
INFO: 21:22:53 - sensor_interfaces.sim_instruments:  Initializing Picarro
INFO: 21:22:53 - sensor_interfaces.sim_instruments:  Initialized Picarro
INFO: 21:22:53 - sensor_interfaces.sim_instruments:  Initializing Dimetix laser
INFO: 21:22:53 - sensor_interfaces.sim_instruments:  Laser initialized
INFO: 21:22:53 - sensor_interfaces.sim_instruments:  Initializing Bronkhorst
INFO: 21:22:53 - sensor_interfaces.sim_instruments:  Bronkhorst initialized
INFO: 21:22:53 - sensor_interfaces.sim_instruments:  Initializing Flowmeter
INFO: 21:22:53 - sensor_interfaces.sim_instruments:  Flowmeter sli2000 initialized
INFO: 21:22:53 - sensor_interfaces.sim_instruments:  Initializing Flowmeter
INFO: 21:22:53 - sensor_interfaces.sim_instruments:  Flowmeter sls1500 initialized
INFO: 21:22:53 - main_pipeline.sensor:  Finished initializing sensors
WARNING: 21:22:54 - __main__:  Error updating the Picarro Gas buffer timestamp: 'NoneType' object is not subscriptable
WARNING: 21:22:54 - __main__:  Error updating the Picarro Gas buffer data: 'NoneType' object is not subscriptable
WARNING: 21:22:54 - __main__:  Error updating the Picarro Gas buffer data: 'NoneType' object is not subscriptable
WARNING: 21:22:54 - __main__:  Error updating the Picarro Gas buffer data: 'NoneType' object is not subscriptable
WARNING: 21:22:54 - __main__:  Error updating the Picarro Gas buffer data: 'NoneType' object is not subscriptable
WARNING: 21:22:54 - __main__:  Error updating the Laser Distance Sensor buffer timestamp: 'NoneType' object is not subscriptable
WARNING: 21:22:54 - __main__:  Error updating the Laser Distance Sensor buffer data: 'NoneType' object is not subscriptable
WARNING: 21:22:54 - __main__:  Error updating the Laser Distance Sensor buffer data: 'NoneType' object is not subscriptable
WARNING: 21:22:54 - __main__:  Error updating the Abakus Particle Counter buffer timestamp: 'NoneType' object is not subscriptable
WARNING: 21:22:54 - __main__:  Error updating the Abakus Particle Counter buffer data: 'NoneType' object is not subscriptable
WARNING: 21:22:54 - __main__:  Error updating the Flowmeter buffer timestamp: 'NoneType' object is not subscriptable
WARNING: 21:22:54 - __main__:  Error updating the Flowmeter buffer data: 'NoneType' object is not subscriptable
WARNING: 21:22:54 - __main__:  Error updating the Flowmeter buffer data: 'NoneType' object is not subscriptable
WARNING: 21:22:54 - __main__:  Error updating the Bronkhorst Pressure buffer timestamp: 'NoneType' object is not subscriptable
WARNING: 21:22:54 - __main__:  Error updating the Bronkhorst Pressure buffer data: 'NoneType' object is not subscriptable
WARNING: 21:22:54 - __main__:  Error updating the Bronkhorst Pressure buffer data: 'NoneType' object is not subscriptable
WARNING: 21:22:54 - __main__:  Error updating the Bronkhorst Pressure buffer data: 'NoneType' object is not subscriptable
WARNING: 21:22:54 - __main__:  Error updating the Bronkhorst Pressure buffer data: 'NoneType' object is not subscriptable
WARNING: 21:22:55 - __main__:  Error updating the Picarro Gas buffer timestamp: 'NoneType' object is not subscriptable
WARNING: 21:22:55 - __main__:  Error updating the Picarro Gas buffer data: 'NoneType' object is not subscriptable
WARNING: 21:22:55 - __main__:  Error updating the Picarro Gas buffer data: 'NoneType' object is not subscriptable
WARNING: 21:22:55 - __main__:  Error updating the Picarro Gas buffer data: 'NoneType' object is not subscriptable
WARNING: 21:22:55 - __main__:  Error updating the Picarro Gas buffer data: 'NoneType' object is not subscriptable
WARNING: 21:22:55 - __main__:  Error updating the Laser Distance Sensor buffer timestamp: 'NoneType' object is not subscriptable
WARNING: 21:22:55 - __main__:  Error updating the Laser Distance Sensor buffer data: 'NoneType' object is not subscriptable
WARNING: 21:22:55 - __main__:  Error updating the Laser Distance Sensor buffer data: 'NoneType' object is not subscriptable
WARNING: 21:22:55 - __main__:  Error updating the Abakus Particle Counter buffer timestamp: 'NoneType' object is not subscriptable
WARNING: 21:22:55 - __main__:  Error updating the Abakus Particle Counter buffer data: 'NoneType' object is not subscriptable
WARNING: 21:22:55 - __main__:  Error updating the Flowmeter buffer timestamp: 'NoneType' object is not subscriptable
WARNING: 21:22:55 - __main__:  Error updating the Flowmeter buffer data: 'NoneType' object is not subscriptable
WARNING: 21:22:55 - __main__:  Error updating the Flowmeter buffer data: 'NoneType' object is not subscriptable
WARNING: 21:22:55 - __main__:  Error updating the Bronkhorst Pressure buffer timestamp: 'NoneType' object is not subscriptable
WARNING: 21:22:55 - __main__:  Error updating the Bronkhorst Pressure buffer data: 'NoneType' object is not subscriptable
WARNING: 21:22:55 - __main__:  Error updating the Bronkhorst Pressure buffer data: 'NoneType' object is not subscriptable
WARNING: 21:22:55 - __main__:  Error updating the Bronkhorst Pressure buffer data: 'NoneType' object is not subscriptable
WARNING: 21:22:55 - __main__:  Error updating the Bronkhorst Pressure buffer data: 'NoneType' object is not subscriptable
WARNING: 21:22:56 - __main__:  Error updating the Picarro Gas buffer timestamp: 'NoneType' object is not subscriptable
WARNING: 21:22:56 - __main__:  Error updating the Picarro Gas buffer data: 'NoneType' object is not subscriptable
WARNING: 21:22:56 - __main__:  Error updating the Picarro Gas buffer data: 'NoneType' object is not subscriptable
WARNING: 21:22:56 - __main__:  Error updating the Picarro Gas buffer data: 'NoneType' object is not subscriptable
WARNING: 21:22:56 - __main__:  Error updating the Picarro Gas buffer data: 'NoneType' object is not subscriptable
WARNING: 21:22:56 - __main__:  Error updating the Laser Distance Sensor buffer timestamp: 'NoneType' object is not subscriptable
WARNING: 21:22:56 - __main__:  Error updating the Laser Distance Sensor buffer data: 'NoneType' object is not subscriptable
WARNING: 21:22:56 - __main__:  Error updating the Laser Distance Sensor buffer data: 'NoneType' object is not subscriptable
WARNING: 21:22:56 - __main__:  Error updating the Abakus Particle Counter buffer timestamp: 'NoneType' object is not subscriptable
WARNING: 21:22:56 - __main__:  Error updating the Abakus Particle Counter buffer data: 'NoneType' object is not subscriptable
WARNING: 21:22:56 - __main__:  Error updating the Flowmeter buffer timestamp: 'NoneType' object is not subscriptable
WARNING: 21:22:56 - __main__:  Error updating the Flowmeter buffer data: 'NoneType' object is not subscriptable
WARNING: 21:22:56 - __main__:  Error updating the Flowmeter buffer data: 'NoneType' object is not subscriptable
WARNING: 21:22:56 - __main__:  Error updating the Bronkhorst Pressure buffer timestamp: 'NoneType' object is not subscriptable
WARNING: 21:22:56 - __main__:  Error updating the Bronkhorst Pressure buffer data: 'NoneType' object is not subscriptable
WARNING: 21:22:56 - __main__:  Error updating the Bronkhorst Pressure buffer data: 'NoneType' object is not subscriptable
WARNING: 21:22:56 - __main__:  Error updating the Bronkhorst Pressure buffer data: 'NoneType' object is not subscriptable
WARNING: 21:22:56 - __main__:  Error updating the Bronkhorst Pressure buffer data: 'NoneType' object is not subscriptable
WARNING: 21:22:57 - __main__:  Error updating the Picarro Gas buffer timestamp: 'NoneType' object is not subscriptable
WARNING: 21:22:57 - __main__:  Error updating the Picarro Gas buffer data: 'NoneType' object is not subscriptable
WARNING: 21:22:57 - __main__:  Error updating the Picarro Gas buffer data: 'NoneType' object is not subscriptable
WARNING: 21:22:57 - __main__:  Error updating the Picarro Gas buffer data: 'NoneType' object is not subscriptable
WARNING: 21:22:57 - __main__:  Error updating the Picarro Gas buffer data: 'NoneType' object is not subscriptable
WARNING: 21:22:57 - __main__:  Error updating the Laser Distance Sensor buffer timestamp: 'NoneType' object is not subscriptable
WARNING: 21:22:57 - __main__:  Error updating the Laser Distance Sensor buffer data: 'NoneType' object is not subscriptable
WARNING: 21:22:57 - __main__:  Error updating the Laser Distance Sensor buffer data: 'NoneType' object is not subscriptable
WARNING: 21:22:57 - __main__:  Error updating the Abakus Particle Counter buffer timestamp: 'NoneType' object is not subscriptable
WARNING: 21:22:57 - __main__:  Error updating the Abakus Particle Counter buffer data: 'NoneType' object is not subscriptable
WARNING: 21:22:57 - __main__:  Error updating the Flowmeter buffer timestamp: 'NoneType' object is not subscriptable
WARNING: 21:22:57 - __main__:  Error updating the Flowmeter buffer data: 'NoneType' object is not subscriptable
WARNING: 21:22:57 - __main__:  Error updating the Flowmeter buffer data: 'NoneType' object is not subscriptable
WARNING: 21:22:57 - __main__:  Error updating the Bronkhorst Pressure buffer timestamp: 'NoneType' object is not subscriptable
WARNING: 21:22:57 - __main__:  Error updating the Bronkhorst Pressure buffer data: 'NoneType' object is not subscriptable
WARNING: 21:22:57 - __main__:  Error updating the Bronkhorst Pressure buffer data: 'NoneType' object is not subscriptable
WARNING: 21:22:57 - __main__:  Error updating the Bronkhorst Pressure buffer data: 'NoneType' object is not subscriptable
WARNING: 21:22:57 - __main__:  Error updating the Bronkhorst Pressure buffer data: 'NoneType' object is not subscriptable
WARNING: 21:22:58 - __main__:  Error updating the Picarro Gas buffer timestamp: 'NoneType' object is not subscriptable
WARNING: 21:22:58 - __main__:  Error updating the Picarro Gas buffer data: 'NoneType' object is not subscriptable
WARNING: 21:22:58 - __main__:  Error updating the Picarro Gas buffer data: 'NoneType' object is not subscriptable
WARNING: 21:22:58 - __main__:  Error updating the Picarro Gas buffer data: 'NoneType' object is not subscriptable
WARNING: 21:22:58 - __main__:  Error updating the Picarro Gas buffer data: 'NoneType' object is not subscriptable
WARNING: 21:22:58 - __main__:  Error updating the Laser Distance Sensor buffer timestamp: 'NoneType' object is not subscriptable
WARNING: 21:22:58 - __main__:  Error updating the Laser Distance Sensor buffer data: 'NoneType' object is not subscriptable
WARNING: 21:22:58 - __main__:  Error updating the Laser Distance Sensor buffer data: 'NoneType' object is not subscriptable
WARNING: 21:22:58 - __main__:  Error updating the Abakus Particle Counter buffer timestamp: 'NoneType' object is not subscriptable
WARNING: 21:22:58 - __main__:  Error updating the Abakus Particle Counter buffer data: 'NoneType' object is not subscriptable
WARNING: 21:22:58 - __main__:  Error updating the Flowmeter buffer timestamp: 'NoneType' object is not subscriptable
WARNING: 21:22:58 - __main__:  Error updating the Flowmeter buffer data: 'NoneType' object is not subscriptable
WARNING: 21:22:58 - __main__:  Error updating the Flowmeter buffer data: 'NoneType' object is not subscriptable
WARNING: 21:22:58 - __main__:  Error updating the Bronkhorst Pressure buffer timestamp: 'NoneType' object is not subscriptable
WARNING: 21:22:58 - __main__:  Error updating the Bronkhorst Pressure buffer data: 'NoneType' object is not subscriptable
WARNING: 21:22:58 - __main__:  Error updating the Bronkhorst Pressure buffer data: 'NoneType' object is not subscriptable
WARNING: 21:22:58 - __main__:  Error updating the Bronkhorst Pressure buffer data: 'NoneType' object is not subscriptable
WARNING: 21:22:58 - __main__:  Error updating the Bronkhorst Pressure buffer data: 'NoneType' object is not subscriptable
WARNING: 21:22:59 - __main__:  Error updating the Picarro Gas buffer timestamp: 'NoneType' object is not subscriptable
WARNING: 21:22:59 - __main__:  Error updating the Picarro Gas buffer data: 'NoneType' object is not subscriptable
WARNING: 21:22:59 - __main__:  Error updating the Picarro Gas buffer data: 'NoneType' object is not subscriptable
WARNING: 21:22:59 - __main__:  Error updating the Picarro Gas buffer data: 'NoneType' object is not subscriptable
WARNING: 21:22:59 - __main__:  Error updating the Picarro Gas buffer data: 'NoneType' object is not subscriptable
WARNING: 21:22:59 - __main__:  Error updating the Laser Distance Sensor buffer timestamp: 'NoneType' object is not subscriptable
WARNING: 21:22:59 - __main__:  Error updating the Laser Distance Sensor buffer data: 'NoneType' object is not subscriptable
WARNING: 21:22:59 - __main__:  Error updating the Laser Distance Sensor buffer data: 'NoneType' object is not subscriptable
WARNING: 21:22:59 - __main__:  Error updating the Abakus Particle Counter buffer timestamp: 'NoneType' object is not subscriptable
WARNING: 21:22:59 - __main__:  Error updating the Abakus Particle Counter buffer data: 'NoneType' object is not subscriptable
WARNING: 21:22:59 - __main__:  Error updating the Flowmeter buffer timestamp: 'NoneType' object is not subscriptable
WARNING: 21:22:59 - __main__:  Error updating the Flowmeter buffer data: 'NoneType' object is not subscriptable
WARNING: 21:22:59 - __main__:  Error updating the Flowmeter buffer data: 'NoneType' object is not subscriptable
WARNING: 21:22:59 - __main__:  Error updating the Bronkhorst Pressure buffer timestamp: 'NoneType' object is not subscriptable
WARNING: 21:22:59 - __main__:  Error updating the Bronkhorst Pressure buffer data: 'NoneType' object is not subscriptable
WARNING: 21:22:59 - __main__:  Error updating the Bronkhorst Pressure buffer data: 'NoneType' object is not subscriptable
WARNING: 21:22:59 - __main__:  Error updating the Bronkhorst Pressure buffer data: 'NoneType' object is not subscriptable
WARNING: 21:22:59 - __main__:  Error updating the Bronkhorst Pressure buffer data: 'NoneType' object is not subscriptable
INFO: 21:23:03 - main_pipeline.sensor:  Shutting down sensors
INFO: 21:23:03 - sensor_interfaces.sim_instruments:  Abakus measurements stopped
INFO: 21:23:03 - sensor_interfaces.sim_instruments:  Dimetix laser turned off
INFO: 21:23:03 - main_pipeline.sensor:  Finished shutting down sensors
INFO: 21:29:30 - main_pipeline.sensor:  Couldn't find Picarro at port /dev/ttyUSB0, shadowing sensor calls with substitute functions
WARNING: 21:29:30 - main_pipeline.sensor:  Couldn't find Abakus at port /dev/ttyUSB0, shadowing sensor calls with substitute functions
WARNING: 21:29:30 - main_pipeline.sensor:  Couldn't find Flowmeter at port /dev/ttyUSB0 and /dev/ttyUSB0, shadowing sensor calls with substitute functions
WARNING: 21:29:30 - main_pipeline.sensor:  Couldn't find Dimetix laser at port /dev/ttyUSB0, shadowing sensor calls with substitute functions
WARNING: 21:29:30 - main_pipeline.sensor:  Couldn't find Bronkhorst at port /dev/ttyUSB0, shadowing sensor calls with substitute functions
INFO: 21:29:30 - sensor_interfaces.sim_instruments:  Fake hardware, pretending to use serial port /dev/ttyUSB0 with baud 38400
INFO: 21:29:30 - sensor_interfaces.sim_instruments:  Fake hardware, pretending to use serial port /dev/ttyUSB0 with baud 115200
INFO: 21:29:30 - sensor_interfaces.sim_instruments:  Fake hardware, pretending to use serial port /dev/ttyUSB0 with baud 115200
INFO: 21:29:30 - sensor_interfaces.sim_instruments:  Fake hardware, pretending to use serial port /dev/ttyUSB0 with baud 19200
INFO: 21:29:30 - sensor_interfaces.sim_instruments:  Fake hardware, pretending to use serial port /dev/ttyUSB0 with baud 19200
INFO: 21:29:30 - sensor_interfaces.sim_instruments:  Fake hardware, pretending to use serial port /dev/ttyUSB0 with baud 38400
INFO: 21:29:30 - main_pipeline.sensor:  Sensor class initiated
INFO: 21:29:30 - main_pipeline.interpreter:  Interpreter class initiated
INFO: 21:29:30 - main_pipeline.writer:  Display class initiated
INFO: 21:29:32 - main_pipeline.sensor:  Initializing sensors
INFO: 21:29:32 - sensor_interfaces.sim_instruments:  Initializing Abakus
INFO: 21:29:32 - sensor_interfaces.sim_instruments:  Abakus initialized
INFO: 21:29:32 - sensor_interfaces.sim_instruments:  Initializing Picarro
INFO: 21:29:32 - sensor_interfaces.sim_instruments:  Initialized Picarro
INFO: 21:29:32 - sensor_interfaces.sim_instruments:  Initializing Dimetix laser
INFO: 21:29:32 - sensor_interfaces.sim_instruments:  Laser initialized
INFO: 21:29:32 - sensor_interfaces.sim_instruments:  Initializing Bronkhorst
INFO: 21:29:32 - sensor_interfaces.sim_instruments:  Bronkhorst initialized
INFO: 21:29:32 - sensor_interfaces.sim_instruments:  Initializing Flowmeter
INFO: 21:29:32 - sensor_interfaces.sim_instruments:  Flowmeter sli2000 initialized
INFO: 21:29:32 - sensor_interfaces.sim_instruments:  Initializing Flowmeter
INFO: 21:29:32 - sensor_interfaces.sim_instruments:  Flowmeter sls1500 initialized
INFO: 21:29:32 - main_pipeline.sensor:  Finished initializing sensors
WARNING: 21:29:33 - __main__:  Error updating the Picarro Gas buffer timestamp: 'NoneType' object is not subscriptable
WARNING: 21:29:33 - __main__:  Error updating the Picarro Gas buffer data: 'NoneType' object is not subscriptable
WARNING: 21:29:33 - __main__:  Error updating the Picarro Gas buffer data: 'NoneType' object is not subscriptable
WARNING: 21:29:33 - __main__:  Error updating the Picarro Gas buffer data: 'NoneType' object is not subscriptable
WARNING: 21:29:33 - __main__:  Error updating the Picarro Gas buffer data: 'NoneType' object is not subscriptable
WARNING: 21:29:33 - __main__:  Error updating the Laser Distance Sensor buffer timestamp: 'NoneType' object is not subscriptable
WARNING: 21:29:33 - __main__:  Error updating the Laser Distance Sensor buffer data: 'NoneType' object is not subscriptable
WARNING: 21:29:33 - __main__:  Error updating the Laser Distance Sensor buffer data: 'NoneType' object is not subscriptable
WARNING: 21:29:33 - __main__:  Error updating the Abakus Particle Counter buffer timestamp: 'NoneType' object is not subscriptable
WARNING: 21:29:33 - __main__:  Error updating the Abakus Particle Counter buffer data: 'NoneType' object is not subscriptable
WARNING: 21:29:33 - __main__:  Error updating the Flowmeter buffer timestamp: 'NoneType' object is not subscriptable
WARNING: 21:29:33 - __main__:  Error updating the Flowmeter buffer data: 'NoneType' object is not subscriptable
WARNING: 21:29:33 - __main__:  Error updating the Flowmeter buffer data: 'NoneType' object is not subscriptable
WARNING: 21:29:33 - __main__:  Error updating the Bronkhorst Pressure buffer timestamp: 'NoneType' object is not subscriptable
WARNING: 21:29:33 - __main__:  Error updating the Bronkhorst Pressure buffer data: 'NoneType' object is not subscriptable
WARNING: 21:29:33 - __main__:  Error updating the Bronkhorst Pressure buffer data: 'NoneType' object is not subscriptable
WARNING: 21:29:33 - __main__:  Error updating the Bronkhorst Pressure buffer data: 'NoneType' object is not subscriptable
WARNING: 21:29:33 - __main__:  Error updating the Bronkhorst Pressure buffer data: 'NoneType' object is not subscriptable
INFO: 21:29:56 - main_pipeline.sensor:  Shutting down sensors
INFO: 21:29:56 - sensor_interfaces.sim_instruments:  Abakus measurements stopped
INFO: 21:29:56 - sensor_interfaces.sim_instruments:  Dimetix laser turned off
INFO: 21:29:56 - main_pipeline.sensor:  Finished shutting down sensors
INFO: 21:29:59 - main_pipeline.sensor:  Shutting down sensors
INFO: 21:29:59 - sensor_interfaces.sim_instruments:  Abakus measurements stopped
INFO: 21:29:59 - sensor_interfaces.sim_instruments:  Dimetix laser turned off
INFO: 21:29:59 - main_pipeline.sensor:  Finished shutting down sensors
INFO: 21:30:50 - main_pipeline.sensor:  Couldn't find Picarro at port /dev/ttyUSB0, shadowing sensor calls with substitute functions
WARNING: 21:30:50 - main_pipeline.sensor:  Couldn't find Abakus at port /dev/ttyUSB0, shadowing sensor calls with substitute functions
WARNING: 21:30:50 - main_pipeline.sensor:  Couldn't find Flowmeter at port /dev/ttyUSB0 and /dev/ttyUSB0, shadowing sensor calls with substitute functions
WARNING: 21:30:50 - main_pipeline.sensor:  Couldn't find Dimetix laser at port /dev/ttyUSB0, shadowing sensor calls with substitute functions
WARNING: 21:30:50 - main_pipeline.sensor:  Couldn't find Bronkhorst at port /dev/ttyUSB0, shadowing sensor calls with substitute functions
INFO: 21:30:50 - sensor_interfaces.sim_instruments:  Fake hardware, pretending to use serial port /dev/ttyUSB0 with baud 38400
INFO: 21:30:50 - sensor_interfaces.sim_instruments:  Fake hardware, pretending to use serial port /dev/ttyUSB0 with baud 115200
INFO: 21:30:50 - sensor_interfaces.sim_instruments:  Fake hardware, pretending to use serial port /dev/ttyUSB0 with baud 115200
INFO: 21:30:50 - sensor_interfaces.sim_instruments:  Fake hardware, pretending to use serial port /dev/ttyUSB0 with baud 19200
INFO: 21:30:50 - sensor_interfaces.sim_instruments:  Fake hardware, pretending to use serial port /dev/ttyUSB0 with baud 19200
INFO: 21:30:50 - sensor_interfaces.sim_instruments:  Fake hardware, pretending to use serial port /dev/ttyUSB0 with baud 38400
INFO: 21:30:50 - main_pipeline.sensor:  Sensor class initiated
INFO: 21:30:50 - main_pipeline.interpreter:  Interpreter class initiated
INFO: 21:30:50 - main_pipeline.writer:  Display class initiated
INFO: 21:30:52 - main_pipeline.sensor:  Initializing sensors
INFO: 21:30:52 - sensor_interfaces.sim_instruments:  Initializing Abakus
INFO: 21:30:52 - sensor_interfaces.sim_instruments:  Abakus initialized
INFO: 21:30:52 - sensor_interfaces.sim_instruments:  Initializing Picarro
INFO: 21:30:52 - sensor_interfaces.sim_instruments:  Initialized Picarro
INFO: 21:30:52 - sensor_interfaces.sim_instruments:  Initializing Dimetix laser
INFO: 21:30:52 - sensor_interfaces.sim_instruments:  Laser initialized
INFO: 21:30:52 - sensor_interfaces.sim_instruments:  Initializing Bronkhorst
INFO: 21:30:52 - sensor_interfaces.sim_instruments:  Bronkhorst initialized
INFO: 21:30:52 - sensor_interfaces.sim_instruments:  Initializing Flowmeter
INFO: 21:30:52 - sensor_interfaces.sim_instruments:  Flowmeter sli2000 initialized
INFO: 21:30:52 - sensor_interfaces.sim_instruments:  Initializing Flowmeter
INFO: 21:30:52 - sensor_interfaces.sim_instruments:  Flowmeter sls1500 initialized
INFO: 21:30:52 - main_pipeline.sensor:  Finished initializing sensors
INFO: 21:31:01 - main_pipeline.sensor:  Shutting down sensors
INFO: 21:31:01 - sensor_interfaces.sim_instruments:  Abakus measurements stopped
INFO: 21:31:01 - sensor_interfaces.sim_instruments:  Dimetix laser turned off
INFO: 21:31:01 - main_pipeline.sensor:  Finished shutting down sensors
