INFO: 19:18:26 - main_pipeline.sensor:  Couldn't find Picarro at port /dev/ttyUSB0, shadowing sensor calls with substitute functions
WARNING: 19:18:26 - main_pipeline.sensor:  Couldn't find Abakus at port /dev/ttyUSB0, shadowing sensor calls with substitute functions
WARNING: 19:18:26 - main_pipeline.sensor:  Couldn't find Flowmeter at port /dev/ttyUSB0 and /dev/ttyUSB0, shadowing sensor calls with substitute functions
WARNING: 19:18:26 - main_pipeline.sensor:  Couldn't find Dimetix laser at port /dev/ttyUSB0, shadowing sensor calls with substitute functions
WARNING: 19:18:26 - main_pipeline.sensor:  Couldn't find Bronkhorst at port /dev/ttyUSB0, shadowing sensor calls with substitute functions
INFO: 19:18:26 - sensor_interfaces.sim_instruments:  Fake hardware, pretending to use serial port /dev/ttyUSB0 with baud 38400
INFO: 19:18:26 - sensor_interfaces.sim_instruments:  Fake hardware, pretending to use serial port /dev/ttyUSB0 with baud 115200
INFO: 19:18:26 - sensor_interfaces.sim_instruments:  Fake hardware, pretending to use serial port /dev/ttyUSB0 with baud 115200
INFO: 19:18:26 - sensor_interfaces.sim_instruments:  Fake hardware, pretending to use serial port /dev/ttyUSB0 with baud 19200
INFO: 19:18:26 - sensor_interfaces.sim_instruments:  Fake hardware, pretending to use serial port /dev/ttyUSB0 with baud 19200
INFO: 19:18:26 - sensor_interfaces.sim_instruments:  Fake hardware, pretending to use serial port /dev/ttyUSB0 with baud 38400
INFO: 19:18:26 - main_pipeline.sensor:  Sensor class initiated
INFO: 19:18:26 - main_pipeline.interpreter:  Interpreter class initiated
INFO: 19:18:26 - main_pipeline.writer:  Display class initiated
INFO: 19:18:29 - main_pipeline.sensor:  Initializing sensors
INFO: 19:18:29 - sensor_interfaces.sim_instruments:  Initializing Abakus
INFO: 19:18:29 - sensor_interfaces.sim_instruments:  Abakus initialized
INFO: 19:18:29 - sensor_interfaces.sim_instruments:  Initializing Picarro
INFO: 19:18:29 - sensor_interfaces.sim_instruments:  Initialized Picarro
INFO: 19:18:29 - sensor_interfaces.sim_instruments:  Initializing Dimetix laser
INFO: 19:18:29 - sensor_interfaces.sim_instruments:  Laser initialized
INFO: 19:18:29 - sensor_interfaces.sim_instruments:  Initializing Bronkhorst
INFO: 19:18:29 - sensor_interfaces.sim_instruments:  Bronkhorst initialized
INFO: 19:18:29 - sensor_interfaces.sim_instruments:  Initializing Flowmeter
INFO: 19:18:29 - sensor_interfaces.sim_instruments:  Flowmeter sli2000 initialized
INFO: 19:18:29 - sensor_interfaces.sim_instruments:  Initializing Flowmeter
INFO: 19:18:29 - sensor_interfaces.sim_instruments:  Flowmeter sls1500 initialized
INFO: 19:18:29 - main_pipeline.sensor:  Finished initializing sensors
WARNING: 19:18:30 - main_pipeline.interpreter:  Unexpected exception in processing abakus data: 'float' object has no attribute 'split'. Not updating measurement.
WARNING: 19:18:30 - __main__:  Error updating the Picarro Gas buffer timestamp: 'NoneType' object is not subscriptable
WARNING: 19:18:30 - __main__:  Error updating the Picarro Gas buffer data: 'NoneType' object is not subscriptable
WARNING: 19:18:30 - __main__:  Error updating the Picarro Gas buffer data: 'NoneType' object is not subscriptable
WARNING: 19:18:30 - __main__:  Error updating the Picarro Gas buffer data: 'NoneType' object is not subscriptable
WARNING: 19:18:30 - __main__:  Error updating the Picarro Gas buffer data: 'NoneType' object is not subscriptable
WARNING: 19:18:30 - __main__:  Error updating the Laser Distance Sensor buffer timestamp: 'NoneType' object is not subscriptable
WARNING: 19:18:30 - __main__:  Error updating the Laser Distance Sensor buffer data: 'NoneType' object is not subscriptable
WARNING: 19:18:30 - __main__:  Error updating the Laser Distance Sensor buffer data: 'NoneType' object is not subscriptable
WARNING: 19:18:30 - __main__:  Error updating the Abakus Particle Counter buffer timestamp: 'NoneType' object is not subscriptable
WARNING: 19:18:30 - __main__:  Error updating the Abakus Particle Counter buffer data: 'NoneType' object is not subscriptable
WARNING: 19:18:30 - __main__:  Error updating the Flowmeter buffer timestamp: 'NoneType' object is not subscriptable
WARNING: 19:18:30 - __main__:  Error updating the Flowmeter buffer data: 'NoneType' object is not subscriptable
WARNING: 19:18:30 - __main__:  Error updating the Flowmeter buffer data: 'NoneType' object is not subscriptable
WARNING: 19:18:30 - __main__:  Error updating the Bronkhorst Pressure buffer timestamp: 'NoneType' object is not subscriptable
WARNING: 19:18:30 - __main__:  Error updating the Bronkhorst Pressure buffer data: 'NoneType' object is not subscriptable
WARNING: 19:18:30 - __main__:  Error updating the Bronkhorst Pressure buffer data: 'NoneType' object is not subscriptable
WARNING: 19:18:30 - __main__:  Error updating the Bronkhorst Pressure buffer data: 'NoneType' object is not subscriptable
WARNING: 19:18:30 - __main__:  Error updating the Bronkhorst Pressure buffer data: 'NoneType' object is not subscriptable
WARNING: 19:18:31 - main_pipeline.interpreter:  Unexpected exception in processing abakus data: 'float' object has no attribute 'split'. Not updating measurement.
WARNING: 19:18:32 - main_pipeline.interpreter:  Unexpected exception in processing abakus data: 'float' object has no attribute 'split'. Not updating measurement.
WARNING: 19:18:33 - main_pipeline.interpreter:  Unexpected exception in processing abakus data: 'float' object has no attribute 'split'. Not updating measurement.
WARNING: 19:18:34 - main_pipeline.interpreter:  Unexpected exception in processing abakus data: 'float' object has no attribute 'split'. Not updating measurement.
WARNING: 19:18:36 - main_pipeline.interpreter:  Unexpected exception in processing abakus data: 'float' object has no attribute 'split'. Not updating measurement.
WARNING: 19:18:36 - main_pipeline.interpreter:  Unexpected exception in processing abakus data: 'float' object has no attribute 'split'. Not updating measurement.
WARNING: 19:18:38 - main_pipeline.interpreter:  Unexpected exception in processing abakus data: 'float' object has no attribute 'split'. Not updating measurement.
INFO: 19:18:42 - main_pipeline.sensor:  Shutting down sensors
INFO: 19:18:42 - sensor_interfaces.sim_instruments:  Abakus measurements stopped
INFO: 19:18:42 - sensor_interfaces.sim_instruments:  Dimetix laser turned off
INFO: 19:18:42 - main_pipeline.sensor:  Finished shutting down sensors
INFO: 19:19:12 - main_pipeline.sensor:  Couldn't find Picarro at port /dev/ttyUSB0, shadowing sensor calls with substitute functions
WARNING: 19:19:12 - main_pipeline.sensor:  Couldn't find Abakus at port /dev/ttyUSB0, shadowing sensor calls with substitute functions
WARNING: 19:19:12 - main_pipeline.sensor:  Couldn't find Flowmeter at port /dev/ttyUSB0 and /dev/ttyUSB0, shadowing sensor calls with substitute functions
WARNING: 19:19:12 - main_pipeline.sensor:  Couldn't find Dimetix laser at port /dev/ttyUSB0, shadowing sensor calls with substitute functions
WARNING: 19:19:12 - main_pipeline.sensor:  Couldn't find Bronkhorst at port /dev/ttyUSB0, shadowing sensor calls with substitute functions
INFO: 19:19:12 - sensor_interfaces.sim_instruments:  Fake hardware, pretending to use serial port /dev/ttyUSB0 with baud 38400
INFO: 19:19:12 - sensor_interfaces.sim_instruments:  Fake hardware, pretending to use serial port /dev/ttyUSB0 with baud 115200
INFO: 19:19:12 - sensor_interfaces.sim_instruments:  Fake hardware, pretending to use serial port /dev/ttyUSB0 with baud 115200
INFO: 19:19:12 - sensor_interfaces.sim_instruments:  Fake hardware, pretending to use serial port /dev/ttyUSB0 with baud 19200
INFO: 19:19:12 - sensor_interfaces.sim_instruments:  Fake hardware, pretending to use serial port /dev/ttyUSB0 with baud 19200
INFO: 19:19:12 - sensor_interfaces.sim_instruments:  Fake hardware, pretending to use serial port /dev/ttyUSB0 with baud 38400
INFO: 19:19:12 - main_pipeline.sensor:  Sensor class initiated
INFO: 19:19:12 - main_pipeline.interpreter:  Interpreter class initiated
INFO: 19:19:12 - main_pipeline.writer:  Display class initiated
INFO: 19:19:15 - main_pipeline.sensor:  Initializing sensors
INFO: 19:19:15 - sensor_interfaces.sim_instruments:  Initializing Abakus
INFO: 19:19:15 - sensor_interfaces.sim_instruments:  Abakus initialized
INFO: 19:19:15 - sensor_interfaces.sim_instruments:  Initializing Picarro
INFO: 19:19:15 - sensor_interfaces.sim_instruments:  Initialized Picarro
INFO: 19:19:15 - sensor_interfaces.sim_instruments:  Initializing Dimetix laser
INFO: 19:19:15 - sensor_interfaces.sim_instruments:  Laser initialized
INFO: 19:19:15 - sensor_interfaces.sim_instruments:  Initializing Bronkhorst
INFO: 19:19:15 - sensor_interfaces.sim_instruments:  Bronkhorst initialized
INFO: 19:19:15 - sensor_interfaces.sim_instruments:  Initializing Flowmeter
INFO: 19:19:15 - sensor_interfaces.sim_instruments:  Flowmeter sli2000 initialized
INFO: 19:19:15 - sensor_interfaces.sim_instruments:  Initializing Flowmeter
INFO: 19:19:15 - sensor_interfaces.sim_instruments:  Flowmeter sls1500 initialized
INFO: 19:19:15 - main_pipeline.sensor:  Finished initializing sensors
WARNING: 19:19:16 - main_pipeline.interpreter:  Unexpected exception in processing abakus data: 'float' object has no attribute 'split'. Not updating measurement.
WARNING: 19:19:16 - __main__:  Error updating the Picarro Gas buffer timestamp: 'NoneType' object is not subscriptable
WARNING: 19:19:16 - __main__:  Error updating the Picarro Gas buffer data: 'NoneType' object is not subscriptable
WARNING: 19:19:16 - __main__:  Error updating the Picarro Gas buffer data: 'NoneType' object is not subscriptable
WARNING: 19:19:16 - __main__:  Error updating the Picarro Gas buffer data: 'NoneType' object is not subscriptable
WARNING: 19:19:16 - __main__:  Error updating the Picarro Gas buffer data: 'NoneType' object is not subscriptable
WARNING: 19:19:16 - __main__:  Error updating the Laser Distance Sensor buffer timestamp: 'NoneType' object is not subscriptable
WARNING: 19:19:16 - __main__:  Error updating the Laser Distance Sensor buffer data: 'NoneType' object is not subscriptable
WARNING: 19:19:16 - __main__:  Error updating the Laser Distance Sensor buffer data: 'NoneType' object is not subscriptable
WARNING: 19:19:16 - __main__:  Error updating the Abakus Particle Counter buffer timestamp: 'NoneType' object is not subscriptable
WARNING: 19:19:16 - __main__:  Error updating the Abakus Particle Counter buffer data: 'NoneType' object is not subscriptable
WARNING: 19:19:16 - __main__:  Error updating the Flowmeter buffer timestamp: 'NoneType' object is not subscriptable
WARNING: 19:19:16 - __main__:  Error updating the Flowmeter buffer data: 'NoneType' object is not subscriptable
WARNING: 19:19:16 - __main__:  Error updating the Flowmeter buffer data: 'NoneType' object is not subscriptable
WARNING: 19:19:16 - __main__:  Error updating the Bronkhorst Pressure buffer timestamp: 'NoneType' object is not subscriptable
WARNING: 19:19:16 - __main__:  Error updating the Bronkhorst Pressure buffer data: 'NoneType' object is not subscriptable
WARNING: 19:19:16 - __main__:  Error updating the Bronkhorst Pressure buffer data: 'NoneType' object is not subscriptable
WARNING: 19:19:16 - __main__:  Error updating the Bronkhorst Pressure buffer data: 'NoneType' object is not subscriptable
WARNING: 19:19:16 - __main__:  Error updating the Bronkhorst Pressure buffer data: 'NoneType' object is not subscriptable
WARNING: 19:19:16 - main_pipeline.interpreter:  Unexpected exception in processing abakus data: 'float' object has no attribute 'split'. Not updating measurement.
WARNING: 19:19:17 - main_pipeline.interpreter:  Unexpected exception in processing abakus data: 'float' object has no attribute 'split'. Not updating measurement.
WARNING: 19:19:18 - main_pipeline.interpreter:  Unexpected exception in processing abakus data: 'float' object has no attribute 'split'. Not updating measurement.
WARNING: 19:19:19 - main_pipeline.interpreter:  Unexpected exception in processing abakus data: 'float' object has no attribute 'split'. Not updating measurement.
WARNING: 19:19:20 - main_pipeline.interpreter:  Unexpected exception in processing abakus data: 'float' object has no attribute 'split'. Not updating measurement.
WARNING: 19:19:21 - main_pipeline.interpreter:  Unexpected exception in processing abakus data: 'float' object has no attribute 'split'. Not updating measurement.
WARNING: 19:19:22 - main_pipeline.interpreter:  Unexpected exception in processing abakus data: 'float' object has no attribute 'split'. Not updating measurement.
WARNING: 19:19:23 - main_pipeline.interpreter:  Unexpected exception in processing abakus data: 'float' object has no attribute 'split'. Not updating measurement.
INFO: 19:19:29 - main_pipeline.sensor:  Shutting down sensors
INFO: 19:19:29 - sensor_interfaces.sim_instruments:  Abakus measurements stopped
INFO: 19:19:29 - sensor_interfaces.sim_instruments:  Dimetix laser turned off
INFO: 19:19:29 - main_pipeline.sensor:  Finished shutting down sensors
INFO: 19:20:25 - main_pipeline.sensor:  Couldn't find Picarro at port /dev/ttyUSB0, shadowing sensor calls with substitute functions
WARNING: 19:20:25 - main_pipeline.sensor:  Couldn't find Abakus at port /dev/ttyUSB0, shadowing sensor calls with substitute functions
WARNING: 19:20:25 - main_pipeline.sensor:  Couldn't find Flowmeter at port /dev/ttyUSB0 and /dev/ttyUSB0, shadowing sensor calls with substitute functions
WARNING: 19:20:25 - main_pipeline.sensor:  Couldn't find Dimetix laser at port /dev/ttyUSB0, shadowing sensor calls with substitute functions
WARNING: 19:20:25 - main_pipeline.sensor:  Couldn't find Bronkhorst at port /dev/ttyUSB0, shadowing sensor calls with substitute functions
INFO: 19:20:25 - sensor_interfaces.sim_instruments:  Fake hardware, pretending to use serial port /dev/ttyUSB0 with baud 38400
INFO: 19:20:25 - sensor_interfaces.sim_instruments:  Fake hardware, pretending to use serial port /dev/ttyUSB0 with baud 115200
INFO: 19:20:25 - sensor_interfaces.sim_instruments:  Fake hardware, pretending to use serial port /dev/ttyUSB0 with baud 115200
INFO: 19:20:25 - sensor_interfaces.sim_instruments:  Fake hardware, pretending to use serial port /dev/ttyUSB0 with baud 19200
INFO: 19:20:25 - sensor_interfaces.sim_instruments:  Fake hardware, pretending to use serial port /dev/ttyUSB0 with baud 19200
INFO: 19:20:25 - sensor_interfaces.sim_instruments:  Fake hardware, pretending to use serial port /dev/ttyUSB0 with baud 38400
INFO: 19:20:25 - main_pipeline.sensor:  Sensor class initiated
INFO: 19:20:25 - main_pipeline.interpreter:  Interpreter class initiated
INFO: 19:20:25 - main_pipeline.writer:  Display class initiated
INFO: 19:20:27 - main_pipeline.sensor:  Initializing sensors
INFO: 19:20:27 - sensor_interfaces.sim_instruments:  Initializing Abakus
INFO: 19:20:27 - sensor_interfaces.sim_instruments:  Abakus initialized
INFO: 19:20:27 - sensor_interfaces.sim_instruments:  Initializing Picarro
INFO: 19:20:27 - sensor_interfaces.sim_instruments:  Initialized Picarro
INFO: 19:20:27 - sensor_interfaces.sim_instruments:  Initializing Dimetix laser
INFO: 19:20:27 - sensor_interfaces.sim_instruments:  Laser initialized
INFO: 19:20:27 - sensor_interfaces.sim_instruments:  Initializing Bronkhorst
INFO: 19:20:27 - sensor_interfaces.sim_instruments:  Bronkhorst initialized
INFO: 19:20:27 - sensor_interfaces.sim_instruments:  Initializing Flowmeter
INFO: 19:20:27 - sensor_interfaces.sim_instruments:  Flowmeter sli2000 initialized
INFO: 19:20:27 - sensor_interfaces.sim_instruments:  Initializing Flowmeter
INFO: 19:20:27 - sensor_interfaces.sim_instruments:  Flowmeter sls1500 initialized
INFO: 19:20:27 - main_pipeline.sensor:  Finished initializing sensors
WARNING: 19:20:27 - main_pipeline.interpreter:  Unexpected exception in processing abakus data: 'float' object has no attribute 'split'. Not updating measurement.
WARNING: 19:20:27 - __main__:  Error updating the Picarro Gas buffer timestamp: 'NoneType' object is not subscriptable
WARNING: 19:20:27 - __main__:  Error updating the Picarro Gas buffer data: 'NoneType' object is not subscriptable
WARNING: 19:20:27 - __main__:  Error updating the Picarro Gas buffer data: 'NoneType' object is not subscriptable
WARNING: 19:20:27 - __main__:  Error updating the Picarro Gas buffer data: 'NoneType' object is not subscriptable
WARNING: 19:20:27 - __main__:  Error updating the Picarro Gas buffer data: 'NoneType' object is not subscriptable
WARNING: 19:20:27 - __main__:  Error updating the Laser Distance Sensor buffer timestamp: 'NoneType' object is not subscriptable
WARNING: 19:20:27 - __main__:  Error updating the Laser Distance Sensor buffer data: 'NoneType' object is not subscriptable
WARNING: 19:20:27 - __main__:  Error updating the Laser Distance Sensor buffer data: 'NoneType' object is not subscriptable
WARNING: 19:20:27 - __main__:  Error updating the Abakus Particle Counter buffer timestamp: 'NoneType' object is not subscriptable
WARNING: 19:20:27 - __main__:  Error updating the Abakus Particle Counter buffer data: 'NoneType' object is not subscriptable
WARNING: 19:20:27 - __main__:  Error updating the Flowmeter buffer timestamp: 'NoneType' object is not subscriptable
WARNING: 19:20:27 - __main__:  Error updating the Flowmeter buffer data: 'NoneType' object is not subscriptable
WARNING: 19:20:27 - __main__:  Error updating the Flowmeter buffer data: 'NoneType' object is not subscriptable
WARNING: 19:20:27 - __main__:  Error updating the Bronkhorst Pressure buffer timestamp: 'NoneType' object is not subscriptable
WARNING: 19:20:27 - __main__:  Error updating the Bronkhorst Pressure buffer data: 'NoneType' object is not subscriptable
WARNING: 19:20:27 - __main__:  Error updating the Bronkhorst Pressure buffer data: 'NoneType' object is not subscriptable
WARNING: 19:20:27 - __main__:  Error updating the Bronkhorst Pressure buffer data: 'NoneType' object is not subscriptable
WARNING: 19:20:27 - __main__:  Error updating the Bronkhorst Pressure buffer data: 'NoneType' object is not subscriptable
WARNING: 19:20:29 - main_pipeline.interpreter:  Unexpected exception in processing abakus data: 'float' object has no attribute 'split'. Not updating measurement.
WARNING: 19:20:29 - main_pipeline.interpreter:  Unexpected exception in processing abakus data: 'float' object has no attribute 'split'. Not updating measurement.
WARNING: 19:20:30 - main_pipeline.interpreter:  Unexpected exception in processing abakus data: 'float' object has no attribute 'split'. Not updating measurement.
WARNING: 19:20:31 - main_pipeline.interpreter:  Unexpected exception in processing abakus data: 'float' object has no attribute 'split'. Not updating measurement.
WARNING: 19:20:32 - main_pipeline.interpreter:  Unexpected exception in processing abakus data: 'float' object has no attribute 'split'. Not updating measurement.
WARNING: 19:20:33 - main_pipeline.interpreter:  Unexpected exception in processing abakus data: 'float' object has no attribute 'split'. Not updating measurement.
WARNING: 19:20:35 - main_pipeline.interpreter:  Unexpected exception in processing abakus data: 'float' object has no attribute 'split'. Not updating measurement.
WARNING: 19:20:36 - main_pipeline.interpreter:  Unexpected exception in processing abakus data: 'float' object has no attribute 'split'. Not updating measurement.
INFO: 19:20:40 - main_pipeline.sensor:  Shutting down sensors
INFO: 19:20:40 - sensor_interfaces.sim_instruments:  Abakus measurements stopped
INFO: 19:20:40 - sensor_interfaces.sim_instruments:  Dimetix laser turned off
INFO: 19:20:40 - main_pipeline.sensor:  Finished shutting down sensors
INFO: 19:20:59 - main_pipeline.sensor:  Couldn't find Picarro at port /dev/ttyUSB0, shadowing sensor calls with substitute functions
WARNING: 19:20:59 - main_pipeline.sensor:  Couldn't find Abakus at port /dev/ttyUSB0, shadowing sensor calls with substitute functions
WARNING: 19:20:59 - main_pipeline.sensor:  Couldn't find Flowmeter at port /dev/ttyUSB0 and /dev/ttyUSB0, shadowing sensor calls with substitute functions
WARNING: 19:20:59 - main_pipeline.sensor:  Couldn't find Dimetix laser at port /dev/ttyUSB0, shadowing sensor calls with substitute functions
WARNING: 19:20:59 - main_pipeline.sensor:  Couldn't find Bronkhorst at port /dev/ttyUSB0, shadowing sensor calls with substitute functions
INFO: 19:20:59 - sensor_interfaces.sim_instruments:  Fake hardware, pretending to use serial port /dev/ttyUSB0 with baud 38400
INFO: 19:20:59 - sensor_interfaces.sim_instruments:  Fake hardware, pretending to use serial port /dev/ttyUSB0 with baud 115200
INFO: 19:20:59 - sensor_interfaces.sim_instruments:  Fake hardware, pretending to use serial port /dev/ttyUSB0 with baud 115200
INFO: 19:20:59 - sensor_interfaces.sim_instruments:  Fake hardware, pretending to use serial port /dev/ttyUSB0 with baud 19200
INFO: 19:20:59 - sensor_interfaces.sim_instruments:  Fake hardware, pretending to use serial port /dev/ttyUSB0 with baud 19200
INFO: 19:20:59 - sensor_interfaces.sim_instruments:  Fake hardware, pretending to use serial port /dev/ttyUSB0 with baud 38400
INFO: 19:20:59 - main_pipeline.sensor:  Sensor class initiated
INFO: 19:20:59 - main_pipeline.interpreter:  Interpreter class initiated
INFO: 19:20:59 - main_pipeline.writer:  Display class initiated
INFO: 19:21:02 - main_pipeline.sensor:  Initializing sensors
INFO: 19:21:02 - sensor_interfaces.sim_instruments:  Initializing Abakus
INFO: 19:21:02 - sensor_interfaces.sim_instruments:  Abakus initialized
INFO: 19:21:02 - sensor_interfaces.sim_instruments:  Initializing Picarro
INFO: 19:21:02 - sensor_interfaces.sim_instruments:  Initialized Picarro
INFO: 19:21:02 - sensor_interfaces.sim_instruments:  Initializing Dimetix laser
INFO: 19:21:02 - sensor_interfaces.sim_instruments:  Laser initialized
INFO: 19:21:02 - sensor_interfaces.sim_instruments:  Initializing Bronkhorst
INFO: 19:21:02 - sensor_interfaces.sim_instruments:  Bronkhorst initialized
INFO: 19:21:02 - sensor_interfaces.sim_instruments:  Initializing Flowmeter
INFO: 19:21:02 - sensor_interfaces.sim_instruments:  Flowmeter sli2000 initialized
INFO: 19:21:02 - sensor_interfaces.sim_instruments:  Initializing Flowmeter
INFO: 19:21:02 - sensor_interfaces.sim_instruments:  Flowmeter sls1500 initialized
INFO: 19:21:02 - main_pipeline.sensor:  Finished initializing sensors
WARNING: 19:21:03 - main_pipeline.interpreter:  Unexpected exception in processing abakus data: 'float' object has no attribute 'split'. Not updating measurement.
WARNING: 19:21:03 - __main__:  Error updating the Picarro Gas buffer timestamp: 'NoneType' object is not subscriptable
WARNING: 19:21:03 - __main__:  Error updating the Picarro Gas buffer data: 'NoneType' object is not subscriptable
WARNING: 19:21:03 - __main__:  Error updating the Picarro Gas buffer data: 'NoneType' object is not subscriptable
WARNING: 19:21:03 - __main__:  Error updating the Picarro Gas buffer data: 'NoneType' object is not subscriptable
WARNING: 19:21:03 - __main__:  Error updating the Picarro Gas buffer data: 'NoneType' object is not subscriptable
WARNING: 19:21:03 - __main__:  Error updating the Laser Distance Sensor buffer timestamp: 'NoneType' object is not subscriptable
WARNING: 19:21:03 - __main__:  Error updating the Laser Distance Sensor buffer data: 'NoneType' object is not subscriptable
WARNING: 19:21:03 - __main__:  Error updating the Laser Distance Sensor buffer data: 'NoneType' object is not subscriptable
WARNING: 19:21:03 - __main__:  Error updating the Abakus Particle Counter buffer timestamp: 'NoneType' object is not subscriptable
WARNING: 19:21:03 - __main__:  Error updating the Abakus Particle Counter buffer data: 'NoneType' object is not subscriptable
WARNING: 19:21:03 - __main__:  Error updating the Flowmeter buffer timestamp: 'NoneType' object is not subscriptable
WARNING: 19:21:03 - __main__:  Error updating the Flowmeter buffer data: 'NoneType' object is not subscriptable
WARNING: 19:21:03 - __main__:  Error updating the Flowmeter buffer data: 'NoneType' object is not subscriptable
WARNING: 19:21:03 - __main__:  Error updating the Bronkhorst Pressure buffer timestamp: 'NoneType' object is not subscriptable
WARNING: 19:21:03 - __main__:  Error updating the Bronkhorst Pressure buffer data: 'NoneType' object is not subscriptable
WARNING: 19:21:03 - __main__:  Error updating the Bronkhorst Pressure buffer data: 'NoneType' object is not subscriptable
WARNING: 19:21:03 - __main__:  Error updating the Bronkhorst Pressure buffer data: 'NoneType' object is not subscriptable
WARNING: 19:21:03 - __main__:  Error updating the Bronkhorst Pressure buffer data: 'NoneType' object is not subscriptable
WARNING: 19:21:04 - main_pipeline.interpreter:  Unexpected exception in processing abakus data: 'float' object has no attribute 'split'. Not updating measurement.
WARNING: 19:21:05 - main_pipeline.interpreter:  Unexpected exception in processing abakus data: 'float' object has no attribute 'split'. Not updating measurement.
INFO: 19:21:11 - main_pipeline.sensor:  Shutting down sensors
INFO: 19:21:11 - sensor_interfaces.sim_instruments:  Abakus measurements stopped
INFO: 19:21:11 - sensor_interfaces.sim_instruments:  Dimetix laser turned off
INFO: 19:21:11 - main_pipeline.sensor:  Finished shutting down sensors
INFO: 19:21:19 - __main__:  Interpreter class initiated
INFO: 19:21:25 - main_pipeline.sensor:  Couldn't find Picarro at port /dev/ttyUSB0, shadowing sensor calls with substitute functions
WARNING: 19:21:25 - main_pipeline.sensor:  Couldn't find Abakus at port /dev/ttyUSB0, shadowing sensor calls with substitute functions
WARNING: 19:21:25 - main_pipeline.sensor:  Couldn't find Flowmeter at port /dev/ttyUSB0 and /dev/ttyUSB0, shadowing sensor calls with substitute functions
WARNING: 19:21:25 - main_pipeline.sensor:  Couldn't find Dimetix laser at port /dev/ttyUSB0, shadowing sensor calls with substitute functions
WARNING: 19:21:25 - main_pipeline.sensor:  Couldn't find Bronkhorst at port /dev/ttyUSB0, shadowing sensor calls with substitute functions
INFO: 19:21:25 - sensor_interfaces.sim_instruments:  Fake hardware, pretending to use serial port /dev/ttyUSB0 with baud 38400
INFO: 19:21:25 - sensor_interfaces.sim_instruments:  Fake hardware, pretending to use serial port /dev/ttyUSB0 with baud 115200
INFO: 19:21:25 - sensor_interfaces.sim_instruments:  Fake hardware, pretending to use serial port /dev/ttyUSB0 with baud 115200
INFO: 19:21:25 - sensor_interfaces.sim_instruments:  Fake hardware, pretending to use serial port /dev/ttyUSB0 with baud 19200
INFO: 19:21:25 - sensor_interfaces.sim_instruments:  Fake hardware, pretending to use serial port /dev/ttyUSB0 with baud 19200
INFO: 19:21:25 - sensor_interfaces.sim_instruments:  Fake hardware, pretending to use serial port /dev/ttyUSB0 with baud 38400
INFO: 19:21:25 - main_pipeline.sensor:  Sensor class initiated
INFO: 19:21:25 - main_pipeline.interpreter:  Interpreter class initiated
INFO: 19:21:25 - main_pipeline.writer:  Display class initiated
INFO: 19:21:28 - main_pipeline.sensor:  Initializing sensors
INFO: 19:21:28 - sensor_interfaces.sim_instruments:  Initializing Abakus
INFO: 19:21:28 - sensor_interfaces.sim_instruments:  Abakus initialized
INFO: 19:21:28 - sensor_interfaces.sim_instruments:  Initializing Picarro
INFO: 19:21:28 - sensor_interfaces.sim_instruments:  Initialized Picarro
INFO: 19:21:28 - sensor_interfaces.sim_instruments:  Initializing Dimetix laser
INFO: 19:21:28 - sensor_interfaces.sim_instruments:  Laser initialized
INFO: 19:21:28 - sensor_interfaces.sim_instruments:  Initializing Bronkhorst
INFO: 19:21:28 - sensor_interfaces.sim_instruments:  Bronkhorst initialized
INFO: 19:21:28 - sensor_interfaces.sim_instruments:  Initializing Flowmeter
INFO: 19:21:28 - sensor_interfaces.sim_instruments:  Flowmeter sli2000 initialized
INFO: 19:21:28 - sensor_interfaces.sim_instruments:  Initializing Flowmeter
INFO: 19:21:28 - sensor_interfaces.sim_instruments:  Flowmeter sls1500 initialized
INFO: 19:21:28 - main_pipeline.sensor:  Finished initializing sensors
WARNING: 19:21:29 - main_pipeline.interpreter:  Unexpected exception in processing abakus data: 'float' object has no attribute 'split'. Not updating measurement.
WARNING: 19:21:29 - __main__:  Error updating the Picarro Gas buffer timestamp: 'NoneType' object is not subscriptable
WARNING: 19:21:29 - __main__:  Error updating the Picarro Gas buffer data: 'NoneType' object is not subscriptable
WARNING: 19:21:29 - __main__:  Error updating the Picarro Gas buffer data: 'NoneType' object is not subscriptable
WARNING: 19:21:29 - __main__:  Error updating the Picarro Gas buffer data: 'NoneType' object is not subscriptable
WARNING: 19:21:29 - __main__:  Error updating the Picarro Gas buffer data: 'NoneType' object is not subscriptable
WARNING: 19:21:29 - __main__:  Error updating the Laser Distance Sensor buffer timestamp: 'NoneType' object is not subscriptable
WARNING: 19:21:29 - __main__:  Error updating the Laser Distance Sensor buffer data: 'NoneType' object is not subscriptable
WARNING: 19:21:29 - __main__:  Error updating the Laser Distance Sensor buffer data: 'NoneType' object is not subscriptable
WARNING: 19:21:29 - __main__:  Error updating the Abakus Particle Counter buffer timestamp: 'NoneType' object is not subscriptable
WARNING: 19:21:29 - __main__:  Error updating the Abakus Particle Counter buffer data: 'NoneType' object is not subscriptable
WARNING: 19:21:29 - __main__:  Error updating the Flowmeter buffer timestamp: 'NoneType' object is not subscriptable
WARNING: 19:21:29 - __main__:  Error updating the Flowmeter buffer data: 'NoneType' object is not subscriptable
WARNING: 19:21:29 - __main__:  Error updating the Flowmeter buffer data: 'NoneType' object is not subscriptable
WARNING: 19:21:29 - __main__:  Error updating the Bronkhorst Pressure buffer timestamp: 'NoneType' object is not subscriptable
WARNING: 19:21:29 - __main__:  Error updating the Bronkhorst Pressure buffer data: 'NoneType' object is not subscriptable
WARNING: 19:21:29 - __main__:  Error updating the Bronkhorst Pressure buffer data: 'NoneType' object is not subscriptable
WARNING: 19:21:29 - __main__:  Error updating the Bronkhorst Pressure buffer data: 'NoneType' object is not subscriptable
WARNING: 19:21:29 - __main__:  Error updating the Bronkhorst Pressure buffer data: 'NoneType' object is not subscriptable
WARNING: 19:21:30 - main_pipeline.interpreter:  Unexpected exception in processing abakus data: 'float' object has no attribute 'split'. Not updating measurement.
WARNING: 19:21:30 - main_pipeline.interpreter:  Unexpected exception in processing abakus data: 'float' object has no attribute 'split'. Not updating measurement.
WARNING: 19:21:31 - main_pipeline.interpreter:  Unexpected exception in processing abakus data: 'float' object has no attribute 'split'. Not updating measurement.
WARNING: 19:21:32 - main_pipeline.interpreter:  Unexpected exception in processing abakus data: 'float' object has no attribute 'split'. Not updating measurement.
INFO: 19:21:36 - main_pipeline.sensor:  Shutting down sensors
INFO: 19:21:36 - sensor_interfaces.sim_instruments:  Abakus measurements stopped
INFO: 19:21:36 - sensor_interfaces.sim_instruments:  Dimetix laser turned off
INFO: 19:21:36 - main_pipeline.sensor:  Finished shutting down sensors
INFO: 19:22:38 - main_pipeline.sensor:  Couldn't find Picarro at port /dev/ttyUSB0, shadowing sensor calls with substitute functions
WARNING: 19:22:38 - main_pipeline.sensor:  Couldn't find Abakus at port /dev/ttyUSB0, shadowing sensor calls with substitute functions
WARNING: 19:22:38 - main_pipeline.sensor:  Couldn't find Flowmeter at port /dev/ttyUSB0 and /dev/ttyUSB0, shadowing sensor calls with substitute functions
WARNING: 19:22:38 - main_pipeline.sensor:  Couldn't find Dimetix laser at port /dev/ttyUSB0, shadowing sensor calls with substitute functions
WARNING: 19:22:38 - main_pipeline.sensor:  Couldn't find Bronkhorst at port /dev/ttyUSB0, shadowing sensor calls with substitute functions
INFO: 19:22:38 - sensor_interfaces.sim_instruments:  Fake hardware, pretending to use serial port /dev/ttyUSB0 with baud 38400
INFO: 19:22:38 - sensor_interfaces.sim_instruments:  Fake hardware, pretending to use serial port /dev/ttyUSB0 with baud 115200
INFO: 19:22:38 - sensor_interfaces.sim_instruments:  Fake hardware, pretending to use serial port /dev/ttyUSB0 with baud 115200
INFO: 19:22:38 - sensor_interfaces.sim_instruments:  Fake hardware, pretending to use serial port /dev/ttyUSB0 with baud 19200
INFO: 19:22:38 - sensor_interfaces.sim_instruments:  Fake hardware, pretending to use serial port /dev/ttyUSB0 with baud 19200
INFO: 19:22:38 - sensor_interfaces.sim_instruments:  Fake hardware, pretending to use serial port /dev/ttyUSB0 with baud 38400
INFO: 19:22:38 - main_pipeline.sensor:  Sensor class initiated
INFO: 19:22:38 - main_pipeline.interpreter:  Interpreter class initiated
INFO: 19:22:38 - main_pipeline.writer:  Display class initiated
INFO: 19:22:40 - main_pipeline.sensor:  Initializing sensors
INFO: 19:22:40 - sensor_interfaces.sim_instruments:  Initializing Abakus
INFO: 19:22:40 - sensor_interfaces.sim_instruments:  Abakus initialized
INFO: 19:22:40 - sensor_interfaces.sim_instruments:  Initializing Picarro
INFO: 19:22:40 - sensor_interfaces.sim_instruments:  Initialized Picarro
INFO: 19:22:40 - sensor_interfaces.sim_instruments:  Initializing Dimetix laser
INFO: 19:22:40 - sensor_interfaces.sim_instruments:  Laser initialized
INFO: 19:22:40 - sensor_interfaces.sim_instruments:  Initializing Bronkhorst
INFO: 19:22:40 - sensor_interfaces.sim_instruments:  Bronkhorst initialized
INFO: 19:22:40 - sensor_interfaces.sim_instruments:  Initializing Flowmeter
INFO: 19:22:40 - sensor_interfaces.sim_instruments:  Flowmeter sli2000 initialized
INFO: 19:22:40 - sensor_interfaces.sim_instruments:  Initializing Flowmeter
INFO: 19:22:40 - sensor_interfaces.sim_instruments:  Flowmeter sls1500 initialized
INFO: 19:22:40 - main_pipeline.sensor:  Finished initializing sensors
WARNING: 19:22:41 - main_pipeline.interpreter:  Unexpected exception in processing abakus data: 'float' object has no attribute 'split'. Not updating measurement.
WARNING: 19:22:41 - main_pipeline.interpreter:  Encountered exception in validating flowmeter SLI2000: string index out of range. Raw output nan
WARNING: 19:22:41 - main_pipeline.interpreter:  Encountered exception in validating flowmeter SLI2000: string index out of range. Raw output nan
WARNING: 19:22:41 - main_pipeline.interpreter:  Encountered exception in validating flowmeter SLI2000: string index out of range. Raw output nan
WARNING: 19:22:41 - main_pipeline.interpreter:  Encountered exception in validating flowmeter SLI2000: string index out of range. Raw output nan
WARNING: 19:22:41 - main_pipeline.interpreter:  Encountered exception in validating flowmeter SLI2000: string index out of range. Raw output nan
WARNING: 19:22:41 - main_pipeline.interpreter:  Encountered exception in validating flowmeter SLI2000: string index out of range. Raw output nan
WARNING: 19:22:41 - main_pipeline.interpreter:  Encountered exception in validating flowmeter SLI2000: string index out of range. Raw output nan
WARNING: 19:22:41 - main_pipeline.interpreter:  Encountered exception in validating flowmeter SLI2000: string index out of range. Raw output nan
WARNING: 19:22:41 - main_pipeline.interpreter:  Encountered exception in validating flowmeter SLI2000: string index out of range. Raw output nan
WARNING: 19:22:41 - main_pipeline.interpreter:  Encountered exception in validating flowmeter SLI2000: string index out of range. Raw output nan
WARNING: 19:22:41 - main_pipeline.interpreter:  Encountered exception in validating flowmeter SLI2000: string index out of range. Raw output nan
WARNING: 19:22:41 - main_pipeline.interpreter:  Encountered exception in validating flowmeter SLI2000: string index out of range. Raw output nan
WARNING: 19:22:41 - main_pipeline.interpreter:  Encountered exception in validating flowmeter SLI2000: string index out of range. Raw output nan
WARNING: 19:22:41 - main_pipeline.interpreter:  Encountered exception in validating flowmeter SLI2000: string index out of range. Raw output nan
WARNING: 19:22:41 - main_pipeline.interpreter:  Encountered exception in validating flowmeter SLI2000: string index out of range. Raw output nan
WARNING: 19:22:41 - main_pipeline.interpreter:  Encountered exception in validating flowmeter SLS1500: string index out of range. Raw output nan
WARNING: 19:22:41 - main_pipeline.interpreter:  Encountered exception in validating flowmeter SLS1500: string index out of range. Raw output nan
WARNING: 19:22:41 - main_pipeline.interpreter:  Encountered exception in validating flowmeter SLS1500: string index out of range. Raw output nan
WARNING: 19:22:41 - main_pipeline.interpreter:  Encountered exception in validating flowmeter SLS1500: string index out of range. Raw output nan
WARNING: 19:22:41 - main_pipeline.interpreter:  Encountered exception in validating flowmeter SLS1500: string index out of range. Raw output nan
WARNING: 19:22:41 - main_pipeline.interpreter:  Encountered exception in validating flowmeter SLS1500: string index out of range. Raw output nan
WARNING: 19:22:41 - main_pipeline.interpreter:  Encountered exception in validating flowmeter SLS1500: string index out of range. Raw output nan
WARNING: 19:22:41 - main_pipeline.interpreter:  Encountered exception in validating flowmeter SLS1500: string index out of range. Raw output nan
WARNING: 19:22:41 - main_pipeline.interpreter:  Encountered exception in validating flowmeter SLS1500: string index out of range. Raw output nan
WARNING: 19:22:41 - main_pipeline.interpreter:  Encountered exception in validating flowmeter SLS1500: string index out of range. Raw output nan
WARNING: 19:22:41 - main_pipeline.interpreter:  Encountered exception in validating flowmeter SLS1500: string index out of range. Raw output nan
WARNING: 19:22:41 - main_pipeline.interpreter:  Encountered exception in validating flowmeter SLS1500: string index out of range. Raw output nan
WARNING: 19:22:41 - main_pipeline.interpreter:  Encountered exception in validating flowmeter SLS1500: string index out of range. Raw output nan
WARNING: 19:22:41 - main_pipeline.interpreter:  Encountered exception in validating flowmeter SLS1500: string index out of range. Raw output nan
WARNING: 19:22:41 - main_pipeline.interpreter:  Encountered exception in validating flowmeter SLS1500: string index out of range. Raw output nan
WARNING: 19:22:41 - main_pipeline.interpreter:  Unexpected exception in processing picarro GAS data: could not convert string to float: 'a'. Not updating measurement
WARNING: 19:22:41 - __main__:  Error updating the Picarro Gas buffer timestamp: 'NoneType' object is not subscriptable
WARNING: 19:22:41 - __main__:  Error updating the Picarro Gas buffer data: 'NoneType' object is not subscriptable
WARNING: 19:22:41 - __main__:  Error updating the Picarro Gas buffer data: 'NoneType' object is not subscriptable
WARNING: 19:22:41 - __main__:  Error updating the Picarro Gas buffer data: 'NoneType' object is not subscriptable
WARNING: 19:22:41 - __main__:  Error updating the Picarro Gas buffer data: 'NoneType' object is not subscriptable
WARNING: 19:22:41 - __main__:  Error updating the Laser Distance Sensor buffer timestamp: 'NoneType' object is not subscriptable
WARNING: 19:22:41 - __main__:  Error updating the Laser Distance Sensor buffer data: 'NoneType' object is not subscriptable
WARNING: 19:22:41 - __main__:  Error updating the Laser Distance Sensor buffer data: 'NoneType' object is not subscriptable
WARNING: 19:22:41 - __main__:  Error updating the Abakus Particle Counter buffer timestamp: 'NoneType' object is not subscriptable
WARNING: 19:22:41 - __main__:  Error updating the Abakus Particle Counter buffer data: 'NoneType' object is not subscriptable
WARNING: 19:22:41 - __main__:  Error updating the Flowmeter buffer timestamp: 'NoneType' object is not subscriptable
WARNING: 19:22:41 - __main__:  Error updating the Flowmeter buffer data: 'NoneType' object is not subscriptable
WARNING: 19:22:41 - __main__:  Error updating the Flowmeter buffer data: 'NoneType' object is not subscriptable
WARNING: 19:22:41 - __main__:  Error updating the Bronkhorst Pressure buffer timestamp: 'NoneType' object is not subscriptable
WARNING: 19:22:41 - __main__:  Error updating the Bronkhorst Pressure buffer data: 'NoneType' object is not subscriptable
WARNING: 19:22:41 - __main__:  Error updating the Bronkhorst Pressure buffer data: 'NoneType' object is not subscriptable
WARNING: 19:22:41 - __main__:  Error updating the Bronkhorst Pressure buffer data: 'NoneType' object is not subscriptable
WARNING: 19:22:41 - __main__:  Error updating the Bronkhorst Pressure buffer data: 'NoneType' object is not subscriptable
WARNING: 19:22:41 - main_pipeline.interpreter:  Unexpected exception in processing abakus data: 'float' object has no attribute 'split'. Not updating measurement.
WARNING: 19:22:41 - main_pipeline.interpreter:  Encountered exception in validating flowmeter SLI2000: string index out of range. Raw output nan
WARNING: 19:22:41 - main_pipeline.interpreter:  Encountered exception in validating flowmeter SLI2000: string index out of range. Raw output nan
WARNING: 19:22:41 - main_pipeline.interpreter:  Encountered exception in validating flowmeter SLI2000: string index out of range. Raw output nan
WARNING: 19:22:41 - main_pipeline.interpreter:  Encountered exception in validating flowmeter SLI2000: string index out of range. Raw output nan
WARNING: 19:22:41 - main_pipeline.interpreter:  Encountered exception in validating flowmeter SLI2000: string index out of range. Raw output nan
WARNING: 19:22:41 - main_pipeline.interpreter:  Encountered exception in validating flowmeter SLI2000: string index out of range. Raw output nan
WARNING: 19:22:41 - main_pipeline.interpreter:  Encountered exception in validating flowmeter SLI2000: string index out of range. Raw output nan
WARNING: 19:22:41 - main_pipeline.interpreter:  Encountered exception in validating flowmeter SLI2000: string index out of range. Raw output nan
WARNING: 19:22:41 - main_pipeline.interpreter:  Encountered exception in validating flowmeter SLI2000: string index out of range. Raw output nan
WARNING: 19:22:41 - main_pipeline.interpreter:  Encountered exception in validating flowmeter SLI2000: string index out of range. Raw output nan
WARNING: 19:22:41 - main_pipeline.interpreter:  Encountered exception in validating flowmeter SLI2000: string index out of range. Raw output nan
WARNING: 19:22:41 - main_pipeline.interpreter:  Encountered exception in validating flowmeter SLI2000: string index out of range. Raw output nan
WARNING: 19:22:41 - main_pipeline.interpreter:  Encountered exception in validating flowmeter SLI2000: string index out of range. Raw output nan
WARNING: 19:22:41 - main_pipeline.interpreter:  Encountered exception in validating flowmeter SLI2000: string index out of range. Raw output nan
WARNING: 19:22:41 - main_pipeline.interpreter:  Encountered exception in validating flowmeter SLI2000: string index out of range. Raw output nan
WARNING: 19:22:41 - main_pipeline.interpreter:  Encountered exception in validating flowmeter SLS1500: string index out of range. Raw output nan
WARNING: 19:22:41 - main_pipeline.interpreter:  Encountered exception in validating flowmeter SLS1500: string index out of range. Raw output nan
WARNING: 19:22:41 - main_pipeline.interpreter:  Encountered exception in validating flowmeter SLS1500: string index out of range. Raw output nan
WARNING: 19:22:41 - main_pipeline.interpreter:  Encountered exception in validating flowmeter SLS1500: string index out of range. Raw output nan
WARNING: 19:22:41 - main_pipeline.interpreter:  Encountered exception in validating flowmeter SLS1500: string index out of range. Raw output nan
WARNING: 19:22:41 - main_pipeline.interpreter:  Encountered exception in validating flowmeter SLS1500: string index out of range. Raw output nan
WARNING: 19:22:41 - main_pipeline.interpreter:  Encountered exception in validating flowmeter SLS1500: string index out of range. Raw output nan
WARNING: 19:22:41 - main_pipeline.interpreter:  Encountered exception in validating flowmeter SLS1500: string index out of range. Raw output nan
WARNING: 19:22:41 - main_pipeline.interpreter:  Encountered exception in validating flowmeter SLS1500: string index out of range. Raw output nan
WARNING: 19:22:41 - main_pipeline.interpreter:  Encountered exception in validating flowmeter SLS1500: string index out of range. Raw output nan
WARNING: 19:22:41 - main_pipeline.interpreter:  Encountered exception in validating flowmeter SLS1500: string index out of range. Raw output nan
WARNING: 19:22:41 - main_pipeline.interpreter:  Encountered exception in validating flowmeter SLS1500: string index out of range. Raw output nan
WARNING: 19:22:41 - main_pipeline.interpreter:  Encountered exception in validating flowmeter SLS1500: string index out of range. Raw output nan
WARNING: 19:22:41 - main_pipeline.interpreter:  Encountered exception in validating flowmeter SLS1500: string index out of range. Raw output nan
WARNING: 19:22:41 - main_pipeline.interpreter:  Encountered exception in validating flowmeter SLS1500: string index out of range. Raw output nan
WARNING: 19:22:41 - main_pipeline.interpreter:  Unexpected exception in processing picarro GAS data: could not convert string to float: 'a'. Not updating measurement
WARNING: 19:22:41 - __main__:  Error updating the Picarro Gas buffer timestamp: 'NoneType' object is not subscriptable
WARNING: 19:22:41 - __main__:  Error updating the Picarro Gas buffer data: 'NoneType' object is not subscriptable
WARNING: 19:22:41 - __main__:  Error updating the Picarro Gas buffer data: 'NoneType' object is not subscriptable
WARNING: 19:22:41 - __main__:  Error updating the Picarro Gas buffer data: 'NoneType' object is not subscriptable
WARNING: 19:22:41 - __main__:  Error updating the Picarro Gas buffer data: 'NoneType' object is not subscriptable
WARNING: 19:22:41 - __main__:  Error updating the Laser Distance Sensor buffer timestamp: 'NoneType' object is not subscriptable
WARNING: 19:22:41 - __main__:  Error updating the Laser Distance Sensor buffer data: 'NoneType' object is not subscriptable
WARNING: 19:22:41 - __main__:  Error updating the Laser Distance Sensor buffer data: 'NoneType' object is not subscriptable
WARNING: 19:22:41 - __main__:  Error updating the Abakus Particle Counter buffer timestamp: 'NoneType' object is not subscriptable
WARNING: 19:22:41 - __main__:  Error updating the Abakus Particle Counter buffer data: 'NoneType' object is not subscriptable
WARNING: 19:22:41 - __main__:  Error updating the Flowmeter buffer timestamp: 'NoneType' object is not subscriptable
WARNING: 19:22:41 - __main__:  Error updating the Flowmeter buffer data: 'NoneType' object is not subscriptable
WARNING: 19:22:41 - __main__:  Error updating the Flowmeter buffer data: 'NoneType' object is not subscriptable
WARNING: 19:22:41 - __main__:  Error updating the Bronkhorst Pressure buffer timestamp: 'NoneType' object is not subscriptable
WARNING: 19:22:41 - __main__:  Error updating the Bronkhorst Pressure buffer data: 'NoneType' object is not subscriptable
WARNING: 19:22:41 - __main__:  Error updating the Bronkhorst Pressure buffer data: 'NoneType' object is not subscriptable
WARNING: 19:22:41 - __main__:  Error updating the Bronkhorst Pressure buffer data: 'NoneType' object is not subscriptable
WARNING: 19:22:41 - __main__:  Error updating the Bronkhorst Pressure buffer data: 'NoneType' object is not subscriptable
WARNING: 19:22:43 - main_pipeline.interpreter:  Unexpected exception in processing abakus data: 'float' object has no attribute 'split'. Not updating measurement.
WARNING: 19:22:43 - main_pipeline.interpreter:  Encountered exception in validating flowmeter SLI2000: string index out of range. Raw output nan
WARNING: 19:22:43 - main_pipeline.interpreter:  Encountered exception in validating flowmeter SLI2000: string index out of range. Raw output nan
WARNING: 19:22:43 - main_pipeline.interpreter:  Encountered exception in validating flowmeter SLI2000: string index out of range. Raw output nan
WARNING: 19:22:43 - main_pipeline.interpreter:  Encountered exception in validating flowmeter SLI2000: string index out of range. Raw output nan
WARNING: 19:22:43 - main_pipeline.interpreter:  Encountered exception in validating flowmeter SLI2000: string index out of range. Raw output nan
WARNING: 19:22:43 - main_pipeline.interpreter:  Encountered exception in validating flowmeter SLI2000: string index out of range. Raw output nan
WARNING: 19:22:43 - main_pipeline.interpreter:  Encountered exception in validating flowmeter SLI2000: string index out of range. Raw output nan
WARNING: 19:22:43 - main_pipeline.interpreter:  Encountered exception in validating flowmeter SLI2000: string index out of range. Raw output nan
WARNING: 19:22:43 - main_pipeline.interpreter:  Encountered exception in validating flowmeter SLI2000: string index out of range. Raw output nan
WARNING: 19:22:43 - main_pipeline.interpreter:  Encountered exception in validating flowmeter SLI2000: string index out of range. Raw output nan
WARNING: 19:22:43 - main_pipeline.interpreter:  Encountered exception in validating flowmeter SLI2000: string index out of range. Raw output nan
WARNING: 19:22:43 - main_pipeline.interpreter:  Encountered exception in validating flowmeter SLI2000: string index out of range. Raw output nan
WARNING: 19:22:43 - main_pipeline.interpreter:  Encountered exception in validating flowmeter SLI2000: string index out of range. Raw output nan
WARNING: 19:22:43 - main_pipeline.interpreter:  Encountered exception in validating flowmeter SLI2000: string index out of range. Raw output nan
WARNING: 19:22:43 - main_pipeline.interpreter:  Encountered exception in validating flowmeter SLI2000: string index out of range. Raw output nan
WARNING: 19:22:43 - main_pipeline.interpreter:  Encountered exception in validating flowmeter SLS1500: string index out of range. Raw output nan
WARNING: 19:22:43 - main_pipeline.interpreter:  Encountered exception in validating flowmeter SLS1500: string index out of range. Raw output nan
WARNING: 19:22:43 - main_pipeline.interpreter:  Encountered exception in validating flowmeter SLS1500: string index out of range. Raw output nan
WARNING: 19:22:43 - main_pipeline.interpreter:  Encountered exception in validating flowmeter SLS1500: string index out of range. Raw output nan
WARNING: 19:22:43 - main_pipeline.interpreter:  Encountered exception in validating flowmeter SLS1500: string index out of range. Raw output nan
WARNING: 19:22:43 - main_pipeline.interpreter:  Encountered exception in validating flowmeter SLS1500: string index out of range. Raw output nan
WARNING: 19:22:43 - main_pipeline.interpreter:  Encountered exception in validating flowmeter SLS1500: string index out of range. Raw output nan
WARNING: 19:22:43 - main_pipeline.interpreter:  Encountered exception in validating flowmeter SLS1500: string index out of range. Raw output nan
WARNING: 19:22:43 - main_pipeline.interpreter:  Encountered exception in validating flowmeter SLS1500: string index out of range. Raw output nan
WARNING: 19:22:43 - main_pipeline.interpreter:  Encountered exception in validating flowmeter SLS1500: string index out of range. Raw output nan
WARNING: 19:22:43 - main_pipeline.interpreter:  Encountered exception in validating flowmeter SLS1500: string index out of range. Raw output nan
WARNING: 19:22:43 - main_pipeline.interpreter:  Encountered exception in validating flowmeter SLS1500: string index out of range. Raw output nan
WARNING: 19:22:43 - main_pipeline.interpreter:  Encountered exception in validating flowmeter SLS1500: string index out of range. Raw output nan
WARNING: 19:22:43 - main_pipeline.interpreter:  Encountered exception in validating flowmeter SLS1500: string index out of range. Raw output nan
WARNING: 19:22:43 - main_pipeline.interpreter:  Encountered exception in validating flowmeter SLS1500: string index out of range. Raw output nan
WARNING: 19:22:43 - main_pipeline.interpreter:  Unexpected exception in processing picarro GAS data: could not convert string to float: 'a'. Not updating measurement
WARNING: 19:22:43 - __main__:  Error updating the Picarro Gas buffer timestamp: 'NoneType' object is not subscriptable
WARNING: 19:22:43 - __main__:  Error updating the Picarro Gas buffer data: 'NoneType' object is not subscriptable
WARNING: 19:22:43 - __main__:  Error updating the Picarro Gas buffer data: 'NoneType' object is not subscriptable
WARNING: 19:22:43 - __main__:  Error updating the Picarro Gas buffer data: 'NoneType' object is not subscriptable
WARNING: 19:22:43 - __main__:  Error updating the Picarro Gas buffer data: 'NoneType' object is not subscriptable
WARNING: 19:22:43 - __main__:  Error updating the Laser Distance Sensor buffer timestamp: 'NoneType' object is not subscriptable
WARNING: 19:22:43 - __main__:  Error updating the Laser Distance Sensor buffer data: 'NoneType' object is not subscriptable
WARNING: 19:22:43 - __main__:  Error updating the Laser Distance Sensor buffer data: 'NoneType' object is not subscriptable
WARNING: 19:22:43 - __main__:  Error updating the Abakus Particle Counter buffer timestamp: 'NoneType' object is not subscriptable
WARNING: 19:22:43 - __main__:  Error updating the Abakus Particle Counter buffer data: 'NoneType' object is not subscriptable
WARNING: 19:22:43 - __main__:  Error updating the Flowmeter buffer timestamp: 'NoneType' object is not subscriptable
WARNING: 19:22:43 - __main__:  Error updating the Flowmeter buffer data: 'NoneType' object is not subscriptable
WARNING: 19:22:43 - __main__:  Error updating the Flowmeter buffer data: 'NoneType' object is not subscriptable
WARNING: 19:22:43 - __main__:  Error updating the Bronkhorst Pressure buffer timestamp: 'NoneType' object is not subscriptable
WARNING: 19:22:43 - __main__:  Error updating the Bronkhorst Pressure buffer data: 'NoneType' object is not subscriptable
WARNING: 19:22:43 - __main__:  Error updating the Bronkhorst Pressure buffer data: 'NoneType' object is not subscriptable
WARNING: 19:22:43 - __main__:  Error updating the Bronkhorst Pressure buffer data: 'NoneType' object is not subscriptable
WARNING: 19:22:43 - __main__:  Error updating the Bronkhorst Pressure buffer data: 'NoneType' object is not subscriptable
WARNING: 19:22:44 - main_pipeline.interpreter:  Unexpected exception in processing abakus data: 'float' object has no attribute 'split'. Not updating measurement.
WARNING: 19:22:44 - main_pipeline.interpreter:  Encountered exception in validating flowmeter SLI2000: string index out of range. Raw output nan
WARNING: 19:22:44 - main_pipeline.interpreter:  Encountered exception in validating flowmeter SLI2000: string index out of range. Raw output nan
WARNING: 19:22:44 - main_pipeline.interpreter:  Encountered exception in validating flowmeter SLI2000: string index out of range. Raw output nan
WARNING: 19:22:44 - main_pipeline.interpreter:  Encountered exception in validating flowmeter SLI2000: string index out of range. Raw output nan
WARNING: 19:22:44 - main_pipeline.interpreter:  Encountered exception in validating flowmeter SLI2000: string index out of range. Raw output nan
WARNING: 19:22:44 - main_pipeline.interpreter:  Encountered exception in validating flowmeter SLI2000: string index out of range. Raw output nan
WARNING: 19:22:44 - main_pipeline.interpreter:  Encountered exception in validating flowmeter SLI2000: string index out of range. Raw output nan
WARNING: 19:22:44 - main_pipeline.interpreter:  Encountered exception in validating flowmeter SLI2000: string index out of range. Raw output nan
WARNING: 19:22:44 - main_pipeline.interpreter:  Encountered exception in validating flowmeter SLI2000: string index out of range. Raw output nan
WARNING: 19:22:44 - main_pipeline.interpreter:  Encountered exception in validating flowmeter SLI2000: string index out of range. Raw output nan
WARNING: 19:22:44 - main_pipeline.interpreter:  Encountered exception in validating flowmeter SLI2000: string index out of range. Raw output nan
WARNING: 19:22:44 - main_pipeline.interpreter:  Encountered exception in validating flowmeter SLI2000: string index out of range. Raw output nan
WARNING: 19:22:44 - main_pipeline.interpreter:  Encountered exception in validating flowmeter SLI2000: string index out of range. Raw output nan
WARNING: 19:22:44 - main_pipeline.interpreter:  Encountered exception in validating flowmeter SLI2000: string index out of range. Raw output nan
WARNING: 19:22:44 - main_pipeline.interpreter:  Encountered exception in validating flowmeter SLI2000: string index out of range. Raw output nan
WARNING: 19:22:44 - main_pipeline.interpreter:  Encountered exception in validating flowmeter SLS1500: string index out of range. Raw output nan
WARNING: 19:22:44 - main_pipeline.interpreter:  Encountered exception in validating flowmeter SLS1500: string index out of range. Raw output nan
WARNING: 19:22:44 - main_pipeline.interpreter:  Encountered exception in validating flowmeter SLS1500: string index out of range. Raw output nan
WARNING: 19:22:44 - main_pipeline.interpreter:  Encountered exception in validating flowmeter SLS1500: string index out of range. Raw output nan
WARNING: 19:22:44 - main_pipeline.interpreter:  Encountered exception in validating flowmeter SLS1500: string index out of range. Raw output nan
WARNING: 19:22:44 - main_pipeline.interpreter:  Encountered exception in validating flowmeter SLS1500: string index out of range. Raw output nan
WARNING: 19:22:44 - main_pipeline.interpreter:  Encountered exception in validating flowmeter SLS1500: string index out of range. Raw output nan
WARNING: 19:22:44 - main_pipeline.interpreter:  Encountered exception in validating flowmeter SLS1500: string index out of range. Raw output nan
WARNING: 19:22:44 - main_pipeline.interpreter:  Encountered exception in validating flowmeter SLS1500: string index out of range. Raw output nan
WARNING: 19:22:44 - main_pipeline.interpreter:  Encountered exception in validating flowmeter SLS1500: string index out of range. Raw output nan
WARNING: 19:22:44 - main_pipeline.interpreter:  Encountered exception in validating flowmeter SLS1500: string index out of range. Raw output nan
WARNING: 19:22:44 - main_pipeline.interpreter:  Encountered exception in validating flowmeter SLS1500: string index out of range. Raw output nan
WARNING: 19:22:44 - main_pipeline.interpreter:  Encountered exception in validating flowmeter SLS1500: string index out of range. Raw output nan
WARNING: 19:22:44 - main_pipeline.interpreter:  Encountered exception in validating flowmeter SLS1500: string index out of range. Raw output nan
WARNING: 19:22:44 - main_pipeline.interpreter:  Encountered exception in validating flowmeter SLS1500: string index out of range. Raw output nan
WARNING: 19:22:44 - main_pipeline.interpreter:  Unexpected exception in processing picarro GAS data: could not convert string to float: 'a'. Not updating measurement
WARNING: 19:22:44 - __main__:  Error updating the Picarro Gas buffer timestamp: 'NoneType' object is not subscriptable
WARNING: 19:22:44 - __main__:  Error updating the Picarro Gas buffer data: 'NoneType' object is not subscriptable
WARNING: 19:22:44 - __main__:  Error updating the Picarro Gas buffer data: 'NoneType' object is not subscriptable
WARNING: 19:22:44 - __main__:  Error updating the Picarro Gas buffer data: 'NoneType' object is not subscriptable
WARNING: 19:22:44 - __main__:  Error updating the Picarro Gas buffer data: 'NoneType' object is not subscriptable
WARNING: 19:22:44 - __main__:  Error updating the Laser Distance Sensor buffer timestamp: 'NoneType' object is not subscriptable
WARNING: 19:22:44 - __main__:  Error updating the Laser Distance Sensor buffer data: 'NoneType' object is not subscriptable
WARNING: 19:22:44 - __main__:  Error updating the Laser Distance Sensor buffer data: 'NoneType' object is not subscriptable
WARNING: 19:22:44 - __main__:  Error updating the Abakus Particle Counter buffer timestamp: 'NoneType' object is not subscriptable
WARNING: 19:22:44 - __main__:  Error updating the Abakus Particle Counter buffer data: 'NoneType' object is not subscriptable
WARNING: 19:22:44 - __main__:  Error updating the Flowmeter buffer timestamp: 'NoneType' object is not subscriptable
WARNING: 19:22:44 - __main__:  Error updating the Flowmeter buffer data: 'NoneType' object is not subscriptable
WARNING: 19:22:44 - __main__:  Error updating the Flowmeter buffer data: 'NoneType' object is not subscriptable
WARNING: 19:22:44 - __main__:  Error updating the Bronkhorst Pressure buffer timestamp: 'NoneType' object is not subscriptable
WARNING: 19:22:44 - __main__:  Error updating the Bronkhorst Pressure buffer data: 'NoneType' object is not subscriptable
WARNING: 19:22:44 - __main__:  Error updating the Bronkhorst Pressure buffer data: 'NoneType' object is not subscriptable
WARNING: 19:22:44 - __main__:  Error updating the Bronkhorst Pressure buffer data: 'NoneType' object is not subscriptable
WARNING: 19:22:44 - __main__:  Error updating the Bronkhorst Pressure buffer data: 'NoneType' object is not subscriptable
WARNING: 19:22:44 - main_pipeline.interpreter:  Unexpected exception in processing abakus data: 'float' object has no attribute 'split'. Not updating measurement.
WARNING: 19:22:44 - main_pipeline.interpreter:  Encountered exception in validating flowmeter SLI2000: string index out of range. Raw output nan
WARNING: 19:22:44 - main_pipeline.interpreter:  Encountered exception in validating flowmeter SLI2000: string index out of range. Raw output nan
WARNING: 19:22:44 - main_pipeline.interpreter:  Encountered exception in validating flowmeter SLI2000: string index out of range. Raw output nan
WARNING: 19:22:44 - main_pipeline.interpreter:  Encountered exception in validating flowmeter SLI2000: string index out of range. Raw output nan
WARNING: 19:22:44 - main_pipeline.interpreter:  Encountered exception in validating flowmeter SLI2000: string index out of range. Raw output nan
WARNING: 19:22:44 - main_pipeline.interpreter:  Encountered exception in validating flowmeter SLI2000: string index out of range. Raw output nan
WARNING: 19:22:44 - main_pipeline.interpreter:  Encountered exception in validating flowmeter SLI2000: string index out of range. Raw output nan
WARNING: 19:22:44 - main_pipeline.interpreter:  Encountered exception in validating flowmeter SLI2000: string index out of range. Raw output nan
WARNING: 19:22:44 - main_pipeline.interpreter:  Encountered exception in validating flowmeter SLI2000: string index out of range. Raw output nan
WARNING: 19:22:44 - main_pipeline.interpreter:  Encountered exception in validating flowmeter SLI2000: string index out of range. Raw output nan
WARNING: 19:22:44 - main_pipeline.interpreter:  Encountered exception in validating flowmeter SLI2000: string index out of range. Raw output nan
WARNING: 19:22:44 - main_pipeline.interpreter:  Encountered exception in validating flowmeter SLI2000: string index out of range. Raw output nan
WARNING: 19:22:44 - main_pipeline.interpreter:  Encountered exception in validating flowmeter SLI2000: string index out of range. Raw output nan
WARNING: 19:22:44 - main_pipeline.interpreter:  Encountered exception in validating flowmeter SLI2000: string index out of range. Raw output nan
WARNING: 19:22:44 - main_pipeline.interpreter:  Encountered exception in validating flowmeter SLI2000: string index out of range. Raw output nan
WARNING: 19:22:44 - main_pipeline.interpreter:  Encountered exception in validating flowmeter SLS1500: string index out of range. Raw output nan
WARNING: 19:22:44 - main_pipeline.interpreter:  Encountered exception in validating flowmeter SLS1500: string index out of range. Raw output nan
WARNING: 19:22:44 - main_pipeline.interpreter:  Encountered exception in validating flowmeter SLS1500: string index out of range. Raw output nan
WARNING: 19:22:44 - main_pipeline.interpreter:  Encountered exception in validating flowmeter SLS1500: string index out of range. Raw output nan
WARNING: 19:22:44 - main_pipeline.interpreter:  Encountered exception in validating flowmeter SLS1500: string index out of range. Raw output nan
WARNING: 19:22:44 - main_pipeline.interpreter:  Encountered exception in validating flowmeter SLS1500: string index out of range. Raw output nan
WARNING: 19:22:44 - main_pipeline.interpreter:  Encountered exception in validating flowmeter SLS1500: string index out of range. Raw output nan
WARNING: 19:22:44 - main_pipeline.interpreter:  Encountered exception in validating flowmeter SLS1500: string index out of range. Raw output nan
WARNING: 19:22:44 - main_pipeline.interpreter:  Encountered exception in validating flowmeter SLS1500: string index out of range. Raw output nan
WARNING: 19:22:44 - main_pipeline.interpreter:  Encountered exception in validating flowmeter SLS1500: string index out of range. Raw output nan
WARNING: 19:22:44 - main_pipeline.interpreter:  Encountered exception in validating flowmeter SLS1500: string index out of range. Raw output nan
WARNING: 19:22:44 - main_pipeline.interpreter:  Encountered exception in validating flowmeter SLS1500: string index out of range. Raw output nan
WARNING: 19:22:44 - main_pipeline.interpreter:  Encountered exception in validating flowmeter SLS1500: string index out of range. Raw output nan
WARNING: 19:22:44 - main_pipeline.interpreter:  Encountered exception in validating flowmeter SLS1500: string index out of range. Raw output nan
WARNING: 19:22:44 - main_pipeline.interpreter:  Encountered exception in validating flowmeter SLS1500: string index out of range. Raw output nan
WARNING: 19:22:44 - main_pipeline.interpreter:  Unexpected exception in processing picarro GAS data: could not convert string to float: 'a'. Not updating measurement
WARNING: 19:22:44 - __main__:  Error updating the Picarro Gas buffer timestamp: 'NoneType' object is not subscriptable
WARNING: 19:22:44 - __main__:  Error updating the Picarro Gas buffer data: 'NoneType' object is not subscriptable
WARNING: 19:22:44 - __main__:  Error updating the Picarro Gas buffer data: 'NoneType' object is not subscriptable
WARNING: 19:22:44 - __main__:  Error updating the Picarro Gas buffer data: 'NoneType' object is not subscriptable
WARNING: 19:22:44 - __main__:  Error updating the Picarro Gas buffer data: 'NoneType' object is not subscriptable
WARNING: 19:22:44 - __main__:  Error updating the Laser Distance Sensor buffer timestamp: 'NoneType' object is not subscriptable
WARNING: 19:22:44 - __main__:  Error updating the Laser Distance Sensor buffer data: 'NoneType' object is not subscriptable
WARNING: 19:22:44 - __main__:  Error updating the Laser Distance Sensor buffer data: 'NoneType' object is not subscriptable
WARNING: 19:22:44 - __main__:  Error updating the Abakus Particle Counter buffer timestamp: 'NoneType' object is not subscriptable
WARNING: 19:22:44 - __main__:  Error updating the Abakus Particle Counter buffer data: 'NoneType' object is not subscriptable
WARNING: 19:22:44 - __main__:  Error updating the Flowmeter buffer timestamp: 'NoneType' object is not subscriptable
WARNING: 19:22:44 - __main__:  Error updating the Flowmeter buffer data: 'NoneType' object is not subscriptable
WARNING: 19:22:44 - __main__:  Error updating the Flowmeter buffer data: 'NoneType' object is not subscriptable
WARNING: 19:22:44 - __main__:  Error updating the Bronkhorst Pressure buffer timestamp: 'NoneType' object is not subscriptable
WARNING: 19:22:44 - __main__:  Error updating the Bronkhorst Pressure buffer data: 'NoneType' object is not subscriptable
WARNING: 19:22:44 - __main__:  Error updating the Bronkhorst Pressure buffer data: 'NoneType' object is not subscriptable
WARNING: 19:22:44 - __main__:  Error updating the Bronkhorst Pressure buffer data: 'NoneType' object is not subscriptable
WARNING: 19:22:44 - __main__:  Error updating the Bronkhorst Pressure buffer data: 'NoneType' object is not subscriptable
INFO: 19:22:49 - main_pipeline.sensor:  Shutting down sensors
INFO: 19:22:49 - sensor_interfaces.sim_instruments:  Abakus measurements stopped
INFO: 19:22:49 - sensor_interfaces.sim_instruments:  Dimetix laser turned off
INFO: 19:22:49 - main_pipeline.sensor:  Finished shutting down sensors
INFO: 19:23:48 - __main__:  Interpreter class initiated
INFO: 19:23:53 - main_pipeline.sensor:  Couldn't find Picarro at port /dev/ttyUSB0, shadowing sensor calls with substitute functions
WARNING: 19:23:53 - main_pipeline.sensor:  Couldn't find Abakus at port /dev/ttyUSB0, shadowing sensor calls with substitute functions
WARNING: 19:23:53 - main_pipeline.sensor:  Couldn't find Flowmeter at port /dev/ttyUSB0 and /dev/ttyUSB0, shadowing sensor calls with substitute functions
WARNING: 19:23:53 - main_pipeline.sensor:  Couldn't find Dimetix laser at port /dev/ttyUSB0, shadowing sensor calls with substitute functions
WARNING: 19:23:53 - main_pipeline.sensor:  Couldn't find Bronkhorst at port /dev/ttyUSB0, shadowing sensor calls with substitute functions
INFO: 19:23:53 - sensor_interfaces.sim_instruments:  Fake hardware, pretending to use serial port /dev/ttyUSB0 with baud 38400
INFO: 19:23:53 - sensor_interfaces.sim_instruments:  Fake hardware, pretending to use serial port /dev/ttyUSB0 with baud 115200
INFO: 19:23:53 - sensor_interfaces.sim_instruments:  Fake hardware, pretending to use serial port /dev/ttyUSB0 with baud 115200
INFO: 19:23:53 - sensor_interfaces.sim_instruments:  Fake hardware, pretending to use serial port /dev/ttyUSB0 with baud 19200
INFO: 19:23:53 - sensor_interfaces.sim_instruments:  Fake hardware, pretending to use serial port /dev/ttyUSB0 with baud 19200
INFO: 19:23:53 - sensor_interfaces.sim_instruments:  Fake hardware, pretending to use serial port /dev/ttyUSB0 with baud 38400
INFO: 19:23:53 - main_pipeline.sensor:  Sensor class initiated
INFO: 19:23:53 - main_pipeline.interpreter:  Interpreter class initiated
INFO: 19:23:53 - main_pipeline.writer:  Display class initiated
INFO: 19:23:56 - main_pipeline.sensor:  Initializing sensors
INFO: 19:23:56 - sensor_interfaces.sim_instruments:  Initializing Abakus
INFO: 19:23:56 - sensor_interfaces.sim_instruments:  Abakus initialized
INFO: 19:23:56 - sensor_interfaces.sim_instruments:  Initializing Picarro
INFO: 19:23:56 - sensor_interfaces.sim_instruments:  Initialized Picarro
INFO: 19:23:56 - sensor_interfaces.sim_instruments:  Initializing Dimetix laser
INFO: 19:23:56 - sensor_interfaces.sim_instruments:  Laser initialized
INFO: 19:23:56 - sensor_interfaces.sim_instruments:  Initializing Bronkhorst
INFO: 19:23:56 - sensor_interfaces.sim_instruments:  Bronkhorst initialized
INFO: 19:23:56 - sensor_interfaces.sim_instruments:  Initializing Flowmeter
INFO: 19:23:56 - sensor_interfaces.sim_instruments:  Flowmeter sli2000 initialized
INFO: 19:23:56 - sensor_interfaces.sim_instruments:  Initializing Flowmeter
INFO: 19:23:56 - sensor_interfaces.sim_instruments:  Flowmeter sls1500 initialized
INFO: 19:23:56 - main_pipeline.sensor:  Finished initializing sensors
WARNING: 19:23:57 - main_pipeline.interpreter:  Unexpected exception in processing abakus data: 'float' object has no attribute 'split'. Not updating measurement.
WARNING: 19:23:57 - __main__:  Error updating the Picarro Gas buffer timestamp: 'NoneType' object is not subscriptable
WARNING: 19:23:57 - __main__:  Error updating the Picarro Gas buffer data: 'NoneType' object is not subscriptable
WARNING: 19:23:57 - __main__:  Error updating the Picarro Gas buffer data: 'NoneType' object is not subscriptable
WARNING: 19:23:57 - __main__:  Error updating the Picarro Gas buffer data: 'NoneType' object is not subscriptable
WARNING: 19:23:57 - __main__:  Error updating the Picarro Gas buffer data: 'NoneType' object is not subscriptable
WARNING: 19:23:57 - __main__:  Error updating the Laser Distance Sensor buffer timestamp: 'NoneType' object is not subscriptable
WARNING: 19:23:57 - __main__:  Error updating the Laser Distance Sensor buffer data: 'NoneType' object is not subscriptable
WARNING: 19:23:57 - __main__:  Error updating the Laser Distance Sensor buffer data: 'NoneType' object is not subscriptable
WARNING: 19:23:57 - __main__:  Error updating the Abakus Particle Counter buffer timestamp: 'NoneType' object is not subscriptable
WARNING: 19:23:57 - __main__:  Error updating the Abakus Particle Counter buffer data: 'NoneType' object is not subscriptable
WARNING: 19:23:57 - __main__:  Error updating the Flowmeter buffer timestamp: 'NoneType' object is not subscriptable
WARNING: 19:23:57 - __main__:  Error updating the Flowmeter buffer data: 'NoneType' object is not subscriptable
WARNING: 19:23:57 - __main__:  Error updating the Flowmeter buffer data: 'NoneType' object is not subscriptable
WARNING: 19:23:57 - __main__:  Error updating the Bronkhorst Pressure buffer timestamp: 'NoneType' object is not subscriptable
WARNING: 19:23:57 - __main__:  Error updating the Bronkhorst Pressure buffer data: 'NoneType' object is not subscriptable
WARNING: 19:23:57 - __main__:  Error updating the Bronkhorst Pressure buffer data: 'NoneType' object is not subscriptable
WARNING: 19:23:57 - __main__:  Error updating the Bronkhorst Pressure buffer data: 'NoneType' object is not subscriptable
WARNING: 19:23:57 - __main__:  Error updating the Bronkhorst Pressure buffer data: 'NoneType' object is not subscriptable
WARNING: 19:23:58 - main_pipeline.interpreter:  Unexpected exception in processing abakus data: 'float' object has no attribute 'split'. Not updating measurement.
WARNING: 19:23:59 - main_pipeline.interpreter:  Unexpected exception in processing abakus data: 'float' object has no attribute 'split'. Not updating measurement.
WARNING: 19:24:00 - main_pipeline.interpreter:  Unexpected exception in processing abakus data: 'float' object has no attribute 'split'. Not updating measurement.
WARNING: 19:24:01 - main_pipeline.interpreter:  Unexpected exception in processing abakus data: 'float' object has no attribute 'split'. Not updating measurement.
WARNING: 19:24:02 - main_pipeline.interpreter:  Unexpected exception in processing abakus data: 'float' object has no attribute 'split'. Not updating measurement.
WARNING: 19:24:03 - main_pipeline.interpreter:  Unexpected exception in processing abakus data: 'float' object has no attribute 'split'. Not updating measurement.
WARNING: 19:24:04 - main_pipeline.interpreter:  Unexpected exception in processing abakus data: 'float' object has no attribute 'split'. Not updating measurement.
WARNING: 19:24:05 - main_pipeline.interpreter:  Unexpected exception in processing abakus data: 'float' object has no attribute 'split'. Not updating measurement.
WARNING: 19:24:06 - main_pipeline.interpreter:  Unexpected exception in processing abakus data: 'float' object has no attribute 'split'. Not updating measurement.
WARNING: 19:24:07 - main_pipeline.interpreter:  Unexpected exception in processing abakus data: 'float' object has no attribute 'split'. Not updating measurement.
WARNING: 19:24:08 - main_pipeline.interpreter:  Unexpected exception in processing abakus data: 'float' object has no attribute 'split'. Not updating measurement.
INFO: 19:24:11 - main_pipeline.sensor:  Shutting down sensors
INFO: 19:24:11 - sensor_interfaces.sim_instruments:  Abakus measurements stopped
INFO: 19:24:11 - sensor_interfaces.sim_instruments:  Dimetix laser turned off
INFO: 19:24:11 - main_pipeline.sensor:  Finished shutting down sensors
INFO: 19:29:07 - main_pipeline.sensor:  Couldn't find Picarro at port /dev/ttyUSB0, shadowing sensor calls with substitute functions
WARNING: 19:29:07 - main_pipeline.sensor:  Couldn't find Abakus at port /dev/ttyUSB0, shadowing sensor calls with substitute functions
WARNING: 19:29:07 - main_pipeline.sensor:  Couldn't find Flowmeter at port /dev/ttyUSB0 and /dev/ttyUSB0, shadowing sensor calls with substitute functions
WARNING: 19:29:07 - main_pipeline.sensor:  Couldn't find Dimetix laser at port /dev/ttyUSB0, shadowing sensor calls with substitute functions
WARNING: 19:29:07 - main_pipeline.sensor:  Couldn't find Bronkhorst at port /dev/ttyUSB0, shadowing sensor calls with substitute functions
INFO: 19:29:07 - sensor_interfaces.sim_instruments:  Fake hardware, pretending to use serial port /dev/ttyUSB0 with baud 38400
INFO: 19:29:07 - sensor_interfaces.sim_instruments:  Fake hardware, pretending to use serial port /dev/ttyUSB0 with baud 115200
INFO: 19:29:07 - sensor_interfaces.sim_instruments:  Fake hardware, pretending to use serial port /dev/ttyUSB0 with baud 115200
INFO: 19:29:07 - sensor_interfaces.sim_instruments:  Fake hardware, pretending to use serial port /dev/ttyUSB0 with baud 19200
INFO: 19:29:07 - sensor_interfaces.sim_instruments:  Fake hardware, pretending to use serial port /dev/ttyUSB0 with baud 19200
INFO: 19:29:07 - sensor_interfaces.sim_instruments:  Fake hardware, pretending to use serial port /dev/ttyUSB0 with baud 38400
INFO: 19:29:07 - main_pipeline.sensor:  Sensor class initiated
INFO: 19:29:07 - main_pipeline.interpreter:  Interpreter class initiated
INFO: 19:29:07 - main_pipeline.writer:  Display class initiated
INFO: 19:29:10 - main_pipeline.sensor:  Initializing sensors
INFO: 19:29:10 - sensor_interfaces.sim_instruments:  Initializing Abakus
INFO: 19:29:10 - sensor_interfaces.sim_instruments:  Abakus initialized
INFO: 19:29:10 - sensor_interfaces.sim_instruments:  Initializing Picarro
INFO: 19:29:10 - sensor_interfaces.sim_instruments:  Initialized Picarro
INFO: 19:29:10 - sensor_interfaces.sim_instruments:  Initializing Dimetix laser
INFO: 19:29:10 - sensor_interfaces.sim_instruments:  Laser initialized
INFO: 19:29:10 - sensor_interfaces.sim_instruments:  Initializing Bronkhorst
INFO: 19:29:10 - sensor_interfaces.sim_instruments:  Bronkhorst initialized
INFO: 19:29:10 - sensor_interfaces.sim_instruments:  Initializing Flowmeter
INFO: 19:29:10 - sensor_interfaces.sim_instruments:  Flowmeter sli2000 initialized
INFO: 19:29:10 - sensor_interfaces.sim_instruments:  Initializing Flowmeter
INFO: 19:29:10 - sensor_interfaces.sim_instruments:  Flowmeter sls1500 initialized
INFO: 19:29:10 - main_pipeline.sensor:  Finished initializing sensors
WARNING: 19:29:11 - main_pipeline.interpreter:  Unexpected exception in processing picarro GAS data: 'float' object is not subscriptable. Not updating measurement
WARNING: 19:29:12 - main_pipeline.interpreter:  Unexpected exception in processing picarro GAS data: 'float' object is not subscriptable. Not updating measurement
WARNING: 19:29:13 - main_pipeline.interpreter:  Unexpected exception in processing picarro GAS data: 'float' object is not subscriptable. Not updating measurement
WARNING: 19:29:14 - main_pipeline.interpreter:  Unexpected exception in processing picarro GAS data: 'float' object is not subscriptable. Not updating measurement
WARNING: 19:29:15 - main_pipeline.interpreter:  Unexpected exception in processing picarro GAS data: 'float' object is not subscriptable. Not updating measurement
WARNING: 19:29:16 - main_pipeline.interpreter:  Unexpected exception in processing picarro GAS data: 'float' object is not subscriptable. Not updating measurement
WARNING: 19:29:17 - main_pipeline.interpreter:  Unexpected exception in processing picarro GAS data: 'float' object is not subscriptable. Not updating measurement
WARNING: 19:29:18 - main_pipeline.interpreter:  Unexpected exception in processing picarro GAS data: 'float' object is not subscriptable. Not updating measurement
WARNING: 19:29:19 - main_pipeline.interpreter:  Unexpected exception in processing picarro GAS data: 'float' object is not subscriptable. Not updating measurement
WARNING: 19:29:20 - main_pipeline.interpreter:  Unexpected exception in processing picarro GAS data: 'float' object is not subscriptable. Not updating measurement
WARNING: 19:29:21 - main_pipeline.interpreter:  Unexpected exception in processing picarro GAS data: 'float' object is not subscriptable. Not updating measurement
WARNING: 19:29:22 - main_pipeline.interpreter:  Unexpected exception in processing picarro GAS data: 'float' object is not subscriptable. Not updating measurement
WARNING: 19:29:23 - main_pipeline.interpreter:  Unexpected exception in processing picarro GAS data: 'float' object is not subscriptable. Not updating measurement
WARNING: 19:29:24 - main_pipeline.interpreter:  Unexpected exception in processing picarro GAS data: 'float' object is not subscriptable. Not updating measurement
WARNING: 19:29:25 - main_pipeline.interpreter:  Unexpected exception in processing picarro GAS data: 'float' object is not subscriptable. Not updating measurement
WARNING: 19:29:26 - main_pipeline.interpreter:  Unexpected exception in processing picarro GAS data: 'float' object is not subscriptable. Not updating measurement
WARNING: 19:29:27 - main_pipeline.interpreter:  Unexpected exception in processing picarro GAS data: 'float' object is not subscriptable. Not updating measurement
WARNING: 19:29:28 - main_pipeline.interpreter:  Unexpected exception in processing picarro GAS data: 'float' object is not subscriptable. Not updating measurement
WARNING: 19:29:29 - main_pipeline.interpreter:  Unexpected exception in processing picarro GAS data: 'float' object is not subscriptable. Not updating measurement
WARNING: 19:29:30 - main_pipeline.interpreter:  Unexpected exception in processing picarro GAS data: 'float' object is not subscriptable. Not updating measurement
WARNING: 19:29:31 - main_pipeline.interpreter:  Unexpected exception in processing picarro GAS data: 'float' object is not subscriptable. Not updating measurement
WARNING: 19:29:32 - main_pipeline.interpreter:  Unexpected exception in processing picarro GAS data: 'float' object is not subscriptable. Not updating measurement
WARNING: 19:29:33 - main_pipeline.interpreter:  Unexpected exception in processing picarro GAS data: 'float' object is not subscriptable. Not updating measurement
WARNING: 19:29:34 - main_pipeline.interpreter:  Unexpected exception in processing picarro GAS data: 'float' object is not subscriptable. Not updating measurement
WARNING: 19:29:35 - main_pipeline.interpreter:  Unexpected exception in processing picarro GAS data: 'float' object is not subscriptable. Not updating measurement
WARNING: 19:29:36 - main_pipeline.interpreter:  Unexpected exception in processing picarro GAS data: 'float' object is not subscriptable. Not updating measurement
WARNING: 19:29:37 - main_pipeline.interpreter:  Unexpected exception in processing picarro GAS data: 'float' object is not subscriptable. Not updating measurement
WARNING: 19:29:38 - main_pipeline.interpreter:  Unexpected exception in processing picarro GAS data: 'float' object is not subscriptable. Not updating measurement
WARNING: 19:29:39 - main_pipeline.interpreter:  Unexpected exception in processing picarro GAS data: 'float' object is not subscriptable. Not updating measurement
WARNING: 19:29:40 - main_pipeline.interpreter:  Unexpected exception in processing picarro GAS data: 'float' object is not subscriptable. Not updating measurement
WARNING: 19:29:41 - main_pipeline.interpreter:  Unexpected exception in processing picarro GAS data: 'float' object is not subscriptable. Not updating measurement
WARNING: 19:29:42 - main_pipeline.interpreter:  Unexpected exception in processing picarro GAS data: 'float' object is not subscriptable. Not updating measurement
WARNING: 19:29:43 - main_pipeline.interpreter:  Unexpected exception in processing picarro GAS data: 'float' object is not subscriptable. Not updating measurement
WARNING: 19:29:44 - main_pipeline.interpreter:  Unexpected exception in processing picarro GAS data: 'float' object is not subscriptable. Not updating measurement
WARNING: 19:29:54 - main_pipeline.interpreter:  Unexpected exception in processing picarro GAS data: 'float' object is not subscriptable. Not updating measurement
WARNING: 19:29:55 - main_pipeline.interpreter:  Unexpected exception in processing picarro GAS data: 'float' object is not subscriptable. Not updating measurement
WARNING: 19:29:56 - main_pipeline.interpreter:  Unexpected exception in processing picarro GAS data: 'float' object is not subscriptable. Not updating measurement
WARNING: 19:29:57 - main_pipeline.interpreter:  Unexpected exception in processing picarro GAS data: 'float' object is not subscriptable. Not updating measurement
WARNING: 19:29:58 - main_pipeline.interpreter:  Unexpected exception in processing picarro GAS data: 'float' object is not subscriptable. Not updating measurement
WARNING: 19:29:59 - main_pipeline.interpreter:  Unexpected exception in processing picarro GAS data: 'float' object is not subscriptable. Not updating measurement
WARNING: 19:30:00 - main_pipeline.interpreter:  Unexpected exception in processing picarro GAS data: 'float' object is not subscriptable. Not updating measurement
WARNING: 19:30:01 - main_pipeline.interpreter:  Unexpected exception in processing picarro GAS data: 'float' object is not subscriptable. Not updating measurement
WARNING: 19:30:02 - main_pipeline.interpreter:  Unexpected exception in processing picarro GAS data: 'float' object is not subscriptable. Not updating measurement
WARNING: 19:30:03 - main_pipeline.interpreter:  Unexpected exception in processing picarro GAS data: 'float' object is not subscriptable. Not updating measurement
WARNING: 19:30:04 - main_pipeline.interpreter:  Unexpected exception in processing picarro GAS data: 'float' object is not subscriptable. Not updating measurement
WARNING: 19:30:05 - main_pipeline.interpreter:  Unexpected exception in processing picarro GAS data: 'float' object is not subscriptable. Not updating measurement
WARNING: 19:30:06 - main_pipeline.interpreter:  Unexpected exception in processing picarro GAS data: 'float' object is not subscriptable. Not updating measurement
INFO: 19:30:11 - main_pipeline.sensor:  Shutting down sensors
INFO: 19:30:11 - sensor_interfaces.sim_instruments:  Abakus measurements stopped
INFO: 19:30:11 - sensor_interfaces.sim_instruments:  Dimetix laser turned off
INFO: 19:30:11 - main_pipeline.sensor:  Finished shutting down sensors
INFO: 19:30:27 - main_pipeline.sensor:  Couldn't find Picarro at port /dev/ttyUSB0, shadowing sensor calls with substitute functions
WARNING: 19:30:27 - main_pipeline.sensor:  Couldn't find Abakus at port /dev/ttyUSB0, shadowing sensor calls with substitute functions
WARNING: 19:30:27 - main_pipeline.sensor:  Couldn't find Flowmeter at port /dev/ttyUSB0 and /dev/ttyUSB0, shadowing sensor calls with substitute functions
WARNING: 19:30:27 - main_pipeline.sensor:  Couldn't find Dimetix laser at port /dev/ttyUSB0, shadowing sensor calls with substitute functions
WARNING: 19:30:27 - main_pipeline.sensor:  Couldn't find Bronkhorst at port /dev/ttyUSB0, shadowing sensor calls with substitute functions
INFO: 19:30:27 - sensor_interfaces.sim_instruments:  Fake hardware, pretending to use serial port /dev/ttyUSB0 with baud 38400
INFO: 19:30:27 - sensor_interfaces.sim_instruments:  Fake hardware, pretending to use serial port /dev/ttyUSB0 with baud 115200
INFO: 19:30:27 - sensor_interfaces.sim_instruments:  Fake hardware, pretending to use serial port /dev/ttyUSB0 with baud 115200
INFO: 19:30:27 - sensor_interfaces.sim_instruments:  Fake hardware, pretending to use serial port /dev/ttyUSB0 with baud 19200
INFO: 19:30:27 - sensor_interfaces.sim_instruments:  Fake hardware, pretending to use serial port /dev/ttyUSB0 with baud 19200
INFO: 19:30:27 - sensor_interfaces.sim_instruments:  Fake hardware, pretending to use serial port /dev/ttyUSB0 with baud 38400
INFO: 19:30:27 - main_pipeline.sensor:  Sensor class initiated
INFO: 19:30:27 - main_pipeline.interpreter:  Interpreter class initiated
INFO: 19:30:27 - main_pipeline.writer:  Display class initiated
INFO: 19:30:30 - main_pipeline.sensor:  Initializing sensors
INFO: 19:30:30 - sensor_interfaces.sim_instruments:  Initializing Abakus
INFO: 19:30:30 - sensor_interfaces.sim_instruments:  Abakus initialized
INFO: 19:30:30 - sensor_interfaces.sim_instruments:  Initializing Picarro
INFO: 19:30:30 - sensor_interfaces.sim_instruments:  Initialized Picarro
INFO: 19:30:30 - sensor_interfaces.sim_instruments:  Initializing Dimetix laser
INFO: 19:30:30 - sensor_interfaces.sim_instruments:  Laser initialized
INFO: 19:30:30 - sensor_interfaces.sim_instruments:  Initializing Bronkhorst
INFO: 19:30:30 - sensor_interfaces.sim_instruments:  Bronkhorst initialized
INFO: 19:30:30 - sensor_interfaces.sim_instruments:  Initializing Flowmeter
INFO: 19:30:30 - sensor_interfaces.sim_instruments:  Flowmeter sli2000 initialized
INFO: 19:30:30 - sensor_interfaces.sim_instruments:  Initializing Flowmeter
INFO: 19:30:30 - sensor_interfaces.sim_instruments:  Flowmeter sls1500 initialized
INFO: 19:30:30 - main_pipeline.sensor:  Finished initializing sensors
WARNING: 19:30:30 - main_pipeline.interpreter:  Encountered exception in validating flowmeter SLI2000: string index out of range. Raw output nan
WARNING: 19:30:30 - main_pipeline.interpreter:  Encountered exception in validating flowmeter SLI2000: string index out of range. Raw output nan
WARNING: 19:30:30 - main_pipeline.interpreter:  Encountered exception in validating flowmeter SLI2000: string index out of range. Raw output nan
WARNING: 19:30:30 - main_pipeline.interpreter:  Encountered exception in validating flowmeter SLI2000: string index out of range. Raw output nan
WARNING: 19:30:30 - main_pipeline.interpreter:  Encountered exception in validating flowmeter SLI2000: string index out of range. Raw output nan
WARNING: 19:30:30 - main_pipeline.interpreter:  Encountered exception in validating flowmeter SLI2000: string index out of range. Raw output nan
WARNING: 19:30:30 - main_pipeline.interpreter:  Encountered exception in validating flowmeter SLI2000: string index out of range. Raw output nan
WARNING: 19:30:30 - main_pipeline.interpreter:  Encountered exception in validating flowmeter SLI2000: string index out of range. Raw output nan
WARNING: 19:30:30 - main_pipeline.interpreter:  Encountered exception in validating flowmeter SLI2000: string index out of range. Raw output nan
WARNING: 19:30:30 - main_pipeline.interpreter:  Encountered exception in validating flowmeter SLI2000: string index out of range. Raw output nan
WARNING: 19:30:30 - main_pipeline.interpreter:  Encountered exception in validating flowmeter SLI2000: string index out of range. Raw output nan
WARNING: 19:30:30 - main_pipeline.interpreter:  Encountered exception in validating flowmeter SLI2000: string index out of range. Raw output nan
WARNING: 19:30:30 - main_pipeline.interpreter:  Encountered exception in validating flowmeter SLI2000: string index out of range. Raw output nan
WARNING: 19:30:30 - main_pipeline.interpreter:  Encountered exception in validating flowmeter SLI2000: string index out of range. Raw output nan
WARNING: 19:30:30 - main_pipeline.interpreter:  Encountered exception in validating flowmeter SLI2000: string index out of range. Raw output nan
WARNING: 19:30:30 - main_pipeline.interpreter:  Encountered exception in validating flowmeter SLS1500: string index out of range. Raw output nan
WARNING: 19:30:30 - main_pipeline.interpreter:  Encountered exception in validating flowmeter SLS1500: string index out of range. Raw output nan
WARNING: 19:30:30 - main_pipeline.interpreter:  Encountered exception in validating flowmeter SLS1500: string index out of range. Raw output nan
WARNING: 19:30:30 - main_pipeline.interpreter:  Encountered exception in validating flowmeter SLS1500: string index out of range. Raw output nan
WARNING: 19:30:30 - main_pipeline.interpreter:  Encountered exception in validating flowmeter SLS1500: string index out of range. Raw output nan
WARNING: 19:30:30 - main_pipeline.interpreter:  Encountered exception in validating flowmeter SLS1500: string index out of range. Raw output nan
WARNING: 19:30:30 - main_pipeline.interpreter:  Encountered exception in validating flowmeter SLS1500: string index out of range. Raw output nan
WARNING: 19:30:30 - main_pipeline.interpreter:  Encountered exception in validating flowmeter SLS1500: string index out of range. Raw output nan
WARNING: 19:30:30 - main_pipeline.interpreter:  Encountered exception in validating flowmeter SLS1500: string index out of range. Raw output nan
WARNING: 19:30:30 - main_pipeline.interpreter:  Encountered exception in validating flowmeter SLS1500: string index out of range. Raw output nan
WARNING: 19:30:30 - main_pipeline.interpreter:  Encountered exception in validating flowmeter SLS1500: string index out of range. Raw output nan
WARNING: 19:30:30 - main_pipeline.interpreter:  Encountered exception in validating flowmeter SLS1500: string index out of range. Raw output nan
WARNING: 19:30:30 - main_pipeline.interpreter:  Encountered exception in validating flowmeter SLS1500: string index out of range. Raw output nan
WARNING: 19:30:30 - main_pipeline.interpreter:  Encountered exception in validating flowmeter SLS1500: string index out of range. Raw output nan
WARNING: 19:30:30 - main_pipeline.interpreter:  Encountered exception in validating flowmeter SLS1500: string index out of range. Raw output nan
WARNING: 19:30:30 - main_pipeline.interpreter:  Unexpected exception in processing picarro GAS data: 'float' object is not subscriptable. Not updating measurement
WARNING: 19:30:30 - __main__:  Error updating the Picarro Gas buffer timestamp: 'NoneType' object is not subscriptable
WARNING: 19:30:30 - __main__:  Error updating the Picarro Gas buffer data: 'NoneType' object is not subscriptable
WARNING: 19:30:30 - __main__:  Error updating the Picarro Gas buffer data: 'NoneType' object is not subscriptable
WARNING: 19:30:30 - __main__:  Error updating the Picarro Gas buffer data: 'NoneType' object is not subscriptable
WARNING: 19:30:30 - __main__:  Error updating the Picarro Gas buffer data: 'NoneType' object is not subscriptable
WARNING: 19:30:30 - __main__:  Error updating the Laser Distance Sensor buffer timestamp: 'NoneType' object is not subscriptable
WARNING: 19:30:30 - __main__:  Error updating the Laser Distance Sensor buffer data: 'NoneType' object is not subscriptable
WARNING: 19:30:30 - __main__:  Error updating the Laser Distance Sensor buffer data: 'NoneType' object is not subscriptable
WARNING: 19:30:30 - __main__:  Error updating the Abakus Particle Counter buffer timestamp: 'NoneType' object is not subscriptable
WARNING: 19:30:30 - __main__:  Error updating the Abakus Particle Counter buffer data: 'NoneType' object is not subscriptable
WARNING: 19:30:30 - __main__:  Error updating the Flowmeter buffer timestamp: 'NoneType' object is not subscriptable
WARNING: 19:30:30 - __main__:  Error updating the Flowmeter buffer data: 'NoneType' object is not subscriptable
WARNING: 19:30:30 - __main__:  Error updating the Flowmeter buffer data: 'NoneType' object is not subscriptable
WARNING: 19:30:30 - __main__:  Error updating the Bronkhorst Pressure buffer timestamp: 'NoneType' object is not subscriptable
WARNING: 19:30:30 - __main__:  Error updating the Bronkhorst Pressure buffer data: 'NoneType' object is not subscriptable
WARNING: 19:30:30 - __main__:  Error updating the Bronkhorst Pressure buffer data: 'NoneType' object is not subscriptable
WARNING: 19:30:30 - __main__:  Error updating the Bronkhorst Pressure buffer data: 'NoneType' object is not subscriptable
WARNING: 19:30:30 - __main__:  Error updating the Bronkhorst Pressure buffer data: 'NoneType' object is not subscriptable
WARNING: 19:30:31 - main_pipeline.interpreter:  Encountered exception in validating flowmeter SLI2000: string index out of range. Raw output nan
WARNING: 19:30:31 - main_pipeline.interpreter:  Encountered exception in validating flowmeter SLI2000: string index out of range. Raw output nan
WARNING: 19:30:31 - main_pipeline.interpreter:  Encountered exception in validating flowmeter SLI2000: string index out of range. Raw output nan
WARNING: 19:30:31 - main_pipeline.interpreter:  Encountered exception in validating flowmeter SLI2000: string index out of range. Raw output nan
WARNING: 19:30:31 - main_pipeline.interpreter:  Encountered exception in validating flowmeter SLI2000: string index out of range. Raw output nan
WARNING: 19:30:31 - main_pipeline.interpreter:  Encountered exception in validating flowmeter SLI2000: string index out of range. Raw output nan
WARNING: 19:30:31 - main_pipeline.interpreter:  Encountered exception in validating flowmeter SLI2000: string index out of range. Raw output nan
WARNING: 19:30:31 - main_pipeline.interpreter:  Encountered exception in validating flowmeter SLI2000: string index out of range. Raw output nan
WARNING: 19:30:31 - main_pipeline.interpreter:  Encountered exception in validating flowmeter SLI2000: string index out of range. Raw output nan
WARNING: 19:30:31 - main_pipeline.interpreter:  Encountered exception in validating flowmeter SLI2000: string index out of range. Raw output nan
WARNING: 19:30:31 - main_pipeline.interpreter:  Encountered exception in validating flowmeter SLI2000: string index out of range. Raw output nan
WARNING: 19:30:31 - main_pipeline.interpreter:  Encountered exception in validating flowmeter SLI2000: string index out of range. Raw output nan
WARNING: 19:30:31 - main_pipeline.interpreter:  Encountered exception in validating flowmeter SLI2000: string index out of range. Raw output nan
WARNING: 19:30:31 - main_pipeline.interpreter:  Encountered exception in validating flowmeter SLI2000: string index out of range. Raw output nan
WARNING: 19:30:31 - main_pipeline.interpreter:  Encountered exception in validating flowmeter SLI2000: string index out of range. Raw output nan
WARNING: 19:30:31 - main_pipeline.interpreter:  Encountered exception in validating flowmeter SLS1500: string index out of range. Raw output nan
WARNING: 19:30:31 - main_pipeline.interpreter:  Encountered exception in validating flowmeter SLS1500: string index out of range. Raw output nan
WARNING: 19:30:31 - main_pipeline.interpreter:  Encountered exception in validating flowmeter SLS1500: string index out of range. Raw output nan
WARNING: 19:30:31 - main_pipeline.interpreter:  Encountered exception in validating flowmeter SLS1500: string index out of range. Raw output nan
WARNING: 19:30:31 - main_pipeline.interpreter:  Encountered exception in validating flowmeter SLS1500: string index out of range. Raw output nan
WARNING: 19:30:31 - main_pipeline.interpreter:  Encountered exception in validating flowmeter SLS1500: string index out of range. Raw output nan
WARNING: 19:30:31 - main_pipeline.interpreter:  Encountered exception in validating flowmeter SLS1500: string index out of range. Raw output nan
WARNING: 19:30:31 - main_pipeline.interpreter:  Encountered exception in validating flowmeter SLS1500: string index out of range. Raw output nan
WARNING: 19:30:31 - main_pipeline.interpreter:  Encountered exception in validating flowmeter SLS1500: string index out of range. Raw output nan
WARNING: 19:30:31 - main_pipeline.interpreter:  Encountered exception in validating flowmeter SLS1500: string index out of range. Raw output nan
WARNING: 19:30:31 - main_pipeline.interpreter:  Encountered exception in validating flowmeter SLS1500: string index out of range. Raw output nan
WARNING: 19:30:31 - main_pipeline.interpreter:  Encountered exception in validating flowmeter SLS1500: string index out of range. Raw output nan
WARNING: 19:30:31 - main_pipeline.interpreter:  Encountered exception in validating flowmeter SLS1500: string index out of range. Raw output nan
WARNING: 19:30:31 - main_pipeline.interpreter:  Encountered exception in validating flowmeter SLS1500: string index out of range. Raw output nan
WARNING: 19:30:31 - main_pipeline.interpreter:  Encountered exception in validating flowmeter SLS1500: string index out of range. Raw output nan
WARNING: 19:30:31 - main_pipeline.interpreter:  Unexpected exception in processing picarro GAS data: 'float' object is not subscriptable. Not updating measurement
WARNING: 19:30:31 - __main__:  Error updating the Picarro Gas buffer timestamp: 'NoneType' object is not subscriptable
WARNING: 19:30:31 - __main__:  Error updating the Picarro Gas buffer data: 'NoneType' object is not subscriptable
WARNING: 19:30:31 - __main__:  Error updating the Picarro Gas buffer data: 'NoneType' object is not subscriptable
WARNING: 19:30:31 - __main__:  Error updating the Picarro Gas buffer data: 'NoneType' object is not subscriptable
WARNING: 19:30:31 - __main__:  Error updating the Picarro Gas buffer data: 'NoneType' object is not subscriptable
WARNING: 19:30:31 - __main__:  Error updating the Laser Distance Sensor buffer timestamp: 'NoneType' object is not subscriptable
WARNING: 19:30:31 - __main__:  Error updating the Laser Distance Sensor buffer data: 'NoneType' object is not subscriptable
WARNING: 19:30:31 - __main__:  Error updating the Laser Distance Sensor buffer data: 'NoneType' object is not subscriptable
WARNING: 19:30:31 - __main__:  Error updating the Abakus Particle Counter buffer timestamp: 'NoneType' object is not subscriptable
WARNING: 19:30:31 - __main__:  Error updating the Abakus Particle Counter buffer data: 'NoneType' object is not subscriptable
WARNING: 19:30:31 - __main__:  Error updating the Flowmeter buffer timestamp: 'NoneType' object is not subscriptable
WARNING: 19:30:31 - __main__:  Error updating the Flowmeter buffer data: 'NoneType' object is not subscriptable
WARNING: 19:30:31 - __main__:  Error updating the Flowmeter buffer data: 'NoneType' object is not subscriptable
WARNING: 19:30:31 - __main__:  Error updating the Bronkhorst Pressure buffer timestamp: 'NoneType' object is not subscriptable
WARNING: 19:30:31 - __main__:  Error updating the Bronkhorst Pressure buffer data: 'NoneType' object is not subscriptable
WARNING: 19:30:31 - __main__:  Error updating the Bronkhorst Pressure buffer data: 'NoneType' object is not subscriptable
WARNING: 19:30:31 - __main__:  Error updating the Bronkhorst Pressure buffer data: 'NoneType' object is not subscriptable
WARNING: 19:30:31 - __main__:  Error updating the Bronkhorst Pressure buffer data: 'NoneType' object is not subscriptable
WARNING: 19:30:32 - main_pipeline.interpreter:  Encountered exception in validating flowmeter SLI2000: string index out of range. Raw output nan
WARNING: 19:30:32 - main_pipeline.interpreter:  Encountered exception in validating flowmeter SLI2000: string index out of range. Raw output nan
WARNING: 19:30:32 - main_pipeline.interpreter:  Encountered exception in validating flowmeter SLI2000: string index out of range. Raw output nan
WARNING: 19:30:32 - main_pipeline.interpreter:  Encountered exception in validating flowmeter SLI2000: string index out of range. Raw output nan
WARNING: 19:30:32 - main_pipeline.interpreter:  Encountered exception in validating flowmeter SLI2000: string index out of range. Raw output nan
WARNING: 19:30:32 - main_pipeline.interpreter:  Encountered exception in validating flowmeter SLI2000: string index out of range. Raw output nan
WARNING: 19:30:32 - main_pipeline.interpreter:  Encountered exception in validating flowmeter SLI2000: string index out of range. Raw output nan
WARNING: 19:30:32 - main_pipeline.interpreter:  Encountered exception in validating flowmeter SLI2000: string index out of range. Raw output nan
WARNING: 19:30:32 - main_pipeline.interpreter:  Encountered exception in validating flowmeter SLI2000: string index out of range. Raw output nan
WARNING: 19:30:32 - main_pipeline.interpreter:  Encountered exception in validating flowmeter SLI2000: string index out of range. Raw output nan
WARNING: 19:30:32 - main_pipeline.interpreter:  Encountered exception in validating flowmeter SLI2000: string index out of range. Raw output nan
WARNING: 19:30:32 - main_pipeline.interpreter:  Encountered exception in validating flowmeter SLI2000: string index out of range. Raw output nan
WARNING: 19:30:32 - main_pipeline.interpreter:  Encountered exception in validating flowmeter SLI2000: string index out of range. Raw output nan
WARNING: 19:30:32 - main_pipeline.interpreter:  Encountered exception in validating flowmeter SLI2000: string index out of range. Raw output nan
WARNING: 19:30:32 - main_pipeline.interpreter:  Encountered exception in validating flowmeter SLI2000: string index out of range. Raw output nan
WARNING: 19:30:32 - main_pipeline.interpreter:  Encountered exception in validating flowmeter SLS1500: string index out of range. Raw output nan
WARNING: 19:30:32 - main_pipeline.interpreter:  Encountered exception in validating flowmeter SLS1500: string index out of range. Raw output nan
WARNING: 19:30:32 - main_pipeline.interpreter:  Encountered exception in validating flowmeter SLS1500: string index out of range. Raw output nan
WARNING: 19:30:32 - main_pipeline.interpreter:  Encountered exception in validating flowmeter SLS1500: string index out of range. Raw output nan
WARNING: 19:30:32 - main_pipeline.interpreter:  Encountered exception in validating flowmeter SLS1500: string index out of range. Raw output nan
WARNING: 19:30:32 - main_pipeline.interpreter:  Encountered exception in validating flowmeter SLS1500: string index out of range. Raw output nan
WARNING: 19:30:32 - main_pipeline.interpreter:  Encountered exception in validating flowmeter SLS1500: string index out of range. Raw output nan
WARNING: 19:30:32 - main_pipeline.interpreter:  Encountered exception in validating flowmeter SLS1500: string index out of range. Raw output nan
WARNING: 19:30:32 - main_pipeline.interpreter:  Encountered exception in validating flowmeter SLS1500: string index out of range. Raw output nan
WARNING: 19:30:32 - main_pipeline.interpreter:  Encountered exception in validating flowmeter SLS1500: string index out of range. Raw output nan
WARNING: 19:30:32 - main_pipeline.interpreter:  Encountered exception in validating flowmeter SLS1500: string index out of range. Raw output nan
WARNING: 19:30:32 - main_pipeline.interpreter:  Encountered exception in validating flowmeter SLS1500: string index out of range. Raw output nan
WARNING: 19:30:32 - main_pipeline.interpreter:  Encountered exception in validating flowmeter SLS1500: string index out of range. Raw output nan
WARNING: 19:30:32 - main_pipeline.interpreter:  Encountered exception in validating flowmeter SLS1500: string index out of range. Raw output nan
WARNING: 19:30:32 - main_pipeline.interpreter:  Encountered exception in validating flowmeter SLS1500: string index out of range. Raw output nan
WARNING: 19:30:32 - main_pipeline.interpreter:  Unexpected exception in processing picarro GAS data: 'float' object is not subscriptable. Not updating measurement
WARNING: 19:30:32 - __main__:  Error updating the Picarro Gas buffer timestamp: 'NoneType' object is not subscriptable
WARNING: 19:30:32 - __main__:  Error updating the Picarro Gas buffer data: 'NoneType' object is not subscriptable
WARNING: 19:30:32 - __main__:  Error updating the Picarro Gas buffer data: 'NoneType' object is not subscriptable
WARNING: 19:30:32 - __main__:  Error updating the Picarro Gas buffer data: 'NoneType' object is not subscriptable
WARNING: 19:30:32 - __main__:  Error updating the Picarro Gas buffer data: 'NoneType' object is not subscriptable
WARNING: 19:30:32 - __main__:  Error updating the Laser Distance Sensor buffer timestamp: 'NoneType' object is not subscriptable
WARNING: 19:30:32 - __main__:  Error updating the Laser Distance Sensor buffer data: 'NoneType' object is not subscriptable
WARNING: 19:30:32 - __main__:  Error updating the Laser Distance Sensor buffer data: 'NoneType' object is not subscriptable
WARNING: 19:30:32 - __main__:  Error updating the Abakus Particle Counter buffer timestamp: 'NoneType' object is not subscriptable
WARNING: 19:30:32 - __main__:  Error updating the Abakus Particle Counter buffer data: 'NoneType' object is not subscriptable
WARNING: 19:30:32 - __main__:  Error updating the Flowmeter buffer timestamp: 'NoneType' object is not subscriptable
WARNING: 19:30:32 - __main__:  Error updating the Flowmeter buffer data: 'NoneType' object is not subscriptable
WARNING: 19:30:32 - __main__:  Error updating the Flowmeter buffer data: 'NoneType' object is not subscriptable
WARNING: 19:30:32 - __main__:  Error updating the Bronkhorst Pressure buffer timestamp: 'NoneType' object is not subscriptable
WARNING: 19:30:32 - __main__:  Error updating the Bronkhorst Pressure buffer data: 'NoneType' object is not subscriptable
WARNING: 19:30:32 - __main__:  Error updating the Bronkhorst Pressure buffer data: 'NoneType' object is not subscriptable
WARNING: 19:30:32 - __main__:  Error updating the Bronkhorst Pressure buffer data: 'NoneType' object is not subscriptable
WARNING: 19:30:32 - __main__:  Error updating the Bronkhorst Pressure buffer data: 'NoneType' object is not subscriptable
WARNING: 19:30:33 - main_pipeline.interpreter:  Encountered exception in validating flowmeter SLI2000: string index out of range. Raw output nan
WARNING: 19:30:33 - main_pipeline.interpreter:  Encountered exception in validating flowmeter SLI2000: string index out of range. Raw output nan
WARNING: 19:30:33 - main_pipeline.interpreter:  Encountered exception in validating flowmeter SLI2000: string index out of range. Raw output nan
WARNING: 19:30:33 - main_pipeline.interpreter:  Encountered exception in validating flowmeter SLI2000: string index out of range. Raw output nan
WARNING: 19:30:33 - main_pipeline.interpreter:  Encountered exception in validating flowmeter SLI2000: string index out of range. Raw output nan
WARNING: 19:30:33 - main_pipeline.interpreter:  Encountered exception in validating flowmeter SLI2000: string index out of range. Raw output nan
WARNING: 19:30:33 - main_pipeline.interpreter:  Encountered exception in validating flowmeter SLI2000: string index out of range. Raw output nan
WARNING: 19:30:33 - main_pipeline.interpreter:  Encountered exception in validating flowmeter SLI2000: string index out of range. Raw output nan
WARNING: 19:30:33 - main_pipeline.interpreter:  Encountered exception in validating flowmeter SLI2000: string index out of range. Raw output nan
WARNING: 19:30:33 - main_pipeline.interpreter:  Encountered exception in validating flowmeter SLI2000: string index out of range. Raw output nan
WARNING: 19:30:33 - main_pipeline.interpreter:  Encountered exception in validating flowmeter SLI2000: string index out of range. Raw output nan
WARNING: 19:30:33 - main_pipeline.interpreter:  Encountered exception in validating flowmeter SLI2000: string index out of range. Raw output nan
WARNING: 19:30:33 - main_pipeline.interpreter:  Encountered exception in validating flowmeter SLI2000: string index out of range. Raw output nan
WARNING: 19:30:33 - main_pipeline.interpreter:  Encountered exception in validating flowmeter SLI2000: string index out of range. Raw output nan
WARNING: 19:30:33 - main_pipeline.interpreter:  Encountered exception in validating flowmeter SLI2000: string index out of range. Raw output nan
WARNING: 19:30:33 - main_pipeline.interpreter:  Encountered exception in validating flowmeter SLS1500: string index out of range. Raw output nan
WARNING: 19:30:33 - main_pipeline.interpreter:  Encountered exception in validating flowmeter SLS1500: string index out of range. Raw output nan
WARNING: 19:30:33 - main_pipeline.interpreter:  Encountered exception in validating flowmeter SLS1500: string index out of range. Raw output nan
WARNING: 19:30:33 - main_pipeline.interpreter:  Encountered exception in validating flowmeter SLS1500: string index out of range. Raw output nan
WARNING: 19:30:33 - main_pipeline.interpreter:  Encountered exception in validating flowmeter SLS1500: string index out of range. Raw output nan
WARNING: 19:30:33 - main_pipeline.interpreter:  Encountered exception in validating flowmeter SLS1500: string index out of range. Raw output nan
WARNING: 19:30:33 - main_pipeline.interpreter:  Encountered exception in validating flowmeter SLS1500: string index out of range. Raw output nan
WARNING: 19:30:33 - main_pipeline.interpreter:  Encountered exception in validating flowmeter SLS1500: string index out of range. Raw output nan
WARNING: 19:30:33 - main_pipeline.interpreter:  Encountered exception in validating flowmeter SLS1500: string index out of range. Raw output nan
WARNING: 19:30:33 - main_pipeline.interpreter:  Encountered exception in validating flowmeter SLS1500: string index out of range. Raw output nan
WARNING: 19:30:33 - main_pipeline.interpreter:  Encountered exception in validating flowmeter SLS1500: string index out of range. Raw output nan
WARNING: 19:30:33 - main_pipeline.interpreter:  Encountered exception in validating flowmeter SLS1500: string index out of range. Raw output nan
WARNING: 19:30:33 - main_pipeline.interpreter:  Encountered exception in validating flowmeter SLS1500: string index out of range. Raw output nan
WARNING: 19:30:33 - main_pipeline.interpreter:  Encountered exception in validating flowmeter SLS1500: string index out of range. Raw output nan
WARNING: 19:30:33 - main_pipeline.interpreter:  Encountered exception in validating flowmeter SLS1500: string index out of range. Raw output nan
WARNING: 19:30:33 - main_pipeline.interpreter:  Unexpected exception in processing picarro GAS data: 'float' object is not subscriptable. Not updating measurement
WARNING: 19:30:33 - __main__:  Error updating the Picarro Gas buffer timestamp: 'NoneType' object is not subscriptable
WARNING: 19:30:33 - __main__:  Error updating the Picarro Gas buffer data: 'NoneType' object is not subscriptable
WARNING: 19:30:33 - __main__:  Error updating the Picarro Gas buffer data: 'NoneType' object is not subscriptable
WARNING: 19:30:33 - __main__:  Error updating the Picarro Gas buffer data: 'NoneType' object is not subscriptable
WARNING: 19:30:33 - __main__:  Error updating the Picarro Gas buffer data: 'NoneType' object is not subscriptable
WARNING: 19:30:33 - __main__:  Error updating the Laser Distance Sensor buffer timestamp: 'NoneType' object is not subscriptable
WARNING: 19:30:33 - __main__:  Error updating the Laser Distance Sensor buffer data: 'NoneType' object is not subscriptable
WARNING: 19:30:33 - __main__:  Error updating the Laser Distance Sensor buffer data: 'NoneType' object is not subscriptable
WARNING: 19:30:33 - __main__:  Error updating the Abakus Particle Counter buffer timestamp: 'NoneType' object is not subscriptable
WARNING: 19:30:33 - __main__:  Error updating the Abakus Particle Counter buffer data: 'NoneType' object is not subscriptable
WARNING: 19:30:33 - __main__:  Error updating the Flowmeter buffer timestamp: 'NoneType' object is not subscriptable
WARNING: 19:30:33 - __main__:  Error updating the Flowmeter buffer data: 'NoneType' object is not subscriptable
WARNING: 19:30:33 - __main__:  Error updating the Flowmeter buffer data: 'NoneType' object is not subscriptable
WARNING: 19:30:33 - __main__:  Error updating the Bronkhorst Pressure buffer timestamp: 'NoneType' object is not subscriptable
WARNING: 19:30:33 - __main__:  Error updating the Bronkhorst Pressure buffer data: 'NoneType' object is not subscriptable
WARNING: 19:30:33 - __main__:  Error updating the Bronkhorst Pressure buffer data: 'NoneType' object is not subscriptable
WARNING: 19:30:33 - __main__:  Error updating the Bronkhorst Pressure buffer data: 'NoneType' object is not subscriptable
WARNING: 19:30:33 - __main__:  Error updating the Bronkhorst Pressure buffer data: 'NoneType' object is not subscriptable
WARNING: 19:30:34 - main_pipeline.interpreter:  Encountered exception in validating flowmeter SLI2000: string index out of range. Raw output nan
WARNING: 19:30:34 - main_pipeline.interpreter:  Encountered exception in validating flowmeter SLI2000: string index out of range. Raw output nan
WARNING: 19:30:34 - main_pipeline.interpreter:  Encountered exception in validating flowmeter SLI2000: string index out of range. Raw output nan
WARNING: 19:30:34 - main_pipeline.interpreter:  Encountered exception in validating flowmeter SLI2000: string index out of range. Raw output nan
WARNING: 19:30:34 - main_pipeline.interpreter:  Encountered exception in validating flowmeter SLI2000: string index out of range. Raw output nan
WARNING: 19:30:34 - main_pipeline.interpreter:  Encountered exception in validating flowmeter SLI2000: string index out of range. Raw output nan
WARNING: 19:30:34 - main_pipeline.interpreter:  Encountered exception in validating flowmeter SLI2000: string index out of range. Raw output nan
WARNING: 19:30:34 - main_pipeline.interpreter:  Encountered exception in validating flowmeter SLI2000: string index out of range. Raw output nan
WARNING: 19:30:34 - main_pipeline.interpreter:  Encountered exception in validating flowmeter SLI2000: string index out of range. Raw output nan
WARNING: 19:30:34 - main_pipeline.interpreter:  Encountered exception in validating flowmeter SLI2000: string index out of range. Raw output nan
WARNING: 19:30:34 - main_pipeline.interpreter:  Encountered exception in validating flowmeter SLI2000: string index out of range. Raw output nan
WARNING: 19:30:34 - main_pipeline.interpreter:  Encountered exception in validating flowmeter SLI2000: string index out of range. Raw output nan
WARNING: 19:30:34 - main_pipeline.interpreter:  Encountered exception in validating flowmeter SLI2000: string index out of range. Raw output nan
WARNING: 19:30:34 - main_pipeline.interpreter:  Encountered exception in validating flowmeter SLI2000: string index out of range. Raw output nan
WARNING: 19:30:34 - main_pipeline.interpreter:  Encountered exception in validating flowmeter SLI2000: string index out of range. Raw output nan
WARNING: 19:30:34 - main_pipeline.interpreter:  Encountered exception in validating flowmeter SLS1500: string index out of range. Raw output nan
WARNING: 19:30:34 - main_pipeline.interpreter:  Encountered exception in validating flowmeter SLS1500: string index out of range. Raw output nan
WARNING: 19:30:34 - main_pipeline.interpreter:  Encountered exception in validating flowmeter SLS1500: string index out of range. Raw output nan
WARNING: 19:30:34 - main_pipeline.interpreter:  Encountered exception in validating flowmeter SLS1500: string index out of range. Raw output nan
WARNING: 19:30:34 - main_pipeline.interpreter:  Encountered exception in validating flowmeter SLS1500: string index out of range. Raw output nan
WARNING: 19:30:34 - main_pipeline.interpreter:  Encountered exception in validating flowmeter SLS1500: string index out of range. Raw output nan
WARNING: 19:30:34 - main_pipeline.interpreter:  Encountered exception in validating flowmeter SLS1500: string index out of range. Raw output nan
WARNING: 19:30:34 - main_pipeline.interpreter:  Encountered exception in validating flowmeter SLS1500: string index out of range. Raw output nan
WARNING: 19:30:34 - main_pipeline.interpreter:  Encountered exception in validating flowmeter SLS1500: string index out of range. Raw output nan
WARNING: 19:30:34 - main_pipeline.interpreter:  Encountered exception in validating flowmeter SLS1500: string index out of range. Raw output nan
WARNING: 19:30:34 - main_pipeline.interpreter:  Encountered exception in validating flowmeter SLS1500: string index out of range. Raw output nan
WARNING: 19:30:34 - main_pipeline.interpreter:  Encountered exception in validating flowmeter SLS1500: string index out of range. Raw output nan
WARNING: 19:30:34 - main_pipeline.interpreter:  Encountered exception in validating flowmeter SLS1500: string index out of range. Raw output nan
WARNING: 19:30:34 - main_pipeline.interpreter:  Encountered exception in validating flowmeter SLS1500: string index out of range. Raw output nan
WARNING: 19:30:34 - main_pipeline.interpreter:  Encountered exception in validating flowmeter SLS1500: string index out of range. Raw output nan
WARNING: 19:30:34 - main_pipeline.interpreter:  Unexpected exception in processing picarro GAS data: 'float' object is not subscriptable. Not updating measurement
WARNING: 19:30:34 - __main__:  Error updating the Picarro Gas buffer timestamp: 'NoneType' object is not subscriptable
WARNING: 19:30:34 - __main__:  Error updating the Picarro Gas buffer data: 'NoneType' object is not subscriptable
WARNING: 19:30:34 - __main__:  Error updating the Picarro Gas buffer data: 'NoneType' object is not subscriptable
WARNING: 19:30:34 - __main__:  Error updating the Picarro Gas buffer data: 'NoneType' object is not subscriptable
WARNING: 19:30:34 - __main__:  Error updating the Picarro Gas buffer data: 'NoneType' object is not subscriptable
WARNING: 19:30:34 - __main__:  Error updating the Laser Distance Sensor buffer timestamp: 'NoneType' object is not subscriptable
WARNING: 19:30:34 - __main__:  Error updating the Laser Distance Sensor buffer data: 'NoneType' object is not subscriptable
WARNING: 19:30:34 - __main__:  Error updating the Laser Distance Sensor buffer data: 'NoneType' object is not subscriptable
WARNING: 19:30:34 - __main__:  Error updating the Abakus Particle Counter buffer timestamp: 'NoneType' object is not subscriptable
WARNING: 19:30:34 - __main__:  Error updating the Abakus Particle Counter buffer data: 'NoneType' object is not subscriptable
WARNING: 19:30:34 - __main__:  Error updating the Flowmeter buffer timestamp: 'NoneType' object is not subscriptable
WARNING: 19:30:34 - __main__:  Error updating the Flowmeter buffer data: 'NoneType' object is not subscriptable
WARNING: 19:30:34 - __main__:  Error updating the Flowmeter buffer data: 'NoneType' object is not subscriptable
WARNING: 19:30:34 - __main__:  Error updating the Bronkhorst Pressure buffer timestamp: 'NoneType' object is not subscriptable
WARNING: 19:30:34 - __main__:  Error updating the Bronkhorst Pressure buffer data: 'NoneType' object is not subscriptable
WARNING: 19:30:34 - __main__:  Error updating the Bronkhorst Pressure buffer data: 'NoneType' object is not subscriptable
WARNING: 19:30:34 - __main__:  Error updating the Bronkhorst Pressure buffer data: 'NoneType' object is not subscriptable
WARNING: 19:30:34 - __main__:  Error updating the Bronkhorst Pressure buffer data: 'NoneType' object is not subscriptable
WARNING: 19:30:35 - main_pipeline.interpreter:  Encountered exception in validating flowmeter SLI2000: string index out of range. Raw output nan
WARNING: 19:30:35 - main_pipeline.interpreter:  Encountered exception in validating flowmeter SLI2000: string index out of range. Raw output nan
WARNING: 19:30:35 - main_pipeline.interpreter:  Encountered exception in validating flowmeter SLI2000: string index out of range. Raw output nan
WARNING: 19:30:35 - main_pipeline.interpreter:  Encountered exception in validating flowmeter SLI2000: string index out of range. Raw output nan
WARNING: 19:30:35 - main_pipeline.interpreter:  Encountered exception in validating flowmeter SLI2000: string index out of range. Raw output nan
WARNING: 19:30:35 - main_pipeline.interpreter:  Encountered exception in validating flowmeter SLI2000: string index out of range. Raw output nan
WARNING: 19:30:35 - main_pipeline.interpreter:  Encountered exception in validating flowmeter SLI2000: string index out of range. Raw output nan
WARNING: 19:30:35 - main_pipeline.interpreter:  Encountered exception in validating flowmeter SLI2000: string index out of range. Raw output nan
WARNING: 19:30:35 - main_pipeline.interpreter:  Encountered exception in validating flowmeter SLI2000: string index out of range. Raw output nan
WARNING: 19:30:35 - main_pipeline.interpreter:  Encountered exception in validating flowmeter SLI2000: string index out of range. Raw output nan
WARNING: 19:30:35 - main_pipeline.interpreter:  Encountered exception in validating flowmeter SLI2000: string index out of range. Raw output nan
WARNING: 19:30:35 - main_pipeline.interpreter:  Encountered exception in validating flowmeter SLI2000: string index out of range. Raw output nan
WARNING: 19:30:35 - main_pipeline.interpreter:  Encountered exception in validating flowmeter SLI2000: string index out of range. Raw output nan
WARNING: 19:30:35 - main_pipeline.interpreter:  Encountered exception in validating flowmeter SLI2000: string index out of range. Raw output nan
WARNING: 19:30:35 - main_pipeline.interpreter:  Encountered exception in validating flowmeter SLI2000: string index out of range. Raw output nan
WARNING: 19:30:35 - main_pipeline.interpreter:  Encountered exception in validating flowmeter SLS1500: string index out of range. Raw output nan
WARNING: 19:30:35 - main_pipeline.interpreter:  Encountered exception in validating flowmeter SLS1500: string index out of range. Raw output nan
WARNING: 19:30:35 - main_pipeline.interpreter:  Encountered exception in validating flowmeter SLS1500: string index out of range. Raw output nan
WARNING: 19:30:35 - main_pipeline.interpreter:  Encountered exception in validating flowmeter SLS1500: string index out of range. Raw output nan
WARNING: 19:30:35 - main_pipeline.interpreter:  Encountered exception in validating flowmeter SLS1500: string index out of range. Raw output nan
WARNING: 19:30:35 - main_pipeline.interpreter:  Encountered exception in validating flowmeter SLS1500: string index out of range. Raw output nan
WARNING: 19:30:35 - main_pipeline.interpreter:  Encountered exception in validating flowmeter SLS1500: string index out of range. Raw output nan
WARNING: 19:30:35 - main_pipeline.interpreter:  Encountered exception in validating flowmeter SLS1500: string index out of range. Raw output nan
WARNING: 19:30:35 - main_pipeline.interpreter:  Encountered exception in validating flowmeter SLS1500: string index out of range. Raw output nan
WARNING: 19:30:35 - main_pipeline.interpreter:  Encountered exception in validating flowmeter SLS1500: string index out of range. Raw output nan
WARNING: 19:30:35 - main_pipeline.interpreter:  Encountered exception in validating flowmeter SLS1500: string index out of range. Raw output nan
WARNING: 19:30:35 - main_pipeline.interpreter:  Encountered exception in validating flowmeter SLS1500: string index out of range. Raw output nan
WARNING: 19:30:35 - main_pipeline.interpreter:  Encountered exception in validating flowmeter SLS1500: string index out of range. Raw output nan
WARNING: 19:30:35 - main_pipeline.interpreter:  Encountered exception in validating flowmeter SLS1500: string index out of range. Raw output nan
WARNING: 19:30:35 - main_pipeline.interpreter:  Encountered exception in validating flowmeter SLS1500: string index out of range. Raw output nan
WARNING: 19:30:35 - main_pipeline.interpreter:  Unexpected exception in processing picarro GAS data: 'float' object is not subscriptable. Not updating measurement
WARNING: 19:30:35 - __main__:  Error updating the Picarro Gas buffer timestamp: 'NoneType' object is not subscriptable
WARNING: 19:30:35 - __main__:  Error updating the Picarro Gas buffer data: 'NoneType' object is not subscriptable
WARNING: 19:30:35 - __main__:  Error updating the Picarro Gas buffer data: 'NoneType' object is not subscriptable
WARNING: 19:30:35 - __main__:  Error updating the Picarro Gas buffer data: 'NoneType' object is not subscriptable
WARNING: 19:30:35 - __main__:  Error updating the Picarro Gas buffer data: 'NoneType' object is not subscriptable
WARNING: 19:30:35 - __main__:  Error updating the Laser Distance Sensor buffer timestamp: 'NoneType' object is not subscriptable
WARNING: 19:30:35 - __main__:  Error updating the Laser Distance Sensor buffer data: 'NoneType' object is not subscriptable
WARNING: 19:30:35 - __main__:  Error updating the Laser Distance Sensor buffer data: 'NoneType' object is not subscriptable
WARNING: 19:30:35 - __main__:  Error updating the Abakus Particle Counter buffer timestamp: 'NoneType' object is not subscriptable
WARNING: 19:30:35 - __main__:  Error updating the Abakus Particle Counter buffer data: 'NoneType' object is not subscriptable
WARNING: 19:30:35 - __main__:  Error updating the Flowmeter buffer timestamp: 'NoneType' object is not subscriptable
WARNING: 19:30:35 - __main__:  Error updating the Flowmeter buffer data: 'NoneType' object is not subscriptable
WARNING: 19:30:35 - __main__:  Error updating the Flowmeter buffer data: 'NoneType' object is not subscriptable
WARNING: 19:30:35 - __main__:  Error updating the Bronkhorst Pressure buffer timestamp: 'NoneType' object is not subscriptable
WARNING: 19:30:35 - __main__:  Error updating the Bronkhorst Pressure buffer data: 'NoneType' object is not subscriptable
WARNING: 19:30:35 - __main__:  Error updating the Bronkhorst Pressure buffer data: 'NoneType' object is not subscriptable
WARNING: 19:30:35 - __main__:  Error updating the Bronkhorst Pressure buffer data: 'NoneType' object is not subscriptable
WARNING: 19:30:35 - __main__:  Error updating the Bronkhorst Pressure buffer data: 'NoneType' object is not subscriptable
INFO: 19:30:39 - main_pipeline.sensor:  Shutting down sensors
INFO: 19:30:39 - sensor_interfaces.sim_instruments:  Abakus measurements stopped
INFO: 19:30:39 - sensor_interfaces.sim_instruments:  Dimetix laser turned off
INFO: 19:30:39 - main_pipeline.sensor:  Finished shutting down sensors
INFO: 19:31:43 - main_pipeline.sensor:  Couldn't find Picarro at port /dev/ttyUSB0, shadowing sensor calls with substitute functions
WARNING: 19:31:43 - main_pipeline.sensor:  Couldn't find Abakus at port /dev/ttyUSB0, shadowing sensor calls with substitute functions
WARNING: 19:31:43 - main_pipeline.sensor:  Couldn't find Flowmeter at port /dev/ttyUSB0 and /dev/ttyUSB0, shadowing sensor calls with substitute functions
WARNING: 19:31:43 - main_pipeline.sensor:  Couldn't find Dimetix laser at port /dev/ttyUSB0, shadowing sensor calls with substitute functions
WARNING: 19:31:43 - main_pipeline.sensor:  Couldn't find Bronkhorst at port /dev/ttyUSB0, shadowing sensor calls with substitute functions
INFO: 19:31:43 - sensor_interfaces.sim_instruments:  Fake hardware, pretending to use serial port /dev/ttyUSB0 with baud 38400
INFO: 19:31:43 - sensor_interfaces.sim_instruments:  Fake hardware, pretending to use serial port /dev/ttyUSB0 with baud 115200
INFO: 19:31:43 - sensor_interfaces.sim_instruments:  Fake hardware, pretending to use serial port /dev/ttyUSB0 with baud 115200
INFO: 19:31:43 - sensor_interfaces.sim_instruments:  Fake hardware, pretending to use serial port /dev/ttyUSB0 with baud 19200
INFO: 19:31:43 - sensor_interfaces.sim_instruments:  Fake hardware, pretending to use serial port /dev/ttyUSB0 with baud 19200
INFO: 19:31:43 - sensor_interfaces.sim_instruments:  Fake hardware, pretending to use serial port /dev/ttyUSB0 with baud 38400
INFO: 19:31:43 - main_pipeline.sensor:  Sensor class initiated
INFO: 19:31:43 - main_pipeline.interpreter:  Interpreter class initiated
INFO: 19:31:43 - main_pipeline.writer:  Display class initiated
INFO: 19:31:45 - main_pipeline.sensor:  Initializing sensors
INFO: 19:31:45 - sensor_interfaces.sim_instruments:  Initializing Abakus
INFO: 19:31:45 - sensor_interfaces.sim_instruments:  Abakus initialized
INFO: 19:31:45 - sensor_interfaces.sim_instruments:  Initializing Picarro
INFO: 19:31:45 - sensor_interfaces.sim_instruments:  Initialized Picarro
INFO: 19:31:45 - sensor_interfaces.sim_instruments:  Initializing Dimetix laser
INFO: 19:31:45 - sensor_interfaces.sim_instruments:  Laser initialized
INFO: 19:31:45 - sensor_interfaces.sim_instruments:  Initializing Bronkhorst
INFO: 19:31:45 - sensor_interfaces.sim_instruments:  Bronkhorst initialized
INFO: 19:31:45 - sensor_interfaces.sim_instruments:  Initializing Flowmeter
INFO: 19:31:45 - sensor_interfaces.sim_instruments:  Flowmeter sli2000 initialized
INFO: 19:31:45 - sensor_interfaces.sim_instruments:  Initializing Flowmeter
INFO: 19:31:45 - sensor_interfaces.sim_instruments:  Flowmeter sls1500 initialized
INFO: 19:31:45 - main_pipeline.sensor:  Finished initializing sensors
WARNING: 19:31:46 - main_pipeline.interpreter:  Encountered exception in validating flowmeter SLI2000: string index out of range. Raw output nan
WARNING: 19:31:46 - main_pipeline.interpreter:  Encountered exception in validating flowmeter SLI2000: string index out of range. Raw output nan
WARNING: 19:31:46 - main_pipeline.interpreter:  Encountered exception in validating flowmeter SLI2000: string index out of range. Raw output nan
WARNING: 19:31:46 - main_pipeline.interpreter:  Encountered exception in validating flowmeter SLI2000: string index out of range. Raw output nan
WARNING: 19:31:46 - main_pipeline.interpreter:  Encountered exception in validating flowmeter SLI2000: string index out of range. Raw output nan
WARNING: 19:31:46 - main_pipeline.interpreter:  Encountered exception in validating flowmeter SLI2000: string index out of range. Raw output nan
WARNING: 19:31:46 - main_pipeline.interpreter:  Encountered exception in validating flowmeter SLI2000: string index out of range. Raw output nan
WARNING: 19:31:46 - main_pipeline.interpreter:  Encountered exception in validating flowmeter SLI2000: string index out of range. Raw output nan
WARNING: 19:31:46 - main_pipeline.interpreter:  Encountered exception in validating flowmeter SLI2000: string index out of range. Raw output nan
WARNING: 19:31:46 - main_pipeline.interpreter:  Encountered exception in validating flowmeter SLI2000: string index out of range. Raw output nan
WARNING: 19:31:46 - main_pipeline.interpreter:  Encountered exception in validating flowmeter SLI2000: string index out of range. Raw output nan
WARNING: 19:31:46 - main_pipeline.interpreter:  Encountered exception in validating flowmeter SLI2000: string index out of range. Raw output nan
WARNING: 19:31:46 - main_pipeline.interpreter:  Encountered exception in validating flowmeter SLI2000: string index out of range. Raw output nan
WARNING: 19:31:46 - main_pipeline.interpreter:  Encountered exception in validating flowmeter SLI2000: string index out of range. Raw output nan
WARNING: 19:31:46 - main_pipeline.interpreter:  Encountered exception in validating flowmeter SLI2000: string index out of range. Raw output nan
WARNING: 19:31:46 - main_pipeline.interpreter:  Encountered exception in validating flowmeter SLS1500: string index out of range. Raw output nan
WARNING: 19:31:46 - main_pipeline.interpreter:  Encountered exception in validating flowmeter SLS1500: string index out of range. Raw output nan
WARNING: 19:31:46 - main_pipeline.interpreter:  Encountered exception in validating flowmeter SLS1500: string index out of range. Raw output nan
WARNING: 19:31:46 - main_pipeline.interpreter:  Encountered exception in validating flowmeter SLS1500: string index out of range. Raw output nan
WARNING: 19:31:46 - main_pipeline.interpreter:  Encountered exception in validating flowmeter SLS1500: string index out of range. Raw output nan
WARNING: 19:31:46 - main_pipeline.interpreter:  Encountered exception in validating flowmeter SLS1500: string index out of range. Raw output nan
WARNING: 19:31:46 - main_pipeline.interpreter:  Encountered exception in validating flowmeter SLS1500: string index out of range. Raw output nan
WARNING: 19:31:46 - main_pipeline.interpreter:  Encountered exception in validating flowmeter SLS1500: string index out of range. Raw output nan
WARNING: 19:31:46 - main_pipeline.interpreter:  Encountered exception in validating flowmeter SLS1500: string index out of range. Raw output nan
WARNING: 19:31:46 - main_pipeline.interpreter:  Encountered exception in validating flowmeter SLS1500: string index out of range. Raw output nan
WARNING: 19:31:46 - main_pipeline.interpreter:  Encountered exception in validating flowmeter SLS1500: string index out of range. Raw output nan
WARNING: 19:31:46 - main_pipeline.interpreter:  Encountered exception in validating flowmeter SLS1500: string index out of range. Raw output nan
WARNING: 19:31:46 - main_pipeline.interpreter:  Encountered exception in validating flowmeter SLS1500: string index out of range. Raw output nan
WARNING: 19:31:46 - main_pipeline.interpreter:  Encountered exception in validating flowmeter SLS1500: string index out of range. Raw output nan
WARNING: 19:31:46 - main_pipeline.interpreter:  Encountered exception in validating flowmeter SLS1500: string index out of range. Raw output nan
WARNING: 19:31:46 - main_pipeline.interpreter:  Error in converting distance reading to float: could not convert string to float: ''. Not updating measurement
WARNING: 19:31:46 - main_pipeline.interpreter:  Unexpected exception in processing laser temperature: 'float' object is not subscriptable. Not updating measurement
WARNING: 19:31:46 - main_pipeline.interpreter:  Unexpected exception in processing picarro GAS data: could not convert string to float: 'a'. Not updating measurement
WARNING: 19:31:46 - __main__:  Error updating the Picarro Gas buffer timestamp: 'NoneType' object is not subscriptable
WARNING: 19:31:46 - __main__:  Error updating the Picarro Gas buffer data: 'NoneType' object is not subscriptable
WARNING: 19:31:46 - __main__:  Error updating the Picarro Gas buffer data: 'NoneType' object is not subscriptable
WARNING: 19:31:46 - __main__:  Error updating the Picarro Gas buffer data: 'NoneType' object is not subscriptable
WARNING: 19:31:46 - __main__:  Error updating the Picarro Gas buffer data: 'NoneType' object is not subscriptable
WARNING: 19:31:46 - __main__:  Error updating the Laser Distance Sensor buffer timestamp: 'NoneType' object is not subscriptable
WARNING: 19:31:46 - __main__:  Error updating the Laser Distance Sensor buffer data: 'NoneType' object is not subscriptable
WARNING: 19:31:46 - __main__:  Error updating the Laser Distance Sensor buffer data: 'NoneType' object is not subscriptable
WARNING: 19:31:46 - __main__:  Error updating the Abakus Particle Counter buffer timestamp: 'NoneType' object is not subscriptable
WARNING: 19:31:46 - __main__:  Error updating the Abakus Particle Counter buffer data: 'NoneType' object is not subscriptable
WARNING: 19:31:46 - __main__:  Error updating the Flowmeter buffer timestamp: 'NoneType' object is not subscriptable
WARNING: 19:31:46 - __main__:  Error updating the Flowmeter buffer data: 'NoneType' object is not subscriptable
WARNING: 19:31:46 - __main__:  Error updating the Flowmeter buffer data: 'NoneType' object is not subscriptable
WARNING: 19:31:46 - __main__:  Error updating the Bronkhorst Pressure buffer timestamp: 'NoneType' object is not subscriptable
WARNING: 19:31:46 - __main__:  Error updating the Bronkhorst Pressure buffer data: 'NoneType' object is not subscriptable
WARNING: 19:31:46 - __main__:  Error updating the Bronkhorst Pressure buffer data: 'NoneType' object is not subscriptable
WARNING: 19:31:46 - __main__:  Error updating the Bronkhorst Pressure buffer data: 'NoneType' object is not subscriptable
WARNING: 19:31:46 - __main__:  Error updating the Bronkhorst Pressure buffer data: 'NoneType' object is not subscriptable
WARNING: 19:31:47 - main_pipeline.interpreter:  Encountered exception in validating flowmeter SLI2000: string index out of range. Raw output nan
WARNING: 19:31:47 - main_pipeline.interpreter:  Encountered exception in validating flowmeter SLI2000: string index out of range. Raw output nan
WARNING: 19:31:47 - main_pipeline.interpreter:  Encountered exception in validating flowmeter SLI2000: string index out of range. Raw output nan
WARNING: 19:31:47 - main_pipeline.interpreter:  Encountered exception in validating flowmeter SLI2000: string index out of range. Raw output nan
WARNING: 19:31:47 - main_pipeline.interpreter:  Encountered exception in validating flowmeter SLI2000: string index out of range. Raw output nan
WARNING: 19:31:47 - main_pipeline.interpreter:  Encountered exception in validating flowmeter SLI2000: string index out of range. Raw output nan
WARNING: 19:31:47 - main_pipeline.interpreter:  Encountered exception in validating flowmeter SLI2000: string index out of range. Raw output nan
WARNING: 19:31:47 - main_pipeline.interpreter:  Encountered exception in validating flowmeter SLI2000: string index out of range. Raw output nan
WARNING: 19:31:47 - main_pipeline.interpreter:  Encountered exception in validating flowmeter SLI2000: string index out of range. Raw output nan
WARNING: 19:31:47 - main_pipeline.interpreter:  Encountered exception in validating flowmeter SLI2000: string index out of range. Raw output nan
WARNING: 19:31:47 - main_pipeline.interpreter:  Encountered exception in validating flowmeter SLI2000: string index out of range. Raw output nan
WARNING: 19:31:47 - main_pipeline.interpreter:  Encountered exception in validating flowmeter SLI2000: string index out of range. Raw output nan
WARNING: 19:31:47 - main_pipeline.interpreter:  Encountered exception in validating flowmeter SLI2000: string index out of range. Raw output nan
WARNING: 19:31:47 - main_pipeline.interpreter:  Encountered exception in validating flowmeter SLI2000: string index out of range. Raw output nan
WARNING: 19:31:47 - main_pipeline.interpreter:  Encountered exception in validating flowmeter SLI2000: string index out of range. Raw output nan
WARNING: 19:31:47 - main_pipeline.interpreter:  Encountered exception in validating flowmeter SLS1500: string index out of range. Raw output nan
WARNING: 19:31:47 - main_pipeline.interpreter:  Encountered exception in validating flowmeter SLS1500: string index out of range. Raw output nan
WARNING: 19:31:47 - main_pipeline.interpreter:  Encountered exception in validating flowmeter SLS1500: string index out of range. Raw output nan
WARNING: 19:31:47 - main_pipeline.interpreter:  Encountered exception in validating flowmeter SLS1500: string index out of range. Raw output nan
WARNING: 19:31:47 - main_pipeline.interpreter:  Encountered exception in validating flowmeter SLS1500: string index out of range. Raw output nan
WARNING: 19:31:47 - main_pipeline.interpreter:  Encountered exception in validating flowmeter SLS1500: string index out of range. Raw output nan
WARNING: 19:31:47 - main_pipeline.interpreter:  Encountered exception in validating flowmeter SLS1500: string index out of range. Raw output nan
WARNING: 19:31:47 - main_pipeline.interpreter:  Encountered exception in validating flowmeter SLS1500: string index out of range. Raw output nan
WARNING: 19:31:47 - main_pipeline.interpreter:  Encountered exception in validating flowmeter SLS1500: string index out of range. Raw output nan
WARNING: 19:31:47 - main_pipeline.interpreter:  Encountered exception in validating flowmeter SLS1500: string index out of range. Raw output nan
WARNING: 19:31:47 - main_pipeline.interpreter:  Encountered exception in validating flowmeter SLS1500: string index out of range. Raw output nan
WARNING: 19:31:47 - main_pipeline.interpreter:  Encountered exception in validating flowmeter SLS1500: string index out of range. Raw output nan
WARNING: 19:31:47 - main_pipeline.interpreter:  Encountered exception in validating flowmeter SLS1500: string index out of range. Raw output nan
WARNING: 19:31:47 - main_pipeline.interpreter:  Encountered exception in validating flowmeter SLS1500: string index out of range. Raw output nan
WARNING: 19:31:47 - main_pipeline.interpreter:  Encountered exception in validating flowmeter SLS1500: string index out of range. Raw output nan
WARNING: 19:31:47 - main_pipeline.interpreter:  Error in converting distance reading to float: could not convert string to float: ''. Not updating measurement
WARNING: 19:31:47 - main_pipeline.interpreter:  Unexpected exception in processing laser temperature: 'float' object is not subscriptable. Not updating measurement
WARNING: 19:31:47 - main_pipeline.interpreter:  Unexpected exception in processing picarro GAS data: could not convert string to float: 'a'. Not updating measurement
WARNING: 19:31:47 - __main__:  Error updating the Picarro Gas buffer timestamp: 'NoneType' object is not subscriptable
WARNING: 19:31:47 - __main__:  Error updating the Picarro Gas buffer data: 'NoneType' object is not subscriptable
WARNING: 19:31:47 - __main__:  Error updating the Picarro Gas buffer data: 'NoneType' object is not subscriptable
WARNING: 19:31:47 - __main__:  Error updating the Picarro Gas buffer data: 'NoneType' object is not subscriptable
WARNING: 19:31:47 - __main__:  Error updating the Picarro Gas buffer data: 'NoneType' object is not subscriptable
WARNING: 19:31:47 - __main__:  Error updating the Laser Distance Sensor buffer timestamp: 'NoneType' object is not subscriptable
WARNING: 19:31:47 - __main__:  Error updating the Laser Distance Sensor buffer data: 'NoneType' object is not subscriptable
WARNING: 19:31:47 - __main__:  Error updating the Laser Distance Sensor buffer data: 'NoneType' object is not subscriptable
WARNING: 19:31:47 - __main__:  Error updating the Abakus Particle Counter buffer timestamp: 'NoneType' object is not subscriptable
WARNING: 19:31:47 - __main__:  Error updating the Abakus Particle Counter buffer data: 'NoneType' object is not subscriptable
WARNING: 19:31:47 - __main__:  Error updating the Flowmeter buffer timestamp: 'NoneType' object is not subscriptable
WARNING: 19:31:47 - __main__:  Error updating the Flowmeter buffer data: 'NoneType' object is not subscriptable
WARNING: 19:31:47 - __main__:  Error updating the Flowmeter buffer data: 'NoneType' object is not subscriptable
WARNING: 19:31:47 - __main__:  Error updating the Bronkhorst Pressure buffer timestamp: 'NoneType' object is not subscriptable
WARNING: 19:31:47 - __main__:  Error updating the Bronkhorst Pressure buffer data: 'NoneType' object is not subscriptable
WARNING: 19:31:47 - __main__:  Error updating the Bronkhorst Pressure buffer data: 'NoneType' object is not subscriptable
WARNING: 19:31:47 - __main__:  Error updating the Bronkhorst Pressure buffer data: 'NoneType' object is not subscriptable
WARNING: 19:31:47 - __main__:  Error updating the Bronkhorst Pressure buffer data: 'NoneType' object is not subscriptable
WARNING: 19:31:48 - main_pipeline.interpreter:  Encountered exception in validating flowmeter SLI2000: string index out of range. Raw output nan
WARNING: 19:31:48 - main_pipeline.interpreter:  Encountered exception in validating flowmeter SLI2000: string index out of range. Raw output nan
WARNING: 19:31:48 - main_pipeline.interpreter:  Encountered exception in validating flowmeter SLI2000: string index out of range. Raw output nan
WARNING: 19:31:48 - main_pipeline.interpreter:  Encountered exception in validating flowmeter SLI2000: string index out of range. Raw output nan
WARNING: 19:31:48 - main_pipeline.interpreter:  Encountered exception in validating flowmeter SLI2000: string index out of range. Raw output nan
WARNING: 19:31:48 - main_pipeline.interpreter:  Encountered exception in validating flowmeter SLI2000: string index out of range. Raw output nan
WARNING: 19:31:48 - main_pipeline.interpreter:  Encountered exception in validating flowmeter SLI2000: string index out of range. Raw output nan
WARNING: 19:31:48 - main_pipeline.interpreter:  Encountered exception in validating flowmeter SLI2000: string index out of range. Raw output nan
WARNING: 19:31:48 - main_pipeline.interpreter:  Encountered exception in validating flowmeter SLI2000: string index out of range. Raw output nan
WARNING: 19:31:48 - main_pipeline.interpreter:  Encountered exception in validating flowmeter SLI2000: string index out of range. Raw output nan
WARNING: 19:31:48 - main_pipeline.interpreter:  Encountered exception in validating flowmeter SLI2000: string index out of range. Raw output nan
WARNING: 19:31:48 - main_pipeline.interpreter:  Encountered exception in validating flowmeter SLI2000: string index out of range. Raw output nan
WARNING: 19:31:48 - main_pipeline.interpreter:  Encountered exception in validating flowmeter SLI2000: string index out of range. Raw output nan
WARNING: 19:31:48 - main_pipeline.interpreter:  Encountered exception in validating flowmeter SLI2000: string index out of range. Raw output nan
WARNING: 19:31:48 - main_pipeline.interpreter:  Encountered exception in validating flowmeter SLI2000: string index out of range. Raw output nan
WARNING: 19:31:48 - main_pipeline.interpreter:  Encountered exception in validating flowmeter SLS1500: string index out of range. Raw output nan
WARNING: 19:31:48 - main_pipeline.interpreter:  Encountered exception in validating flowmeter SLS1500: string index out of range. Raw output nan
WARNING: 19:31:48 - main_pipeline.interpreter:  Encountered exception in validating flowmeter SLS1500: string index out of range. Raw output nan
WARNING: 19:31:48 - main_pipeline.interpreter:  Encountered exception in validating flowmeter SLS1500: string index out of range. Raw output nan
WARNING: 19:31:48 - main_pipeline.interpreter:  Encountered exception in validating flowmeter SLS1500: string index out of range. Raw output nan
WARNING: 19:31:48 - main_pipeline.interpreter:  Encountered exception in validating flowmeter SLS1500: string index out of range. Raw output nan
WARNING: 19:31:48 - main_pipeline.interpreter:  Encountered exception in validating flowmeter SLS1500: string index out of range. Raw output nan
WARNING: 19:31:48 - main_pipeline.interpreter:  Encountered exception in validating flowmeter SLS1500: string index out of range. Raw output nan
WARNING: 19:31:48 - main_pipeline.interpreter:  Encountered exception in validating flowmeter SLS1500: string index out of range. Raw output nan
WARNING: 19:31:48 - main_pipeline.interpreter:  Encountered exception in validating flowmeter SLS1500: string index out of range. Raw output nan
WARNING: 19:31:48 - main_pipeline.interpreter:  Encountered exception in validating flowmeter SLS1500: string index out of range. Raw output nan
WARNING: 19:31:48 - main_pipeline.interpreter:  Encountered exception in validating flowmeter SLS1500: string index out of range. Raw output nan
WARNING: 19:31:48 - main_pipeline.interpreter:  Encountered exception in validating flowmeter SLS1500: string index out of range. Raw output nan
WARNING: 19:31:48 - main_pipeline.interpreter:  Encountered exception in validating flowmeter SLS1500: string index out of range. Raw output nan
WARNING: 19:31:48 - main_pipeline.interpreter:  Encountered exception in validating flowmeter SLS1500: string index out of range. Raw output nan
WARNING: 19:31:48 - main_pipeline.interpreter:  Error in converting distance reading to float: could not convert string to float: ''. Not updating measurement
WARNING: 19:31:48 - main_pipeline.interpreter:  Unexpected exception in processing laser temperature: 'float' object is not subscriptable. Not updating measurement
WARNING: 19:31:48 - main_pipeline.interpreter:  Unexpected exception in processing picarro GAS data: could not convert string to float: 'a'. Not updating measurement
WARNING: 19:31:48 - __main__:  Error updating the Picarro Gas buffer timestamp: 'NoneType' object is not subscriptable
WARNING: 19:31:48 - __main__:  Error updating the Picarro Gas buffer data: 'NoneType' object is not subscriptable
WARNING: 19:31:48 - __main__:  Error updating the Picarro Gas buffer data: 'NoneType' object is not subscriptable
WARNING: 19:31:48 - __main__:  Error updating the Picarro Gas buffer data: 'NoneType' object is not subscriptable
WARNING: 19:31:48 - __main__:  Error updating the Picarro Gas buffer data: 'NoneType' object is not subscriptable
WARNING: 19:31:48 - __main__:  Error updating the Laser Distance Sensor buffer timestamp: 'NoneType' object is not subscriptable
WARNING: 19:31:48 - __main__:  Error updating the Laser Distance Sensor buffer data: 'NoneType' object is not subscriptable
WARNING: 19:31:48 - __main__:  Error updating the Laser Distance Sensor buffer data: 'NoneType' object is not subscriptable
WARNING: 19:31:48 - __main__:  Error updating the Abakus Particle Counter buffer timestamp: 'NoneType' object is not subscriptable
WARNING: 19:31:48 - __main__:  Error updating the Abakus Particle Counter buffer data: 'NoneType' object is not subscriptable
WARNING: 19:31:48 - __main__:  Error updating the Flowmeter buffer timestamp: 'NoneType' object is not subscriptable
WARNING: 19:31:48 - __main__:  Error updating the Flowmeter buffer data: 'NoneType' object is not subscriptable
WARNING: 19:31:48 - __main__:  Error updating the Flowmeter buffer data: 'NoneType' object is not subscriptable
WARNING: 19:31:48 - __main__:  Error updating the Bronkhorst Pressure buffer timestamp: 'NoneType' object is not subscriptable
WARNING: 19:31:48 - __main__:  Error updating the Bronkhorst Pressure buffer data: 'NoneType' object is not subscriptable
WARNING: 19:31:48 - __main__:  Error updating the Bronkhorst Pressure buffer data: 'NoneType' object is not subscriptable
WARNING: 19:31:48 - __main__:  Error updating the Bronkhorst Pressure buffer data: 'NoneType' object is not subscriptable
WARNING: 19:31:48 - __main__:  Error updating the Bronkhorst Pressure buffer data: 'NoneType' object is not subscriptable
WARNING: 19:31:49 - main_pipeline.interpreter:  Encountered exception in validating flowmeter SLI2000: string index out of range. Raw output nan
WARNING: 19:31:49 - main_pipeline.interpreter:  Encountered exception in validating flowmeter SLI2000: string index out of range. Raw output nan
WARNING: 19:31:49 - main_pipeline.interpreter:  Encountered exception in validating flowmeter SLI2000: string index out of range. Raw output nan
WARNING: 19:31:49 - main_pipeline.interpreter:  Encountered exception in validating flowmeter SLI2000: string index out of range. Raw output nan
WARNING: 19:31:49 - main_pipeline.interpreter:  Encountered exception in validating flowmeter SLI2000: string index out of range. Raw output nan
WARNING: 19:31:49 - main_pipeline.interpreter:  Encountered exception in validating flowmeter SLI2000: string index out of range. Raw output nan
WARNING: 19:31:49 - main_pipeline.interpreter:  Encountered exception in validating flowmeter SLI2000: string index out of range. Raw output nan
WARNING: 19:31:49 - main_pipeline.interpreter:  Encountered exception in validating flowmeter SLI2000: string index out of range. Raw output nan
WARNING: 19:31:49 - main_pipeline.interpreter:  Encountered exception in validating flowmeter SLI2000: string index out of range. Raw output nan
WARNING: 19:31:49 - main_pipeline.interpreter:  Encountered exception in validating flowmeter SLI2000: string index out of range. Raw output nan
WARNING: 19:31:49 - main_pipeline.interpreter:  Encountered exception in validating flowmeter SLI2000: string index out of range. Raw output nan
WARNING: 19:31:49 - main_pipeline.interpreter:  Encountered exception in validating flowmeter SLI2000: string index out of range. Raw output nan
WARNING: 19:31:49 - main_pipeline.interpreter:  Encountered exception in validating flowmeter SLI2000: string index out of range. Raw output nan
WARNING: 19:31:49 - main_pipeline.interpreter:  Encountered exception in validating flowmeter SLI2000: string index out of range. Raw output nan
WARNING: 19:31:49 - main_pipeline.interpreter:  Encountered exception in validating flowmeter SLI2000: string index out of range. Raw output nan
WARNING: 19:31:49 - main_pipeline.interpreter:  Encountered exception in validating flowmeter SLS1500: string index out of range. Raw output nan
WARNING: 19:31:49 - main_pipeline.interpreter:  Encountered exception in validating flowmeter SLS1500: string index out of range. Raw output nan
WARNING: 19:31:49 - main_pipeline.interpreter:  Encountered exception in validating flowmeter SLS1500: string index out of range. Raw output nan
WARNING: 19:31:49 - main_pipeline.interpreter:  Encountered exception in validating flowmeter SLS1500: string index out of range. Raw output nan
WARNING: 19:31:49 - main_pipeline.interpreter:  Encountered exception in validating flowmeter SLS1500: string index out of range. Raw output nan
WARNING: 19:31:49 - main_pipeline.interpreter:  Encountered exception in validating flowmeter SLS1500: string index out of range. Raw output nan
WARNING: 19:31:49 - main_pipeline.interpreter:  Encountered exception in validating flowmeter SLS1500: string index out of range. Raw output nan
WARNING: 19:31:49 - main_pipeline.interpreter:  Encountered exception in validating flowmeter SLS1500: string index out of range. Raw output nan
WARNING: 19:31:49 - main_pipeline.interpreter:  Encountered exception in validating flowmeter SLS1500: string index out of range. Raw output nan
WARNING: 19:31:49 - main_pipeline.interpreter:  Encountered exception in validating flowmeter SLS1500: string index out of range. Raw output nan
WARNING: 19:31:49 - main_pipeline.interpreter:  Encountered exception in validating flowmeter SLS1500: string index out of range. Raw output nan
WARNING: 19:31:49 - main_pipeline.interpreter:  Encountered exception in validating flowmeter SLS1500: string index out of range. Raw output nan
WARNING: 19:31:49 - main_pipeline.interpreter:  Encountered exception in validating flowmeter SLS1500: string index out of range. Raw output nan
WARNING: 19:31:49 - main_pipeline.interpreter:  Encountered exception in validating flowmeter SLS1500: string index out of range. Raw output nan
WARNING: 19:31:49 - main_pipeline.interpreter:  Encountered exception in validating flowmeter SLS1500: string index out of range. Raw output nan
WARNING: 19:31:49 - main_pipeline.interpreter:  Error in converting distance reading to float: could not convert string to float: ''. Not updating measurement
WARNING: 19:31:49 - main_pipeline.interpreter:  Unexpected exception in processing laser temperature: 'float' object is not subscriptable. Not updating measurement
WARNING: 19:31:49 - main_pipeline.interpreter:  Unexpected exception in processing picarro GAS data: could not convert string to float: 'a'. Not updating measurement
WARNING: 19:31:49 - __main__:  Error updating the Picarro Gas buffer timestamp: 'NoneType' object is not subscriptable
WARNING: 19:31:49 - __main__:  Error updating the Picarro Gas buffer data: 'NoneType' object is not subscriptable
WARNING: 19:31:49 - __main__:  Error updating the Picarro Gas buffer data: 'NoneType' object is not subscriptable
WARNING: 19:31:49 - __main__:  Error updating the Picarro Gas buffer data: 'NoneType' object is not subscriptable
WARNING: 19:31:49 - __main__:  Error updating the Picarro Gas buffer data: 'NoneType' object is not subscriptable
WARNING: 19:31:49 - __main__:  Error updating the Laser Distance Sensor buffer timestamp: 'NoneType' object is not subscriptable
WARNING: 19:31:49 - __main__:  Error updating the Laser Distance Sensor buffer data: 'NoneType' object is not subscriptable
WARNING: 19:31:49 - __main__:  Error updating the Laser Distance Sensor buffer data: 'NoneType' object is not subscriptable
WARNING: 19:31:49 - __main__:  Error updating the Abakus Particle Counter buffer timestamp: 'NoneType' object is not subscriptable
WARNING: 19:31:49 - __main__:  Error updating the Abakus Particle Counter buffer data: 'NoneType' object is not subscriptable
WARNING: 19:31:49 - __main__:  Error updating the Flowmeter buffer timestamp: 'NoneType' object is not subscriptable
WARNING: 19:31:49 - __main__:  Error updating the Flowmeter buffer data: 'NoneType' object is not subscriptable
WARNING: 19:31:49 - __main__:  Error updating the Flowmeter buffer data: 'NoneType' object is not subscriptable
WARNING: 19:31:49 - __main__:  Error updating the Bronkhorst Pressure buffer timestamp: 'NoneType' object is not subscriptable
WARNING: 19:31:49 - __main__:  Error updating the Bronkhorst Pressure buffer data: 'NoneType' object is not subscriptable
WARNING: 19:31:49 - __main__:  Error updating the Bronkhorst Pressure buffer data: 'NoneType' object is not subscriptable
WARNING: 19:31:49 - __main__:  Error updating the Bronkhorst Pressure buffer data: 'NoneType' object is not subscriptable
WARNING: 19:31:49 - __main__:  Error updating the Bronkhorst Pressure buffer data: 'NoneType' object is not subscriptable
WARNING: 19:31:50 - main_pipeline.interpreter:  Encountered exception in validating flowmeter SLI2000: string index out of range. Raw output nan
WARNING: 19:31:50 - main_pipeline.interpreter:  Encountered exception in validating flowmeter SLI2000: string index out of range. Raw output nan
WARNING: 19:31:50 - main_pipeline.interpreter:  Encountered exception in validating flowmeter SLI2000: string index out of range. Raw output nan
WARNING: 19:31:50 - main_pipeline.interpreter:  Encountered exception in validating flowmeter SLI2000: string index out of range. Raw output nan
WARNING: 19:31:50 - main_pipeline.interpreter:  Encountered exception in validating flowmeter SLI2000: string index out of range. Raw output nan
WARNING: 19:31:50 - main_pipeline.interpreter:  Encountered exception in validating flowmeter SLI2000: string index out of range. Raw output nan
WARNING: 19:31:50 - main_pipeline.interpreter:  Encountered exception in validating flowmeter SLI2000: string index out of range. Raw output nan
WARNING: 19:31:50 - main_pipeline.interpreter:  Encountered exception in validating flowmeter SLI2000: string index out of range. Raw output nan
WARNING: 19:31:50 - main_pipeline.interpreter:  Encountered exception in validating flowmeter SLI2000: string index out of range. Raw output nan
WARNING: 19:31:50 - main_pipeline.interpreter:  Encountered exception in validating flowmeter SLI2000: string index out of range. Raw output nan
WARNING: 19:31:50 - main_pipeline.interpreter:  Encountered exception in validating flowmeter SLI2000: string index out of range. Raw output nan
WARNING: 19:31:50 - main_pipeline.interpreter:  Encountered exception in validating flowmeter SLI2000: string index out of range. Raw output nan
WARNING: 19:31:50 - main_pipeline.interpreter:  Encountered exception in validating flowmeter SLI2000: string index out of range. Raw output nan
WARNING: 19:31:50 - main_pipeline.interpreter:  Encountered exception in validating flowmeter SLI2000: string index out of range. Raw output nan
WARNING: 19:31:50 - main_pipeline.interpreter:  Encountered exception in validating flowmeter SLI2000: string index out of range. Raw output nan
WARNING: 19:31:50 - main_pipeline.interpreter:  Encountered exception in validating flowmeter SLS1500: string index out of range. Raw output nan
WARNING: 19:31:50 - main_pipeline.interpreter:  Encountered exception in validating flowmeter SLS1500: string index out of range. Raw output nan
WARNING: 19:31:50 - main_pipeline.interpreter:  Encountered exception in validating flowmeter SLS1500: string index out of range. Raw output nan
WARNING: 19:31:50 - main_pipeline.interpreter:  Encountered exception in validating flowmeter SLS1500: string index out of range. Raw output nan
WARNING: 19:31:50 - main_pipeline.interpreter:  Encountered exception in validating flowmeter SLS1500: string index out of range. Raw output nan
WARNING: 19:31:50 - main_pipeline.interpreter:  Encountered exception in validating flowmeter SLS1500: string index out of range. Raw output nan
WARNING: 19:31:50 - main_pipeline.interpreter:  Encountered exception in validating flowmeter SLS1500: string index out of range. Raw output nan
WARNING: 19:31:50 - main_pipeline.interpreter:  Encountered exception in validating flowmeter SLS1500: string index out of range. Raw output nan
WARNING: 19:31:50 - main_pipeline.interpreter:  Encountered exception in validating flowmeter SLS1500: string index out of range. Raw output nan
WARNING: 19:31:50 - main_pipeline.interpreter:  Encountered exception in validating flowmeter SLS1500: string index out of range. Raw output nan
WARNING: 19:31:50 - main_pipeline.interpreter:  Encountered exception in validating flowmeter SLS1500: string index out of range. Raw output nan
WARNING: 19:31:50 - main_pipeline.interpreter:  Encountered exception in validating flowmeter SLS1500: string index out of range. Raw output nan
WARNING: 19:31:50 - main_pipeline.interpreter:  Encountered exception in validating flowmeter SLS1500: string index out of range. Raw output nan
WARNING: 19:31:50 - main_pipeline.interpreter:  Encountered exception in validating flowmeter SLS1500: string index out of range. Raw output nan
WARNING: 19:31:50 - main_pipeline.interpreter:  Encountered exception in validating flowmeter SLS1500: string index out of range. Raw output nan
WARNING: 19:31:50 - main_pipeline.interpreter:  Error in converting distance reading to float: could not convert string to float: ''. Not updating measurement
WARNING: 19:31:50 - main_pipeline.interpreter:  Unexpected exception in processing laser temperature: 'float' object is not subscriptable. Not updating measurement
WARNING: 19:31:50 - main_pipeline.interpreter:  Unexpected exception in processing picarro GAS data: could not convert string to float: 'a'. Not updating measurement
WARNING: 19:31:50 - __main__:  Error updating the Picarro Gas buffer timestamp: 'NoneType' object is not subscriptable
WARNING: 19:31:50 - __main__:  Error updating the Picarro Gas buffer data: 'NoneType' object is not subscriptable
WARNING: 19:31:50 - __main__:  Error updating the Picarro Gas buffer data: 'NoneType' object is not subscriptable
WARNING: 19:31:50 - __main__:  Error updating the Picarro Gas buffer data: 'NoneType' object is not subscriptable
WARNING: 19:31:50 - __main__:  Error updating the Picarro Gas buffer data: 'NoneType' object is not subscriptable
WARNING: 19:31:50 - __main__:  Error updating the Laser Distance Sensor buffer timestamp: 'NoneType' object is not subscriptable
WARNING: 19:31:50 - __main__:  Error updating the Laser Distance Sensor buffer data: 'NoneType' object is not subscriptable
WARNING: 19:31:50 - __main__:  Error updating the Laser Distance Sensor buffer data: 'NoneType' object is not subscriptable
WARNING: 19:31:50 - __main__:  Error updating the Abakus Particle Counter buffer timestamp: 'NoneType' object is not subscriptable
WARNING: 19:31:50 - __main__:  Error updating the Abakus Particle Counter buffer data: 'NoneType' object is not subscriptable
WARNING: 19:31:50 - __main__:  Error updating the Flowmeter buffer timestamp: 'NoneType' object is not subscriptable
WARNING: 19:31:50 - __main__:  Error updating the Flowmeter buffer data: 'NoneType' object is not subscriptable
WARNING: 19:31:50 - __main__:  Error updating the Flowmeter buffer data: 'NoneType' object is not subscriptable
WARNING: 19:31:50 - __main__:  Error updating the Bronkhorst Pressure buffer timestamp: 'NoneType' object is not subscriptable
WARNING: 19:31:50 - __main__:  Error updating the Bronkhorst Pressure buffer data: 'NoneType' object is not subscriptable
WARNING: 19:31:50 - __main__:  Error updating the Bronkhorst Pressure buffer data: 'NoneType' object is not subscriptable
WARNING: 19:31:50 - __main__:  Error updating the Bronkhorst Pressure buffer data: 'NoneType' object is not subscriptable
WARNING: 19:31:50 - __main__:  Error updating the Bronkhorst Pressure buffer data: 'NoneType' object is not subscriptable
WARNING: 19:31:51 - main_pipeline.interpreter:  Encountered exception in validating flowmeter SLI2000: string index out of range. Raw output nan
WARNING: 19:31:51 - main_pipeline.interpreter:  Encountered exception in validating flowmeter SLI2000: string index out of range. Raw output nan
WARNING: 19:31:51 - main_pipeline.interpreter:  Encountered exception in validating flowmeter SLI2000: string index out of range. Raw output nan
WARNING: 19:31:51 - main_pipeline.interpreter:  Encountered exception in validating flowmeter SLI2000: string index out of range. Raw output nan
WARNING: 19:31:51 - main_pipeline.interpreter:  Encountered exception in validating flowmeter SLI2000: string index out of range. Raw output nan
WARNING: 19:31:51 - main_pipeline.interpreter:  Encountered exception in validating flowmeter SLI2000: string index out of range. Raw output nan
WARNING: 19:31:51 - main_pipeline.interpreter:  Encountered exception in validating flowmeter SLI2000: string index out of range. Raw output nan
WARNING: 19:31:51 - main_pipeline.interpreter:  Encountered exception in validating flowmeter SLI2000: string index out of range. Raw output nan
WARNING: 19:31:51 - main_pipeline.interpreter:  Encountered exception in validating flowmeter SLI2000: string index out of range. Raw output nan
WARNING: 19:31:51 - main_pipeline.interpreter:  Encountered exception in validating flowmeter SLI2000: string index out of range. Raw output nan
WARNING: 19:31:51 - main_pipeline.interpreter:  Encountered exception in validating flowmeter SLI2000: string index out of range. Raw output nan
WARNING: 19:31:51 - main_pipeline.interpreter:  Encountered exception in validating flowmeter SLI2000: string index out of range. Raw output nan
WARNING: 19:31:51 - main_pipeline.interpreter:  Encountered exception in validating flowmeter SLI2000: string index out of range. Raw output nan
WARNING: 19:31:51 - main_pipeline.interpreter:  Encountered exception in validating flowmeter SLI2000: string index out of range. Raw output nan
WARNING: 19:31:51 - main_pipeline.interpreter:  Encountered exception in validating flowmeter SLI2000: string index out of range. Raw output nan
WARNING: 19:31:51 - main_pipeline.interpreter:  Encountered exception in validating flowmeter SLS1500: string index out of range. Raw output nan
WARNING: 19:31:51 - main_pipeline.interpreter:  Encountered exception in validating flowmeter SLS1500: string index out of range. Raw output nan
WARNING: 19:31:51 - main_pipeline.interpreter:  Encountered exception in validating flowmeter SLS1500: string index out of range. Raw output nan
WARNING: 19:31:51 - main_pipeline.interpreter:  Encountered exception in validating flowmeter SLS1500: string index out of range. Raw output nan
WARNING: 19:31:51 - main_pipeline.interpreter:  Encountered exception in validating flowmeter SLS1500: string index out of range. Raw output nan
WARNING: 19:31:51 - main_pipeline.interpreter:  Encountered exception in validating flowmeter SLS1500: string index out of range. Raw output nan
WARNING: 19:31:51 - main_pipeline.interpreter:  Encountered exception in validating flowmeter SLS1500: string index out of range. Raw output nan
WARNING: 19:31:51 - main_pipeline.interpreter:  Encountered exception in validating flowmeter SLS1500: string index out of range. Raw output nan
WARNING: 19:31:51 - main_pipeline.interpreter:  Encountered exception in validating flowmeter SLS1500: string index out of range. Raw output nan
WARNING: 19:31:51 - main_pipeline.interpreter:  Encountered exception in validating flowmeter SLS1500: string index out of range. Raw output nan
WARNING: 19:31:51 - main_pipeline.interpreter:  Encountered exception in validating flowmeter SLS1500: string index out of range. Raw output nan
WARNING: 19:31:51 - main_pipeline.interpreter:  Encountered exception in validating flowmeter SLS1500: string index out of range. Raw output nan
WARNING: 19:31:51 - main_pipeline.interpreter:  Encountered exception in validating flowmeter SLS1500: string index out of range. Raw output nan
WARNING: 19:31:51 - main_pipeline.interpreter:  Encountered exception in validating flowmeter SLS1500: string index out of range. Raw output nan
WARNING: 19:31:51 - main_pipeline.interpreter:  Encountered exception in validating flowmeter SLS1500: string index out of range. Raw output nan
WARNING: 19:31:51 - main_pipeline.interpreter:  Error in converting distance reading to float: could not convert string to float: ''. Not updating measurement
WARNING: 19:31:51 - main_pipeline.interpreter:  Unexpected exception in processing laser temperature: 'float' object is not subscriptable. Not updating measurement
WARNING: 19:31:51 - main_pipeline.interpreter:  Unexpected exception in processing picarro GAS data: could not convert string to float: 'a'. Not updating measurement
WARNING: 19:31:51 - __main__:  Error updating the Picarro Gas buffer timestamp: 'NoneType' object is not subscriptable
WARNING: 19:31:51 - __main__:  Error updating the Picarro Gas buffer data: 'NoneType' object is not subscriptable
WARNING: 19:31:51 - __main__:  Error updating the Picarro Gas buffer data: 'NoneType' object is not subscriptable
WARNING: 19:31:51 - __main__:  Error updating the Picarro Gas buffer data: 'NoneType' object is not subscriptable
WARNING: 19:31:51 - __main__:  Error updating the Picarro Gas buffer data: 'NoneType' object is not subscriptable
WARNING: 19:31:51 - __main__:  Error updating the Laser Distance Sensor buffer timestamp: 'NoneType' object is not subscriptable
WARNING: 19:31:51 - __main__:  Error updating the Laser Distance Sensor buffer data: 'NoneType' object is not subscriptable
WARNING: 19:31:51 - __main__:  Error updating the Laser Distance Sensor buffer data: 'NoneType' object is not subscriptable
WARNING: 19:31:51 - __main__:  Error updating the Abakus Particle Counter buffer timestamp: 'NoneType' object is not subscriptable
WARNING: 19:31:51 - __main__:  Error updating the Abakus Particle Counter buffer data: 'NoneType' object is not subscriptable
WARNING: 19:31:51 - __main__:  Error updating the Flowmeter buffer timestamp: 'NoneType' object is not subscriptable
WARNING: 19:31:51 - __main__:  Error updating the Flowmeter buffer data: 'NoneType' object is not subscriptable
WARNING: 19:31:51 - __main__:  Error updating the Flowmeter buffer data: 'NoneType' object is not subscriptable
WARNING: 19:31:51 - __main__:  Error updating the Bronkhorst Pressure buffer timestamp: 'NoneType' object is not subscriptable
WARNING: 19:31:51 - __main__:  Error updating the Bronkhorst Pressure buffer data: 'NoneType' object is not subscriptable
WARNING: 19:31:51 - __main__:  Error updating the Bronkhorst Pressure buffer data: 'NoneType' object is not subscriptable
WARNING: 19:31:51 - __main__:  Error updating the Bronkhorst Pressure buffer data: 'NoneType' object is not subscriptable
WARNING: 19:31:51 - __main__:  Error updating the Bronkhorst Pressure buffer data: 'NoneType' object is not subscriptable
WARNING: 19:31:52 - main_pipeline.interpreter:  Encountered exception in validating flowmeter SLI2000: string index out of range. Raw output nan
WARNING: 19:31:52 - main_pipeline.interpreter:  Encountered exception in validating flowmeter SLI2000: string index out of range. Raw output nan
WARNING: 19:31:52 - main_pipeline.interpreter:  Encountered exception in validating flowmeter SLI2000: string index out of range. Raw output nan
WARNING: 19:31:52 - main_pipeline.interpreter:  Encountered exception in validating flowmeter SLI2000: string index out of range. Raw output nan
WARNING: 19:31:52 - main_pipeline.interpreter:  Encountered exception in validating flowmeter SLI2000: string index out of range. Raw output nan
WARNING: 19:31:52 - main_pipeline.interpreter:  Encountered exception in validating flowmeter SLI2000: string index out of range. Raw output nan
WARNING: 19:31:52 - main_pipeline.interpreter:  Encountered exception in validating flowmeter SLI2000: string index out of range. Raw output nan
WARNING: 19:31:52 - main_pipeline.interpreter:  Encountered exception in validating flowmeter SLI2000: string index out of range. Raw output nan
WARNING: 19:31:52 - main_pipeline.interpreter:  Encountered exception in validating flowmeter SLI2000: string index out of range. Raw output nan
WARNING: 19:31:52 - main_pipeline.interpreter:  Encountered exception in validating flowmeter SLI2000: string index out of range. Raw output nan
WARNING: 19:31:52 - main_pipeline.interpreter:  Encountered exception in validating flowmeter SLI2000: string index out of range. Raw output nan
WARNING: 19:31:52 - main_pipeline.interpreter:  Encountered exception in validating flowmeter SLI2000: string index out of range. Raw output nan
WARNING: 19:31:52 - main_pipeline.interpreter:  Encountered exception in validating flowmeter SLI2000: string index out of range. Raw output nan
WARNING: 19:31:52 - main_pipeline.interpreter:  Encountered exception in validating flowmeter SLI2000: string index out of range. Raw output nan
WARNING: 19:31:52 - main_pipeline.interpreter:  Encountered exception in validating flowmeter SLI2000: string index out of range. Raw output nan
WARNING: 19:31:52 - main_pipeline.interpreter:  Encountered exception in validating flowmeter SLS1500: string index out of range. Raw output nan
WARNING: 19:31:52 - main_pipeline.interpreter:  Encountered exception in validating flowmeter SLS1500: string index out of range. Raw output nan
WARNING: 19:31:52 - main_pipeline.interpreter:  Encountered exception in validating flowmeter SLS1500: string index out of range. Raw output nan
WARNING: 19:31:52 - main_pipeline.interpreter:  Encountered exception in validating flowmeter SLS1500: string index out of range. Raw output nan
WARNING: 19:31:52 - main_pipeline.interpreter:  Encountered exception in validating flowmeter SLS1500: string index out of range. Raw output nan
WARNING: 19:31:52 - main_pipeline.interpreter:  Encountered exception in validating flowmeter SLS1500: string index out of range. Raw output nan
WARNING: 19:31:52 - main_pipeline.interpreter:  Encountered exception in validating flowmeter SLS1500: string index out of range. Raw output nan
WARNING: 19:31:52 - main_pipeline.interpreter:  Encountered exception in validating flowmeter SLS1500: string index out of range. Raw output nan
WARNING: 19:31:52 - main_pipeline.interpreter:  Encountered exception in validating flowmeter SLS1500: string index out of range. Raw output nan
WARNING: 19:31:52 - main_pipeline.interpreter:  Encountered exception in validating flowmeter SLS1500: string index out of range. Raw output nan
WARNING: 19:31:52 - main_pipeline.interpreter:  Encountered exception in validating flowmeter SLS1500: string index out of range. Raw output nan
WARNING: 19:31:52 - main_pipeline.interpreter:  Encountered exception in validating flowmeter SLS1500: string index out of range. Raw output nan
WARNING: 19:31:52 - main_pipeline.interpreter:  Encountered exception in validating flowmeter SLS1500: string index out of range. Raw output nan
WARNING: 19:31:52 - main_pipeline.interpreter:  Encountered exception in validating flowmeter SLS1500: string index out of range. Raw output nan
WARNING: 19:31:52 - main_pipeline.interpreter:  Encountered exception in validating flowmeter SLS1500: string index out of range. Raw output nan
WARNING: 19:31:52 - main_pipeline.interpreter:  Error in converting distance reading to float: could not convert string to float: ''. Not updating measurement
WARNING: 19:31:52 - main_pipeline.interpreter:  Unexpected exception in processing laser temperature: 'float' object is not subscriptable. Not updating measurement
WARNING: 19:31:52 - main_pipeline.interpreter:  Unexpected exception in processing picarro GAS data: could not convert string to float: 'a'. Not updating measurement
WARNING: 19:31:52 - __main__:  Error updating the Picarro Gas buffer timestamp: 'NoneType' object is not subscriptable
WARNING: 19:31:52 - __main__:  Error updating the Picarro Gas buffer data: 'NoneType' object is not subscriptable
WARNING: 19:31:52 - __main__:  Error updating the Picarro Gas buffer data: 'NoneType' object is not subscriptable
WARNING: 19:31:52 - __main__:  Error updating the Picarro Gas buffer data: 'NoneType' object is not subscriptable
WARNING: 19:31:52 - __main__:  Error updating the Picarro Gas buffer data: 'NoneType' object is not subscriptable
WARNING: 19:31:52 - __main__:  Error updating the Laser Distance Sensor buffer timestamp: 'NoneType' object is not subscriptable
WARNING: 19:31:52 - __main__:  Error updating the Laser Distance Sensor buffer data: 'NoneType' object is not subscriptable
WARNING: 19:31:52 - __main__:  Error updating the Laser Distance Sensor buffer data: 'NoneType' object is not subscriptable
WARNING: 19:31:52 - __main__:  Error updating the Abakus Particle Counter buffer timestamp: 'NoneType' object is not subscriptable
WARNING: 19:31:52 - __main__:  Error updating the Abakus Particle Counter buffer data: 'NoneType' object is not subscriptable
WARNING: 19:31:52 - __main__:  Error updating the Flowmeter buffer timestamp: 'NoneType' object is not subscriptable
WARNING: 19:31:52 - __main__:  Error updating the Flowmeter buffer data: 'NoneType' object is not subscriptable
WARNING: 19:31:52 - __main__:  Error updating the Flowmeter buffer data: 'NoneType' object is not subscriptable
WARNING: 19:31:52 - __main__:  Error updating the Bronkhorst Pressure buffer timestamp: 'NoneType' object is not subscriptable
WARNING: 19:31:52 - __main__:  Error updating the Bronkhorst Pressure buffer data: 'NoneType' object is not subscriptable
WARNING: 19:31:52 - __main__:  Error updating the Bronkhorst Pressure buffer data: 'NoneType' object is not subscriptable
WARNING: 19:31:52 - __main__:  Error updating the Bronkhorst Pressure buffer data: 'NoneType' object is not subscriptable
WARNING: 19:31:52 - __main__:  Error updating the Bronkhorst Pressure buffer data: 'NoneType' object is not subscriptable
INFO: 19:31:57 - main_pipeline.sensor:  Shutting down sensors
INFO: 19:31:57 - sensor_interfaces.sim_instruments:  Abakus measurements stopped
INFO: 19:31:57 - sensor_interfaces.sim_instruments:  Dimetix laser turned off
INFO: 19:31:57 - main_pipeline.sensor:  Finished shutting down sensors
INFO: 19:32:03 - __main__:  Interpreter class initiated
INFO: 19:32:08 - main_pipeline.sensor:  Couldn't find Picarro at port /dev/ttyUSB0, shadowing sensor calls with substitute functions
WARNING: 19:32:08 - main_pipeline.sensor:  Couldn't find Abakus at port /dev/ttyUSB0, shadowing sensor calls with substitute functions
WARNING: 19:32:08 - main_pipeline.sensor:  Couldn't find Flowmeter at port /dev/ttyUSB0 and /dev/ttyUSB0, shadowing sensor calls with substitute functions
WARNING: 19:32:08 - main_pipeline.sensor:  Couldn't find Dimetix laser at port /dev/ttyUSB0, shadowing sensor calls with substitute functions
WARNING: 19:32:08 - main_pipeline.sensor:  Couldn't find Bronkhorst at port /dev/ttyUSB0, shadowing sensor calls with substitute functions
INFO: 19:32:08 - sensor_interfaces.sim_instruments:  Fake hardware, pretending to use serial port /dev/ttyUSB0 with baud 38400
INFO: 19:32:08 - sensor_interfaces.sim_instruments:  Fake hardware, pretending to use serial port /dev/ttyUSB0 with baud 115200
INFO: 19:32:08 - sensor_interfaces.sim_instruments:  Fake hardware, pretending to use serial port /dev/ttyUSB0 with baud 115200
INFO: 19:32:08 - sensor_interfaces.sim_instruments:  Fake hardware, pretending to use serial port /dev/ttyUSB0 with baud 19200
INFO: 19:32:08 - sensor_interfaces.sim_instruments:  Fake hardware, pretending to use serial port /dev/ttyUSB0 with baud 19200
INFO: 19:32:08 - sensor_interfaces.sim_instruments:  Fake hardware, pretending to use serial port /dev/ttyUSB0 with baud 38400
INFO: 19:32:08 - main_pipeline.sensor:  Sensor class initiated
INFO: 19:32:08 - main_pipeline.interpreter:  Interpreter class initiated
INFO: 19:32:08 - main_pipeline.writer:  Display class initiated
INFO: 19:32:10 - main_pipeline.sensor:  Initializing sensors
INFO: 19:32:10 - sensor_interfaces.sim_instruments:  Initializing Abakus
INFO: 19:32:10 - sensor_interfaces.sim_instruments:  Abakus initialized
INFO: 19:32:10 - sensor_interfaces.sim_instruments:  Initializing Picarro
INFO: 19:32:10 - sensor_interfaces.sim_instruments:  Initialized Picarro
INFO: 19:32:10 - sensor_interfaces.sim_instruments:  Initializing Dimetix laser
INFO: 19:32:10 - sensor_interfaces.sim_instruments:  Laser initialized
INFO: 19:32:10 - sensor_interfaces.sim_instruments:  Initializing Bronkhorst
INFO: 19:32:10 - sensor_interfaces.sim_instruments:  Bronkhorst initialized
INFO: 19:32:10 - sensor_interfaces.sim_instruments:  Initializing Flowmeter
INFO: 19:32:10 - sensor_interfaces.sim_instruments:  Flowmeter sli2000 initialized
INFO: 19:32:10 - sensor_interfaces.sim_instruments:  Initializing Flowmeter
INFO: 19:32:10 - sensor_interfaces.sim_instruments:  Flowmeter sls1500 initialized
INFO: 19:32:10 - main_pipeline.sensor:  Finished initializing sensors
WARNING: 19:32:11 - main_pipeline.interpreter:  Unexpected exception in processing laser temperature: 'float' object is not subscriptable. Not updating measurement
WARNING: 19:32:11 - __main__:  Error updating the Picarro Gas buffer timestamp: 'NoneType' object is not subscriptable
WARNING: 19:32:11 - __main__:  Error updating the Picarro Gas buffer data: 'NoneType' object is not subscriptable
WARNING: 19:32:11 - __main__:  Error updating the Picarro Gas buffer data: 'NoneType' object is not subscriptable
WARNING: 19:32:11 - __main__:  Error updating the Picarro Gas buffer data: 'NoneType' object is not subscriptable
WARNING: 19:32:11 - __main__:  Error updating the Picarro Gas buffer data: 'NoneType' object is not subscriptable
WARNING: 19:32:11 - __main__:  Error updating the Laser Distance Sensor buffer timestamp: 'NoneType' object is not subscriptable
WARNING: 19:32:11 - __main__:  Error updating the Laser Distance Sensor buffer data: 'NoneType' object is not subscriptable
WARNING: 19:32:11 - __main__:  Error updating the Laser Distance Sensor buffer data: 'NoneType' object is not subscriptable
WARNING: 19:32:11 - __main__:  Error updating the Abakus Particle Counter buffer timestamp: 'NoneType' object is not subscriptable
WARNING: 19:32:11 - __main__:  Error updating the Abakus Particle Counter buffer data: 'NoneType' object is not subscriptable
WARNING: 19:32:11 - __main__:  Error updating the Flowmeter buffer timestamp: 'NoneType' object is not subscriptable
WARNING: 19:32:11 - __main__:  Error updating the Flowmeter buffer data: 'NoneType' object is not subscriptable
WARNING: 19:32:11 - __main__:  Error updating the Flowmeter buffer data: 'NoneType' object is not subscriptable
WARNING: 19:32:11 - __main__:  Error updating the Bronkhorst Pressure buffer timestamp: 'NoneType' object is not subscriptable
WARNING: 19:32:11 - __main__:  Error updating the Bronkhorst Pressure buffer data: 'NoneType' object is not subscriptable
WARNING: 19:32:11 - __main__:  Error updating the Bronkhorst Pressure buffer data: 'NoneType' object is not subscriptable
WARNING: 19:32:11 - __main__:  Error updating the Bronkhorst Pressure buffer data: 'NoneType' object is not subscriptable
WARNING: 19:32:11 - __main__:  Error updating the Bronkhorst Pressure buffer data: 'NoneType' object is not subscriptable
WARNING: 19:32:12 - main_pipeline.interpreter:  Unexpected exception in processing laser temperature: 'float' object is not subscriptable. Not updating measurement
WARNING: 19:32:13 - main_pipeline.interpreter:  Unexpected exception in processing laser temperature: 'float' object is not subscriptable. Not updating measurement
WARNING: 19:32:14 - main_pipeline.interpreter:  Unexpected exception in processing laser temperature: 'float' object is not subscriptable. Not updating measurement
WARNING: 19:32:15 - main_pipeline.interpreter:  Unexpected exception in processing laser temperature: 'float' object is not subscriptable. Not updating measurement
WARNING: 19:32:16 - main_pipeline.interpreter:  Unexpected exception in processing laser temperature: 'float' object is not subscriptable. Not updating measurement
WARNING: 19:32:17 - main_pipeline.interpreter:  Unexpected exception in processing laser temperature: 'float' object is not subscriptable. Not updating measurement
WARNING: 19:32:18 - main_pipeline.interpreter:  Unexpected exception in processing laser temperature: 'float' object is not subscriptable. Not updating measurement
WARNING: 19:32:19 - main_pipeline.interpreter:  Unexpected exception in processing laser temperature: 'float' object is not subscriptable. Not updating measurement
WARNING: 19:32:20 - main_pipeline.interpreter:  Unexpected exception in processing laser temperature: 'float' object is not subscriptable. Not updating measurement
WARNING: 19:32:21 - main_pipeline.interpreter:  Unexpected exception in processing laser temperature: 'float' object is not subscriptable. Not updating measurement
WARNING: 19:32:22 - main_pipeline.interpreter:  Unexpected exception in processing laser temperature: 'float' object is not subscriptable. Not updating measurement
WARNING: 19:32:23 - main_pipeline.interpreter:  Unexpected exception in processing laser temperature: 'float' object is not subscriptable. Not updating measurement
WARNING: 19:32:24 - main_pipeline.interpreter:  Unexpected exception in processing laser temperature: 'float' object is not subscriptable. Not updating measurement
INFO: 19:32:28 - main_pipeline.sensor:  Shutting down sensors
INFO: 19:32:28 - sensor_interfaces.sim_instruments:  Abakus measurements stopped
INFO: 19:32:28 - sensor_interfaces.sim_instruments:  Dimetix laser turned off
INFO: 19:32:28 - main_pipeline.sensor:  Finished shutting down sensors
INFO: 19:32:50 - main_pipeline.sensor:  Couldn't find Picarro at port /dev/ttyUSB0, shadowing sensor calls with substitute functions
WARNING: 19:32:50 - main_pipeline.sensor:  Couldn't find Abakus at port /dev/ttyUSB0, shadowing sensor calls with substitute functions
WARNING: 19:32:50 - main_pipeline.sensor:  Couldn't find Flowmeter at port /dev/ttyUSB0 and /dev/ttyUSB0, shadowing sensor calls with substitute functions
WARNING: 19:32:50 - main_pipeline.sensor:  Couldn't find Dimetix laser at port /dev/ttyUSB0, shadowing sensor calls with substitute functions
WARNING: 19:32:50 - main_pipeline.sensor:  Couldn't find Bronkhorst at port /dev/ttyUSB0, shadowing sensor calls with substitute functions
INFO: 19:32:50 - sensor_interfaces.sim_instruments:  Fake hardware, pretending to use serial port /dev/ttyUSB0 with baud 38400
INFO: 19:32:50 - sensor_interfaces.sim_instruments:  Fake hardware, pretending to use serial port /dev/ttyUSB0 with baud 115200
INFO: 19:32:50 - sensor_interfaces.sim_instruments:  Fake hardware, pretending to use serial port /dev/ttyUSB0 with baud 115200
INFO: 19:32:50 - sensor_interfaces.sim_instruments:  Fake hardware, pretending to use serial port /dev/ttyUSB0 with baud 19200
INFO: 19:32:50 - sensor_interfaces.sim_instruments:  Fake hardware, pretending to use serial port /dev/ttyUSB0 with baud 19200
INFO: 19:32:50 - sensor_interfaces.sim_instruments:  Fake hardware, pretending to use serial port /dev/ttyUSB0 with baud 38400
INFO: 19:32:50 - main_pipeline.sensor:  Sensor class initiated
INFO: 19:32:50 - main_pipeline.interpreter:  Interpreter class initiated
INFO: 19:32:50 - main_pipeline.writer:  Display class initiated
INFO: 19:32:52 - main_pipeline.sensor:  Initializing sensors
INFO: 19:32:52 - sensor_interfaces.sim_instruments:  Initializing Abakus
INFO: 19:32:52 - sensor_interfaces.sim_instruments:  Abakus initialized
INFO: 19:32:52 - sensor_interfaces.sim_instruments:  Initializing Picarro
INFO: 19:32:52 - sensor_interfaces.sim_instruments:  Initialized Picarro
INFO: 19:32:52 - sensor_interfaces.sim_instruments:  Initializing Dimetix laser
INFO: 19:32:52 - sensor_interfaces.sim_instruments:  Laser initialized
INFO: 19:32:52 - sensor_interfaces.sim_instruments:  Initializing Bronkhorst
INFO: 19:32:52 - sensor_interfaces.sim_instruments:  Bronkhorst initialized
INFO: 19:32:52 - sensor_interfaces.sim_instruments:  Initializing Flowmeter
INFO: 19:32:52 - sensor_interfaces.sim_instruments:  Flowmeter sli2000 initialized
INFO: 19:32:52 - sensor_interfaces.sim_instruments:  Initializing Flowmeter
INFO: 19:32:52 - sensor_interfaces.sim_instruments:  Flowmeter sls1500 initialized
INFO: 19:32:52 - main_pipeline.sensor:  Finished initializing sensors
WARNING: 19:32:53 - main_pipeline.interpreter:  Unexpected exception in processing laser distance: 'float' object is not subscriptable. Not updating measurement
WARNING: 19:32:54 - main_pipeline.interpreter:  Unexpected exception in processing laser distance: 'float' object is not subscriptable. Not updating measurement
WARNING: 19:32:55 - main_pipeline.interpreter:  Unexpected exception in processing laser distance: 'float' object is not subscriptable. Not updating measurement
WARNING: 19:32:56 - main_pipeline.interpreter:  Unexpected exception in processing laser distance: 'float' object is not subscriptable. Not updating measurement
WARNING: 19:32:57 - main_pipeline.interpreter:  Unexpected exception in processing laser distance: 'float' object is not subscriptable. Not updating measurement
WARNING: 19:32:58 - main_pipeline.interpreter:  Unexpected exception in processing laser distance: 'float' object is not subscriptable. Not updating measurement
WARNING: 19:32:59 - main_pipeline.interpreter:  Unexpected exception in processing laser distance: 'float' object is not subscriptable. Not updating measurement
WARNING: 19:33:00 - main_pipeline.interpreter:  Unexpected exception in processing laser distance: 'float' object is not subscriptable. Not updating measurement
WARNING: 19:33:01 - main_pipeline.interpreter:  Unexpected exception in processing laser distance: 'float' object is not subscriptable. Not updating measurement
WARNING: 19:33:02 - main_pipeline.interpreter:  Unexpected exception in processing laser distance: 'float' object is not subscriptable. Not updating measurement
WARNING: 19:33:03 - main_pipeline.interpreter:  Unexpected exception in processing laser distance: 'float' object is not subscriptable. Not updating measurement
WARNING: 19:33:04 - main_pipeline.interpreter:  Unexpected exception in processing laser distance: 'float' object is not subscriptable. Not updating measurement
WARNING: 19:33:05 - main_pipeline.interpreter:  Unexpected exception in processing laser distance: 'float' object is not subscriptable. Not updating measurement
WARNING: 19:33:06 - main_pipeline.interpreter:  Unexpected exception in processing laser distance: 'float' object is not subscriptable. Not updating measurement
INFO: 19:33:10 - main_pipeline.sensor:  Shutting down sensors
INFO: 19:33:10 - sensor_interfaces.sim_instruments:  Abakus measurements stopped
INFO: 19:33:10 - sensor_interfaces.sim_instruments:  Dimetix laser turned off
INFO: 19:33:10 - main_pipeline.sensor:  Finished shutting down sensors
INFO: 19:33:54 - main_pipeline.sensor:  Couldn't find Picarro at port /dev/ttyUSB0, shadowing sensor calls with substitute functions
WARNING: 19:33:54 - main_pipeline.sensor:  Couldn't find Abakus at port /dev/ttyUSB0, shadowing sensor calls with substitute functions
WARNING: 19:33:54 - main_pipeline.sensor:  Couldn't find Flowmeter at port /dev/ttyUSB0 and /dev/ttyUSB0, shadowing sensor calls with substitute functions
WARNING: 19:33:54 - main_pipeline.sensor:  Couldn't find Dimetix laser at port /dev/ttyUSB0, shadowing sensor calls with substitute functions
WARNING: 19:33:54 - main_pipeline.sensor:  Couldn't find Bronkhorst at port /dev/ttyUSB0, shadowing sensor calls with substitute functions
INFO: 19:33:54 - sensor_interfaces.sim_instruments:  Fake hardware, pretending to use serial port /dev/ttyUSB0 with baud 38400
INFO: 19:33:54 - sensor_interfaces.sim_instruments:  Fake hardware, pretending to use serial port /dev/ttyUSB0 with baud 115200
INFO: 19:33:54 - sensor_interfaces.sim_instruments:  Fake hardware, pretending to use serial port /dev/ttyUSB0 with baud 115200
INFO: 19:33:54 - sensor_interfaces.sim_instruments:  Fake hardware, pretending to use serial port /dev/ttyUSB0 with baud 19200
INFO: 19:33:54 - sensor_interfaces.sim_instruments:  Fake hardware, pretending to use serial port /dev/ttyUSB0 with baud 19200
INFO: 19:33:54 - sensor_interfaces.sim_instruments:  Fake hardware, pretending to use serial port /dev/ttyUSB0 with baud 38400
INFO: 19:33:54 - main_pipeline.sensor:  Sensor class initiated
INFO: 19:33:54 - main_pipeline.interpreter:  Interpreter class initiated
INFO: 19:33:54 - main_pipeline.writer:  Display class initiated
INFO: 19:33:57 - main_pipeline.sensor:  Initializing sensors
INFO: 19:33:57 - sensor_interfaces.sim_instruments:  Initializing Abakus
INFO: 19:33:57 - sensor_interfaces.sim_instruments:  Abakus initialized
INFO: 19:33:57 - sensor_interfaces.sim_instruments:  Initializing Picarro
INFO: 19:33:57 - sensor_interfaces.sim_instruments:  Initialized Picarro
INFO: 19:33:57 - sensor_interfaces.sim_instruments:  Initializing Dimetix laser
INFO: 19:33:57 - sensor_interfaces.sim_instruments:  Laser initialized
INFO: 19:33:57 - sensor_interfaces.sim_instruments:  Initializing Bronkhorst
INFO: 19:33:57 - sensor_interfaces.sim_instruments:  Bronkhorst initialized
INFO: 19:33:57 - sensor_interfaces.sim_instruments:  Initializing Flowmeter
INFO: 19:33:57 - sensor_interfaces.sim_instruments:  Flowmeter sli2000 initialized
INFO: 19:33:57 - sensor_interfaces.sim_instruments:  Initializing Flowmeter
INFO: 19:33:57 - sensor_interfaces.sim_instruments:  Flowmeter sls1500 initialized
INFO: 19:33:57 - main_pipeline.sensor:  Finished initializing sensors
WARNING: 19:33:58 - main_pipeline.interpreter:  Encountered exception in validating flowmeter SLI2000: 'float' object is not subscriptable. Raw output nan
WARNING: 19:33:58 - main_pipeline.interpreter:  Encountered exception in validating flowmeter SLI2000: 'float' object is not subscriptable. Raw output nan
WARNING: 19:33:58 - main_pipeline.interpreter:  Encountered exception in validating flowmeter SLI2000: 'float' object is not subscriptable. Raw output nan
WARNING: 19:33:58 - main_pipeline.interpreter:  Encountered exception in validating flowmeter SLI2000: 'float' object is not subscriptable. Raw output nan
WARNING: 19:33:58 - main_pipeline.interpreter:  Encountered exception in validating flowmeter SLI2000: 'float' object is not subscriptable. Raw output nan
WARNING: 19:33:58 - main_pipeline.interpreter:  Encountered exception in validating flowmeter SLI2000: 'float' object is not subscriptable. Raw output nan
WARNING: 19:33:58 - main_pipeline.interpreter:  Encountered exception in validating flowmeter SLI2000: 'float' object is not subscriptable. Raw output nan
WARNING: 19:33:58 - main_pipeline.interpreter:  Encountered exception in validating flowmeter SLI2000: 'float' object is not subscriptable. Raw output nan
WARNING: 19:33:58 - main_pipeline.interpreter:  Encountered exception in validating flowmeter SLI2000: 'float' object is not subscriptable. Raw output nan
WARNING: 19:33:58 - main_pipeline.interpreter:  Encountered exception in validating flowmeter SLI2000: 'float' object is not subscriptable. Raw output nan
WARNING: 19:33:58 - main_pipeline.interpreter:  Encountered exception in validating flowmeter SLI2000: 'float' object is not subscriptable. Raw output nan
WARNING: 19:33:58 - main_pipeline.interpreter:  Encountered exception in validating flowmeter SLI2000: 'float' object is not subscriptable. Raw output nan
WARNING: 19:33:58 - main_pipeline.interpreter:  Encountered exception in validating flowmeter SLI2000: 'float' object is not subscriptable. Raw output nan
WARNING: 19:33:58 - main_pipeline.interpreter:  Encountered exception in validating flowmeter SLI2000: 'float' object is not subscriptable. Raw output nan
WARNING: 19:33:58 - main_pipeline.interpreter:  Encountered exception in validating flowmeter SLI2000: 'float' object is not subscriptable. Raw output nan
WARNING: 19:33:58 - main_pipeline.interpreter:  Encountered exception in validating flowmeter SLS1500: 'float' object is not subscriptable. Raw output nan
WARNING: 19:33:58 - main_pipeline.interpreter:  Encountered exception in validating flowmeter SLS1500: 'float' object is not subscriptable. Raw output nan
WARNING: 19:33:58 - main_pipeline.interpreter:  Encountered exception in validating flowmeter SLS1500: 'float' object is not subscriptable. Raw output nan
WARNING: 19:33:58 - main_pipeline.interpreter:  Encountered exception in validating flowmeter SLS1500: 'float' object is not subscriptable. Raw output nan
WARNING: 19:33:58 - main_pipeline.interpreter:  Encountered exception in validating flowmeter SLS1500: 'float' object is not subscriptable. Raw output nan
WARNING: 19:33:58 - main_pipeline.interpreter:  Encountered exception in validating flowmeter SLS1500: 'float' object is not subscriptable. Raw output nan
WARNING: 19:33:58 - main_pipeline.interpreter:  Encountered exception in validating flowmeter SLS1500: 'float' object is not subscriptable. Raw output nan
WARNING: 19:33:58 - main_pipeline.interpreter:  Encountered exception in validating flowmeter SLS1500: 'float' object is not subscriptable. Raw output nan
WARNING: 19:33:58 - main_pipeline.interpreter:  Encountered exception in validating flowmeter SLS1500: 'float' object is not subscriptable. Raw output nan
WARNING: 19:33:58 - main_pipeline.interpreter:  Encountered exception in validating flowmeter SLS1500: 'float' object is not subscriptable. Raw output nan
WARNING: 19:33:58 - main_pipeline.interpreter:  Encountered exception in validating flowmeter SLS1500: 'float' object is not subscriptable. Raw output nan
WARNING: 19:33:58 - main_pipeline.interpreter:  Encountered exception in validating flowmeter SLS1500: 'float' object is not subscriptable. Raw output nan
WARNING: 19:33:58 - main_pipeline.interpreter:  Encountered exception in validating flowmeter SLS1500: 'float' object is not subscriptable. Raw output nan
WARNING: 19:33:58 - main_pipeline.interpreter:  Encountered exception in validating flowmeter SLS1500: 'float' object is not subscriptable. Raw output nan
WARNING: 19:33:58 - main_pipeline.interpreter:  Encountered exception in validating flowmeter SLS1500: 'float' object is not subscriptable. Raw output nan
WARNING: 19:33:58 - __main__:  Error updating the Picarro Gas buffer timestamp: 'NoneType' object is not subscriptable
WARNING: 19:33:58 - __main__:  Error updating the Picarro Gas buffer data: 'NoneType' object is not subscriptable
WARNING: 19:33:58 - __main__:  Error updating the Picarro Gas buffer data: 'NoneType' object is not subscriptable
WARNING: 19:33:58 - __main__:  Error updating the Picarro Gas buffer data: 'NoneType' object is not subscriptable
WARNING: 19:33:58 - __main__:  Error updating the Picarro Gas buffer data: 'NoneType' object is not subscriptable
WARNING: 19:33:58 - __main__:  Error updating the Laser Distance Sensor buffer timestamp: 'NoneType' object is not subscriptable
WARNING: 19:33:58 - __main__:  Error updating the Laser Distance Sensor buffer data: 'NoneType' object is not subscriptable
WARNING: 19:33:58 - __main__:  Error updating the Laser Distance Sensor buffer data: 'NoneType' object is not subscriptable
WARNING: 19:33:58 - __main__:  Error updating the Abakus Particle Counter buffer timestamp: 'NoneType' object is not subscriptable
WARNING: 19:33:58 - __main__:  Error updating the Abakus Particle Counter buffer data: 'NoneType' object is not subscriptable
WARNING: 19:33:58 - __main__:  Error updating the Flowmeter buffer timestamp: 'NoneType' object is not subscriptable
WARNING: 19:33:58 - __main__:  Error updating the Flowmeter buffer data: 'NoneType' object is not subscriptable
WARNING: 19:33:58 - __main__:  Error updating the Flowmeter buffer data: 'NoneType' object is not subscriptable
WARNING: 19:33:58 - __main__:  Error updating the Bronkhorst Pressure buffer timestamp: 'NoneType' object is not subscriptable
WARNING: 19:33:58 - __main__:  Error updating the Bronkhorst Pressure buffer data: 'NoneType' object is not subscriptable
WARNING: 19:33:58 - __main__:  Error updating the Bronkhorst Pressure buffer data: 'NoneType' object is not subscriptable
WARNING: 19:33:58 - __main__:  Error updating the Bronkhorst Pressure buffer data: 'NoneType' object is not subscriptable
WARNING: 19:33:58 - __main__:  Error updating the Bronkhorst Pressure buffer data: 'NoneType' object is not subscriptable
WARNING: 19:33:59 - main_pipeline.interpreter:  Encountered exception in validating flowmeter SLI2000: 'float' object is not subscriptable. Raw output nan
WARNING: 19:33:59 - main_pipeline.interpreter:  Encountered exception in validating flowmeter SLI2000: 'float' object is not subscriptable. Raw output nan
WARNING: 19:33:59 - main_pipeline.interpreter:  Encountered exception in validating flowmeter SLI2000: 'float' object is not subscriptable. Raw output nan
WARNING: 19:33:59 - main_pipeline.interpreter:  Encountered exception in validating flowmeter SLI2000: 'float' object is not subscriptable. Raw output nan
WARNING: 19:33:59 - main_pipeline.interpreter:  Encountered exception in validating flowmeter SLI2000: 'float' object is not subscriptable. Raw output nan
WARNING: 19:33:59 - main_pipeline.interpreter:  Encountered exception in validating flowmeter SLI2000: 'float' object is not subscriptable. Raw output nan
WARNING: 19:33:59 - main_pipeline.interpreter:  Encountered exception in validating flowmeter SLI2000: 'float' object is not subscriptable. Raw output nan
WARNING: 19:33:59 - main_pipeline.interpreter:  Encountered exception in validating flowmeter SLI2000: 'float' object is not subscriptable. Raw output nan
WARNING: 19:33:59 - main_pipeline.interpreter:  Encountered exception in validating flowmeter SLI2000: 'float' object is not subscriptable. Raw output nan
WARNING: 19:33:59 - main_pipeline.interpreter:  Encountered exception in validating flowmeter SLI2000: 'float' object is not subscriptable. Raw output nan
WARNING: 19:33:59 - main_pipeline.interpreter:  Encountered exception in validating flowmeter SLI2000: 'float' object is not subscriptable. Raw output nan
WARNING: 19:33:59 - main_pipeline.interpreter:  Encountered exception in validating flowmeter SLI2000: 'float' object is not subscriptable. Raw output nan
WARNING: 19:33:59 - main_pipeline.interpreter:  Encountered exception in validating flowmeter SLI2000: 'float' object is not subscriptable. Raw output nan
WARNING: 19:33:59 - main_pipeline.interpreter:  Encountered exception in validating flowmeter SLI2000: 'float' object is not subscriptable. Raw output nan
WARNING: 19:33:59 - main_pipeline.interpreter:  Encountered exception in validating flowmeter SLI2000: 'float' object is not subscriptable. Raw output nan
WARNING: 19:33:59 - main_pipeline.interpreter:  Encountered exception in validating flowmeter SLS1500: 'float' object is not subscriptable. Raw output nan
WARNING: 19:33:59 - main_pipeline.interpreter:  Encountered exception in validating flowmeter SLS1500: 'float' object is not subscriptable. Raw output nan
WARNING: 19:33:59 - main_pipeline.interpreter:  Encountered exception in validating flowmeter SLS1500: 'float' object is not subscriptable. Raw output nan
WARNING: 19:33:59 - main_pipeline.interpreter:  Encountered exception in validating flowmeter SLS1500: 'float' object is not subscriptable. Raw output nan
WARNING: 19:33:59 - main_pipeline.interpreter:  Encountered exception in validating flowmeter SLS1500: 'float' object is not subscriptable. Raw output nan
WARNING: 19:33:59 - main_pipeline.interpreter:  Encountered exception in validating flowmeter SLS1500: 'float' object is not subscriptable. Raw output nan
WARNING: 19:33:59 - main_pipeline.interpreter:  Encountered exception in validating flowmeter SLS1500: 'float' object is not subscriptable. Raw output nan
WARNING: 19:33:59 - main_pipeline.interpreter:  Encountered exception in validating flowmeter SLS1500: 'float' object is not subscriptable. Raw output nan
WARNING: 19:33:59 - main_pipeline.interpreter:  Encountered exception in validating flowmeter SLS1500: 'float' object is not subscriptable. Raw output nan
WARNING: 19:33:59 - main_pipeline.interpreter:  Encountered exception in validating flowmeter SLS1500: 'float' object is not subscriptable. Raw output nan
WARNING: 19:33:59 - main_pipeline.interpreter:  Encountered exception in validating flowmeter SLS1500: 'float' object is not subscriptable. Raw output nan
WARNING: 19:33:59 - main_pipeline.interpreter:  Encountered exception in validating flowmeter SLS1500: 'float' object is not subscriptable. Raw output nan
WARNING: 19:33:59 - main_pipeline.interpreter:  Encountered exception in validating flowmeter SLS1500: 'float' object is not subscriptable. Raw output nan
WARNING: 19:33:59 - main_pipeline.interpreter:  Encountered exception in validating flowmeter SLS1500: 'float' object is not subscriptable. Raw output nan
WARNING: 19:33:59 - main_pipeline.interpreter:  Encountered exception in validating flowmeter SLS1500: 'float' object is not subscriptable. Raw output nan
WARNING: 19:34:00 - main_pipeline.interpreter:  Encountered exception in validating flowmeter SLI2000: 'float' object is not subscriptable. Raw output nan
WARNING: 19:34:00 - main_pipeline.interpreter:  Encountered exception in validating flowmeter SLI2000: 'float' object is not subscriptable. Raw output nan
WARNING: 19:34:00 - main_pipeline.interpreter:  Encountered exception in validating flowmeter SLI2000: 'float' object is not subscriptable. Raw output nan
WARNING: 19:34:00 - main_pipeline.interpreter:  Encountered exception in validating flowmeter SLI2000: 'float' object is not subscriptable. Raw output nan
WARNING: 19:34:00 - main_pipeline.interpreter:  Encountered exception in validating flowmeter SLI2000: 'float' object is not subscriptable. Raw output nan
WARNING: 19:34:00 - main_pipeline.interpreter:  Encountered exception in validating flowmeter SLI2000: 'float' object is not subscriptable. Raw output nan
WARNING: 19:34:00 - main_pipeline.interpreter:  Encountered exception in validating flowmeter SLI2000: 'float' object is not subscriptable. Raw output nan
WARNING: 19:34:00 - main_pipeline.interpreter:  Encountered exception in validating flowmeter SLI2000: 'float' object is not subscriptable. Raw output nan
WARNING: 19:34:00 - main_pipeline.interpreter:  Encountered exception in validating flowmeter SLI2000: 'float' object is not subscriptable. Raw output nan
WARNING: 19:34:00 - main_pipeline.interpreter:  Encountered exception in validating flowmeter SLI2000: 'float' object is not subscriptable. Raw output nan
WARNING: 19:34:00 - main_pipeline.interpreter:  Encountered exception in validating flowmeter SLI2000: 'float' object is not subscriptable. Raw output nan
WARNING: 19:34:00 - main_pipeline.interpreter:  Encountered exception in validating flowmeter SLI2000: 'float' object is not subscriptable. Raw output nan
WARNING: 19:34:00 - main_pipeline.interpreter:  Encountered exception in validating flowmeter SLI2000: 'float' object is not subscriptable. Raw output nan
WARNING: 19:34:00 - main_pipeline.interpreter:  Encountered exception in validating flowmeter SLI2000: 'float' object is not subscriptable. Raw output nan
WARNING: 19:34:00 - main_pipeline.interpreter:  Encountered exception in validating flowmeter SLI2000: 'float' object is not subscriptable. Raw output nan
WARNING: 19:34:00 - main_pipeline.interpreter:  Encountered exception in validating flowmeter SLS1500: 'float' object is not subscriptable. Raw output nan
WARNING: 19:34:00 - main_pipeline.interpreter:  Encountered exception in validating flowmeter SLS1500: 'float' object is not subscriptable. Raw output nan
WARNING: 19:34:00 - main_pipeline.interpreter:  Encountered exception in validating flowmeter SLS1500: 'float' object is not subscriptable. Raw output nan
WARNING: 19:34:00 - main_pipeline.interpreter:  Encountered exception in validating flowmeter SLS1500: 'float' object is not subscriptable. Raw output nan
WARNING: 19:34:00 - main_pipeline.interpreter:  Encountered exception in validating flowmeter SLS1500: 'float' object is not subscriptable. Raw output nan
WARNING: 19:34:00 - main_pipeline.interpreter:  Encountered exception in validating flowmeter SLS1500: 'float' object is not subscriptable. Raw output nan
WARNING: 19:34:00 - main_pipeline.interpreter:  Encountered exception in validating flowmeter SLS1500: 'float' object is not subscriptable. Raw output nan
WARNING: 19:34:00 - main_pipeline.interpreter:  Encountered exception in validating flowmeter SLS1500: 'float' object is not subscriptable. Raw output nan
WARNING: 19:34:00 - main_pipeline.interpreter:  Encountered exception in validating flowmeter SLS1500: 'float' object is not subscriptable. Raw output nan
WARNING: 19:34:00 - main_pipeline.interpreter:  Encountered exception in validating flowmeter SLS1500: 'float' object is not subscriptable. Raw output nan
WARNING: 19:34:00 - main_pipeline.interpreter:  Encountered exception in validating flowmeter SLS1500: 'float' object is not subscriptable. Raw output nan
WARNING: 19:34:00 - main_pipeline.interpreter:  Encountered exception in validating flowmeter SLS1500: 'float' object is not subscriptable. Raw output nan
WARNING: 19:34:00 - main_pipeline.interpreter:  Encountered exception in validating flowmeter SLS1500: 'float' object is not subscriptable. Raw output nan
WARNING: 19:34:00 - main_pipeline.interpreter:  Encountered exception in validating flowmeter SLS1500: 'float' object is not subscriptable. Raw output nan
WARNING: 19:34:00 - main_pipeline.interpreter:  Encountered exception in validating flowmeter SLS1500: 'float' object is not subscriptable. Raw output nan
WARNING: 19:34:01 - main_pipeline.interpreter:  Encountered exception in validating flowmeter SLI2000: 'float' object is not subscriptable. Raw output nan
WARNING: 19:34:01 - main_pipeline.interpreter:  Encountered exception in validating flowmeter SLI2000: 'float' object is not subscriptable. Raw output nan
WARNING: 19:34:01 - main_pipeline.interpreter:  Encountered exception in validating flowmeter SLI2000: 'float' object is not subscriptable. Raw output nan
WARNING: 19:34:01 - main_pipeline.interpreter:  Encountered exception in validating flowmeter SLI2000: 'float' object is not subscriptable. Raw output nan
WARNING: 19:34:01 - main_pipeline.interpreter:  Encountered exception in validating flowmeter SLI2000: 'float' object is not subscriptable. Raw output nan
WARNING: 19:34:01 - main_pipeline.interpreter:  Encountered exception in validating flowmeter SLI2000: 'float' object is not subscriptable. Raw output nan
WARNING: 19:34:01 - main_pipeline.interpreter:  Encountered exception in validating flowmeter SLI2000: 'float' object is not subscriptable. Raw output nan
WARNING: 19:34:01 - main_pipeline.interpreter:  Encountered exception in validating flowmeter SLI2000: 'float' object is not subscriptable. Raw output nan
WARNING: 19:34:01 - main_pipeline.interpreter:  Encountered exception in validating flowmeter SLI2000: 'float' object is not subscriptable. Raw output nan
WARNING: 19:34:01 - main_pipeline.interpreter:  Encountered exception in validating flowmeter SLI2000: 'float' object is not subscriptable. Raw output nan
WARNING: 19:34:01 - main_pipeline.interpreter:  Encountered exception in validating flowmeter SLI2000: 'float' object is not subscriptable. Raw output nan
WARNING: 19:34:01 - main_pipeline.interpreter:  Encountered exception in validating flowmeter SLI2000: 'float' object is not subscriptable. Raw output nan
WARNING: 19:34:01 - main_pipeline.interpreter:  Encountered exception in validating flowmeter SLI2000: 'float' object is not subscriptable. Raw output nan
WARNING: 19:34:01 - main_pipeline.interpreter:  Encountered exception in validating flowmeter SLI2000: 'float' object is not subscriptable. Raw output nan
WARNING: 19:34:01 - main_pipeline.interpreter:  Encountered exception in validating flowmeter SLI2000: 'float' object is not subscriptable. Raw output nan
WARNING: 19:34:01 - main_pipeline.interpreter:  Encountered exception in validating flowmeter SLS1500: 'float' object is not subscriptable. Raw output nan
WARNING: 19:34:01 - main_pipeline.interpreter:  Encountered exception in validating flowmeter SLS1500: 'float' object is not subscriptable. Raw output nan
WARNING: 19:34:01 - main_pipeline.interpreter:  Encountered exception in validating flowmeter SLS1500: 'float' object is not subscriptable. Raw output nan
WARNING: 19:34:01 - main_pipeline.interpreter:  Encountered exception in validating flowmeter SLS1500: 'float' object is not subscriptable. Raw output nan
WARNING: 19:34:01 - main_pipeline.interpreter:  Encountered exception in validating flowmeter SLS1500: 'float' object is not subscriptable. Raw output nan
WARNING: 19:34:01 - main_pipeline.interpreter:  Encountered exception in validating flowmeter SLS1500: 'float' object is not subscriptable. Raw output nan
WARNING: 19:34:01 - main_pipeline.interpreter:  Encountered exception in validating flowmeter SLS1500: 'float' object is not subscriptable. Raw output nan
WARNING: 19:34:01 - main_pipeline.interpreter:  Encountered exception in validating flowmeter SLS1500: 'float' object is not subscriptable. Raw output nan
WARNING: 19:34:01 - main_pipeline.interpreter:  Encountered exception in validating flowmeter SLS1500: 'float' object is not subscriptable. Raw output nan
WARNING: 19:34:01 - main_pipeline.interpreter:  Encountered exception in validating flowmeter SLS1500: 'float' object is not subscriptable. Raw output nan
WARNING: 19:34:01 - main_pipeline.interpreter:  Encountered exception in validating flowmeter SLS1500: 'float' object is not subscriptable. Raw output nan
WARNING: 19:34:01 - main_pipeline.interpreter:  Encountered exception in validating flowmeter SLS1500: 'float' object is not subscriptable. Raw output nan
WARNING: 19:34:01 - main_pipeline.interpreter:  Encountered exception in validating flowmeter SLS1500: 'float' object is not subscriptable. Raw output nan
WARNING: 19:34:01 - main_pipeline.interpreter:  Encountered exception in validating flowmeter SLS1500: 'float' object is not subscriptable. Raw output nan
WARNING: 19:34:01 - main_pipeline.interpreter:  Encountered exception in validating flowmeter SLS1500: 'float' object is not subscriptable. Raw output nan
WARNING: 19:34:02 - main_pipeline.interpreter:  Encountered exception in validating flowmeter SLI2000: 'float' object is not subscriptable. Raw output nan
WARNING: 19:34:02 - main_pipeline.interpreter:  Encountered exception in validating flowmeter SLI2000: 'float' object is not subscriptable. Raw output nan
WARNING: 19:34:02 - main_pipeline.interpreter:  Encountered exception in validating flowmeter SLI2000: 'float' object is not subscriptable. Raw output nan
WARNING: 19:34:02 - main_pipeline.interpreter:  Encountered exception in validating flowmeter SLI2000: 'float' object is not subscriptable. Raw output nan
WARNING: 19:34:02 - main_pipeline.interpreter:  Encountered exception in validating flowmeter SLI2000: 'float' object is not subscriptable. Raw output nan
WARNING: 19:34:02 - main_pipeline.interpreter:  Encountered exception in validating flowmeter SLI2000: 'float' object is not subscriptable. Raw output nan
WARNING: 19:34:02 - main_pipeline.interpreter:  Encountered exception in validating flowmeter SLI2000: 'float' object is not subscriptable. Raw output nan
WARNING: 19:34:02 - main_pipeline.interpreter:  Encountered exception in validating flowmeter SLI2000: 'float' object is not subscriptable. Raw output nan
WARNING: 19:34:02 - main_pipeline.interpreter:  Encountered exception in validating flowmeter SLI2000: 'float' object is not subscriptable. Raw output nan
WARNING: 19:34:02 - main_pipeline.interpreter:  Encountered exception in validating flowmeter SLI2000: 'float' object is not subscriptable. Raw output nan
WARNING: 19:34:02 - main_pipeline.interpreter:  Encountered exception in validating flowmeter SLI2000: 'float' object is not subscriptable. Raw output nan
WARNING: 19:34:02 - main_pipeline.interpreter:  Encountered exception in validating flowmeter SLI2000: 'float' object is not subscriptable. Raw output nan
WARNING: 19:34:02 - main_pipeline.interpreter:  Encountered exception in validating flowmeter SLI2000: 'float' object is not subscriptable. Raw output nan
WARNING: 19:34:02 - main_pipeline.interpreter:  Encountered exception in validating flowmeter SLI2000: 'float' object is not subscriptable. Raw output nan
WARNING: 19:34:02 - main_pipeline.interpreter:  Encountered exception in validating flowmeter SLI2000: 'float' object is not subscriptable. Raw output nan
WARNING: 19:34:02 - main_pipeline.interpreter:  Encountered exception in validating flowmeter SLS1500: 'float' object is not subscriptable. Raw output nan
WARNING: 19:34:02 - main_pipeline.interpreter:  Encountered exception in validating flowmeter SLS1500: 'float' object is not subscriptable. Raw output nan
WARNING: 19:34:02 - main_pipeline.interpreter:  Encountered exception in validating flowmeter SLS1500: 'float' object is not subscriptable. Raw output nan
WARNING: 19:34:02 - main_pipeline.interpreter:  Encountered exception in validating flowmeter SLS1500: 'float' object is not subscriptable. Raw output nan
WARNING: 19:34:02 - main_pipeline.interpreter:  Encountered exception in validating flowmeter SLS1500: 'float' object is not subscriptable. Raw output nan
WARNING: 19:34:02 - main_pipeline.interpreter:  Encountered exception in validating flowmeter SLS1500: 'float' object is not subscriptable. Raw output nan
WARNING: 19:34:02 - main_pipeline.interpreter:  Encountered exception in validating flowmeter SLS1500: 'float' object is not subscriptable. Raw output nan
WARNING: 19:34:02 - main_pipeline.interpreter:  Encountered exception in validating flowmeter SLS1500: 'float' object is not subscriptable. Raw output nan
WARNING: 19:34:02 - main_pipeline.interpreter:  Encountered exception in validating flowmeter SLS1500: 'float' object is not subscriptable. Raw output nan
WARNING: 19:34:02 - main_pipeline.interpreter:  Encountered exception in validating flowmeter SLS1500: 'float' object is not subscriptable. Raw output nan
WARNING: 19:34:02 - main_pipeline.interpreter:  Encountered exception in validating flowmeter SLS1500: 'float' object is not subscriptable. Raw output nan
WARNING: 19:34:02 - main_pipeline.interpreter:  Encountered exception in validating flowmeter SLS1500: 'float' object is not subscriptable. Raw output nan
WARNING: 19:34:02 - main_pipeline.interpreter:  Encountered exception in validating flowmeter SLS1500: 'float' object is not subscriptable. Raw output nan
WARNING: 19:34:02 - main_pipeline.interpreter:  Encountered exception in validating flowmeter SLS1500: 'float' object is not subscriptable. Raw output nan
WARNING: 19:34:02 - main_pipeline.interpreter:  Encountered exception in validating flowmeter SLS1500: 'float' object is not subscriptable. Raw output nan
WARNING: 19:34:03 - main_pipeline.interpreter:  Encountered exception in validating flowmeter SLI2000: 'float' object is not subscriptable. Raw output nan
WARNING: 19:34:03 - main_pipeline.interpreter:  Encountered exception in validating flowmeter SLI2000: 'float' object is not subscriptable. Raw output nan
WARNING: 19:34:03 - main_pipeline.interpreter:  Encountered exception in validating flowmeter SLI2000: 'float' object is not subscriptable. Raw output nan
WARNING: 19:34:03 - main_pipeline.interpreter:  Encountered exception in validating flowmeter SLI2000: 'float' object is not subscriptable. Raw output nan
WARNING: 19:34:03 - main_pipeline.interpreter:  Encountered exception in validating flowmeter SLI2000: 'float' object is not subscriptable. Raw output nan
WARNING: 19:34:03 - main_pipeline.interpreter:  Encountered exception in validating flowmeter SLI2000: 'float' object is not subscriptable. Raw output nan
WARNING: 19:34:03 - main_pipeline.interpreter:  Encountered exception in validating flowmeter SLI2000: 'float' object is not subscriptable. Raw output nan
WARNING: 19:34:03 - main_pipeline.interpreter:  Encountered exception in validating flowmeter SLI2000: 'float' object is not subscriptable. Raw output nan
WARNING: 19:34:03 - main_pipeline.interpreter:  Encountered exception in validating flowmeter SLI2000: 'float' object is not subscriptable. Raw output nan
WARNING: 19:34:03 - main_pipeline.interpreter:  Encountered exception in validating flowmeter SLI2000: 'float' object is not subscriptable. Raw output nan
WARNING: 19:34:03 - main_pipeline.interpreter:  Encountered exception in validating flowmeter SLI2000: 'float' object is not subscriptable. Raw output nan
WARNING: 19:34:03 - main_pipeline.interpreter:  Encountered exception in validating flowmeter SLI2000: 'float' object is not subscriptable. Raw output nan
WARNING: 19:34:03 - main_pipeline.interpreter:  Encountered exception in validating flowmeter SLI2000: 'float' object is not subscriptable. Raw output nan
WARNING: 19:34:03 - main_pipeline.interpreter:  Encountered exception in validating flowmeter SLI2000: 'float' object is not subscriptable. Raw output nan
WARNING: 19:34:03 - main_pipeline.interpreter:  Encountered exception in validating flowmeter SLI2000: 'float' object is not subscriptable. Raw output nan
WARNING: 19:34:03 - main_pipeline.interpreter:  Encountered exception in validating flowmeter SLS1500: 'float' object is not subscriptable. Raw output nan
WARNING: 19:34:03 - main_pipeline.interpreter:  Encountered exception in validating flowmeter SLS1500: 'float' object is not subscriptable. Raw output nan
WARNING: 19:34:03 - main_pipeline.interpreter:  Encountered exception in validating flowmeter SLS1500: 'float' object is not subscriptable. Raw output nan
WARNING: 19:34:03 - main_pipeline.interpreter:  Encountered exception in validating flowmeter SLS1500: 'float' object is not subscriptable. Raw output nan
WARNING: 19:34:03 - main_pipeline.interpreter:  Encountered exception in validating flowmeter SLS1500: 'float' object is not subscriptable. Raw output nan
WARNING: 19:34:03 - main_pipeline.interpreter:  Encountered exception in validating flowmeter SLS1500: 'float' object is not subscriptable. Raw output nan
WARNING: 19:34:03 - main_pipeline.interpreter:  Encountered exception in validating flowmeter SLS1500: 'float' object is not subscriptable. Raw output nan
WARNING: 19:34:03 - main_pipeline.interpreter:  Encountered exception in validating flowmeter SLS1500: 'float' object is not subscriptable. Raw output nan
WARNING: 19:34:03 - main_pipeline.interpreter:  Encountered exception in validating flowmeter SLS1500: 'float' object is not subscriptable. Raw output nan
WARNING: 19:34:03 - main_pipeline.interpreter:  Encountered exception in validating flowmeter SLS1500: 'float' object is not subscriptable. Raw output nan
WARNING: 19:34:03 - main_pipeline.interpreter:  Encountered exception in validating flowmeter SLS1500: 'float' object is not subscriptable. Raw output nan
WARNING: 19:34:03 - main_pipeline.interpreter:  Encountered exception in validating flowmeter SLS1500: 'float' object is not subscriptable. Raw output nan
WARNING: 19:34:03 - main_pipeline.interpreter:  Encountered exception in validating flowmeter SLS1500: 'float' object is not subscriptable. Raw output nan
WARNING: 19:34:03 - main_pipeline.interpreter:  Encountered exception in validating flowmeter SLS1500: 'float' object is not subscriptable. Raw output nan
WARNING: 19:34:03 - main_pipeline.interpreter:  Encountered exception in validating flowmeter SLS1500: 'float' object is not subscriptable. Raw output nan
WARNING: 19:34:04 - main_pipeline.interpreter:  Encountered exception in validating flowmeter SLI2000: 'float' object is not subscriptable. Raw output nan
WARNING: 19:34:04 - main_pipeline.interpreter:  Encountered exception in validating flowmeter SLI2000: 'float' object is not subscriptable. Raw output nan
WARNING: 19:34:04 - main_pipeline.interpreter:  Encountered exception in validating flowmeter SLI2000: 'float' object is not subscriptable. Raw output nan
WARNING: 19:34:04 - main_pipeline.interpreter:  Encountered exception in validating flowmeter SLI2000: 'float' object is not subscriptable. Raw output nan
WARNING: 19:34:04 - main_pipeline.interpreter:  Encountered exception in validating flowmeter SLI2000: 'float' object is not subscriptable. Raw output nan
WARNING: 19:34:04 - main_pipeline.interpreter:  Encountered exception in validating flowmeter SLI2000: 'float' object is not subscriptable. Raw output nan
WARNING: 19:34:04 - main_pipeline.interpreter:  Encountered exception in validating flowmeter SLI2000: 'float' object is not subscriptable. Raw output nan
WARNING: 19:34:04 - main_pipeline.interpreter:  Encountered exception in validating flowmeter SLI2000: 'float' object is not subscriptable. Raw output nan
WARNING: 19:34:04 - main_pipeline.interpreter:  Encountered exception in validating flowmeter SLI2000: 'float' object is not subscriptable. Raw output nan
WARNING: 19:34:04 - main_pipeline.interpreter:  Encountered exception in validating flowmeter SLI2000: 'float' object is not subscriptable. Raw output nan
WARNING: 19:34:04 - main_pipeline.interpreter:  Encountered exception in validating flowmeter SLI2000: 'float' object is not subscriptable. Raw output nan
WARNING: 19:34:04 - main_pipeline.interpreter:  Encountered exception in validating flowmeter SLI2000: 'float' object is not subscriptable. Raw output nan
WARNING: 19:34:04 - main_pipeline.interpreter:  Encountered exception in validating flowmeter SLI2000: 'float' object is not subscriptable. Raw output nan
WARNING: 19:34:04 - main_pipeline.interpreter:  Encountered exception in validating flowmeter SLI2000: 'float' object is not subscriptable. Raw output nan
WARNING: 19:34:04 - main_pipeline.interpreter:  Encountered exception in validating flowmeter SLI2000: 'float' object is not subscriptable. Raw output nan
WARNING: 19:34:04 - main_pipeline.interpreter:  Encountered exception in validating flowmeter SLS1500: 'float' object is not subscriptable. Raw output nan
WARNING: 19:34:04 - main_pipeline.interpreter:  Encountered exception in validating flowmeter SLS1500: 'float' object is not subscriptable. Raw output nan
WARNING: 19:34:04 - main_pipeline.interpreter:  Encountered exception in validating flowmeter SLS1500: 'float' object is not subscriptable. Raw output nan
WARNING: 19:34:04 - main_pipeline.interpreter:  Encountered exception in validating flowmeter SLS1500: 'float' object is not subscriptable. Raw output nan
WARNING: 19:34:04 - main_pipeline.interpreter:  Encountered exception in validating flowmeter SLS1500: 'float' object is not subscriptable. Raw output nan
WARNING: 19:34:04 - main_pipeline.interpreter:  Encountered exception in validating flowmeter SLS1500: 'float' object is not subscriptable. Raw output nan
WARNING: 19:34:04 - main_pipeline.interpreter:  Encountered exception in validating flowmeter SLS1500: 'float' object is not subscriptable. Raw output nan
WARNING: 19:34:04 - main_pipeline.interpreter:  Encountered exception in validating flowmeter SLS1500: 'float' object is not subscriptable. Raw output nan
WARNING: 19:34:04 - main_pipeline.interpreter:  Encountered exception in validating flowmeter SLS1500: 'float' object is not subscriptable. Raw output nan
WARNING: 19:34:04 - main_pipeline.interpreter:  Encountered exception in validating flowmeter SLS1500: 'float' object is not subscriptable. Raw output nan
WARNING: 19:34:04 - main_pipeline.interpreter:  Encountered exception in validating flowmeter SLS1500: 'float' object is not subscriptable. Raw output nan
WARNING: 19:34:04 - main_pipeline.interpreter:  Encountered exception in validating flowmeter SLS1500: 'float' object is not subscriptable. Raw output nan
WARNING: 19:34:04 - main_pipeline.interpreter:  Encountered exception in validating flowmeter SLS1500: 'float' object is not subscriptable. Raw output nan
WARNING: 19:34:04 - main_pipeline.interpreter:  Encountered exception in validating flowmeter SLS1500: 'float' object is not subscriptable. Raw output nan
WARNING: 19:34:04 - main_pipeline.interpreter:  Encountered exception in validating flowmeter SLS1500: 'float' object is not subscriptable. Raw output nan
WARNING: 19:34:06 - main_pipeline.interpreter:  Encountered exception in validating flowmeter SLI2000: 'float' object is not subscriptable. Raw output nan
WARNING: 19:34:06 - main_pipeline.interpreter:  Encountered exception in validating flowmeter SLI2000: 'float' object is not subscriptable. Raw output nan
WARNING: 19:34:06 - main_pipeline.interpreter:  Encountered exception in validating flowmeter SLI2000: 'float' object is not subscriptable. Raw output nan
WARNING: 19:34:06 - main_pipeline.interpreter:  Encountered exception in validating flowmeter SLI2000: 'float' object is not subscriptable. Raw output nan
WARNING: 19:34:06 - main_pipeline.interpreter:  Encountered exception in validating flowmeter SLI2000: 'float' object is not subscriptable. Raw output nan
WARNING: 19:34:06 - main_pipeline.interpreter:  Encountered exception in validating flowmeter SLI2000: 'float' object is not subscriptable. Raw output nan
WARNING: 19:34:06 - main_pipeline.interpreter:  Encountered exception in validating flowmeter SLI2000: 'float' object is not subscriptable. Raw output nan
WARNING: 19:34:06 - main_pipeline.interpreter:  Encountered exception in validating flowmeter SLI2000: 'float' object is not subscriptable. Raw output nan
WARNING: 19:34:06 - main_pipeline.interpreter:  Encountered exception in validating flowmeter SLI2000: 'float' object is not subscriptable. Raw output nan
WARNING: 19:34:06 - main_pipeline.interpreter:  Encountered exception in validating flowmeter SLI2000: 'float' object is not subscriptable. Raw output nan
WARNING: 19:34:06 - main_pipeline.interpreter:  Encountered exception in validating flowmeter SLI2000: 'float' object is not subscriptable. Raw output nan
WARNING: 19:34:06 - main_pipeline.interpreter:  Encountered exception in validating flowmeter SLI2000: 'float' object is not subscriptable. Raw output nan
WARNING: 19:34:06 - main_pipeline.interpreter:  Encountered exception in validating flowmeter SLI2000: 'float' object is not subscriptable. Raw output nan
WARNING: 19:34:06 - main_pipeline.interpreter:  Encountered exception in validating flowmeter SLI2000: 'float' object is not subscriptable. Raw output nan
WARNING: 19:34:06 - main_pipeline.interpreter:  Encountered exception in validating flowmeter SLI2000: 'float' object is not subscriptable. Raw output nan
WARNING: 19:34:06 - main_pipeline.interpreter:  Encountered exception in validating flowmeter SLS1500: 'float' object is not subscriptable. Raw output nan
WARNING: 19:34:06 - main_pipeline.interpreter:  Encountered exception in validating flowmeter SLS1500: 'float' object is not subscriptable. Raw output nan
WARNING: 19:34:06 - main_pipeline.interpreter:  Encountered exception in validating flowmeter SLS1500: 'float' object is not subscriptable. Raw output nan
WARNING: 19:34:06 - main_pipeline.interpreter:  Encountered exception in validating flowmeter SLS1500: 'float' object is not subscriptable. Raw output nan
WARNING: 19:34:06 - main_pipeline.interpreter:  Encountered exception in validating flowmeter SLS1500: 'float' object is not subscriptable. Raw output nan
WARNING: 19:34:06 - main_pipeline.interpreter:  Encountered exception in validating flowmeter SLS1500: 'float' object is not subscriptable. Raw output nan
WARNING: 19:34:06 - main_pipeline.interpreter:  Encountered exception in validating flowmeter SLS1500: 'float' object is not subscriptable. Raw output nan
WARNING: 19:34:06 - main_pipeline.interpreter:  Encountered exception in validating flowmeter SLS1500: 'float' object is not subscriptable. Raw output nan
WARNING: 19:34:06 - main_pipeline.interpreter:  Encountered exception in validating flowmeter SLS1500: 'float' object is not subscriptable. Raw output nan
WARNING: 19:34:06 - main_pipeline.interpreter:  Encountered exception in validating flowmeter SLS1500: 'float' object is not subscriptable. Raw output nan
WARNING: 19:34:06 - main_pipeline.interpreter:  Encountered exception in validating flowmeter SLS1500: 'float' object is not subscriptable. Raw output nan
WARNING: 19:34:06 - main_pipeline.interpreter:  Encountered exception in validating flowmeter SLS1500: 'float' object is not subscriptable. Raw output nan
WARNING: 19:34:06 - main_pipeline.interpreter:  Encountered exception in validating flowmeter SLS1500: 'float' object is not subscriptable. Raw output nan
WARNING: 19:34:06 - main_pipeline.interpreter:  Encountered exception in validating flowmeter SLS1500: 'float' object is not subscriptable. Raw output nan
WARNING: 19:34:06 - main_pipeline.interpreter:  Encountered exception in validating flowmeter SLS1500: 'float' object is not subscriptable. Raw output nan
WARNING: 19:34:07 - main_pipeline.interpreter:  Encountered exception in validating flowmeter SLI2000: 'float' object is not subscriptable. Raw output nan
WARNING: 19:34:07 - main_pipeline.interpreter:  Encountered exception in validating flowmeter SLI2000: 'float' object is not subscriptable. Raw output nan
WARNING: 19:34:07 - main_pipeline.interpreter:  Encountered exception in validating flowmeter SLI2000: 'float' object is not subscriptable. Raw output nan
WARNING: 19:34:07 - main_pipeline.interpreter:  Encountered exception in validating flowmeter SLI2000: 'float' object is not subscriptable. Raw output nan
WARNING: 19:34:07 - main_pipeline.interpreter:  Encountered exception in validating flowmeter SLI2000: 'float' object is not subscriptable. Raw output nan
WARNING: 19:34:07 - main_pipeline.interpreter:  Encountered exception in validating flowmeter SLI2000: 'float' object is not subscriptable. Raw output nan
WARNING: 19:34:07 - main_pipeline.interpreter:  Encountered exception in validating flowmeter SLI2000: 'float' object is not subscriptable. Raw output nan
WARNING: 19:34:07 - main_pipeline.interpreter:  Encountered exception in validating flowmeter SLI2000: 'float' object is not subscriptable. Raw output nan
WARNING: 19:34:07 - main_pipeline.interpreter:  Encountered exception in validating flowmeter SLI2000: 'float' object is not subscriptable. Raw output nan
WARNING: 19:34:07 - main_pipeline.interpreter:  Encountered exception in validating flowmeter SLI2000: 'float' object is not subscriptable. Raw output nan
WARNING: 19:34:07 - main_pipeline.interpreter:  Encountered exception in validating flowmeter SLI2000: 'float' object is not subscriptable. Raw output nan
WARNING: 19:34:07 - main_pipeline.interpreter:  Encountered exception in validating flowmeter SLI2000: 'float' object is not subscriptable. Raw output nan
WARNING: 19:34:07 - main_pipeline.interpreter:  Encountered exception in validating flowmeter SLI2000: 'float' object is not subscriptable. Raw output nan
WARNING: 19:34:07 - main_pipeline.interpreter:  Encountered exception in validating flowmeter SLI2000: 'float' object is not subscriptable. Raw output nan
WARNING: 19:34:07 - main_pipeline.interpreter:  Encountered exception in validating flowmeter SLI2000: 'float' object is not subscriptable. Raw output nan
WARNING: 19:34:07 - main_pipeline.interpreter:  Encountered exception in validating flowmeter SLS1500: 'float' object is not subscriptable. Raw output nan
WARNING: 19:34:07 - main_pipeline.interpreter:  Encountered exception in validating flowmeter SLS1500: 'float' object is not subscriptable. Raw output nan
WARNING: 19:34:07 - main_pipeline.interpreter:  Encountered exception in validating flowmeter SLS1500: 'float' object is not subscriptable. Raw output nan
WARNING: 19:34:07 - main_pipeline.interpreter:  Encountered exception in validating flowmeter SLS1500: 'float' object is not subscriptable. Raw output nan
WARNING: 19:34:07 - main_pipeline.interpreter:  Encountered exception in validating flowmeter SLS1500: 'float' object is not subscriptable. Raw output nan
WARNING: 19:34:07 - main_pipeline.interpreter:  Encountered exception in validating flowmeter SLS1500: 'float' object is not subscriptable. Raw output nan
WARNING: 19:34:07 - main_pipeline.interpreter:  Encountered exception in validating flowmeter SLS1500: 'float' object is not subscriptable. Raw output nan
WARNING: 19:34:07 - main_pipeline.interpreter:  Encountered exception in validating flowmeter SLS1500: 'float' object is not subscriptable. Raw output nan
WARNING: 19:34:07 - main_pipeline.interpreter:  Encountered exception in validating flowmeter SLS1500: 'float' object is not subscriptable. Raw output nan
WARNING: 19:34:07 - main_pipeline.interpreter:  Encountered exception in validating flowmeter SLS1500: 'float' object is not subscriptable. Raw output nan
WARNING: 19:34:07 - main_pipeline.interpreter:  Encountered exception in validating flowmeter SLS1500: 'float' object is not subscriptable. Raw output nan
WARNING: 19:34:07 - main_pipeline.interpreter:  Encountered exception in validating flowmeter SLS1500: 'float' object is not subscriptable. Raw output nan
WARNING: 19:34:07 - main_pipeline.interpreter:  Encountered exception in validating flowmeter SLS1500: 'float' object is not subscriptable. Raw output nan
WARNING: 19:34:07 - main_pipeline.interpreter:  Encountered exception in validating flowmeter SLS1500: 'float' object is not subscriptable. Raw output nan
WARNING: 19:34:07 - main_pipeline.interpreter:  Encountered exception in validating flowmeter SLS1500: 'float' object is not subscriptable. Raw output nan
WARNING: 19:34:08 - main_pipeline.interpreter:  Encountered exception in validating flowmeter SLI2000: 'float' object is not subscriptable. Raw output nan
WARNING: 19:34:08 - main_pipeline.interpreter:  Encountered exception in validating flowmeter SLI2000: 'float' object is not subscriptable. Raw output nan
WARNING: 19:34:08 - main_pipeline.interpreter:  Encountered exception in validating flowmeter SLI2000: 'float' object is not subscriptable. Raw output nan
WARNING: 19:34:08 - main_pipeline.interpreter:  Encountered exception in validating flowmeter SLI2000: 'float' object is not subscriptable. Raw output nan
WARNING: 19:34:08 - main_pipeline.interpreter:  Encountered exception in validating flowmeter SLI2000: 'float' object is not subscriptable. Raw output nan
WARNING: 19:34:08 - main_pipeline.interpreter:  Encountered exception in validating flowmeter SLI2000: 'float' object is not subscriptable. Raw output nan
WARNING: 19:34:08 - main_pipeline.interpreter:  Encountered exception in validating flowmeter SLI2000: 'float' object is not subscriptable. Raw output nan
WARNING: 19:34:08 - main_pipeline.interpreter:  Encountered exception in validating flowmeter SLI2000: 'float' object is not subscriptable. Raw output nan
WARNING: 19:34:08 - main_pipeline.interpreter:  Encountered exception in validating flowmeter SLI2000: 'float' object is not subscriptable. Raw output nan
WARNING: 19:34:08 - main_pipeline.interpreter:  Encountered exception in validating flowmeter SLI2000: 'float' object is not subscriptable. Raw output nan
WARNING: 19:34:08 - main_pipeline.interpreter:  Encountered exception in validating flowmeter SLI2000: 'float' object is not subscriptable. Raw output nan
WARNING: 19:34:08 - main_pipeline.interpreter:  Encountered exception in validating flowmeter SLI2000: 'float' object is not subscriptable. Raw output nan
WARNING: 19:34:08 - main_pipeline.interpreter:  Encountered exception in validating flowmeter SLI2000: 'float' object is not subscriptable. Raw output nan
WARNING: 19:34:08 - main_pipeline.interpreter:  Encountered exception in validating flowmeter SLI2000: 'float' object is not subscriptable. Raw output nan
WARNING: 19:34:08 - main_pipeline.interpreter:  Encountered exception in validating flowmeter SLI2000: 'float' object is not subscriptable. Raw output nan
WARNING: 19:34:08 - main_pipeline.interpreter:  Encountered exception in validating flowmeter SLS1500: 'float' object is not subscriptable. Raw output nan
WARNING: 19:34:08 - main_pipeline.interpreter:  Encountered exception in validating flowmeter SLS1500: 'float' object is not subscriptable. Raw output nan
WARNING: 19:34:08 - main_pipeline.interpreter:  Encountered exception in validating flowmeter SLS1500: 'float' object is not subscriptable. Raw output nan
WARNING: 19:34:08 - main_pipeline.interpreter:  Encountered exception in validating flowmeter SLS1500: 'float' object is not subscriptable. Raw output nan
WARNING: 19:34:08 - main_pipeline.interpreter:  Encountered exception in validating flowmeter SLS1500: 'float' object is not subscriptable. Raw output nan
WARNING: 19:34:08 - main_pipeline.interpreter:  Encountered exception in validating flowmeter SLS1500: 'float' object is not subscriptable. Raw output nan
WARNING: 19:34:08 - main_pipeline.interpreter:  Encountered exception in validating flowmeter SLS1500: 'float' object is not subscriptable. Raw output nan
WARNING: 19:34:08 - main_pipeline.interpreter:  Encountered exception in validating flowmeter SLS1500: 'float' object is not subscriptable. Raw output nan
WARNING: 19:34:08 - main_pipeline.interpreter:  Encountered exception in validating flowmeter SLS1500: 'float' object is not subscriptable. Raw output nan
WARNING: 19:34:08 - main_pipeline.interpreter:  Encountered exception in validating flowmeter SLS1500: 'float' object is not subscriptable. Raw output nan
WARNING: 19:34:08 - main_pipeline.interpreter:  Encountered exception in validating flowmeter SLS1500: 'float' object is not subscriptable. Raw output nan
WARNING: 19:34:08 - main_pipeline.interpreter:  Encountered exception in validating flowmeter SLS1500: 'float' object is not subscriptable. Raw output nan
WARNING: 19:34:08 - main_pipeline.interpreter:  Encountered exception in validating flowmeter SLS1500: 'float' object is not subscriptable. Raw output nan
WARNING: 19:34:08 - main_pipeline.interpreter:  Encountered exception in validating flowmeter SLS1500: 'float' object is not subscriptable. Raw output nan
WARNING: 19:34:08 - main_pipeline.interpreter:  Encountered exception in validating flowmeter SLS1500: 'float' object is not subscriptable. Raw output nan
WARNING: 19:34:08 - main_pipeline.interpreter:  Encountered exception in validating flowmeter SLI2000: 'float' object is not subscriptable. Raw output nan
WARNING: 19:34:08 - main_pipeline.interpreter:  Encountered exception in validating flowmeter SLI2000: 'float' object is not subscriptable. Raw output nan
WARNING: 19:34:08 - main_pipeline.interpreter:  Encountered exception in validating flowmeter SLI2000: 'float' object is not subscriptable. Raw output nan
WARNING: 19:34:08 - main_pipeline.interpreter:  Encountered exception in validating flowmeter SLI2000: 'float' object is not subscriptable. Raw output nan
WARNING: 19:34:08 - main_pipeline.interpreter:  Encountered exception in validating flowmeter SLI2000: 'float' object is not subscriptable. Raw output nan
WARNING: 19:34:08 - main_pipeline.interpreter:  Encountered exception in validating flowmeter SLI2000: 'float' object is not subscriptable. Raw output nan
WARNING: 19:34:08 - main_pipeline.interpreter:  Encountered exception in validating flowmeter SLI2000: 'float' object is not subscriptable. Raw output nan
WARNING: 19:34:08 - main_pipeline.interpreter:  Encountered exception in validating flowmeter SLI2000: 'float' object is not subscriptable. Raw output nan
WARNING: 19:34:08 - main_pipeline.interpreter:  Encountered exception in validating flowmeter SLI2000: 'float' object is not subscriptable. Raw output nan
WARNING: 19:34:08 - main_pipeline.interpreter:  Encountered exception in validating flowmeter SLI2000: 'float' object is not subscriptable. Raw output nan
WARNING: 19:34:08 - main_pipeline.interpreter:  Encountered exception in validating flowmeter SLI2000: 'float' object is not subscriptable. Raw output nan
WARNING: 19:34:08 - main_pipeline.interpreter:  Encountered exception in validating flowmeter SLI2000: 'float' object is not subscriptable. Raw output nan
WARNING: 19:34:08 - main_pipeline.interpreter:  Encountered exception in validating flowmeter SLI2000: 'float' object is not subscriptable. Raw output nan
WARNING: 19:34:08 - main_pipeline.interpreter:  Encountered exception in validating flowmeter SLI2000: 'float' object is not subscriptable. Raw output nan
WARNING: 19:34:08 - main_pipeline.interpreter:  Encountered exception in validating flowmeter SLI2000: 'float' object is not subscriptable. Raw output nan
WARNING: 19:34:08 - main_pipeline.interpreter:  Encountered exception in validating flowmeter SLS1500: 'float' object is not subscriptable. Raw output nan
WARNING: 19:34:08 - main_pipeline.interpreter:  Encountered exception in validating flowmeter SLS1500: 'float' object is not subscriptable. Raw output nan
WARNING: 19:34:08 - main_pipeline.interpreter:  Encountered exception in validating flowmeter SLS1500: 'float' object is not subscriptable. Raw output nan
WARNING: 19:34:08 - main_pipeline.interpreter:  Encountered exception in validating flowmeter SLS1500: 'float' object is not subscriptable. Raw output nan
WARNING: 19:34:08 - main_pipeline.interpreter:  Encountered exception in validating flowmeter SLS1500: 'float' object is not subscriptable. Raw output nan
WARNING: 19:34:08 - main_pipeline.interpreter:  Encountered exception in validating flowmeter SLS1500: 'float' object is not subscriptable. Raw output nan
WARNING: 19:34:08 - main_pipeline.interpreter:  Encountered exception in validating flowmeter SLS1500: 'float' object is not subscriptable. Raw output nan
WARNING: 19:34:08 - main_pipeline.interpreter:  Encountered exception in validating flowmeter SLS1500: 'float' object is not subscriptable. Raw output nan
WARNING: 19:34:08 - main_pipeline.interpreter:  Encountered exception in validating flowmeter SLS1500: 'float' object is not subscriptable. Raw output nan
WARNING: 19:34:08 - main_pipeline.interpreter:  Encountered exception in validating flowmeter SLS1500: 'float' object is not subscriptable. Raw output nan
WARNING: 19:34:08 - main_pipeline.interpreter:  Encountered exception in validating flowmeter SLS1500: 'float' object is not subscriptable. Raw output nan
WARNING: 19:34:08 - main_pipeline.interpreter:  Encountered exception in validating flowmeter SLS1500: 'float' object is not subscriptable. Raw output nan
WARNING: 19:34:08 - main_pipeline.interpreter:  Encountered exception in validating flowmeter SLS1500: 'float' object is not subscriptable. Raw output nan
WARNING: 19:34:08 - main_pipeline.interpreter:  Encountered exception in validating flowmeter SLS1500: 'float' object is not subscriptable. Raw output nan
WARNING: 19:34:08 - main_pipeline.interpreter:  Encountered exception in validating flowmeter SLS1500: 'float' object is not subscriptable. Raw output nan
WARNING: 19:34:09 - main_pipeline.interpreter:  Encountered exception in validating flowmeter SLI2000: 'float' object is not subscriptable. Raw output nan
WARNING: 19:34:09 - main_pipeline.interpreter:  Encountered exception in validating flowmeter SLI2000: 'float' object is not subscriptable. Raw output nan
WARNING: 19:34:09 - main_pipeline.interpreter:  Encountered exception in validating flowmeter SLI2000: 'float' object is not subscriptable. Raw output nan
WARNING: 19:34:09 - main_pipeline.interpreter:  Encountered exception in validating flowmeter SLI2000: 'float' object is not subscriptable. Raw output nan
WARNING: 19:34:09 - main_pipeline.interpreter:  Encountered exception in validating flowmeter SLI2000: 'float' object is not subscriptable. Raw output nan
WARNING: 19:34:09 - main_pipeline.interpreter:  Encountered exception in validating flowmeter SLI2000: 'float' object is not subscriptable. Raw output nan
WARNING: 19:34:09 - main_pipeline.interpreter:  Encountered exception in validating flowmeter SLI2000: 'float' object is not subscriptable. Raw output nan
WARNING: 19:34:09 - main_pipeline.interpreter:  Encountered exception in validating flowmeter SLI2000: 'float' object is not subscriptable. Raw output nan
WARNING: 19:34:09 - main_pipeline.interpreter:  Encountered exception in validating flowmeter SLI2000: 'float' object is not subscriptable. Raw output nan
WARNING: 19:34:09 - main_pipeline.interpreter:  Encountered exception in validating flowmeter SLI2000: 'float' object is not subscriptable. Raw output nan
WARNING: 19:34:09 - main_pipeline.interpreter:  Encountered exception in validating flowmeter SLI2000: 'float' object is not subscriptable. Raw output nan
WARNING: 19:34:09 - main_pipeline.interpreter:  Encountered exception in validating flowmeter SLI2000: 'float' object is not subscriptable. Raw output nan
WARNING: 19:34:09 - main_pipeline.interpreter:  Encountered exception in validating flowmeter SLI2000: 'float' object is not subscriptable. Raw output nan
WARNING: 19:34:09 - main_pipeline.interpreter:  Encountered exception in validating flowmeter SLI2000: 'float' object is not subscriptable. Raw output nan
WARNING: 19:34:09 - main_pipeline.interpreter:  Encountered exception in validating flowmeter SLI2000: 'float' object is not subscriptable. Raw output nan
WARNING: 19:34:09 - main_pipeline.interpreter:  Encountered exception in validating flowmeter SLS1500: 'float' object is not subscriptable. Raw output nan
WARNING: 19:34:09 - main_pipeline.interpreter:  Encountered exception in validating flowmeter SLS1500: 'float' object is not subscriptable. Raw output nan
WARNING: 19:34:09 - main_pipeline.interpreter:  Encountered exception in validating flowmeter SLS1500: 'float' object is not subscriptable. Raw output nan
WARNING: 19:34:09 - main_pipeline.interpreter:  Encountered exception in validating flowmeter SLS1500: 'float' object is not subscriptable. Raw output nan
WARNING: 19:34:09 - main_pipeline.interpreter:  Encountered exception in validating flowmeter SLS1500: 'float' object is not subscriptable. Raw output nan
WARNING: 19:34:09 - main_pipeline.interpreter:  Encountered exception in validating flowmeter SLS1500: 'float' object is not subscriptable. Raw output nan
WARNING: 19:34:09 - main_pipeline.interpreter:  Encountered exception in validating flowmeter SLS1500: 'float' object is not subscriptable. Raw output nan
WARNING: 19:34:09 - main_pipeline.interpreter:  Encountered exception in validating flowmeter SLS1500: 'float' object is not subscriptable. Raw output nan
WARNING: 19:34:09 - main_pipeline.interpreter:  Encountered exception in validating flowmeter SLS1500: 'float' object is not subscriptable. Raw output nan
WARNING: 19:34:09 - main_pipeline.interpreter:  Encountered exception in validating flowmeter SLS1500: 'float' object is not subscriptable. Raw output nan
WARNING: 19:34:09 - main_pipeline.interpreter:  Encountered exception in validating flowmeter SLS1500: 'float' object is not subscriptable. Raw output nan
WARNING: 19:34:09 - main_pipeline.interpreter:  Encountered exception in validating flowmeter SLS1500: 'float' object is not subscriptable. Raw output nan
WARNING: 19:34:09 - main_pipeline.interpreter:  Encountered exception in validating flowmeter SLS1500: 'float' object is not subscriptable. Raw output nan
WARNING: 19:34:09 - main_pipeline.interpreter:  Encountered exception in validating flowmeter SLS1500: 'float' object is not subscriptable. Raw output nan
WARNING: 19:34:09 - main_pipeline.interpreter:  Encountered exception in validating flowmeter SLS1500: 'float' object is not subscriptable. Raw output nan
WARNING: 19:34:10 - main_pipeline.interpreter:  Encountered exception in validating flowmeter SLI2000: 'float' object is not subscriptable. Raw output nan
WARNING: 19:34:10 - main_pipeline.interpreter:  Encountered exception in validating flowmeter SLI2000: 'float' object is not subscriptable. Raw output nan
WARNING: 19:34:10 - main_pipeline.interpreter:  Encountered exception in validating flowmeter SLI2000: 'float' object is not subscriptable. Raw output nan
WARNING: 19:34:10 - main_pipeline.interpreter:  Encountered exception in validating flowmeter SLI2000: 'float' object is not subscriptable. Raw output nan
WARNING: 19:34:10 - main_pipeline.interpreter:  Encountered exception in validating flowmeter SLI2000: 'float' object is not subscriptable. Raw output nan
WARNING: 19:34:10 - main_pipeline.interpreter:  Encountered exception in validating flowmeter SLI2000: 'float' object is not subscriptable. Raw output nan
WARNING: 19:34:10 - main_pipeline.interpreter:  Encountered exception in validating flowmeter SLI2000: 'float' object is not subscriptable. Raw output nan
WARNING: 19:34:10 - main_pipeline.interpreter:  Encountered exception in validating flowmeter SLI2000: 'float' object is not subscriptable. Raw output nan
WARNING: 19:34:10 - main_pipeline.interpreter:  Encountered exception in validating flowmeter SLI2000: 'float' object is not subscriptable. Raw output nan
WARNING: 19:34:10 - main_pipeline.interpreter:  Encountered exception in validating flowmeter SLI2000: 'float' object is not subscriptable. Raw output nan
WARNING: 19:34:10 - main_pipeline.interpreter:  Encountered exception in validating flowmeter SLI2000: 'float' object is not subscriptable. Raw output nan
WARNING: 19:34:10 - main_pipeline.interpreter:  Encountered exception in validating flowmeter SLI2000: 'float' object is not subscriptable. Raw output nan
WARNING: 19:34:10 - main_pipeline.interpreter:  Encountered exception in validating flowmeter SLI2000: 'float' object is not subscriptable. Raw output nan
WARNING: 19:34:10 - main_pipeline.interpreter:  Encountered exception in validating flowmeter SLI2000: 'float' object is not subscriptable. Raw output nan
WARNING: 19:34:10 - main_pipeline.interpreter:  Encountered exception in validating flowmeter SLI2000: 'float' object is not subscriptable. Raw output nan
WARNING: 19:34:10 - main_pipeline.interpreter:  Encountered exception in validating flowmeter SLS1500: 'float' object is not subscriptable. Raw output nan
WARNING: 19:34:10 - main_pipeline.interpreter:  Encountered exception in validating flowmeter SLS1500: 'float' object is not subscriptable. Raw output nan
WARNING: 19:34:10 - main_pipeline.interpreter:  Encountered exception in validating flowmeter SLS1500: 'float' object is not subscriptable. Raw output nan
WARNING: 19:34:10 - main_pipeline.interpreter:  Encountered exception in validating flowmeter SLS1500: 'float' object is not subscriptable. Raw output nan
WARNING: 19:34:10 - main_pipeline.interpreter:  Encountered exception in validating flowmeter SLS1500: 'float' object is not subscriptable. Raw output nan
WARNING: 19:34:10 - main_pipeline.interpreter:  Encountered exception in validating flowmeter SLS1500: 'float' object is not subscriptable. Raw output nan
WARNING: 19:34:10 - main_pipeline.interpreter:  Encountered exception in validating flowmeter SLS1500: 'float' object is not subscriptable. Raw output nan
WARNING: 19:34:10 - main_pipeline.interpreter:  Encountered exception in validating flowmeter SLS1500: 'float' object is not subscriptable. Raw output nan
WARNING: 19:34:10 - main_pipeline.interpreter:  Encountered exception in validating flowmeter SLS1500: 'float' object is not subscriptable. Raw output nan
WARNING: 19:34:10 - main_pipeline.interpreter:  Encountered exception in validating flowmeter SLS1500: 'float' object is not subscriptable. Raw output nan
WARNING: 19:34:10 - main_pipeline.interpreter:  Encountered exception in validating flowmeter SLS1500: 'float' object is not subscriptable. Raw output nan
WARNING: 19:34:10 - main_pipeline.interpreter:  Encountered exception in validating flowmeter SLS1500: 'float' object is not subscriptable. Raw output nan
WARNING: 19:34:10 - main_pipeline.interpreter:  Encountered exception in validating flowmeter SLS1500: 'float' object is not subscriptable. Raw output nan
WARNING: 19:34:10 - main_pipeline.interpreter:  Encountered exception in validating flowmeter SLS1500: 'float' object is not subscriptable. Raw output nan
WARNING: 19:34:10 - main_pipeline.interpreter:  Encountered exception in validating flowmeter SLS1500: 'float' object is not subscriptable. Raw output nan
WARNING: 19:34:11 - main_pipeline.interpreter:  Encountered exception in validating flowmeter SLI2000: 'float' object is not subscriptable. Raw output nan
WARNING: 19:34:11 - main_pipeline.interpreter:  Encountered exception in validating flowmeter SLI2000: 'float' object is not subscriptable. Raw output nan
WARNING: 19:34:11 - main_pipeline.interpreter:  Encountered exception in validating flowmeter SLI2000: 'float' object is not subscriptable. Raw output nan
WARNING: 19:34:11 - main_pipeline.interpreter:  Encountered exception in validating flowmeter SLI2000: 'float' object is not subscriptable. Raw output nan
WARNING: 19:34:11 - main_pipeline.interpreter:  Encountered exception in validating flowmeter SLI2000: 'float' object is not subscriptable. Raw output nan
WARNING: 19:34:11 - main_pipeline.interpreter:  Encountered exception in validating flowmeter SLI2000: 'float' object is not subscriptable. Raw output nan
WARNING: 19:34:11 - main_pipeline.interpreter:  Encountered exception in validating flowmeter SLI2000: 'float' object is not subscriptable. Raw output nan
WARNING: 19:34:11 - main_pipeline.interpreter:  Encountered exception in validating flowmeter SLI2000: 'float' object is not subscriptable. Raw output nan
WARNING: 19:34:11 - main_pipeline.interpreter:  Encountered exception in validating flowmeter SLI2000: 'float' object is not subscriptable. Raw output nan
WARNING: 19:34:11 - main_pipeline.interpreter:  Encountered exception in validating flowmeter SLI2000: 'float' object is not subscriptable. Raw output nan
WARNING: 19:34:11 - main_pipeline.interpreter:  Encountered exception in validating flowmeter SLI2000: 'float' object is not subscriptable. Raw output nan
WARNING: 19:34:11 - main_pipeline.interpreter:  Encountered exception in validating flowmeter SLI2000: 'float' object is not subscriptable. Raw output nan
WARNING: 19:34:11 - main_pipeline.interpreter:  Encountered exception in validating flowmeter SLI2000: 'float' object is not subscriptable. Raw output nan
WARNING: 19:34:11 - main_pipeline.interpreter:  Encountered exception in validating flowmeter SLI2000: 'float' object is not subscriptable. Raw output nan
WARNING: 19:34:11 - main_pipeline.interpreter:  Encountered exception in validating flowmeter SLI2000: 'float' object is not subscriptable. Raw output nan
WARNING: 19:34:11 - main_pipeline.interpreter:  Encountered exception in validating flowmeter SLS1500: 'float' object is not subscriptable. Raw output nan
WARNING: 19:34:11 - main_pipeline.interpreter:  Encountered exception in validating flowmeter SLS1500: 'float' object is not subscriptable. Raw output nan
WARNING: 19:34:11 - main_pipeline.interpreter:  Encountered exception in validating flowmeter SLS1500: 'float' object is not subscriptable. Raw output nan
WARNING: 19:34:11 - main_pipeline.interpreter:  Encountered exception in validating flowmeter SLS1500: 'float' object is not subscriptable. Raw output nan
WARNING: 19:34:11 - main_pipeline.interpreter:  Encountered exception in validating flowmeter SLS1500: 'float' object is not subscriptable. Raw output nan
WARNING: 19:34:11 - main_pipeline.interpreter:  Encountered exception in validating flowmeter SLS1500: 'float' object is not subscriptable. Raw output nan
WARNING: 19:34:11 - main_pipeline.interpreter:  Encountered exception in validating flowmeter SLS1500: 'float' object is not subscriptable. Raw output nan
WARNING: 19:34:11 - main_pipeline.interpreter:  Encountered exception in validating flowmeter SLS1500: 'float' object is not subscriptable. Raw output nan
WARNING: 19:34:11 - main_pipeline.interpreter:  Encountered exception in validating flowmeter SLS1500: 'float' object is not subscriptable. Raw output nan
WARNING: 19:34:11 - main_pipeline.interpreter:  Encountered exception in validating flowmeter SLS1500: 'float' object is not subscriptable. Raw output nan
WARNING: 19:34:11 - main_pipeline.interpreter:  Encountered exception in validating flowmeter SLS1500: 'float' object is not subscriptable. Raw output nan
WARNING: 19:34:11 - main_pipeline.interpreter:  Encountered exception in validating flowmeter SLS1500: 'float' object is not subscriptable. Raw output nan
WARNING: 19:34:11 - main_pipeline.interpreter:  Encountered exception in validating flowmeter SLS1500: 'float' object is not subscriptable. Raw output nan
WARNING: 19:34:11 - main_pipeline.interpreter:  Encountered exception in validating flowmeter SLS1500: 'float' object is not subscriptable. Raw output nan
WARNING: 19:34:11 - main_pipeline.interpreter:  Encountered exception in validating flowmeter SLS1500: 'float' object is not subscriptable. Raw output nan
WARNING: 19:34:12 - main_pipeline.interpreter:  Encountered exception in validating flowmeter SLI2000: 'float' object is not subscriptable. Raw output nan
WARNING: 19:34:12 - main_pipeline.interpreter:  Encountered exception in validating flowmeter SLI2000: 'float' object is not subscriptable. Raw output nan
WARNING: 19:34:12 - main_pipeline.interpreter:  Encountered exception in validating flowmeter SLI2000: 'float' object is not subscriptable. Raw output nan
WARNING: 19:34:12 - main_pipeline.interpreter:  Encountered exception in validating flowmeter SLI2000: 'float' object is not subscriptable. Raw output nan
WARNING: 19:34:12 - main_pipeline.interpreter:  Encountered exception in validating flowmeter SLI2000: 'float' object is not subscriptable. Raw output nan
WARNING: 19:34:12 - main_pipeline.interpreter:  Encountered exception in validating flowmeter SLI2000: 'float' object is not subscriptable. Raw output nan
WARNING: 19:34:12 - main_pipeline.interpreter:  Encountered exception in validating flowmeter SLI2000: 'float' object is not subscriptable. Raw output nan
WARNING: 19:34:12 - main_pipeline.interpreter:  Encountered exception in validating flowmeter SLI2000: 'float' object is not subscriptable. Raw output nan
WARNING: 19:34:12 - main_pipeline.interpreter:  Encountered exception in validating flowmeter SLI2000: 'float' object is not subscriptable. Raw output nan
WARNING: 19:34:12 - main_pipeline.interpreter:  Encountered exception in validating flowmeter SLI2000: 'float' object is not subscriptable. Raw output nan
WARNING: 19:34:12 - main_pipeline.interpreter:  Encountered exception in validating flowmeter SLI2000: 'float' object is not subscriptable. Raw output nan
WARNING: 19:34:12 - main_pipeline.interpreter:  Encountered exception in validating flowmeter SLI2000: 'float' object is not subscriptable. Raw output nan
WARNING: 19:34:12 - main_pipeline.interpreter:  Encountered exception in validating flowmeter SLI2000: 'float' object is not subscriptable. Raw output nan
WARNING: 19:34:12 - main_pipeline.interpreter:  Encountered exception in validating flowmeter SLI2000: 'float' object is not subscriptable. Raw output nan
WARNING: 19:34:12 - main_pipeline.interpreter:  Encountered exception in validating flowmeter SLI2000: 'float' object is not subscriptable. Raw output nan
WARNING: 19:34:12 - main_pipeline.interpreter:  Encountered exception in validating flowmeter SLS1500: 'float' object is not subscriptable. Raw output nan
WARNING: 19:34:12 - main_pipeline.interpreter:  Encountered exception in validating flowmeter SLS1500: 'float' object is not subscriptable. Raw output nan
WARNING: 19:34:12 - main_pipeline.interpreter:  Encountered exception in validating flowmeter SLS1500: 'float' object is not subscriptable. Raw output nan
WARNING: 19:34:12 - main_pipeline.interpreter:  Encountered exception in validating flowmeter SLS1500: 'float' object is not subscriptable. Raw output nan
WARNING: 19:34:12 - main_pipeline.interpreter:  Encountered exception in validating flowmeter SLS1500: 'float' object is not subscriptable. Raw output nan
WARNING: 19:34:12 - main_pipeline.interpreter:  Encountered exception in validating flowmeter SLS1500: 'float' object is not subscriptable. Raw output nan
WARNING: 19:34:12 - main_pipeline.interpreter:  Encountered exception in validating flowmeter SLS1500: 'float' object is not subscriptable. Raw output nan
WARNING: 19:34:12 - main_pipeline.interpreter:  Encountered exception in validating flowmeter SLS1500: 'float' object is not subscriptable. Raw output nan
WARNING: 19:34:12 - main_pipeline.interpreter:  Encountered exception in validating flowmeter SLS1500: 'float' object is not subscriptable. Raw output nan
WARNING: 19:34:12 - main_pipeline.interpreter:  Encountered exception in validating flowmeter SLS1500: 'float' object is not subscriptable. Raw output nan
WARNING: 19:34:12 - main_pipeline.interpreter:  Encountered exception in validating flowmeter SLS1500: 'float' object is not subscriptable. Raw output nan
WARNING: 19:34:12 - main_pipeline.interpreter:  Encountered exception in validating flowmeter SLS1500: 'float' object is not subscriptable. Raw output nan
WARNING: 19:34:12 - main_pipeline.interpreter:  Encountered exception in validating flowmeter SLS1500: 'float' object is not subscriptable. Raw output nan
WARNING: 19:34:12 - main_pipeline.interpreter:  Encountered exception in validating flowmeter SLS1500: 'float' object is not subscriptable. Raw output nan
WARNING: 19:34:12 - main_pipeline.interpreter:  Encountered exception in validating flowmeter SLS1500: 'float' object is not subscriptable. Raw output nan
WARNING: 19:34:13 - main_pipeline.interpreter:  Encountered exception in validating flowmeter SLI2000: 'float' object is not subscriptable. Raw output nan
WARNING: 19:34:13 - main_pipeline.interpreter:  Encountered exception in validating flowmeter SLI2000: 'float' object is not subscriptable. Raw output nan
WARNING: 19:34:13 - main_pipeline.interpreter:  Encountered exception in validating flowmeter SLI2000: 'float' object is not subscriptable. Raw output nan
WARNING: 19:34:13 - main_pipeline.interpreter:  Encountered exception in validating flowmeter SLI2000: 'float' object is not subscriptable. Raw output nan
WARNING: 19:34:13 - main_pipeline.interpreter:  Encountered exception in validating flowmeter SLI2000: 'float' object is not subscriptable. Raw output nan
WARNING: 19:34:13 - main_pipeline.interpreter:  Encountered exception in validating flowmeter SLI2000: 'float' object is not subscriptable. Raw output nan
WARNING: 19:34:13 - main_pipeline.interpreter:  Encountered exception in validating flowmeter SLI2000: 'float' object is not subscriptable. Raw output nan
WARNING: 19:34:13 - main_pipeline.interpreter:  Encountered exception in validating flowmeter SLI2000: 'float' object is not subscriptable. Raw output nan
WARNING: 19:34:13 - main_pipeline.interpreter:  Encountered exception in validating flowmeter SLI2000: 'float' object is not subscriptable. Raw output nan
WARNING: 19:34:13 - main_pipeline.interpreter:  Encountered exception in validating flowmeter SLI2000: 'float' object is not subscriptable. Raw output nan
WARNING: 19:34:13 - main_pipeline.interpreter:  Encountered exception in validating flowmeter SLI2000: 'float' object is not subscriptable. Raw output nan
WARNING: 19:34:13 - main_pipeline.interpreter:  Encountered exception in validating flowmeter SLI2000: 'float' object is not subscriptable. Raw output nan
WARNING: 19:34:13 - main_pipeline.interpreter:  Encountered exception in validating flowmeter SLI2000: 'float' object is not subscriptable. Raw output nan
WARNING: 19:34:13 - main_pipeline.interpreter:  Encountered exception in validating flowmeter SLI2000: 'float' object is not subscriptable. Raw output nan
WARNING: 19:34:13 - main_pipeline.interpreter:  Encountered exception in validating flowmeter SLI2000: 'float' object is not subscriptable. Raw output nan
WARNING: 19:34:13 - main_pipeline.interpreter:  Encountered exception in validating flowmeter SLS1500: 'float' object is not subscriptable. Raw output nan
WARNING: 19:34:13 - main_pipeline.interpreter:  Encountered exception in validating flowmeter SLS1500: 'float' object is not subscriptable. Raw output nan
WARNING: 19:34:13 - main_pipeline.interpreter:  Encountered exception in validating flowmeter SLS1500: 'float' object is not subscriptable. Raw output nan
WARNING: 19:34:13 - main_pipeline.interpreter:  Encountered exception in validating flowmeter SLS1500: 'float' object is not subscriptable. Raw output nan
WARNING: 19:34:13 - main_pipeline.interpreter:  Encountered exception in validating flowmeter SLS1500: 'float' object is not subscriptable. Raw output nan
WARNING: 19:34:13 - main_pipeline.interpreter:  Encountered exception in validating flowmeter SLS1500: 'float' object is not subscriptable. Raw output nan
WARNING: 19:34:13 - main_pipeline.interpreter:  Encountered exception in validating flowmeter SLS1500: 'float' object is not subscriptable. Raw output nan
WARNING: 19:34:13 - main_pipeline.interpreter:  Encountered exception in validating flowmeter SLS1500: 'float' object is not subscriptable. Raw output nan
WARNING: 19:34:13 - main_pipeline.interpreter:  Encountered exception in validating flowmeter SLS1500: 'float' object is not subscriptable. Raw output nan
WARNING: 19:34:13 - main_pipeline.interpreter:  Encountered exception in validating flowmeter SLS1500: 'float' object is not subscriptable. Raw output nan
WARNING: 19:34:13 - main_pipeline.interpreter:  Encountered exception in validating flowmeter SLS1500: 'float' object is not subscriptable. Raw output nan
WARNING: 19:34:13 - main_pipeline.interpreter:  Encountered exception in validating flowmeter SLS1500: 'float' object is not subscriptable. Raw output nan
WARNING: 19:34:13 - main_pipeline.interpreter:  Encountered exception in validating flowmeter SLS1500: 'float' object is not subscriptable. Raw output nan
WARNING: 19:34:13 - main_pipeline.interpreter:  Encountered exception in validating flowmeter SLS1500: 'float' object is not subscriptable. Raw output nan
WARNING: 19:34:13 - main_pipeline.interpreter:  Encountered exception in validating flowmeter SLS1500: 'float' object is not subscriptable. Raw output nan
WARNING: 19:34:14 - main_pipeline.interpreter:  Encountered exception in validating flowmeter SLI2000: 'float' object is not subscriptable. Raw output nan
WARNING: 19:34:14 - main_pipeline.interpreter:  Encountered exception in validating flowmeter SLI2000: 'float' object is not subscriptable. Raw output nan
WARNING: 19:34:14 - main_pipeline.interpreter:  Encountered exception in validating flowmeter SLI2000: 'float' object is not subscriptable. Raw output nan
WARNING: 19:34:14 - main_pipeline.interpreter:  Encountered exception in validating flowmeter SLI2000: 'float' object is not subscriptable. Raw output nan
WARNING: 19:34:14 - main_pipeline.interpreter:  Encountered exception in validating flowmeter SLI2000: 'float' object is not subscriptable. Raw output nan
WARNING: 19:34:14 - main_pipeline.interpreter:  Encountered exception in validating flowmeter SLI2000: 'float' object is not subscriptable. Raw output nan
WARNING: 19:34:14 - main_pipeline.interpreter:  Encountered exception in validating flowmeter SLI2000: 'float' object is not subscriptable. Raw output nan
WARNING: 19:34:14 - main_pipeline.interpreter:  Encountered exception in validating flowmeter SLI2000: 'float' object is not subscriptable. Raw output nan
WARNING: 19:34:14 - main_pipeline.interpreter:  Encountered exception in validating flowmeter SLI2000: 'float' object is not subscriptable. Raw output nan
WARNING: 19:34:14 - main_pipeline.interpreter:  Encountered exception in validating flowmeter SLI2000: 'float' object is not subscriptable. Raw output nan
WARNING: 19:34:14 - main_pipeline.interpreter:  Encountered exception in validating flowmeter SLI2000: 'float' object is not subscriptable. Raw output nan
WARNING: 19:34:14 - main_pipeline.interpreter:  Encountered exception in validating flowmeter SLI2000: 'float' object is not subscriptable. Raw output nan
WARNING: 19:34:14 - main_pipeline.interpreter:  Encountered exception in validating flowmeter SLI2000: 'float' object is not subscriptable. Raw output nan
WARNING: 19:34:14 - main_pipeline.interpreter:  Encountered exception in validating flowmeter SLI2000: 'float' object is not subscriptable. Raw output nan
WARNING: 19:34:14 - main_pipeline.interpreter:  Encountered exception in validating flowmeter SLI2000: 'float' object is not subscriptable. Raw output nan
WARNING: 19:34:14 - main_pipeline.interpreter:  Encountered exception in validating flowmeter SLS1500: 'float' object is not subscriptable. Raw output nan
WARNING: 19:34:14 - main_pipeline.interpreter:  Encountered exception in validating flowmeter SLS1500: 'float' object is not subscriptable. Raw output nan
WARNING: 19:34:14 - main_pipeline.interpreter:  Encountered exception in validating flowmeter SLS1500: 'float' object is not subscriptable. Raw output nan
WARNING: 19:34:14 - main_pipeline.interpreter:  Encountered exception in validating flowmeter SLS1500: 'float' object is not subscriptable. Raw output nan
WARNING: 19:34:14 - main_pipeline.interpreter:  Encountered exception in validating flowmeter SLS1500: 'float' object is not subscriptable. Raw output nan
WARNING: 19:34:14 - main_pipeline.interpreter:  Encountered exception in validating flowmeter SLS1500: 'float' object is not subscriptable. Raw output nan
WARNING: 19:34:14 - main_pipeline.interpreter:  Encountered exception in validating flowmeter SLS1500: 'float' object is not subscriptable. Raw output nan
WARNING: 19:34:14 - main_pipeline.interpreter:  Encountered exception in validating flowmeter SLS1500: 'float' object is not subscriptable. Raw output nan
WARNING: 19:34:14 - main_pipeline.interpreter:  Encountered exception in validating flowmeter SLS1500: 'float' object is not subscriptable. Raw output nan
WARNING: 19:34:14 - main_pipeline.interpreter:  Encountered exception in validating flowmeter SLS1500: 'float' object is not subscriptable. Raw output nan
WARNING: 19:34:14 - main_pipeline.interpreter:  Encountered exception in validating flowmeter SLS1500: 'float' object is not subscriptable. Raw output nan
WARNING: 19:34:14 - main_pipeline.interpreter:  Encountered exception in validating flowmeter SLS1500: 'float' object is not subscriptable. Raw output nan
WARNING: 19:34:14 - main_pipeline.interpreter:  Encountered exception in validating flowmeter SLS1500: 'float' object is not subscriptable. Raw output nan
WARNING: 19:34:14 - main_pipeline.interpreter:  Encountered exception in validating flowmeter SLS1500: 'float' object is not subscriptable. Raw output nan
WARNING: 19:34:14 - main_pipeline.interpreter:  Encountered exception in validating flowmeter SLS1500: 'float' object is not subscriptable. Raw output nan
WARNING: 19:34:15 - main_pipeline.interpreter:  Encountered exception in validating flowmeter SLI2000: 'float' object is not subscriptable. Raw output nan
WARNING: 19:34:15 - main_pipeline.interpreter:  Encountered exception in validating flowmeter SLI2000: 'float' object is not subscriptable. Raw output nan
WARNING: 19:34:15 - main_pipeline.interpreter:  Encountered exception in validating flowmeter SLI2000: 'float' object is not subscriptable. Raw output nan
WARNING: 19:34:15 - main_pipeline.interpreter:  Encountered exception in validating flowmeter SLI2000: 'float' object is not subscriptable. Raw output nan
WARNING: 19:34:15 - main_pipeline.interpreter:  Encountered exception in validating flowmeter SLI2000: 'float' object is not subscriptable. Raw output nan
WARNING: 19:34:15 - main_pipeline.interpreter:  Encountered exception in validating flowmeter SLI2000: 'float' object is not subscriptable. Raw output nan
WARNING: 19:34:15 - main_pipeline.interpreter:  Encountered exception in validating flowmeter SLI2000: 'float' object is not subscriptable. Raw output nan
WARNING: 19:34:15 - main_pipeline.interpreter:  Encountered exception in validating flowmeter SLI2000: 'float' object is not subscriptable. Raw output nan
WARNING: 19:34:15 - main_pipeline.interpreter:  Encountered exception in validating flowmeter SLI2000: 'float' object is not subscriptable. Raw output nan
WARNING: 19:34:15 - main_pipeline.interpreter:  Encountered exception in validating flowmeter SLI2000: 'float' object is not subscriptable. Raw output nan
WARNING: 19:34:15 - main_pipeline.interpreter:  Encountered exception in validating flowmeter SLI2000: 'float' object is not subscriptable. Raw output nan
WARNING: 19:34:15 - main_pipeline.interpreter:  Encountered exception in validating flowmeter SLI2000: 'float' object is not subscriptable. Raw output nan
WARNING: 19:34:15 - main_pipeline.interpreter:  Encountered exception in validating flowmeter SLI2000: 'float' object is not subscriptable. Raw output nan
WARNING: 19:34:15 - main_pipeline.interpreter:  Encountered exception in validating flowmeter SLI2000: 'float' object is not subscriptable. Raw output nan
WARNING: 19:34:15 - main_pipeline.interpreter:  Encountered exception in validating flowmeter SLI2000: 'float' object is not subscriptable. Raw output nan
WARNING: 19:34:15 - main_pipeline.interpreter:  Encountered exception in validating flowmeter SLS1500: 'float' object is not subscriptable. Raw output nan
WARNING: 19:34:15 - main_pipeline.interpreter:  Encountered exception in validating flowmeter SLS1500: 'float' object is not subscriptable. Raw output nan
WARNING: 19:34:15 - main_pipeline.interpreter:  Encountered exception in validating flowmeter SLS1500: 'float' object is not subscriptable. Raw output nan
WARNING: 19:34:15 - main_pipeline.interpreter:  Encountered exception in validating flowmeter SLS1500: 'float' object is not subscriptable. Raw output nan
WARNING: 19:34:15 - main_pipeline.interpreter:  Encountered exception in validating flowmeter SLS1500: 'float' object is not subscriptable. Raw output nan
WARNING: 19:34:15 - main_pipeline.interpreter:  Encountered exception in validating flowmeter SLS1500: 'float' object is not subscriptable. Raw output nan
WARNING: 19:34:15 - main_pipeline.interpreter:  Encountered exception in validating flowmeter SLS1500: 'float' object is not subscriptable. Raw output nan
WARNING: 19:34:15 - main_pipeline.interpreter:  Encountered exception in validating flowmeter SLS1500: 'float' object is not subscriptable. Raw output nan
WARNING: 19:34:15 - main_pipeline.interpreter:  Encountered exception in validating flowmeter SLS1500: 'float' object is not subscriptable. Raw output nan
WARNING: 19:34:15 - main_pipeline.interpreter:  Encountered exception in validating flowmeter SLS1500: 'float' object is not subscriptable. Raw output nan
WARNING: 19:34:15 - main_pipeline.interpreter:  Encountered exception in validating flowmeter SLS1500: 'float' object is not subscriptable. Raw output nan
WARNING: 19:34:15 - main_pipeline.interpreter:  Encountered exception in validating flowmeter SLS1500: 'float' object is not subscriptable. Raw output nan
WARNING: 19:34:15 - main_pipeline.interpreter:  Encountered exception in validating flowmeter SLS1500: 'float' object is not subscriptable. Raw output nan
WARNING: 19:34:15 - main_pipeline.interpreter:  Encountered exception in validating flowmeter SLS1500: 'float' object is not subscriptable. Raw output nan
WARNING: 19:34:15 - main_pipeline.interpreter:  Encountered exception in validating flowmeter SLS1500: 'float' object is not subscriptable. Raw output nan
WARNING: 19:34:17 - main_pipeline.interpreter:  Encountered exception in validating flowmeter SLI2000: 'float' object is not subscriptable. Raw output nan
WARNING: 19:34:17 - main_pipeline.interpreter:  Encountered exception in validating flowmeter SLI2000: 'float' object is not subscriptable. Raw output nan
WARNING: 19:34:17 - main_pipeline.interpreter:  Encountered exception in validating flowmeter SLI2000: 'float' object is not subscriptable. Raw output nan
WARNING: 19:34:17 - main_pipeline.interpreter:  Encountered exception in validating flowmeter SLI2000: 'float' object is not subscriptable. Raw output nan
WARNING: 19:34:17 - main_pipeline.interpreter:  Encountered exception in validating flowmeter SLI2000: 'float' object is not subscriptable. Raw output nan
WARNING: 19:34:17 - main_pipeline.interpreter:  Encountered exception in validating flowmeter SLI2000: 'float' object is not subscriptable. Raw output nan
WARNING: 19:34:17 - main_pipeline.interpreter:  Encountered exception in validating flowmeter SLI2000: 'float' object is not subscriptable. Raw output nan
WARNING: 19:34:17 - main_pipeline.interpreter:  Encountered exception in validating flowmeter SLI2000: 'float' object is not subscriptable. Raw output nan
WARNING: 19:34:17 - main_pipeline.interpreter:  Encountered exception in validating flowmeter SLI2000: 'float' object is not subscriptable. Raw output nan
WARNING: 19:34:17 - main_pipeline.interpreter:  Encountered exception in validating flowmeter SLI2000: 'float' object is not subscriptable. Raw output nan
WARNING: 19:34:17 - main_pipeline.interpreter:  Encountered exception in validating flowmeter SLI2000: 'float' object is not subscriptable. Raw output nan
WARNING: 19:34:17 - main_pipeline.interpreter:  Encountered exception in validating flowmeter SLI2000: 'float' object is not subscriptable. Raw output nan
WARNING: 19:34:17 - main_pipeline.interpreter:  Encountered exception in validating flowmeter SLI2000: 'float' object is not subscriptable. Raw output nan
WARNING: 19:34:17 - main_pipeline.interpreter:  Encountered exception in validating flowmeter SLI2000: 'float' object is not subscriptable. Raw output nan
WARNING: 19:34:17 - main_pipeline.interpreter:  Encountered exception in validating flowmeter SLI2000: 'float' object is not subscriptable. Raw output nan
WARNING: 19:34:17 - main_pipeline.interpreter:  Encountered exception in validating flowmeter SLS1500: 'float' object is not subscriptable. Raw output nan
WARNING: 19:34:17 - main_pipeline.interpreter:  Encountered exception in validating flowmeter SLS1500: 'float' object is not subscriptable. Raw output nan
WARNING: 19:34:17 - main_pipeline.interpreter:  Encountered exception in validating flowmeter SLS1500: 'float' object is not subscriptable. Raw output nan
WARNING: 19:34:17 - main_pipeline.interpreter:  Encountered exception in validating flowmeter SLS1500: 'float' object is not subscriptable. Raw output nan
WARNING: 19:34:17 - main_pipeline.interpreter:  Encountered exception in validating flowmeter SLS1500: 'float' object is not subscriptable. Raw output nan
WARNING: 19:34:17 - main_pipeline.interpreter:  Encountered exception in validating flowmeter SLS1500: 'float' object is not subscriptable. Raw output nan
WARNING: 19:34:17 - main_pipeline.interpreter:  Encountered exception in validating flowmeter SLS1500: 'float' object is not subscriptable. Raw output nan
WARNING: 19:34:17 - main_pipeline.interpreter:  Encountered exception in validating flowmeter SLS1500: 'float' object is not subscriptable. Raw output nan
WARNING: 19:34:17 - main_pipeline.interpreter:  Encountered exception in validating flowmeter SLS1500: 'float' object is not subscriptable. Raw output nan
WARNING: 19:34:17 - main_pipeline.interpreter:  Encountered exception in validating flowmeter SLS1500: 'float' object is not subscriptable. Raw output nan
WARNING: 19:34:17 - main_pipeline.interpreter:  Encountered exception in validating flowmeter SLS1500: 'float' object is not subscriptable. Raw output nan
WARNING: 19:34:17 - main_pipeline.interpreter:  Encountered exception in validating flowmeter SLS1500: 'float' object is not subscriptable. Raw output nan
WARNING: 19:34:17 - main_pipeline.interpreter:  Encountered exception in validating flowmeter SLS1500: 'float' object is not subscriptable. Raw output nan
WARNING: 19:34:17 - main_pipeline.interpreter:  Encountered exception in validating flowmeter SLS1500: 'float' object is not subscriptable. Raw output nan
WARNING: 19:34:17 - main_pipeline.interpreter:  Encountered exception in validating flowmeter SLS1500: 'float' object is not subscriptable. Raw output nan
WARNING: 19:34:17 - main_pipeline.interpreter:  Encountered exception in validating flowmeter SLI2000: 'float' object is not subscriptable. Raw output nan
WARNING: 19:34:17 - main_pipeline.interpreter:  Encountered exception in validating flowmeter SLI2000: 'float' object is not subscriptable. Raw output nan
WARNING: 19:34:17 - main_pipeline.interpreter:  Encountered exception in validating flowmeter SLI2000: 'float' object is not subscriptable. Raw output nan
WARNING: 19:34:17 - main_pipeline.interpreter:  Encountered exception in validating flowmeter SLI2000: 'float' object is not subscriptable. Raw output nan
WARNING: 19:34:17 - main_pipeline.interpreter:  Encountered exception in validating flowmeter SLI2000: 'float' object is not subscriptable. Raw output nan
WARNING: 19:34:17 - main_pipeline.interpreter:  Encountered exception in validating flowmeter SLI2000: 'float' object is not subscriptable. Raw output nan
WARNING: 19:34:17 - main_pipeline.interpreter:  Encountered exception in validating flowmeter SLI2000: 'float' object is not subscriptable. Raw output nan
WARNING: 19:34:17 - main_pipeline.interpreter:  Encountered exception in validating flowmeter SLI2000: 'float' object is not subscriptable. Raw output nan
WARNING: 19:34:17 - main_pipeline.interpreter:  Encountered exception in validating flowmeter SLI2000: 'float' object is not subscriptable. Raw output nan
WARNING: 19:34:17 - main_pipeline.interpreter:  Encountered exception in validating flowmeter SLI2000: 'float' object is not subscriptable. Raw output nan
WARNING: 19:34:17 - main_pipeline.interpreter:  Encountered exception in validating flowmeter SLI2000: 'float' object is not subscriptable. Raw output nan
WARNING: 19:34:17 - main_pipeline.interpreter:  Encountered exception in validating flowmeter SLI2000: 'float' object is not subscriptable. Raw output nan
WARNING: 19:34:17 - main_pipeline.interpreter:  Encountered exception in validating flowmeter SLI2000: 'float' object is not subscriptable. Raw output nan
WARNING: 19:34:17 - main_pipeline.interpreter:  Encountered exception in validating flowmeter SLI2000: 'float' object is not subscriptable. Raw output nan
WARNING: 19:34:17 - main_pipeline.interpreter:  Encountered exception in validating flowmeter SLI2000: 'float' object is not subscriptable. Raw output nan
WARNING: 19:34:17 - main_pipeline.interpreter:  Encountered exception in validating flowmeter SLS1500: 'float' object is not subscriptable. Raw output nan
WARNING: 19:34:17 - main_pipeline.interpreter:  Encountered exception in validating flowmeter SLS1500: 'float' object is not subscriptable. Raw output nan
WARNING: 19:34:17 - main_pipeline.interpreter:  Encountered exception in validating flowmeter SLS1500: 'float' object is not subscriptable. Raw output nan
WARNING: 19:34:17 - main_pipeline.interpreter:  Encountered exception in validating flowmeter SLS1500: 'float' object is not subscriptable. Raw output nan
WARNING: 19:34:17 - main_pipeline.interpreter:  Encountered exception in validating flowmeter SLS1500: 'float' object is not subscriptable. Raw output nan
WARNING: 19:34:17 - main_pipeline.interpreter:  Encountered exception in validating flowmeter SLS1500: 'float' object is not subscriptable. Raw output nan
WARNING: 19:34:17 - main_pipeline.interpreter:  Encountered exception in validating flowmeter SLS1500: 'float' object is not subscriptable. Raw output nan
WARNING: 19:34:17 - main_pipeline.interpreter:  Encountered exception in validating flowmeter SLS1500: 'float' object is not subscriptable. Raw output nan
WARNING: 19:34:17 - main_pipeline.interpreter:  Encountered exception in validating flowmeter SLS1500: 'float' object is not subscriptable. Raw output nan
WARNING: 19:34:17 - main_pipeline.interpreter:  Encountered exception in validating flowmeter SLS1500: 'float' object is not subscriptable. Raw output nan
WARNING: 19:34:17 - main_pipeline.interpreter:  Encountered exception in validating flowmeter SLS1500: 'float' object is not subscriptable. Raw output nan
WARNING: 19:34:17 - main_pipeline.interpreter:  Encountered exception in validating flowmeter SLS1500: 'float' object is not subscriptable. Raw output nan
WARNING: 19:34:17 - main_pipeline.interpreter:  Encountered exception in validating flowmeter SLS1500: 'float' object is not subscriptable. Raw output nan
WARNING: 19:34:17 - main_pipeline.interpreter:  Encountered exception in validating flowmeter SLS1500: 'float' object is not subscriptable. Raw output nan
WARNING: 19:34:17 - main_pipeline.interpreter:  Encountered exception in validating flowmeter SLS1500: 'float' object is not subscriptable. Raw output nan
INFO: 19:34:22 - main_pipeline.sensor:  Shutting down sensors
INFO: 19:34:22 - sensor_interfaces.sim_instruments:  Abakus measurements stopped
INFO: 19:34:22 - sensor_interfaces.sim_instruments:  Dimetix laser turned off
INFO: 19:34:22 - main_pipeline.sensor:  Finished shutting down sensors
INFO: 19:35:11 - main_pipeline.sensor:  Couldn't find Picarro at port /dev/ttyUSB0, shadowing sensor calls with substitute functions
WARNING: 19:35:11 - main_pipeline.sensor:  Couldn't find Abakus at port /dev/ttyUSB0, shadowing sensor calls with substitute functions
WARNING: 19:35:11 - main_pipeline.sensor:  Couldn't find Flowmeter at port /dev/ttyUSB0 and /dev/ttyUSB0, shadowing sensor calls with substitute functions
WARNING: 19:35:11 - main_pipeline.sensor:  Couldn't find Dimetix laser at port /dev/ttyUSB0, shadowing sensor calls with substitute functions
WARNING: 19:35:11 - main_pipeline.sensor:  Couldn't find Bronkhorst at port /dev/ttyUSB0, shadowing sensor calls with substitute functions
INFO: 19:35:11 - sensor_interfaces.sim_instruments:  Fake hardware, pretending to use serial port /dev/ttyUSB0 with baud 38400
INFO: 19:35:11 - sensor_interfaces.sim_instruments:  Fake hardware, pretending to use serial port /dev/ttyUSB0 with baud 115200
INFO: 19:35:11 - sensor_interfaces.sim_instruments:  Fake hardware, pretending to use serial port /dev/ttyUSB0 with baud 115200
INFO: 19:35:11 - sensor_interfaces.sim_instruments:  Fake hardware, pretending to use serial port /dev/ttyUSB0 with baud 19200
INFO: 19:35:11 - sensor_interfaces.sim_instruments:  Fake hardware, pretending to use serial port /dev/ttyUSB0 with baud 19200
INFO: 19:35:11 - sensor_interfaces.sim_instruments:  Fake hardware, pretending to use serial port /dev/ttyUSB0 with baud 38400
INFO: 19:35:11 - main_pipeline.sensor:  Sensor class initiated
INFO: 19:35:11 - main_pipeline.interpreter:  Interpreter class initiated
INFO: 19:35:11 - main_pipeline.writer:  Display class initiated
INFO: 19:35:15 - main_pipeline.sensor:  Initializing sensors
INFO: 19:35:15 - sensor_interfaces.sim_instruments:  Initializing Abakus
INFO: 19:35:15 - sensor_interfaces.sim_instruments:  Abakus initialized
INFO: 19:35:15 - sensor_interfaces.sim_instruments:  Initializing Picarro
INFO: 19:35:15 - sensor_interfaces.sim_instruments:  Initialized Picarro
INFO: 19:35:15 - sensor_interfaces.sim_instruments:  Initializing Dimetix laser
INFO: 19:35:15 - sensor_interfaces.sim_instruments:  Laser initialized
INFO: 19:35:15 - sensor_interfaces.sim_instruments:  Initializing Bronkhorst
INFO: 19:35:15 - sensor_interfaces.sim_instruments:  Bronkhorst initialized
INFO: 19:35:15 - sensor_interfaces.sim_instruments:  Initializing Flowmeter
INFO: 19:35:15 - sensor_interfaces.sim_instruments:  Flowmeter sli2000 initialized
INFO: 19:35:15 - sensor_interfaces.sim_instruments:  Initializing Flowmeter
INFO: 19:35:15 - sensor_interfaces.sim_instruments:  Flowmeter sls1500 initialized
INFO: 19:35:15 - main_pipeline.sensor:  Finished initializing sensors
WARNING: 19:35:16 - main_pipeline.interpreter:  Encountered exception in validating flowmeter SLI2000: string index out of range. Raw output nan
WARNING: 19:35:16 - main_pipeline.interpreter:  Encountered exception in validating flowmeter SLI2000: string index out of range. Raw output nan
WARNING: 19:35:16 - main_pipeline.interpreter:  Encountered exception in validating flowmeter SLI2000: string index out of range. Raw output nan
WARNING: 19:35:16 - main_pipeline.interpreter:  Encountered exception in validating flowmeter SLI2000: string index out of range. Raw output nan
WARNING: 19:35:16 - main_pipeline.interpreter:  Encountered exception in validating flowmeter SLI2000: string index out of range. Raw output nan
WARNING: 19:35:16 - main_pipeline.interpreter:  Encountered exception in validating flowmeter SLI2000: string index out of range. Raw output nan
WARNING: 19:35:16 - main_pipeline.interpreter:  Encountered exception in validating flowmeter SLI2000: string index out of range. Raw output nan
WARNING: 19:35:16 - main_pipeline.interpreter:  Encountered exception in validating flowmeter SLI2000: string index out of range. Raw output nan
WARNING: 19:35:16 - main_pipeline.interpreter:  Encountered exception in validating flowmeter SLI2000: string index out of range. Raw output nan
WARNING: 19:35:16 - main_pipeline.interpreter:  Encountered exception in validating flowmeter SLI2000: string index out of range. Raw output nan
WARNING: 19:35:16 - main_pipeline.interpreter:  Encountered exception in validating flowmeter SLI2000: string index out of range. Raw output nan
WARNING: 19:35:16 - main_pipeline.interpreter:  Encountered exception in validating flowmeter SLI2000: string index out of range. Raw output nan
WARNING: 19:35:16 - main_pipeline.interpreter:  Encountered exception in validating flowmeter SLI2000: string index out of range. Raw output nan
WARNING: 19:35:16 - main_pipeline.interpreter:  Encountered exception in validating flowmeter SLI2000: string index out of range. Raw output nan
WARNING: 19:35:16 - main_pipeline.interpreter:  Encountered exception in validating flowmeter SLI2000: string index out of range. Raw output nan
WARNING: 19:35:16 - main_pipeline.interpreter:  Encountered exception in validating flowmeter SLS1500: string index out of range. Raw output nan
WARNING: 19:35:16 - main_pipeline.interpreter:  Encountered exception in validating flowmeter SLS1500: string index out of range. Raw output nan
WARNING: 19:35:16 - main_pipeline.interpreter:  Encountered exception in validating flowmeter SLS1500: string index out of range. Raw output nan
WARNING: 19:35:16 - main_pipeline.interpreter:  Encountered exception in validating flowmeter SLS1500: string index out of range. Raw output nan
WARNING: 19:35:16 - main_pipeline.interpreter:  Encountered exception in validating flowmeter SLS1500: string index out of range. Raw output nan
WARNING: 19:35:16 - main_pipeline.interpreter:  Encountered exception in validating flowmeter SLS1500: string index out of range. Raw output nan
WARNING: 19:35:16 - main_pipeline.interpreter:  Encountered exception in validating flowmeter SLS1500: string index out of range. Raw output nan
WARNING: 19:35:16 - main_pipeline.interpreter:  Encountered exception in validating flowmeter SLS1500: string index out of range. Raw output nan
WARNING: 19:35:16 - main_pipeline.interpreter:  Encountered exception in validating flowmeter SLS1500: string index out of range. Raw output nan
WARNING: 19:35:16 - main_pipeline.interpreter:  Encountered exception in validating flowmeter SLS1500: string index out of range. Raw output nan
WARNING: 19:35:16 - main_pipeline.interpreter:  Encountered exception in validating flowmeter SLS1500: string index out of range. Raw output nan
WARNING: 19:35:16 - main_pipeline.interpreter:  Encountered exception in validating flowmeter SLS1500: string index out of range. Raw output nan
WARNING: 19:35:16 - main_pipeline.interpreter:  Encountered exception in validating flowmeter SLS1500: string index out of range. Raw output nan
WARNING: 19:35:16 - main_pipeline.interpreter:  Encountered exception in validating flowmeter SLS1500: string index out of range. Raw output nan
WARNING: 19:35:16 - main_pipeline.interpreter:  Encountered exception in validating flowmeter SLS1500: string index out of range. Raw output nan
WARNING: 19:35:16 - __main__:  Error updating the Picarro Gas buffer timestamp: 'NoneType' object is not subscriptable
WARNING: 19:35:16 - __main__:  Error updating the Picarro Gas buffer data: 'NoneType' object is not subscriptable
WARNING: 19:35:16 - __main__:  Error updating the Picarro Gas buffer data: 'NoneType' object is not subscriptable
WARNING: 19:35:16 - __main__:  Error updating the Picarro Gas buffer data: 'NoneType' object is not subscriptable
WARNING: 19:35:16 - __main__:  Error updating the Picarro Gas buffer data: 'NoneType' object is not subscriptable
WARNING: 19:35:16 - __main__:  Error updating the Laser Distance Sensor buffer timestamp: 'NoneType' object is not subscriptable
WARNING: 19:35:16 - __main__:  Error updating the Laser Distance Sensor buffer data: 'NoneType' object is not subscriptable
WARNING: 19:35:16 - __main__:  Error updating the Laser Distance Sensor buffer data: 'NoneType' object is not subscriptable
WARNING: 19:35:16 - __main__:  Error updating the Abakus Particle Counter buffer timestamp: 'NoneType' object is not subscriptable
WARNING: 19:35:16 - __main__:  Error updating the Abakus Particle Counter buffer data: 'NoneType' object is not subscriptable
WARNING: 19:35:16 - __main__:  Error updating the Flowmeter buffer timestamp: 'NoneType' object is not subscriptable
WARNING: 19:35:16 - __main__:  Error updating the Flowmeter buffer data: 'NoneType' object is not subscriptable
WARNING: 19:35:16 - __main__:  Error updating the Flowmeter buffer data: 'NoneType' object is not subscriptable
WARNING: 19:35:16 - __main__:  Error updating the Bronkhorst Pressure buffer timestamp: 'NoneType' object is not subscriptable
WARNING: 19:35:16 - __main__:  Error updating the Bronkhorst Pressure buffer data: 'NoneType' object is not subscriptable
WARNING: 19:35:16 - __main__:  Error updating the Bronkhorst Pressure buffer data: 'NoneType' object is not subscriptable
WARNING: 19:35:16 - __main__:  Error updating the Bronkhorst Pressure buffer data: 'NoneType' object is not subscriptable
WARNING: 19:35:16 - __main__:  Error updating the Bronkhorst Pressure buffer data: 'NoneType' object is not subscriptable
WARNING: 19:35:17 - main_pipeline.interpreter:  Encountered exception in validating flowmeter SLI2000: string index out of range. Raw output nan
WARNING: 19:35:17 - main_pipeline.interpreter:  Encountered exception in validating flowmeter SLI2000: string index out of range. Raw output nan
WARNING: 19:35:17 - main_pipeline.interpreter:  Encountered exception in validating flowmeter SLI2000: string index out of range. Raw output nan
WARNING: 19:35:17 - main_pipeline.interpreter:  Encountered exception in validating flowmeter SLI2000: string index out of range. Raw output nan
WARNING: 19:35:17 - main_pipeline.interpreter:  Encountered exception in validating flowmeter SLI2000: string index out of range. Raw output nan
WARNING: 19:35:17 - main_pipeline.interpreter:  Encountered exception in validating flowmeter SLI2000: string index out of range. Raw output nan
WARNING: 19:35:17 - main_pipeline.interpreter:  Encountered exception in validating flowmeter SLI2000: string index out of range. Raw output nan
WARNING: 19:35:17 - main_pipeline.interpreter:  Encountered exception in validating flowmeter SLI2000: string index out of range. Raw output nan
WARNING: 19:35:17 - main_pipeline.interpreter:  Encountered exception in validating flowmeter SLI2000: string index out of range. Raw output nan
WARNING: 19:35:17 - main_pipeline.interpreter:  Encountered exception in validating flowmeter SLI2000: string index out of range. Raw output nan
WARNING: 19:35:17 - main_pipeline.interpreter:  Encountered exception in validating flowmeter SLI2000: string index out of range. Raw output nan
WARNING: 19:35:17 - main_pipeline.interpreter:  Encountered exception in validating flowmeter SLI2000: string index out of range. Raw output nan
WARNING: 19:35:17 - main_pipeline.interpreter:  Encountered exception in validating flowmeter SLI2000: string index out of range. Raw output nan
WARNING: 19:35:17 - main_pipeline.interpreter:  Encountered exception in validating flowmeter SLI2000: string index out of range. Raw output nan
WARNING: 19:35:17 - main_pipeline.interpreter:  Encountered exception in validating flowmeter SLI2000: string index out of range. Raw output nan
WARNING: 19:35:17 - main_pipeline.interpreter:  Encountered exception in validating flowmeter SLS1500: string index out of range. Raw output nan
WARNING: 19:35:17 - main_pipeline.interpreter:  Encountered exception in validating flowmeter SLS1500: string index out of range. Raw output nan
WARNING: 19:35:17 - main_pipeline.interpreter:  Encountered exception in validating flowmeter SLS1500: string index out of range. Raw output nan
WARNING: 19:35:17 - main_pipeline.interpreter:  Encountered exception in validating flowmeter SLS1500: string index out of range. Raw output nan
WARNING: 19:35:17 - main_pipeline.interpreter:  Encountered exception in validating flowmeter SLS1500: string index out of range. Raw output nan
WARNING: 19:35:17 - main_pipeline.interpreter:  Encountered exception in validating flowmeter SLS1500: string index out of range. Raw output nan
WARNING: 19:35:17 - main_pipeline.interpreter:  Encountered exception in validating flowmeter SLS1500: string index out of range. Raw output nan
WARNING: 19:35:17 - main_pipeline.interpreter:  Encountered exception in validating flowmeter SLS1500: string index out of range. Raw output nan
WARNING: 19:35:17 - main_pipeline.interpreter:  Encountered exception in validating flowmeter SLS1500: string index out of range. Raw output nan
WARNING: 19:35:17 - main_pipeline.interpreter:  Encountered exception in validating flowmeter SLS1500: string index out of range. Raw output nan
WARNING: 19:35:17 - main_pipeline.interpreter:  Encountered exception in validating flowmeter SLS1500: string index out of range. Raw output nan
WARNING: 19:35:17 - main_pipeline.interpreter:  Encountered exception in validating flowmeter SLS1500: string index out of range. Raw output nan
WARNING: 19:35:17 - main_pipeline.interpreter:  Encountered exception in validating flowmeter SLS1500: string index out of range. Raw output nan
WARNING: 19:35:17 - main_pipeline.interpreter:  Encountered exception in validating flowmeter SLS1500: string index out of range. Raw output nan
WARNING: 19:35:17 - main_pipeline.interpreter:  Encountered exception in validating flowmeter SLS1500: string index out of range. Raw output nan
WARNING: 19:35:18 - main_pipeline.interpreter:  Encountered exception in validating flowmeter SLI2000: string index out of range. Raw output nan
WARNING: 19:35:18 - main_pipeline.interpreter:  Encountered exception in validating flowmeter SLI2000: string index out of range. Raw output nan
WARNING: 19:35:18 - main_pipeline.interpreter:  Encountered exception in validating flowmeter SLI2000: string index out of range. Raw output nan
WARNING: 19:35:18 - main_pipeline.interpreter:  Encountered exception in validating flowmeter SLI2000: string index out of range. Raw output nan
WARNING: 19:35:18 - main_pipeline.interpreter:  Encountered exception in validating flowmeter SLI2000: string index out of range. Raw output nan
WARNING: 19:35:18 - main_pipeline.interpreter:  Encountered exception in validating flowmeter SLI2000: string index out of range. Raw output nan
WARNING: 19:35:18 - main_pipeline.interpreter:  Encountered exception in validating flowmeter SLI2000: string index out of range. Raw output nan
WARNING: 19:35:18 - main_pipeline.interpreter:  Encountered exception in validating flowmeter SLI2000: string index out of range. Raw output nan
WARNING: 19:35:18 - main_pipeline.interpreter:  Encountered exception in validating flowmeter SLI2000: string index out of range. Raw output nan
WARNING: 19:35:18 - main_pipeline.interpreter:  Encountered exception in validating flowmeter SLI2000: string index out of range. Raw output nan
WARNING: 19:35:18 - main_pipeline.interpreter:  Encountered exception in validating flowmeter SLI2000: string index out of range. Raw output nan
WARNING: 19:35:18 - main_pipeline.interpreter:  Encountered exception in validating flowmeter SLI2000: string index out of range. Raw output nan
WARNING: 19:35:18 - main_pipeline.interpreter:  Encountered exception in validating flowmeter SLI2000: string index out of range. Raw output nan
WARNING: 19:35:18 - main_pipeline.interpreter:  Encountered exception in validating flowmeter SLI2000: string index out of range. Raw output nan
WARNING: 19:35:18 - main_pipeline.interpreter:  Encountered exception in validating flowmeter SLI2000: string index out of range. Raw output nan
WARNING: 19:35:18 - main_pipeline.interpreter:  Encountered exception in validating flowmeter SLS1500: string index out of range. Raw output nan
WARNING: 19:35:18 - main_pipeline.interpreter:  Encountered exception in validating flowmeter SLS1500: string index out of range. Raw output nan
WARNING: 19:35:18 - main_pipeline.interpreter:  Encountered exception in validating flowmeter SLS1500: string index out of range. Raw output nan
WARNING: 19:35:18 - main_pipeline.interpreter:  Encountered exception in validating flowmeter SLS1500: string index out of range. Raw output nan
WARNING: 19:35:18 - main_pipeline.interpreter:  Encountered exception in validating flowmeter SLS1500: string index out of range. Raw output nan
WARNING: 19:35:18 - main_pipeline.interpreter:  Encountered exception in validating flowmeter SLS1500: string index out of range. Raw output nan
WARNING: 19:35:18 - main_pipeline.interpreter:  Encountered exception in validating flowmeter SLS1500: string index out of range. Raw output nan
WARNING: 19:35:18 - main_pipeline.interpreter:  Encountered exception in validating flowmeter SLS1500: string index out of range. Raw output nan
WARNING: 19:35:18 - main_pipeline.interpreter:  Encountered exception in validating flowmeter SLS1500: string index out of range. Raw output nan
WARNING: 19:35:18 - main_pipeline.interpreter:  Encountered exception in validating flowmeter SLS1500: string index out of range. Raw output nan
WARNING: 19:35:18 - main_pipeline.interpreter:  Encountered exception in validating flowmeter SLS1500: string index out of range. Raw output nan
WARNING: 19:35:18 - main_pipeline.interpreter:  Encountered exception in validating flowmeter SLS1500: string index out of range. Raw output nan
WARNING: 19:35:18 - main_pipeline.interpreter:  Encountered exception in validating flowmeter SLS1500: string index out of range. Raw output nan
WARNING: 19:35:18 - main_pipeline.interpreter:  Encountered exception in validating flowmeter SLS1500: string index out of range. Raw output nan
WARNING: 19:35:18 - main_pipeline.interpreter:  Encountered exception in validating flowmeter SLS1500: string index out of range. Raw output nan
WARNING: 19:35:19 - main_pipeline.interpreter:  Encountered exception in validating flowmeter SLI2000: string index out of range. Raw output nan
WARNING: 19:35:19 - main_pipeline.interpreter:  Encountered exception in validating flowmeter SLI2000: string index out of range. Raw output nan
WARNING: 19:35:19 - main_pipeline.interpreter:  Encountered exception in validating flowmeter SLI2000: string index out of range. Raw output nan
WARNING: 19:35:19 - main_pipeline.interpreter:  Encountered exception in validating flowmeter SLI2000: string index out of range. Raw output nan
WARNING: 19:35:19 - main_pipeline.interpreter:  Encountered exception in validating flowmeter SLI2000: string index out of range. Raw output nan
WARNING: 19:35:19 - main_pipeline.interpreter:  Encountered exception in validating flowmeter SLI2000: string index out of range. Raw output nan
WARNING: 19:35:19 - main_pipeline.interpreter:  Encountered exception in validating flowmeter SLI2000: string index out of range. Raw output nan
WARNING: 19:35:19 - main_pipeline.interpreter:  Encountered exception in validating flowmeter SLI2000: string index out of range. Raw output nan
WARNING: 19:35:19 - main_pipeline.interpreter:  Encountered exception in validating flowmeter SLI2000: string index out of range. Raw output nan
WARNING: 19:35:19 - main_pipeline.interpreter:  Encountered exception in validating flowmeter SLI2000: string index out of range. Raw output nan
WARNING: 19:35:19 - main_pipeline.interpreter:  Encountered exception in validating flowmeter SLI2000: string index out of range. Raw output nan
WARNING: 19:35:19 - main_pipeline.interpreter:  Encountered exception in validating flowmeter SLI2000: string index out of range. Raw output nan
WARNING: 19:35:19 - main_pipeline.interpreter:  Encountered exception in validating flowmeter SLI2000: string index out of range. Raw output nan
WARNING: 19:35:19 - main_pipeline.interpreter:  Encountered exception in validating flowmeter SLI2000: string index out of range. Raw output nan
WARNING: 19:35:19 - main_pipeline.interpreter:  Encountered exception in validating flowmeter SLI2000: string index out of range. Raw output nan
WARNING: 19:35:19 - main_pipeline.interpreter:  Encountered exception in validating flowmeter SLS1500: string index out of range. Raw output nan
WARNING: 19:35:19 - main_pipeline.interpreter:  Encountered exception in validating flowmeter SLS1500: string index out of range. Raw output nan
WARNING: 19:35:19 - main_pipeline.interpreter:  Encountered exception in validating flowmeter SLS1500: string index out of range. Raw output nan
WARNING: 19:35:19 - main_pipeline.interpreter:  Encountered exception in validating flowmeter SLS1500: string index out of range. Raw output nan
WARNING: 19:35:19 - main_pipeline.interpreter:  Encountered exception in validating flowmeter SLS1500: string index out of range. Raw output nan
WARNING: 19:35:19 - main_pipeline.interpreter:  Encountered exception in validating flowmeter SLS1500: string index out of range. Raw output nan
WARNING: 19:35:19 - main_pipeline.interpreter:  Encountered exception in validating flowmeter SLS1500: string index out of range. Raw output nan
WARNING: 19:35:19 - main_pipeline.interpreter:  Encountered exception in validating flowmeter SLS1500: string index out of range. Raw output nan
WARNING: 19:35:19 - main_pipeline.interpreter:  Encountered exception in validating flowmeter SLS1500: string index out of range. Raw output nan
WARNING: 19:35:19 - main_pipeline.interpreter:  Encountered exception in validating flowmeter SLS1500: string index out of range. Raw output nan
WARNING: 19:35:19 - main_pipeline.interpreter:  Encountered exception in validating flowmeter SLS1500: string index out of range. Raw output nan
WARNING: 19:35:19 - main_pipeline.interpreter:  Encountered exception in validating flowmeter SLS1500: string index out of range. Raw output nan
WARNING: 19:35:19 - main_pipeline.interpreter:  Encountered exception in validating flowmeter SLS1500: string index out of range. Raw output nan
WARNING: 19:35:19 - main_pipeline.interpreter:  Encountered exception in validating flowmeter SLS1500: string index out of range. Raw output nan
WARNING: 19:35:19 - main_pipeline.interpreter:  Encountered exception in validating flowmeter SLS1500: string index out of range. Raw output nan
WARNING: 19:35:20 - main_pipeline.interpreter:  Encountered exception in validating flowmeter SLI2000: string index out of range. Raw output nan
WARNING: 19:35:20 - main_pipeline.interpreter:  Encountered exception in validating flowmeter SLI2000: string index out of range. Raw output nan
WARNING: 19:35:20 - main_pipeline.interpreter:  Encountered exception in validating flowmeter SLI2000: string index out of range. Raw output nan
WARNING: 19:35:20 - main_pipeline.interpreter:  Encountered exception in validating flowmeter SLI2000: string index out of range. Raw output nan
WARNING: 19:35:20 - main_pipeline.interpreter:  Encountered exception in validating flowmeter SLI2000: string index out of range. Raw output nan
WARNING: 19:35:20 - main_pipeline.interpreter:  Encountered exception in validating flowmeter SLI2000: string index out of range. Raw output nan
WARNING: 19:35:20 - main_pipeline.interpreter:  Encountered exception in validating flowmeter SLI2000: string index out of range. Raw output nan
WARNING: 19:35:20 - main_pipeline.interpreter:  Encountered exception in validating flowmeter SLI2000: string index out of range. Raw output nan
WARNING: 19:35:20 - main_pipeline.interpreter:  Encountered exception in validating flowmeter SLI2000: string index out of range. Raw output nan
WARNING: 19:35:20 - main_pipeline.interpreter:  Encountered exception in validating flowmeter SLI2000: string index out of range. Raw output nan
WARNING: 19:35:20 - main_pipeline.interpreter:  Encountered exception in validating flowmeter SLI2000: string index out of range. Raw output nan
WARNING: 19:35:20 - main_pipeline.interpreter:  Encountered exception in validating flowmeter SLI2000: string index out of range. Raw output nan
WARNING: 19:35:20 - main_pipeline.interpreter:  Encountered exception in validating flowmeter SLI2000: string index out of range. Raw output nan
WARNING: 19:35:20 - main_pipeline.interpreter:  Encountered exception in validating flowmeter SLI2000: string index out of range. Raw output nan
WARNING: 19:35:20 - main_pipeline.interpreter:  Encountered exception in validating flowmeter SLI2000: string index out of range. Raw output nan
WARNING: 19:35:20 - main_pipeline.interpreter:  Encountered exception in validating flowmeter SLS1500: string index out of range. Raw output nan
WARNING: 19:35:20 - main_pipeline.interpreter:  Encountered exception in validating flowmeter SLS1500: string index out of range. Raw output nan
WARNING: 19:35:20 - main_pipeline.interpreter:  Encountered exception in validating flowmeter SLS1500: string index out of range. Raw output nan
WARNING: 19:35:20 - main_pipeline.interpreter:  Encountered exception in validating flowmeter SLS1500: string index out of range. Raw output nan
WARNING: 19:35:20 - main_pipeline.interpreter:  Encountered exception in validating flowmeter SLS1500: string index out of range. Raw output nan
WARNING: 19:35:20 - main_pipeline.interpreter:  Encountered exception in validating flowmeter SLS1500: string index out of range. Raw output nan
WARNING: 19:35:20 - main_pipeline.interpreter:  Encountered exception in validating flowmeter SLS1500: string index out of range. Raw output nan
WARNING: 19:35:20 - main_pipeline.interpreter:  Encountered exception in validating flowmeter SLS1500: string index out of range. Raw output nan
WARNING: 19:35:20 - main_pipeline.interpreter:  Encountered exception in validating flowmeter SLS1500: string index out of range. Raw output nan
WARNING: 19:35:20 - main_pipeline.interpreter:  Encountered exception in validating flowmeter SLS1500: string index out of range. Raw output nan
WARNING: 19:35:20 - main_pipeline.interpreter:  Encountered exception in validating flowmeter SLS1500: string index out of range. Raw output nan
WARNING: 19:35:20 - main_pipeline.interpreter:  Encountered exception in validating flowmeter SLS1500: string index out of range. Raw output nan
WARNING: 19:35:20 - main_pipeline.interpreter:  Encountered exception in validating flowmeter SLS1500: string index out of range. Raw output nan
WARNING: 19:35:20 - main_pipeline.interpreter:  Encountered exception in validating flowmeter SLS1500: string index out of range. Raw output nan
WARNING: 19:35:20 - main_pipeline.interpreter:  Encountered exception in validating flowmeter SLS1500: string index out of range. Raw output nan
WARNING: 19:35:21 - main_pipeline.interpreter:  Encountered exception in validating flowmeter SLI2000: string index out of range. Raw output nan
WARNING: 19:35:21 - main_pipeline.interpreter:  Encountered exception in validating flowmeter SLI2000: string index out of range. Raw output nan
WARNING: 19:35:21 - main_pipeline.interpreter:  Encountered exception in validating flowmeter SLI2000: string index out of range. Raw output nan
WARNING: 19:35:21 - main_pipeline.interpreter:  Encountered exception in validating flowmeter SLI2000: string index out of range. Raw output nan
WARNING: 19:35:21 - main_pipeline.interpreter:  Encountered exception in validating flowmeter SLI2000: string index out of range. Raw output nan
WARNING: 19:35:21 - main_pipeline.interpreter:  Encountered exception in validating flowmeter SLI2000: string index out of range. Raw output nan
WARNING: 19:35:21 - main_pipeline.interpreter:  Encountered exception in validating flowmeter SLI2000: string index out of range. Raw output nan
WARNING: 19:35:21 - main_pipeline.interpreter:  Encountered exception in validating flowmeter SLI2000: string index out of range. Raw output nan
WARNING: 19:35:21 - main_pipeline.interpreter:  Encountered exception in validating flowmeter SLI2000: string index out of range. Raw output nan
WARNING: 19:35:21 - main_pipeline.interpreter:  Encountered exception in validating flowmeter SLI2000: string index out of range. Raw output nan
WARNING: 19:35:21 - main_pipeline.interpreter:  Encountered exception in validating flowmeter SLI2000: string index out of range. Raw output nan
WARNING: 19:35:21 - main_pipeline.interpreter:  Encountered exception in validating flowmeter SLI2000: string index out of range. Raw output nan
WARNING: 19:35:21 - main_pipeline.interpreter:  Encountered exception in validating flowmeter SLI2000: string index out of range. Raw output nan
WARNING: 19:35:21 - main_pipeline.interpreter:  Encountered exception in validating flowmeter SLI2000: string index out of range. Raw output nan
WARNING: 19:35:21 - main_pipeline.interpreter:  Encountered exception in validating flowmeter SLI2000: string index out of range. Raw output nan
WARNING: 19:35:21 - main_pipeline.interpreter:  Encountered exception in validating flowmeter SLS1500: string index out of range. Raw output nan
WARNING: 19:35:21 - main_pipeline.interpreter:  Encountered exception in validating flowmeter SLS1500: string index out of range. Raw output nan
WARNING: 19:35:21 - main_pipeline.interpreter:  Encountered exception in validating flowmeter SLS1500: string index out of range. Raw output nan
WARNING: 19:35:21 - main_pipeline.interpreter:  Encountered exception in validating flowmeter SLS1500: string index out of range. Raw output nan
WARNING: 19:35:21 - main_pipeline.interpreter:  Encountered exception in validating flowmeter SLS1500: string index out of range. Raw output nan
WARNING: 19:35:21 - main_pipeline.interpreter:  Encountered exception in validating flowmeter SLS1500: string index out of range. Raw output nan
WARNING: 19:35:21 - main_pipeline.interpreter:  Encountered exception in validating flowmeter SLS1500: string index out of range. Raw output nan
WARNING: 19:35:21 - main_pipeline.interpreter:  Encountered exception in validating flowmeter SLS1500: string index out of range. Raw output nan
WARNING: 19:35:21 - main_pipeline.interpreter:  Encountered exception in validating flowmeter SLS1500: string index out of range. Raw output nan
WARNING: 19:35:21 - main_pipeline.interpreter:  Encountered exception in validating flowmeter SLS1500: string index out of range. Raw output nan
WARNING: 19:35:21 - main_pipeline.interpreter:  Encountered exception in validating flowmeter SLS1500: string index out of range. Raw output nan
WARNING: 19:35:21 - main_pipeline.interpreter:  Encountered exception in validating flowmeter SLS1500: string index out of range. Raw output nan
WARNING: 19:35:21 - main_pipeline.interpreter:  Encountered exception in validating flowmeter SLS1500: string index out of range. Raw output nan
WARNING: 19:35:21 - main_pipeline.interpreter:  Encountered exception in validating flowmeter SLS1500: string index out of range. Raw output nan
WARNING: 19:35:21 - main_pipeline.interpreter:  Encountered exception in validating flowmeter SLS1500: string index out of range. Raw output nan
WARNING: 19:35:22 - main_pipeline.interpreter:  Encountered exception in validating flowmeter SLI2000: string index out of range. Raw output nan
WARNING: 19:35:22 - main_pipeline.interpreter:  Encountered exception in validating flowmeter SLI2000: string index out of range. Raw output nan
WARNING: 19:35:22 - main_pipeline.interpreter:  Encountered exception in validating flowmeter SLI2000: string index out of range. Raw output nan
WARNING: 19:35:22 - main_pipeline.interpreter:  Encountered exception in validating flowmeter SLI2000: string index out of range. Raw output nan
WARNING: 19:35:22 - main_pipeline.interpreter:  Encountered exception in validating flowmeter SLI2000: string index out of range. Raw output nan
WARNING: 19:35:22 - main_pipeline.interpreter:  Encountered exception in validating flowmeter SLI2000: string index out of range. Raw output nan
WARNING: 19:35:22 - main_pipeline.interpreter:  Encountered exception in validating flowmeter SLI2000: string index out of range. Raw output nan
WARNING: 19:35:22 - main_pipeline.interpreter:  Encountered exception in validating flowmeter SLI2000: string index out of range. Raw output nan
WARNING: 19:35:22 - main_pipeline.interpreter:  Encountered exception in validating flowmeter SLI2000: string index out of range. Raw output nan
WARNING: 19:35:22 - main_pipeline.interpreter:  Encountered exception in validating flowmeter SLI2000: string index out of range. Raw output nan
WARNING: 19:35:22 - main_pipeline.interpreter:  Encountered exception in validating flowmeter SLI2000: string index out of range. Raw output nan
WARNING: 19:35:22 - main_pipeline.interpreter:  Encountered exception in validating flowmeter SLI2000: string index out of range. Raw output nan
WARNING: 19:35:22 - main_pipeline.interpreter:  Encountered exception in validating flowmeter SLI2000: string index out of range. Raw output nan
WARNING: 19:35:22 - main_pipeline.interpreter:  Encountered exception in validating flowmeter SLI2000: string index out of range. Raw output nan
WARNING: 19:35:22 - main_pipeline.interpreter:  Encountered exception in validating flowmeter SLI2000: string index out of range. Raw output nan
WARNING: 19:35:22 - main_pipeline.interpreter:  Encountered exception in validating flowmeter SLS1500: string index out of range. Raw output nan
WARNING: 19:35:22 - main_pipeline.interpreter:  Encountered exception in validating flowmeter SLS1500: string index out of range. Raw output nan
WARNING: 19:35:22 - main_pipeline.interpreter:  Encountered exception in validating flowmeter SLS1500: string index out of range. Raw output nan
WARNING: 19:35:22 - main_pipeline.interpreter:  Encountered exception in validating flowmeter SLS1500: string index out of range. Raw output nan
WARNING: 19:35:22 - main_pipeline.interpreter:  Encountered exception in validating flowmeter SLS1500: string index out of range. Raw output nan
WARNING: 19:35:22 - main_pipeline.interpreter:  Encountered exception in validating flowmeter SLS1500: string index out of range. Raw output nan
WARNING: 19:35:22 - main_pipeline.interpreter:  Encountered exception in validating flowmeter SLS1500: string index out of range. Raw output nan
WARNING: 19:35:22 - main_pipeline.interpreter:  Encountered exception in validating flowmeter SLS1500: string index out of range. Raw output nan
WARNING: 19:35:22 - main_pipeline.interpreter:  Encountered exception in validating flowmeter SLS1500: string index out of range. Raw output nan
WARNING: 19:35:22 - main_pipeline.interpreter:  Encountered exception in validating flowmeter SLS1500: string index out of range. Raw output nan
WARNING: 19:35:22 - main_pipeline.interpreter:  Encountered exception in validating flowmeter SLS1500: string index out of range. Raw output nan
WARNING: 19:35:22 - main_pipeline.interpreter:  Encountered exception in validating flowmeter SLS1500: string index out of range. Raw output nan
WARNING: 19:35:22 - main_pipeline.interpreter:  Encountered exception in validating flowmeter SLS1500: string index out of range. Raw output nan
WARNING: 19:35:22 - main_pipeline.interpreter:  Encountered exception in validating flowmeter SLS1500: string index out of range. Raw output nan
WARNING: 19:35:22 - main_pipeline.interpreter:  Encountered exception in validating flowmeter SLS1500: string index out of range. Raw output nan
WARNING: 19:35:23 - main_pipeline.interpreter:  Encountered exception in validating flowmeter SLI2000: string index out of range. Raw output nan
WARNING: 19:35:23 - main_pipeline.interpreter:  Encountered exception in validating flowmeter SLI2000: string index out of range. Raw output nan
WARNING: 19:35:23 - main_pipeline.interpreter:  Encountered exception in validating flowmeter SLI2000: string index out of range. Raw output nan
WARNING: 19:35:23 - main_pipeline.interpreter:  Encountered exception in validating flowmeter SLI2000: string index out of range. Raw output nan
WARNING: 19:35:23 - main_pipeline.interpreter:  Encountered exception in validating flowmeter SLI2000: string index out of range. Raw output nan
WARNING: 19:35:23 - main_pipeline.interpreter:  Encountered exception in validating flowmeter SLI2000: string index out of range. Raw output nan
WARNING: 19:35:23 - main_pipeline.interpreter:  Encountered exception in validating flowmeter SLI2000: string index out of range. Raw output nan
WARNING: 19:35:23 - main_pipeline.interpreter:  Encountered exception in validating flowmeter SLI2000: string index out of range. Raw output nan
WARNING: 19:35:23 - main_pipeline.interpreter:  Encountered exception in validating flowmeter SLI2000: string index out of range. Raw output nan
WARNING: 19:35:23 - main_pipeline.interpreter:  Encountered exception in validating flowmeter SLI2000: string index out of range. Raw output nan
WARNING: 19:35:23 - main_pipeline.interpreter:  Encountered exception in validating flowmeter SLI2000: string index out of range. Raw output nan
WARNING: 19:35:23 - main_pipeline.interpreter:  Encountered exception in validating flowmeter SLI2000: string index out of range. Raw output nan
WARNING: 19:35:23 - main_pipeline.interpreter:  Encountered exception in validating flowmeter SLI2000: string index out of range. Raw output nan
WARNING: 19:35:23 - main_pipeline.interpreter:  Encountered exception in validating flowmeter SLI2000: string index out of range. Raw output nan
WARNING: 19:35:23 - main_pipeline.interpreter:  Encountered exception in validating flowmeter SLI2000: string index out of range. Raw output nan
WARNING: 19:35:23 - main_pipeline.interpreter:  Encountered exception in validating flowmeter SLS1500: string index out of range. Raw output nan
WARNING: 19:35:23 - main_pipeline.interpreter:  Encountered exception in validating flowmeter SLS1500: string index out of range. Raw output nan
WARNING: 19:35:23 - main_pipeline.interpreter:  Encountered exception in validating flowmeter SLS1500: string index out of range. Raw output nan
WARNING: 19:35:23 - main_pipeline.interpreter:  Encountered exception in validating flowmeter SLS1500: string index out of range. Raw output nan
WARNING: 19:35:23 - main_pipeline.interpreter:  Encountered exception in validating flowmeter SLS1500: string index out of range. Raw output nan
WARNING: 19:35:23 - main_pipeline.interpreter:  Encountered exception in validating flowmeter SLS1500: string index out of range. Raw output nan
WARNING: 19:35:23 - main_pipeline.interpreter:  Encountered exception in validating flowmeter SLS1500: string index out of range. Raw output nan
WARNING: 19:35:23 - main_pipeline.interpreter:  Encountered exception in validating flowmeter SLS1500: string index out of range. Raw output nan
WARNING: 19:35:23 - main_pipeline.interpreter:  Encountered exception in validating flowmeter SLS1500: string index out of range. Raw output nan
WARNING: 19:35:23 - main_pipeline.interpreter:  Encountered exception in validating flowmeter SLS1500: string index out of range. Raw output nan
WARNING: 19:35:23 - main_pipeline.interpreter:  Encountered exception in validating flowmeter SLS1500: string index out of range. Raw output nan
WARNING: 19:35:23 - main_pipeline.interpreter:  Encountered exception in validating flowmeter SLS1500: string index out of range. Raw output nan
WARNING: 19:35:23 - main_pipeline.interpreter:  Encountered exception in validating flowmeter SLS1500: string index out of range. Raw output nan
WARNING: 19:35:23 - main_pipeline.interpreter:  Encountered exception in validating flowmeter SLS1500: string index out of range. Raw output nan
WARNING: 19:35:23 - main_pipeline.interpreter:  Encountered exception in validating flowmeter SLS1500: string index out of range. Raw output nan
WARNING: 19:35:24 - main_pipeline.interpreter:  Encountered exception in validating flowmeter SLI2000: string index out of range. Raw output nan
WARNING: 19:35:24 - main_pipeline.interpreter:  Encountered exception in validating flowmeter SLI2000: string index out of range. Raw output nan
WARNING: 19:35:24 - main_pipeline.interpreter:  Encountered exception in validating flowmeter SLI2000: string index out of range. Raw output nan
WARNING: 19:35:24 - main_pipeline.interpreter:  Encountered exception in validating flowmeter SLI2000: string index out of range. Raw output nan
WARNING: 19:35:24 - main_pipeline.interpreter:  Encountered exception in validating flowmeter SLI2000: string index out of range. Raw output nan
WARNING: 19:35:24 - main_pipeline.interpreter:  Encountered exception in validating flowmeter SLI2000: string index out of range. Raw output nan
WARNING: 19:35:24 - main_pipeline.interpreter:  Encountered exception in validating flowmeter SLI2000: string index out of range. Raw output nan
WARNING: 19:35:24 - main_pipeline.interpreter:  Encountered exception in validating flowmeter SLI2000: string index out of range. Raw output nan
WARNING: 19:35:24 - main_pipeline.interpreter:  Encountered exception in validating flowmeter SLI2000: string index out of range. Raw output nan
WARNING: 19:35:24 - main_pipeline.interpreter:  Encountered exception in validating flowmeter SLI2000: string index out of range. Raw output nan
WARNING: 19:35:24 - main_pipeline.interpreter:  Encountered exception in validating flowmeter SLI2000: string index out of range. Raw output nan
WARNING: 19:35:24 - main_pipeline.interpreter:  Encountered exception in validating flowmeter SLI2000: string index out of range. Raw output nan
WARNING: 19:35:24 - main_pipeline.interpreter:  Encountered exception in validating flowmeter SLI2000: string index out of range. Raw output nan
WARNING: 19:35:24 - main_pipeline.interpreter:  Encountered exception in validating flowmeter SLI2000: string index out of range. Raw output nan
WARNING: 19:35:24 - main_pipeline.interpreter:  Encountered exception in validating flowmeter SLI2000: string index out of range. Raw output nan
WARNING: 19:35:24 - main_pipeline.interpreter:  Encountered exception in validating flowmeter SLS1500: string index out of range. Raw output nan
WARNING: 19:35:24 - main_pipeline.interpreter:  Encountered exception in validating flowmeter SLS1500: string index out of range. Raw output nan
WARNING: 19:35:24 - main_pipeline.interpreter:  Encountered exception in validating flowmeter SLS1500: string index out of range. Raw output nan
WARNING: 19:35:24 - main_pipeline.interpreter:  Encountered exception in validating flowmeter SLS1500: string index out of range. Raw output nan
WARNING: 19:35:24 - main_pipeline.interpreter:  Encountered exception in validating flowmeter SLS1500: string index out of range. Raw output nan
WARNING: 19:35:24 - main_pipeline.interpreter:  Encountered exception in validating flowmeter SLS1500: string index out of range. Raw output nan
WARNING: 19:35:24 - main_pipeline.interpreter:  Encountered exception in validating flowmeter SLS1500: string index out of range. Raw output nan
WARNING: 19:35:24 - main_pipeline.interpreter:  Encountered exception in validating flowmeter SLS1500: string index out of range. Raw output nan
WARNING: 19:35:24 - main_pipeline.interpreter:  Encountered exception in validating flowmeter SLS1500: string index out of range. Raw output nan
WARNING: 19:35:24 - main_pipeline.interpreter:  Encountered exception in validating flowmeter SLS1500: string index out of range. Raw output nan
WARNING: 19:35:24 - main_pipeline.interpreter:  Encountered exception in validating flowmeter SLS1500: string index out of range. Raw output nan
WARNING: 19:35:24 - main_pipeline.interpreter:  Encountered exception in validating flowmeter SLS1500: string index out of range. Raw output nan
WARNING: 19:35:24 - main_pipeline.interpreter:  Encountered exception in validating flowmeter SLS1500: string index out of range. Raw output nan
WARNING: 19:35:24 - main_pipeline.interpreter:  Encountered exception in validating flowmeter SLS1500: string index out of range. Raw output nan
WARNING: 19:35:24 - main_pipeline.interpreter:  Encountered exception in validating flowmeter SLS1500: string index out of range. Raw output nan
WARNING: 19:35:25 - main_pipeline.interpreter:  Encountered exception in validating flowmeter SLI2000: string index out of range. Raw output nan
WARNING: 19:35:25 - main_pipeline.interpreter:  Encountered exception in validating flowmeter SLI2000: string index out of range. Raw output nan
WARNING: 19:35:25 - main_pipeline.interpreter:  Encountered exception in validating flowmeter SLI2000: string index out of range. Raw output nan
WARNING: 19:35:25 - main_pipeline.interpreter:  Encountered exception in validating flowmeter SLI2000: string index out of range. Raw output nan
WARNING: 19:35:25 - main_pipeline.interpreter:  Encountered exception in validating flowmeter SLI2000: string index out of range. Raw output nan
WARNING: 19:35:25 - main_pipeline.interpreter:  Encountered exception in validating flowmeter SLI2000: string index out of range. Raw output nan
WARNING: 19:35:25 - main_pipeline.interpreter:  Encountered exception in validating flowmeter SLI2000: string index out of range. Raw output nan
WARNING: 19:35:25 - main_pipeline.interpreter:  Encountered exception in validating flowmeter SLI2000: string index out of range. Raw output nan
WARNING: 19:35:25 - main_pipeline.interpreter:  Encountered exception in validating flowmeter SLI2000: string index out of range. Raw output nan
WARNING: 19:35:25 - main_pipeline.interpreter:  Encountered exception in validating flowmeter SLI2000: string index out of range. Raw output nan
WARNING: 19:35:25 - main_pipeline.interpreter:  Encountered exception in validating flowmeter SLI2000: string index out of range. Raw output nan
WARNING: 19:35:25 - main_pipeline.interpreter:  Encountered exception in validating flowmeter SLI2000: string index out of range. Raw output nan
WARNING: 19:35:25 - main_pipeline.interpreter:  Encountered exception in validating flowmeter SLI2000: string index out of range. Raw output nan
WARNING: 19:35:25 - main_pipeline.interpreter:  Encountered exception in validating flowmeter SLI2000: string index out of range. Raw output nan
WARNING: 19:35:25 - main_pipeline.interpreter:  Encountered exception in validating flowmeter SLI2000: string index out of range. Raw output nan
WARNING: 19:35:25 - main_pipeline.interpreter:  Encountered exception in validating flowmeter SLS1500: string index out of range. Raw output nan
WARNING: 19:35:25 - main_pipeline.interpreter:  Encountered exception in validating flowmeter SLS1500: string index out of range. Raw output nan
WARNING: 19:35:25 - main_pipeline.interpreter:  Encountered exception in validating flowmeter SLS1500: string index out of range. Raw output nan
WARNING: 19:35:25 - main_pipeline.interpreter:  Encountered exception in validating flowmeter SLS1500: string index out of range. Raw output nan
WARNING: 19:35:25 - main_pipeline.interpreter:  Encountered exception in validating flowmeter SLS1500: string index out of range. Raw output nan
WARNING: 19:35:25 - main_pipeline.interpreter:  Encountered exception in validating flowmeter SLS1500: string index out of range. Raw output nan
WARNING: 19:35:25 - main_pipeline.interpreter:  Encountered exception in validating flowmeter SLS1500: string index out of range. Raw output nan
WARNING: 19:35:25 - main_pipeline.interpreter:  Encountered exception in validating flowmeter SLS1500: string index out of range. Raw output nan
WARNING: 19:35:25 - main_pipeline.interpreter:  Encountered exception in validating flowmeter SLS1500: string index out of range. Raw output nan
WARNING: 19:35:25 - main_pipeline.interpreter:  Encountered exception in validating flowmeter SLS1500: string index out of range. Raw output nan
WARNING: 19:35:25 - main_pipeline.interpreter:  Encountered exception in validating flowmeter SLS1500: string index out of range. Raw output nan
WARNING: 19:35:25 - main_pipeline.interpreter:  Encountered exception in validating flowmeter SLS1500: string index out of range. Raw output nan
WARNING: 19:35:25 - main_pipeline.interpreter:  Encountered exception in validating flowmeter SLS1500: string index out of range. Raw output nan
WARNING: 19:35:25 - main_pipeline.interpreter:  Encountered exception in validating flowmeter SLS1500: string index out of range. Raw output nan
WARNING: 19:35:25 - main_pipeline.interpreter:  Encountered exception in validating flowmeter SLS1500: string index out of range. Raw output nan
WARNING: 19:35:26 - main_pipeline.interpreter:  Encountered exception in validating flowmeter SLI2000: string index out of range. Raw output nan
WARNING: 19:35:26 - main_pipeline.interpreter:  Encountered exception in validating flowmeter SLI2000: string index out of range. Raw output nan
WARNING: 19:35:26 - main_pipeline.interpreter:  Encountered exception in validating flowmeter SLI2000: string index out of range. Raw output nan
WARNING: 19:35:26 - main_pipeline.interpreter:  Encountered exception in validating flowmeter SLI2000: string index out of range. Raw output nan
WARNING: 19:35:26 - main_pipeline.interpreter:  Encountered exception in validating flowmeter SLI2000: string index out of range. Raw output nan
WARNING: 19:35:26 - main_pipeline.interpreter:  Encountered exception in validating flowmeter SLI2000: string index out of range. Raw output nan
WARNING: 19:35:26 - main_pipeline.interpreter:  Encountered exception in validating flowmeter SLI2000: string index out of range. Raw output nan
WARNING: 19:35:26 - main_pipeline.interpreter:  Encountered exception in validating flowmeter SLI2000: string index out of range. Raw output nan
WARNING: 19:35:26 - main_pipeline.interpreter:  Encountered exception in validating flowmeter SLI2000: string index out of range. Raw output nan
WARNING: 19:35:26 - main_pipeline.interpreter:  Encountered exception in validating flowmeter SLI2000: string index out of range. Raw output nan
WARNING: 19:35:26 - main_pipeline.interpreter:  Encountered exception in validating flowmeter SLI2000: string index out of range. Raw output nan
WARNING: 19:35:26 - main_pipeline.interpreter:  Encountered exception in validating flowmeter SLI2000: string index out of range. Raw output nan
WARNING: 19:35:26 - main_pipeline.interpreter:  Encountered exception in validating flowmeter SLI2000: string index out of range. Raw output nan
WARNING: 19:35:26 - main_pipeline.interpreter:  Encountered exception in validating flowmeter SLI2000: string index out of range. Raw output nan
WARNING: 19:35:26 - main_pipeline.interpreter:  Encountered exception in validating flowmeter SLI2000: string index out of range. Raw output nan
WARNING: 19:35:26 - main_pipeline.interpreter:  Encountered exception in validating flowmeter SLS1500: string index out of range. Raw output nan
WARNING: 19:35:26 - main_pipeline.interpreter:  Encountered exception in validating flowmeter SLS1500: string index out of range. Raw output nan
WARNING: 19:35:26 - main_pipeline.interpreter:  Encountered exception in validating flowmeter SLS1500: string index out of range. Raw output nan
WARNING: 19:35:26 - main_pipeline.interpreter:  Encountered exception in validating flowmeter SLS1500: string index out of range. Raw output nan
WARNING: 19:35:26 - main_pipeline.interpreter:  Encountered exception in validating flowmeter SLS1500: string index out of range. Raw output nan
WARNING: 19:35:26 - main_pipeline.interpreter:  Encountered exception in validating flowmeter SLS1500: string index out of range. Raw output nan
WARNING: 19:35:26 - main_pipeline.interpreter:  Encountered exception in validating flowmeter SLS1500: string index out of range. Raw output nan
WARNING: 19:35:26 - main_pipeline.interpreter:  Encountered exception in validating flowmeter SLS1500: string index out of range. Raw output nan
WARNING: 19:35:26 - main_pipeline.interpreter:  Encountered exception in validating flowmeter SLS1500: string index out of range. Raw output nan
WARNING: 19:35:26 - main_pipeline.interpreter:  Encountered exception in validating flowmeter SLS1500: string index out of range. Raw output nan
WARNING: 19:35:26 - main_pipeline.interpreter:  Encountered exception in validating flowmeter SLS1500: string index out of range. Raw output nan
WARNING: 19:35:26 - main_pipeline.interpreter:  Encountered exception in validating flowmeter SLS1500: string index out of range. Raw output nan
WARNING: 19:35:26 - main_pipeline.interpreter:  Encountered exception in validating flowmeter SLS1500: string index out of range. Raw output nan
WARNING: 19:35:26 - main_pipeline.interpreter:  Encountered exception in validating flowmeter SLS1500: string index out of range. Raw output nan
WARNING: 19:35:26 - main_pipeline.interpreter:  Encountered exception in validating flowmeter SLS1500: string index out of range. Raw output nan
WARNING: 19:35:27 - main_pipeline.interpreter:  Encountered exception in validating flowmeter SLI2000: string index out of range. Raw output nan
WARNING: 19:35:27 - main_pipeline.interpreter:  Encountered exception in validating flowmeter SLI2000: string index out of range. Raw output nan
WARNING: 19:35:27 - main_pipeline.interpreter:  Encountered exception in validating flowmeter SLI2000: string index out of range. Raw output nan
WARNING: 19:35:27 - main_pipeline.interpreter:  Encountered exception in validating flowmeter SLI2000: string index out of range. Raw output nan
WARNING: 19:35:27 - main_pipeline.interpreter:  Encountered exception in validating flowmeter SLI2000: string index out of range. Raw output nan
WARNING: 19:35:27 - main_pipeline.interpreter:  Encountered exception in validating flowmeter SLI2000: string index out of range. Raw output nan
WARNING: 19:35:27 - main_pipeline.interpreter:  Encountered exception in validating flowmeter SLI2000: string index out of range. Raw output nan
WARNING: 19:35:27 - main_pipeline.interpreter:  Encountered exception in validating flowmeter SLI2000: string index out of range. Raw output nan
WARNING: 19:35:27 - main_pipeline.interpreter:  Encountered exception in validating flowmeter SLI2000: string index out of range. Raw output nan
WARNING: 19:35:27 - main_pipeline.interpreter:  Encountered exception in validating flowmeter SLI2000: string index out of range. Raw output nan
WARNING: 19:35:27 - main_pipeline.interpreter:  Encountered exception in validating flowmeter SLI2000: string index out of range. Raw output nan
WARNING: 19:35:27 - main_pipeline.interpreter:  Encountered exception in validating flowmeter SLI2000: string index out of range. Raw output nan
WARNING: 19:35:27 - main_pipeline.interpreter:  Encountered exception in validating flowmeter SLI2000: string index out of range. Raw output nan
WARNING: 19:35:27 - main_pipeline.interpreter:  Encountered exception in validating flowmeter SLI2000: string index out of range. Raw output nan
WARNING: 19:35:27 - main_pipeline.interpreter:  Encountered exception in validating flowmeter SLI2000: string index out of range. Raw output nan
WARNING: 19:35:27 - main_pipeline.interpreter:  Encountered exception in validating flowmeter SLS1500: string index out of range. Raw output nan
WARNING: 19:35:27 - main_pipeline.interpreter:  Encountered exception in validating flowmeter SLS1500: string index out of range. Raw output nan
WARNING: 19:35:27 - main_pipeline.interpreter:  Encountered exception in validating flowmeter SLS1500: string index out of range. Raw output nan
WARNING: 19:35:27 - main_pipeline.interpreter:  Encountered exception in validating flowmeter SLS1500: string index out of range. Raw output nan
WARNING: 19:35:27 - main_pipeline.interpreter:  Encountered exception in validating flowmeter SLS1500: string index out of range. Raw output nan
WARNING: 19:35:27 - main_pipeline.interpreter:  Encountered exception in validating flowmeter SLS1500: string index out of range. Raw output nan
WARNING: 19:35:27 - main_pipeline.interpreter:  Encountered exception in validating flowmeter SLS1500: string index out of range. Raw output nan
WARNING: 19:35:27 - main_pipeline.interpreter:  Encountered exception in validating flowmeter SLS1500: string index out of range. Raw output nan
WARNING: 19:35:27 - main_pipeline.interpreter:  Encountered exception in validating flowmeter SLS1500: string index out of range. Raw output nan
WARNING: 19:35:27 - main_pipeline.interpreter:  Encountered exception in validating flowmeter SLS1500: string index out of range. Raw output nan
WARNING: 19:35:27 - main_pipeline.interpreter:  Encountered exception in validating flowmeter SLS1500: string index out of range. Raw output nan
WARNING: 19:35:27 - main_pipeline.interpreter:  Encountered exception in validating flowmeter SLS1500: string index out of range. Raw output nan
WARNING: 19:35:27 - main_pipeline.interpreter:  Encountered exception in validating flowmeter SLS1500: string index out of range. Raw output nan
WARNING: 19:35:27 - main_pipeline.interpreter:  Encountered exception in validating flowmeter SLS1500: string index out of range. Raw output nan
WARNING: 19:35:27 - main_pipeline.interpreter:  Encountered exception in validating flowmeter SLS1500: string index out of range. Raw output nan
WARNING: 19:35:28 - main_pipeline.interpreter:  Encountered exception in validating flowmeter SLI2000: string index out of range. Raw output nan
WARNING: 19:35:28 - main_pipeline.interpreter:  Encountered exception in validating flowmeter SLI2000: string index out of range. Raw output nan
WARNING: 19:35:28 - main_pipeline.interpreter:  Encountered exception in validating flowmeter SLI2000: string index out of range. Raw output nan
WARNING: 19:35:28 - main_pipeline.interpreter:  Encountered exception in validating flowmeter SLI2000: string index out of range. Raw output nan
WARNING: 19:35:28 - main_pipeline.interpreter:  Encountered exception in validating flowmeter SLI2000: string index out of range. Raw output nan
WARNING: 19:35:28 - main_pipeline.interpreter:  Encountered exception in validating flowmeter SLI2000: string index out of range. Raw output nan
WARNING: 19:35:28 - main_pipeline.interpreter:  Encountered exception in validating flowmeter SLI2000: string index out of range. Raw output nan
WARNING: 19:35:28 - main_pipeline.interpreter:  Encountered exception in validating flowmeter SLI2000: string index out of range. Raw output nan
WARNING: 19:35:28 - main_pipeline.interpreter:  Encountered exception in validating flowmeter SLI2000: string index out of range. Raw output nan
WARNING: 19:35:28 - main_pipeline.interpreter:  Encountered exception in validating flowmeter SLI2000: string index out of range. Raw output nan
WARNING: 19:35:28 - main_pipeline.interpreter:  Encountered exception in validating flowmeter SLI2000: string index out of range. Raw output nan
WARNING: 19:35:28 - main_pipeline.interpreter:  Encountered exception in validating flowmeter SLI2000: string index out of range. Raw output nan
WARNING: 19:35:28 - main_pipeline.interpreter:  Encountered exception in validating flowmeter SLI2000: string index out of range. Raw output nan
WARNING: 19:35:28 - main_pipeline.interpreter:  Encountered exception in validating flowmeter SLI2000: string index out of range. Raw output nan
WARNING: 19:35:28 - main_pipeline.interpreter:  Encountered exception in validating flowmeter SLI2000: string index out of range. Raw output nan
WARNING: 19:35:28 - main_pipeline.interpreter:  Encountered exception in validating flowmeter SLS1500: string index out of range. Raw output nan
WARNING: 19:35:28 - main_pipeline.interpreter:  Encountered exception in validating flowmeter SLS1500: string index out of range. Raw output nan
WARNING: 19:35:28 - main_pipeline.interpreter:  Encountered exception in validating flowmeter SLS1500: string index out of range. Raw output nan
WARNING: 19:35:28 - main_pipeline.interpreter:  Encountered exception in validating flowmeter SLS1500: string index out of range. Raw output nan
WARNING: 19:35:28 - main_pipeline.interpreter:  Encountered exception in validating flowmeter SLS1500: string index out of range. Raw output nan
WARNING: 19:35:28 - main_pipeline.interpreter:  Encountered exception in validating flowmeter SLS1500: string index out of range. Raw output nan
WARNING: 19:35:28 - main_pipeline.interpreter:  Encountered exception in validating flowmeter SLS1500: string index out of range. Raw output nan
WARNING: 19:35:28 - main_pipeline.interpreter:  Encountered exception in validating flowmeter SLS1500: string index out of range. Raw output nan
WARNING: 19:35:28 - main_pipeline.interpreter:  Encountered exception in validating flowmeter SLS1500: string index out of range. Raw output nan
WARNING: 19:35:28 - main_pipeline.interpreter:  Encountered exception in validating flowmeter SLS1500: string index out of range. Raw output nan
WARNING: 19:35:28 - main_pipeline.interpreter:  Encountered exception in validating flowmeter SLS1500: string index out of range. Raw output nan
WARNING: 19:35:28 - main_pipeline.interpreter:  Encountered exception in validating flowmeter SLS1500: string index out of range. Raw output nan
WARNING: 19:35:28 - main_pipeline.interpreter:  Encountered exception in validating flowmeter SLS1500: string index out of range. Raw output nan
WARNING: 19:35:28 - main_pipeline.interpreter:  Encountered exception in validating flowmeter SLS1500: string index out of range. Raw output nan
WARNING: 19:35:28 - main_pipeline.interpreter:  Encountered exception in validating flowmeter SLS1500: string index out of range. Raw output nan
WARNING: 19:35:29 - main_pipeline.interpreter:  Encountered exception in validating flowmeter SLI2000: string index out of range. Raw output nan
WARNING: 19:35:29 - main_pipeline.interpreter:  Encountered exception in validating flowmeter SLI2000: string index out of range. Raw output nan
WARNING: 19:35:29 - main_pipeline.interpreter:  Encountered exception in validating flowmeter SLI2000: string index out of range. Raw output nan
WARNING: 19:35:29 - main_pipeline.interpreter:  Encountered exception in validating flowmeter SLI2000: string index out of range. Raw output nan
WARNING: 19:35:29 - main_pipeline.interpreter:  Encountered exception in validating flowmeter SLI2000: string index out of range. Raw output nan
WARNING: 19:35:29 - main_pipeline.interpreter:  Encountered exception in validating flowmeter SLI2000: string index out of range. Raw output nan
WARNING: 19:35:29 - main_pipeline.interpreter:  Encountered exception in validating flowmeter SLI2000: string index out of range. Raw output nan
WARNING: 19:35:29 - main_pipeline.interpreter:  Encountered exception in validating flowmeter SLI2000: string index out of range. Raw output nan
WARNING: 19:35:29 - main_pipeline.interpreter:  Encountered exception in validating flowmeter SLI2000: string index out of range. Raw output nan
WARNING: 19:35:29 - main_pipeline.interpreter:  Encountered exception in validating flowmeter SLI2000: string index out of range. Raw output nan
WARNING: 19:35:29 - main_pipeline.interpreter:  Encountered exception in validating flowmeter SLI2000: string index out of range. Raw output nan
WARNING: 19:35:29 - main_pipeline.interpreter:  Encountered exception in validating flowmeter SLI2000: string index out of range. Raw output nan
WARNING: 19:35:29 - main_pipeline.interpreter:  Encountered exception in validating flowmeter SLI2000: string index out of range. Raw output nan
WARNING: 19:35:29 - main_pipeline.interpreter:  Encountered exception in validating flowmeter SLI2000: string index out of range. Raw output nan
WARNING: 19:35:29 - main_pipeline.interpreter:  Encountered exception in validating flowmeter SLI2000: string index out of range. Raw output nan
WARNING: 19:35:29 - main_pipeline.interpreter:  Encountered exception in validating flowmeter SLS1500: string index out of range. Raw output nan
WARNING: 19:35:29 - main_pipeline.interpreter:  Encountered exception in validating flowmeter SLS1500: string index out of range. Raw output nan
WARNING: 19:35:29 - main_pipeline.interpreter:  Encountered exception in validating flowmeter SLS1500: string index out of range. Raw output nan
WARNING: 19:35:29 - main_pipeline.interpreter:  Encountered exception in validating flowmeter SLS1500: string index out of range. Raw output nan
WARNING: 19:35:29 - main_pipeline.interpreter:  Encountered exception in validating flowmeter SLS1500: string index out of range. Raw output nan
WARNING: 19:35:29 - main_pipeline.interpreter:  Encountered exception in validating flowmeter SLS1500: string index out of range. Raw output nan
WARNING: 19:35:29 - main_pipeline.interpreter:  Encountered exception in validating flowmeter SLS1500: string index out of range. Raw output nan
WARNING: 19:35:29 - main_pipeline.interpreter:  Encountered exception in validating flowmeter SLS1500: string index out of range. Raw output nan
WARNING: 19:35:29 - main_pipeline.interpreter:  Encountered exception in validating flowmeter SLS1500: string index out of range. Raw output nan
WARNING: 19:35:29 - main_pipeline.interpreter:  Encountered exception in validating flowmeter SLS1500: string index out of range. Raw output nan
WARNING: 19:35:29 - main_pipeline.interpreter:  Encountered exception in validating flowmeter SLS1500: string index out of range. Raw output nan
WARNING: 19:35:29 - main_pipeline.interpreter:  Encountered exception in validating flowmeter SLS1500: string index out of range. Raw output nan
WARNING: 19:35:29 - main_pipeline.interpreter:  Encountered exception in validating flowmeter SLS1500: string index out of range. Raw output nan
WARNING: 19:35:29 - main_pipeline.interpreter:  Encountered exception in validating flowmeter SLS1500: string index out of range. Raw output nan
WARNING: 19:35:29 - main_pipeline.interpreter:  Encountered exception in validating flowmeter SLS1500: string index out of range. Raw output nan
WARNING: 19:35:30 - main_pipeline.interpreter:  Encountered exception in validating flowmeter SLI2000: string index out of range. Raw output nan
WARNING: 19:35:30 - main_pipeline.interpreter:  Encountered exception in validating flowmeter SLI2000: string index out of range. Raw output nan
WARNING: 19:35:30 - main_pipeline.interpreter:  Encountered exception in validating flowmeter SLI2000: string index out of range. Raw output nan
WARNING: 19:35:30 - main_pipeline.interpreter:  Encountered exception in validating flowmeter SLI2000: string index out of range. Raw output nan
WARNING: 19:35:30 - main_pipeline.interpreter:  Encountered exception in validating flowmeter SLI2000: string index out of range. Raw output nan
WARNING: 19:35:30 - main_pipeline.interpreter:  Encountered exception in validating flowmeter SLI2000: string index out of range. Raw output nan
WARNING: 19:35:30 - main_pipeline.interpreter:  Encountered exception in validating flowmeter SLI2000: string index out of range. Raw output nan
WARNING: 19:35:30 - main_pipeline.interpreter:  Encountered exception in validating flowmeter SLI2000: string index out of range. Raw output nan
WARNING: 19:35:30 - main_pipeline.interpreter:  Encountered exception in validating flowmeter SLI2000: string index out of range. Raw output nan
WARNING: 19:35:30 - main_pipeline.interpreter:  Encountered exception in validating flowmeter SLI2000: string index out of range. Raw output nan
WARNING: 19:35:30 - main_pipeline.interpreter:  Encountered exception in validating flowmeter SLI2000: string index out of range. Raw output nan
WARNING: 19:35:30 - main_pipeline.interpreter:  Encountered exception in validating flowmeter SLI2000: string index out of range. Raw output nan
WARNING: 19:35:30 - main_pipeline.interpreter:  Encountered exception in validating flowmeter SLI2000: string index out of range. Raw output nan
WARNING: 19:35:30 - main_pipeline.interpreter:  Encountered exception in validating flowmeter SLI2000: string index out of range. Raw output nan
WARNING: 19:35:30 - main_pipeline.interpreter:  Encountered exception in validating flowmeter SLI2000: string index out of range. Raw output nan
WARNING: 19:35:30 - main_pipeline.interpreter:  Encountered exception in validating flowmeter SLS1500: string index out of range. Raw output nan
WARNING: 19:35:30 - main_pipeline.interpreter:  Encountered exception in validating flowmeter SLS1500: string index out of range. Raw output nan
WARNING: 19:35:30 - main_pipeline.interpreter:  Encountered exception in validating flowmeter SLS1500: string index out of range. Raw output nan
WARNING: 19:35:30 - main_pipeline.interpreter:  Encountered exception in validating flowmeter SLS1500: string index out of range. Raw output nan
WARNING: 19:35:30 - main_pipeline.interpreter:  Encountered exception in validating flowmeter SLS1500: string index out of range. Raw output nan
WARNING: 19:35:30 - main_pipeline.interpreter:  Encountered exception in validating flowmeter SLS1500: string index out of range. Raw output nan
WARNING: 19:35:30 - main_pipeline.interpreter:  Encountered exception in validating flowmeter SLS1500: string index out of range. Raw output nan
WARNING: 19:35:30 - main_pipeline.interpreter:  Encountered exception in validating flowmeter SLS1500: string index out of range. Raw output nan
WARNING: 19:35:30 - main_pipeline.interpreter:  Encountered exception in validating flowmeter SLS1500: string index out of range. Raw output nan
WARNING: 19:35:30 - main_pipeline.interpreter:  Encountered exception in validating flowmeter SLS1500: string index out of range. Raw output nan
WARNING: 19:35:30 - main_pipeline.interpreter:  Encountered exception in validating flowmeter SLS1500: string index out of range. Raw output nan
WARNING: 19:35:30 - main_pipeline.interpreter:  Encountered exception in validating flowmeter SLS1500: string index out of range. Raw output nan
WARNING: 19:35:30 - main_pipeline.interpreter:  Encountered exception in validating flowmeter SLS1500: string index out of range. Raw output nan
WARNING: 19:35:30 - main_pipeline.interpreter:  Encountered exception in validating flowmeter SLS1500: string index out of range. Raw output nan
WARNING: 19:35:30 - main_pipeline.interpreter:  Encountered exception in validating flowmeter SLS1500: string index out of range. Raw output nan
WARNING: 19:35:31 - main_pipeline.interpreter:  Encountered exception in validating flowmeter SLI2000: string index out of range. Raw output nan
WARNING: 19:35:31 - main_pipeline.interpreter:  Encountered exception in validating flowmeter SLI2000: string index out of range. Raw output nan
WARNING: 19:35:31 - main_pipeline.interpreter:  Encountered exception in validating flowmeter SLI2000: string index out of range. Raw output nan
WARNING: 19:35:31 - main_pipeline.interpreter:  Encountered exception in validating flowmeter SLI2000: string index out of range. Raw output nan
WARNING: 19:35:31 - main_pipeline.interpreter:  Encountered exception in validating flowmeter SLI2000: string index out of range. Raw output nan
WARNING: 19:35:31 - main_pipeline.interpreter:  Encountered exception in validating flowmeter SLI2000: string index out of range. Raw output nan
WARNING: 19:35:31 - main_pipeline.interpreter:  Encountered exception in validating flowmeter SLI2000: string index out of range. Raw output nan
WARNING: 19:35:31 - main_pipeline.interpreter:  Encountered exception in validating flowmeter SLI2000: string index out of range. Raw output nan
WARNING: 19:35:31 - main_pipeline.interpreter:  Encountered exception in validating flowmeter SLI2000: string index out of range. Raw output nan
WARNING: 19:35:31 - main_pipeline.interpreter:  Encountered exception in validating flowmeter SLI2000: string index out of range. Raw output nan
WARNING: 19:35:31 - main_pipeline.interpreter:  Encountered exception in validating flowmeter SLI2000: string index out of range. Raw output nan
WARNING: 19:35:31 - main_pipeline.interpreter:  Encountered exception in validating flowmeter SLI2000: string index out of range. Raw output nan
WARNING: 19:35:31 - main_pipeline.interpreter:  Encountered exception in validating flowmeter SLI2000: string index out of range. Raw output nan
WARNING: 19:35:31 - main_pipeline.interpreter:  Encountered exception in validating flowmeter SLI2000: string index out of range. Raw output nan
WARNING: 19:35:31 - main_pipeline.interpreter:  Encountered exception in validating flowmeter SLI2000: string index out of range. Raw output nan
WARNING: 19:35:31 - main_pipeline.interpreter:  Encountered exception in validating flowmeter SLS1500: string index out of range. Raw output nan
WARNING: 19:35:31 - main_pipeline.interpreter:  Encountered exception in validating flowmeter SLS1500: string index out of range. Raw output nan
WARNING: 19:35:31 - main_pipeline.interpreter:  Encountered exception in validating flowmeter SLS1500: string index out of range. Raw output nan
WARNING: 19:35:31 - main_pipeline.interpreter:  Encountered exception in validating flowmeter SLS1500: string index out of range. Raw output nan
WARNING: 19:35:31 - main_pipeline.interpreter:  Encountered exception in validating flowmeter SLS1500: string index out of range. Raw output nan
WARNING: 19:35:31 - main_pipeline.interpreter:  Encountered exception in validating flowmeter SLS1500: string index out of range. Raw output nan
WARNING: 19:35:31 - main_pipeline.interpreter:  Encountered exception in validating flowmeter SLS1500: string index out of range. Raw output nan
WARNING: 19:35:31 - main_pipeline.interpreter:  Encountered exception in validating flowmeter SLS1500: string index out of range. Raw output nan
WARNING: 19:35:31 - main_pipeline.interpreter:  Encountered exception in validating flowmeter SLS1500: string index out of range. Raw output nan
WARNING: 19:35:31 - main_pipeline.interpreter:  Encountered exception in validating flowmeter SLS1500: string index out of range. Raw output nan
WARNING: 19:35:31 - main_pipeline.interpreter:  Encountered exception in validating flowmeter SLS1500: string index out of range. Raw output nan
WARNING: 19:35:31 - main_pipeline.interpreter:  Encountered exception in validating flowmeter SLS1500: string index out of range. Raw output nan
WARNING: 19:35:31 - main_pipeline.interpreter:  Encountered exception in validating flowmeter SLS1500: string index out of range. Raw output nan
WARNING: 19:35:31 - main_pipeline.interpreter:  Encountered exception in validating flowmeter SLS1500: string index out of range. Raw output nan
WARNING: 19:35:31 - main_pipeline.interpreter:  Encountered exception in validating flowmeter SLS1500: string index out of range. Raw output nan
WARNING: 19:35:32 - main_pipeline.interpreter:  Encountered exception in validating flowmeter SLI2000: string index out of range. Raw output nan
WARNING: 19:35:32 - main_pipeline.interpreter:  Encountered exception in validating flowmeter SLI2000: string index out of range. Raw output nan
WARNING: 19:35:32 - main_pipeline.interpreter:  Encountered exception in validating flowmeter SLI2000: string index out of range. Raw output nan
WARNING: 19:35:32 - main_pipeline.interpreter:  Encountered exception in validating flowmeter SLI2000: string index out of range. Raw output nan
WARNING: 19:35:32 - main_pipeline.interpreter:  Encountered exception in validating flowmeter SLI2000: string index out of range. Raw output nan
WARNING: 19:35:32 - main_pipeline.interpreter:  Encountered exception in validating flowmeter SLI2000: string index out of range. Raw output nan
WARNING: 19:35:32 - main_pipeline.interpreter:  Encountered exception in validating flowmeter SLI2000: string index out of range. Raw output nan
WARNING: 19:35:32 - main_pipeline.interpreter:  Encountered exception in validating flowmeter SLI2000: string index out of range. Raw output nan
WARNING: 19:35:32 - main_pipeline.interpreter:  Encountered exception in validating flowmeter SLI2000: string index out of range. Raw output nan
WARNING: 19:35:32 - main_pipeline.interpreter:  Encountered exception in validating flowmeter SLI2000: string index out of range. Raw output nan
WARNING: 19:35:32 - main_pipeline.interpreter:  Encountered exception in validating flowmeter SLI2000: string index out of range. Raw output nan
WARNING: 19:35:32 - main_pipeline.interpreter:  Encountered exception in validating flowmeter SLI2000: string index out of range. Raw output nan
WARNING: 19:35:32 - main_pipeline.interpreter:  Encountered exception in validating flowmeter SLI2000: string index out of range. Raw output nan
WARNING: 19:35:32 - main_pipeline.interpreter:  Encountered exception in validating flowmeter SLI2000: string index out of range. Raw output nan
WARNING: 19:35:32 - main_pipeline.interpreter:  Encountered exception in validating flowmeter SLI2000: string index out of range. Raw output nan
WARNING: 19:35:32 - main_pipeline.interpreter:  Encountered exception in validating flowmeter SLS1500: string index out of range. Raw output nan
WARNING: 19:35:32 - main_pipeline.interpreter:  Encountered exception in validating flowmeter SLS1500: string index out of range. Raw output nan
WARNING: 19:35:32 - main_pipeline.interpreter:  Encountered exception in validating flowmeter SLS1500: string index out of range. Raw output nan
WARNING: 19:35:32 - main_pipeline.interpreter:  Encountered exception in validating flowmeter SLS1500: string index out of range. Raw output nan
WARNING: 19:35:32 - main_pipeline.interpreter:  Encountered exception in validating flowmeter SLS1500: string index out of range. Raw output nan
WARNING: 19:35:32 - main_pipeline.interpreter:  Encountered exception in validating flowmeter SLS1500: string index out of range. Raw output nan
WARNING: 19:35:32 - main_pipeline.interpreter:  Encountered exception in validating flowmeter SLS1500: string index out of range. Raw output nan
WARNING: 19:35:32 - main_pipeline.interpreter:  Encountered exception in validating flowmeter SLS1500: string index out of range. Raw output nan
WARNING: 19:35:32 - main_pipeline.interpreter:  Encountered exception in validating flowmeter SLS1500: string index out of range. Raw output nan
WARNING: 19:35:32 - main_pipeline.interpreter:  Encountered exception in validating flowmeter SLS1500: string index out of range. Raw output nan
WARNING: 19:35:32 - main_pipeline.interpreter:  Encountered exception in validating flowmeter SLS1500: string index out of range. Raw output nan
WARNING: 19:35:32 - main_pipeline.interpreter:  Encountered exception in validating flowmeter SLS1500: string index out of range. Raw output nan
WARNING: 19:35:32 - main_pipeline.interpreter:  Encountered exception in validating flowmeter SLS1500: string index out of range. Raw output nan
WARNING: 19:35:32 - main_pipeline.interpreter:  Encountered exception in validating flowmeter SLS1500: string index out of range. Raw output nan
WARNING: 19:35:32 - main_pipeline.interpreter:  Encountered exception in validating flowmeter SLS1500: string index out of range. Raw output nan
WARNING: 19:35:33 - main_pipeline.interpreter:  Encountered exception in validating flowmeter SLI2000: string index out of range. Raw output nan
WARNING: 19:35:33 - main_pipeline.interpreter:  Encountered exception in validating flowmeter SLI2000: string index out of range. Raw output nan
WARNING: 19:35:33 - main_pipeline.interpreter:  Encountered exception in validating flowmeter SLI2000: string index out of range. Raw output nan
WARNING: 19:35:33 - main_pipeline.interpreter:  Encountered exception in validating flowmeter SLI2000: string index out of range. Raw output nan
WARNING: 19:35:33 - main_pipeline.interpreter:  Encountered exception in validating flowmeter SLI2000: string index out of range. Raw output nan
WARNING: 19:35:33 - main_pipeline.interpreter:  Encountered exception in validating flowmeter SLI2000: string index out of range. Raw output nan
WARNING: 19:35:33 - main_pipeline.interpreter:  Encountered exception in validating flowmeter SLI2000: string index out of range. Raw output nan
WARNING: 19:35:33 - main_pipeline.interpreter:  Encountered exception in validating flowmeter SLI2000: string index out of range. Raw output nan
WARNING: 19:35:33 - main_pipeline.interpreter:  Encountered exception in validating flowmeter SLI2000: string index out of range. Raw output nan
WARNING: 19:35:33 - main_pipeline.interpreter:  Encountered exception in validating flowmeter SLI2000: string index out of range. Raw output nan
WARNING: 19:35:33 - main_pipeline.interpreter:  Encountered exception in validating flowmeter SLI2000: string index out of range. Raw output nan
WARNING: 19:35:33 - main_pipeline.interpreter:  Encountered exception in validating flowmeter SLI2000: string index out of range. Raw output nan
WARNING: 19:35:33 - main_pipeline.interpreter:  Encountered exception in validating flowmeter SLI2000: string index out of range. Raw output nan
WARNING: 19:35:33 - main_pipeline.interpreter:  Encountered exception in validating flowmeter SLI2000: string index out of range. Raw output nan
WARNING: 19:35:33 - main_pipeline.interpreter:  Encountered exception in validating flowmeter SLI2000: string index out of range. Raw output nan
WARNING: 19:35:33 - main_pipeline.interpreter:  Encountered exception in validating flowmeter SLS1500: string index out of range. Raw output nan
WARNING: 19:35:33 - main_pipeline.interpreter:  Encountered exception in validating flowmeter SLS1500: string index out of range. Raw output nan
WARNING: 19:35:33 - main_pipeline.interpreter:  Encountered exception in validating flowmeter SLS1500: string index out of range. Raw output nan
WARNING: 19:35:33 - main_pipeline.interpreter:  Encountered exception in validating flowmeter SLS1500: string index out of range. Raw output nan
WARNING: 19:35:33 - main_pipeline.interpreter:  Encountered exception in validating flowmeter SLS1500: string index out of range. Raw output nan
WARNING: 19:35:33 - main_pipeline.interpreter:  Encountered exception in validating flowmeter SLS1500: string index out of range. Raw output nan
WARNING: 19:35:33 - main_pipeline.interpreter:  Encountered exception in validating flowmeter SLS1500: string index out of range. Raw output nan
WARNING: 19:35:33 - main_pipeline.interpreter:  Encountered exception in validating flowmeter SLS1500: string index out of range. Raw output nan
WARNING: 19:35:33 - main_pipeline.interpreter:  Encountered exception in validating flowmeter SLS1500: string index out of range. Raw output nan
WARNING: 19:35:33 - main_pipeline.interpreter:  Encountered exception in validating flowmeter SLS1500: string index out of range. Raw output nan
WARNING: 19:35:33 - main_pipeline.interpreter:  Encountered exception in validating flowmeter SLS1500: string index out of range. Raw output nan
WARNING: 19:35:33 - main_pipeline.interpreter:  Encountered exception in validating flowmeter SLS1500: string index out of range. Raw output nan
WARNING: 19:35:33 - main_pipeline.interpreter:  Encountered exception in validating flowmeter SLS1500: string index out of range. Raw output nan
WARNING: 19:35:33 - main_pipeline.interpreter:  Encountered exception in validating flowmeter SLS1500: string index out of range. Raw output nan
WARNING: 19:35:33 - main_pipeline.interpreter:  Encountered exception in validating flowmeter SLS1500: string index out of range. Raw output nan
WARNING: 19:35:34 - main_pipeline.interpreter:  Encountered exception in validating flowmeter SLI2000: string index out of range. Raw output nan
WARNING: 19:35:34 - main_pipeline.interpreter:  Encountered exception in validating flowmeter SLI2000: string index out of range. Raw output nan
WARNING: 19:35:34 - main_pipeline.interpreter:  Encountered exception in validating flowmeter SLI2000: string index out of range. Raw output nan
WARNING: 19:35:34 - main_pipeline.interpreter:  Encountered exception in validating flowmeter SLI2000: string index out of range. Raw output nan
WARNING: 19:35:34 - main_pipeline.interpreter:  Encountered exception in validating flowmeter SLI2000: string index out of range. Raw output nan
WARNING: 19:35:34 - main_pipeline.interpreter:  Encountered exception in validating flowmeter SLI2000: string index out of range. Raw output nan
WARNING: 19:35:34 - main_pipeline.interpreter:  Encountered exception in validating flowmeter SLI2000: string index out of range. Raw output nan
WARNING: 19:35:34 - main_pipeline.interpreter:  Encountered exception in validating flowmeter SLI2000: string index out of range. Raw output nan
WARNING: 19:35:34 - main_pipeline.interpreter:  Encountered exception in validating flowmeter SLI2000: string index out of range. Raw output nan
WARNING: 19:35:34 - main_pipeline.interpreter:  Encountered exception in validating flowmeter SLI2000: string index out of range. Raw output nan
WARNING: 19:35:34 - main_pipeline.interpreter:  Encountered exception in validating flowmeter SLI2000: string index out of range. Raw output nan
WARNING: 19:35:34 - main_pipeline.interpreter:  Encountered exception in validating flowmeter SLI2000: string index out of range. Raw output nan
WARNING: 19:35:34 - main_pipeline.interpreter:  Encountered exception in validating flowmeter SLI2000: string index out of range. Raw output nan
WARNING: 19:35:34 - main_pipeline.interpreter:  Encountered exception in validating flowmeter SLI2000: string index out of range. Raw output nan
WARNING: 19:35:34 - main_pipeline.interpreter:  Encountered exception in validating flowmeter SLI2000: string index out of range. Raw output nan
WARNING: 19:35:34 - main_pipeline.interpreter:  Encountered exception in validating flowmeter SLS1500: string index out of range. Raw output nan
WARNING: 19:35:34 - main_pipeline.interpreter:  Encountered exception in validating flowmeter SLS1500: string index out of range. Raw output nan
WARNING: 19:35:34 - main_pipeline.interpreter:  Encountered exception in validating flowmeter SLS1500: string index out of range. Raw output nan
WARNING: 19:35:34 - main_pipeline.interpreter:  Encountered exception in validating flowmeter SLS1500: string index out of range. Raw output nan
WARNING: 19:35:34 - main_pipeline.interpreter:  Encountered exception in validating flowmeter SLS1500: string index out of range. Raw output nan
WARNING: 19:35:34 - main_pipeline.interpreter:  Encountered exception in validating flowmeter SLS1500: string index out of range. Raw output nan
WARNING: 19:35:34 - main_pipeline.interpreter:  Encountered exception in validating flowmeter SLS1500: string index out of range. Raw output nan
WARNING: 19:35:34 - main_pipeline.interpreter:  Encountered exception in validating flowmeter SLS1500: string index out of range. Raw output nan
WARNING: 19:35:34 - main_pipeline.interpreter:  Encountered exception in validating flowmeter SLS1500: string index out of range. Raw output nan
WARNING: 19:35:34 - main_pipeline.interpreter:  Encountered exception in validating flowmeter SLS1500: string index out of range. Raw output nan
WARNING: 19:35:34 - main_pipeline.interpreter:  Encountered exception in validating flowmeter SLS1500: string index out of range. Raw output nan
WARNING: 19:35:34 - main_pipeline.interpreter:  Encountered exception in validating flowmeter SLS1500: string index out of range. Raw output nan
WARNING: 19:35:34 - main_pipeline.interpreter:  Encountered exception in validating flowmeter SLS1500: string index out of range. Raw output nan
WARNING: 19:35:34 - main_pipeline.interpreter:  Encountered exception in validating flowmeter SLS1500: string index out of range. Raw output nan
WARNING: 19:35:34 - main_pipeline.interpreter:  Encountered exception in validating flowmeter SLS1500: string index out of range. Raw output nan
INFO: 19:35:38 - main_pipeline.sensor:  Shutting down sensors
INFO: 19:35:38 - sensor_interfaces.sim_instruments:  Abakus measurements stopped
INFO: 19:35:38 - sensor_interfaces.sim_instruments:  Dimetix laser turned off
INFO: 19:35:38 - main_pipeline.sensor:  Finished shutting down sensors
INFO: 19:37:04 - main_pipeline.sensor:  Couldn't find Picarro at port /dev/ttyUSB0, shadowing sensor calls with substitute functions
WARNING: 19:37:04 - main_pipeline.sensor:  Couldn't find Abakus at port /dev/ttyUSB0, shadowing sensor calls with substitute functions
WARNING: 19:37:04 - main_pipeline.sensor:  Couldn't find Flowmeter at port /dev/ttyUSB0 and /dev/ttyUSB0, shadowing sensor calls with substitute functions
WARNING: 19:37:04 - main_pipeline.sensor:  Couldn't find Dimetix laser at port /dev/ttyUSB0, shadowing sensor calls with substitute functions
WARNING: 19:37:04 - main_pipeline.sensor:  Couldn't find Bronkhorst at port /dev/ttyUSB0, shadowing sensor calls with substitute functions
INFO: 19:37:04 - sensor_interfaces.sim_instruments:  Fake hardware, pretending to use serial port /dev/ttyUSB0 with baud 38400
INFO: 19:37:04 - sensor_interfaces.sim_instruments:  Fake hardware, pretending to use serial port /dev/ttyUSB0 with baud 115200
INFO: 19:37:04 - sensor_interfaces.sim_instruments:  Fake hardware, pretending to use serial port /dev/ttyUSB0 with baud 115200
INFO: 19:37:04 - sensor_interfaces.sim_instruments:  Fake hardware, pretending to use serial port /dev/ttyUSB0 with baud 19200
INFO: 19:37:04 - sensor_interfaces.sim_instruments:  Fake hardware, pretending to use serial port /dev/ttyUSB0 with baud 19200
INFO: 19:37:04 - sensor_interfaces.sim_instruments:  Fake hardware, pretending to use serial port /dev/ttyUSB0 with baud 38400
INFO: 19:37:04 - main_pipeline.sensor:  Sensor class initiated
INFO: 19:37:04 - main_pipeline.interpreter:  Interpreter class initiated
INFO: 19:37:04 - main_pipeline.writer:  Display class initiated
INFO: 19:37:06 - main_pipeline.sensor:  Initializing sensors
INFO: 19:37:06 - sensor_interfaces.sim_instruments:  Initializing Abakus
INFO: 19:37:06 - sensor_interfaces.sim_instruments:  Abakus initialized
INFO: 19:37:06 - sensor_interfaces.sim_instruments:  Initializing Picarro
INFO: 19:37:06 - sensor_interfaces.sim_instruments:  Initialized Picarro
INFO: 19:37:06 - sensor_interfaces.sim_instruments:  Initializing Dimetix laser
INFO: 19:37:06 - sensor_interfaces.sim_instruments:  Laser initialized
INFO: 19:37:06 - sensor_interfaces.sim_instruments:  Initializing Bronkhorst
INFO: 19:37:06 - sensor_interfaces.sim_instruments:  Bronkhorst initialized
INFO: 19:37:06 - sensor_interfaces.sim_instruments:  Initializing Flowmeter
INFO: 19:37:06 - sensor_interfaces.sim_instruments:  Flowmeter sli2000 initialized
INFO: 19:37:06 - sensor_interfaces.sim_instruments:  Initializing Flowmeter
INFO: 19:37:06 - sensor_interfaces.sim_instruments:  Flowmeter sls1500 initialized
INFO: 19:37:06 - main_pipeline.sensor:  Finished initializing sensors
WARNING: 19:37:07 - __main__:  Error updating the Picarro Gas buffer timestamp: 'NoneType' object is not subscriptable
WARNING: 19:37:07 - __main__:  Error updating the Picarro Gas buffer data: 'NoneType' object is not subscriptable
WARNING: 19:37:07 - __main__:  Error updating the Picarro Gas buffer data: 'NoneType' object is not subscriptable
WARNING: 19:37:07 - __main__:  Error updating the Picarro Gas buffer data: 'NoneType' object is not subscriptable
WARNING: 19:37:07 - __main__:  Error updating the Picarro Gas buffer data: 'NoneType' object is not subscriptable
WARNING: 19:37:07 - __main__:  Error updating the Laser Distance Sensor buffer timestamp: 'NoneType' object is not subscriptable
WARNING: 19:37:07 - __main__:  Error updating the Laser Distance Sensor buffer data: 'NoneType' object is not subscriptable
WARNING: 19:37:07 - __main__:  Error updating the Laser Distance Sensor buffer data: 'NoneType' object is not subscriptable
WARNING: 19:37:07 - __main__:  Error updating the Abakus Particle Counter buffer timestamp: 'NoneType' object is not subscriptable
WARNING: 19:37:07 - __main__:  Error updating the Abakus Particle Counter buffer data: 'NoneType' object is not subscriptable
WARNING: 19:37:07 - __main__:  Error updating the Flowmeter buffer timestamp: 'NoneType' object is not subscriptable
WARNING: 19:37:07 - __main__:  Error updating the Flowmeter buffer data: 'NoneType' object is not subscriptable
WARNING: 19:37:07 - __main__:  Error updating the Flowmeter buffer data: 'NoneType' object is not subscriptable
WARNING: 19:37:07 - __main__:  Error updating the Bronkhorst Pressure buffer timestamp: 'NoneType' object is not subscriptable
WARNING: 19:37:07 - __main__:  Error updating the Bronkhorst Pressure buffer data: 'NoneType' object is not subscriptable
WARNING: 19:37:07 - __main__:  Error updating the Bronkhorst Pressure buffer data: 'NoneType' object is not subscriptable
WARNING: 19:37:07 - __main__:  Error updating the Bronkhorst Pressure buffer data: 'NoneType' object is not subscriptable
WARNING: 19:37:07 - __main__:  Error updating the Bronkhorst Pressure buffer data: 'NoneType' object is not subscriptable
WARNING: 19:37:08 - __main__:  Error updating the Picarro Gas buffer timestamp: 'NoneType' object is not subscriptable
WARNING: 19:37:08 - __main__:  Error updating the Picarro Gas buffer data: 'NoneType' object is not subscriptable
WARNING: 19:37:08 - __main__:  Error updating the Picarro Gas buffer data: 'NoneType' object is not subscriptable
WARNING: 19:37:08 - __main__:  Error updating the Picarro Gas buffer data: 'NoneType' object is not subscriptable
WARNING: 19:37:08 - __main__:  Error updating the Picarro Gas buffer data: 'NoneType' object is not subscriptable
WARNING: 19:37:08 - __main__:  Error updating the Laser Distance Sensor buffer timestamp: 'NoneType' object is not subscriptable
WARNING: 19:37:08 - __main__:  Error updating the Laser Distance Sensor buffer data: 'NoneType' object is not subscriptable
WARNING: 19:37:08 - __main__:  Error updating the Laser Distance Sensor buffer data: 'NoneType' object is not subscriptable
WARNING: 19:37:08 - __main__:  Error updating the Abakus Particle Counter buffer timestamp: 'NoneType' object is not subscriptable
WARNING: 19:37:08 - __main__:  Error updating the Abakus Particle Counter buffer data: 'NoneType' object is not subscriptable
WARNING: 19:37:08 - __main__:  Error updating the Flowmeter buffer timestamp: 'NoneType' object is not subscriptable
WARNING: 19:37:08 - __main__:  Error updating the Flowmeter buffer data: 'NoneType' object is not subscriptable
WARNING: 19:37:08 - __main__:  Error updating the Flowmeter buffer data: 'NoneType' object is not subscriptable
WARNING: 19:37:08 - __main__:  Error updating the Bronkhorst Pressure buffer timestamp: 'NoneType' object is not subscriptable
WARNING: 19:37:08 - __main__:  Error updating the Bronkhorst Pressure buffer data: 'NoneType' object is not subscriptable
WARNING: 19:37:08 - __main__:  Error updating the Bronkhorst Pressure buffer data: 'NoneType' object is not subscriptable
WARNING: 19:37:08 - __main__:  Error updating the Bronkhorst Pressure buffer data: 'NoneType' object is not subscriptable
WARNING: 19:37:08 - __main__:  Error updating the Bronkhorst Pressure buffer data: 'NoneType' object is not subscriptable
WARNING: 19:37:09 - __main__:  Error updating the Picarro Gas buffer timestamp: 'NoneType' object is not subscriptable
WARNING: 19:37:09 - __main__:  Error updating the Picarro Gas buffer data: 'NoneType' object is not subscriptable
WARNING: 19:37:09 - __main__:  Error updating the Picarro Gas buffer data: 'NoneType' object is not subscriptable
WARNING: 19:37:09 - __main__:  Error updating the Picarro Gas buffer data: 'NoneType' object is not subscriptable
WARNING: 19:37:09 - __main__:  Error updating the Picarro Gas buffer data: 'NoneType' object is not subscriptable
WARNING: 19:37:09 - __main__:  Error updating the Laser Distance Sensor buffer timestamp: 'NoneType' object is not subscriptable
WARNING: 19:37:09 - __main__:  Error updating the Laser Distance Sensor buffer data: 'NoneType' object is not subscriptable
WARNING: 19:37:09 - __main__:  Error updating the Laser Distance Sensor buffer data: 'NoneType' object is not subscriptable
WARNING: 19:37:09 - __main__:  Error updating the Abakus Particle Counter buffer timestamp: 'NoneType' object is not subscriptable
WARNING: 19:37:09 - __main__:  Error updating the Abakus Particle Counter buffer data: 'NoneType' object is not subscriptable
WARNING: 19:37:09 - __main__:  Error updating the Flowmeter buffer timestamp: 'NoneType' object is not subscriptable
WARNING: 19:37:09 - __main__:  Error updating the Flowmeter buffer data: 'NoneType' object is not subscriptable
WARNING: 19:37:09 - __main__:  Error updating the Flowmeter buffer data: 'NoneType' object is not subscriptable
WARNING: 19:37:09 - __main__:  Error updating the Bronkhorst Pressure buffer timestamp: 'NoneType' object is not subscriptable
WARNING: 19:37:09 - __main__:  Error updating the Bronkhorst Pressure buffer data: 'NoneType' object is not subscriptable
WARNING: 19:37:09 - __main__:  Error updating the Bronkhorst Pressure buffer data: 'NoneType' object is not subscriptable
WARNING: 19:37:09 - __main__:  Error updating the Bronkhorst Pressure buffer data: 'NoneType' object is not subscriptable
WARNING: 19:37:09 - __main__:  Error updating the Bronkhorst Pressure buffer data: 'NoneType' object is not subscriptable
WARNING: 19:37:10 - __main__:  Error updating the Picarro Gas buffer timestamp: 'NoneType' object is not subscriptable
WARNING: 19:37:10 - __main__:  Error updating the Picarro Gas buffer data: 'NoneType' object is not subscriptable
WARNING: 19:37:10 - __main__:  Error updating the Picarro Gas buffer data: 'NoneType' object is not subscriptable
WARNING: 19:37:10 - __main__:  Error updating the Picarro Gas buffer data: 'NoneType' object is not subscriptable
WARNING: 19:37:10 - __main__:  Error updating the Picarro Gas buffer data: 'NoneType' object is not subscriptable
WARNING: 19:37:10 - __main__:  Error updating the Laser Distance Sensor buffer timestamp: 'NoneType' object is not subscriptable
WARNING: 19:37:10 - __main__:  Error updating the Laser Distance Sensor buffer data: 'NoneType' object is not subscriptable
WARNING: 19:37:10 - __main__:  Error updating the Laser Distance Sensor buffer data: 'NoneType' object is not subscriptable
WARNING: 19:37:10 - __main__:  Error updating the Abakus Particle Counter buffer timestamp: 'NoneType' object is not subscriptable
WARNING: 19:37:10 - __main__:  Error updating the Abakus Particle Counter buffer data: 'NoneType' object is not subscriptable
WARNING: 19:37:10 - __main__:  Error updating the Flowmeter buffer timestamp: 'NoneType' object is not subscriptable
WARNING: 19:37:10 - __main__:  Error updating the Flowmeter buffer data: 'NoneType' object is not subscriptable
WARNING: 19:37:10 - __main__:  Error updating the Flowmeter buffer data: 'NoneType' object is not subscriptable
WARNING: 19:37:10 - __main__:  Error updating the Bronkhorst Pressure buffer timestamp: 'NoneType' object is not subscriptable
WARNING: 19:37:10 - __main__:  Error updating the Bronkhorst Pressure buffer data: 'NoneType' object is not subscriptable
WARNING: 19:37:10 - __main__:  Error updating the Bronkhorst Pressure buffer data: 'NoneType' object is not subscriptable
WARNING: 19:37:10 - __main__:  Error updating the Bronkhorst Pressure buffer data: 'NoneType' object is not subscriptable
WARNING: 19:37:10 - __main__:  Error updating the Bronkhorst Pressure buffer data: 'NoneType' object is not subscriptable
WARNING: 19:37:11 - __main__:  Error updating the Picarro Gas buffer timestamp: 'NoneType' object is not subscriptable
WARNING: 19:37:11 - __main__:  Error updating the Picarro Gas buffer data: 'NoneType' object is not subscriptable
WARNING: 19:37:11 - __main__:  Error updating the Picarro Gas buffer data: 'NoneType' object is not subscriptable
WARNING: 19:37:11 - __main__:  Error updating the Picarro Gas buffer data: 'NoneType' object is not subscriptable
WARNING: 19:37:11 - __main__:  Error updating the Picarro Gas buffer data: 'NoneType' object is not subscriptable
WARNING: 19:37:11 - __main__:  Error updating the Laser Distance Sensor buffer timestamp: 'NoneType' object is not subscriptable
WARNING: 19:37:11 - __main__:  Error updating the Laser Distance Sensor buffer data: 'NoneType' object is not subscriptable
WARNING: 19:37:11 - __main__:  Error updating the Laser Distance Sensor buffer data: 'NoneType' object is not subscriptable
WARNING: 19:37:11 - __main__:  Error updating the Abakus Particle Counter buffer timestamp: 'NoneType' object is not subscriptable
WARNING: 19:37:11 - __main__:  Error updating the Abakus Particle Counter buffer data: 'NoneType' object is not subscriptable
WARNING: 19:37:11 - __main__:  Error updating the Flowmeter buffer timestamp: 'NoneType' object is not subscriptable
WARNING: 19:37:11 - __main__:  Error updating the Flowmeter buffer data: 'NoneType' object is not subscriptable
WARNING: 19:37:11 - __main__:  Error updating the Flowmeter buffer data: 'NoneType' object is not subscriptable
WARNING: 19:37:11 - __main__:  Error updating the Bronkhorst Pressure buffer timestamp: 'NoneType' object is not subscriptable
WARNING: 19:37:11 - __main__:  Error updating the Bronkhorst Pressure buffer data: 'NoneType' object is not subscriptable
WARNING: 19:37:11 - __main__:  Error updating the Bronkhorst Pressure buffer data: 'NoneType' object is not subscriptable
WARNING: 19:37:11 - __main__:  Error updating the Bronkhorst Pressure buffer data: 'NoneType' object is not subscriptable
WARNING: 19:37:11 - __main__:  Error updating the Bronkhorst Pressure buffer data: 'NoneType' object is not subscriptable
WARNING: 19:37:12 - __main__:  Error updating the Picarro Gas buffer timestamp: 'NoneType' object is not subscriptable
WARNING: 19:37:12 - __main__:  Error updating the Picarro Gas buffer data: 'NoneType' object is not subscriptable
WARNING: 19:37:12 - __main__:  Error updating the Picarro Gas buffer data: 'NoneType' object is not subscriptable
WARNING: 19:37:12 - __main__:  Error updating the Picarro Gas buffer data: 'NoneType' object is not subscriptable
WARNING: 19:37:12 - __main__:  Error updating the Picarro Gas buffer data: 'NoneType' object is not subscriptable
WARNING: 19:37:12 - __main__:  Error updating the Laser Distance Sensor buffer timestamp: 'NoneType' object is not subscriptable
WARNING: 19:37:12 - __main__:  Error updating the Laser Distance Sensor buffer data: 'NoneType' object is not subscriptable
WARNING: 19:37:12 - __main__:  Error updating the Laser Distance Sensor buffer data: 'NoneType' object is not subscriptable
WARNING: 19:37:12 - __main__:  Error updating the Abakus Particle Counter buffer timestamp: 'NoneType' object is not subscriptable
WARNING: 19:37:12 - __main__:  Error updating the Abakus Particle Counter buffer data: 'NoneType' object is not subscriptable
WARNING: 19:37:12 - __main__:  Error updating the Flowmeter buffer timestamp: 'NoneType' object is not subscriptable
WARNING: 19:37:12 - __main__:  Error updating the Flowmeter buffer data: 'NoneType' object is not subscriptable
WARNING: 19:37:12 - __main__:  Error updating the Flowmeter buffer data: 'NoneType' object is not subscriptable
WARNING: 19:37:12 - __main__:  Error updating the Bronkhorst Pressure buffer timestamp: 'NoneType' object is not subscriptable
WARNING: 19:37:12 - __main__:  Error updating the Bronkhorst Pressure buffer data: 'NoneType' object is not subscriptable
WARNING: 19:37:12 - __main__:  Error updating the Bronkhorst Pressure buffer data: 'NoneType' object is not subscriptable
WARNING: 19:37:12 - __main__:  Error updating the Bronkhorst Pressure buffer data: 'NoneType' object is not subscriptable
WARNING: 19:37:12 - __main__:  Error updating the Bronkhorst Pressure buffer data: 'NoneType' object is not subscriptable
WARNING: 19:37:13 - __main__:  Error updating the Picarro Gas buffer timestamp: 'NoneType' object is not subscriptable
WARNING: 19:37:13 - __main__:  Error updating the Picarro Gas buffer data: 'NoneType' object is not subscriptable
WARNING: 19:37:13 - __main__:  Error updating the Picarro Gas buffer data: 'NoneType' object is not subscriptable
WARNING: 19:37:13 - __main__:  Error updating the Picarro Gas buffer data: 'NoneType' object is not subscriptable
WARNING: 19:37:13 - __main__:  Error updating the Picarro Gas buffer data: 'NoneType' object is not subscriptable
WARNING: 19:37:13 - __main__:  Error updating the Laser Distance Sensor buffer timestamp: 'NoneType' object is not subscriptable
WARNING: 19:37:13 - __main__:  Error updating the Laser Distance Sensor buffer data: 'NoneType' object is not subscriptable
WARNING: 19:37:13 - __main__:  Error updating the Laser Distance Sensor buffer data: 'NoneType' object is not subscriptable
WARNING: 19:37:13 - __main__:  Error updating the Abakus Particle Counter buffer timestamp: 'NoneType' object is not subscriptable
WARNING: 19:37:13 - __main__:  Error updating the Abakus Particle Counter buffer data: 'NoneType' object is not subscriptable
WARNING: 19:37:13 - __main__:  Error updating the Flowmeter buffer timestamp: 'NoneType' object is not subscriptable
WARNING: 19:37:13 - __main__:  Error updating the Flowmeter buffer data: 'NoneType' object is not subscriptable
WARNING: 19:37:13 - __main__:  Error updating the Flowmeter buffer data: 'NoneType' object is not subscriptable
WARNING: 19:37:13 - __main__:  Error updating the Bronkhorst Pressure buffer timestamp: 'NoneType' object is not subscriptable
WARNING: 19:37:13 - __main__:  Error updating the Bronkhorst Pressure buffer data: 'NoneType' object is not subscriptable
WARNING: 19:37:13 - __main__:  Error updating the Bronkhorst Pressure buffer data: 'NoneType' object is not subscriptable
WARNING: 19:37:13 - __main__:  Error updating the Bronkhorst Pressure buffer data: 'NoneType' object is not subscriptable
WARNING: 19:37:13 - __main__:  Error updating the Bronkhorst Pressure buffer data: 'NoneType' object is not subscriptable
WARNING: 19:37:14 - __main__:  Error updating the Picarro Gas buffer timestamp: 'NoneType' object is not subscriptable
WARNING: 19:37:14 - __main__:  Error updating the Picarro Gas buffer data: 'NoneType' object is not subscriptable
WARNING: 19:37:14 - __main__:  Error updating the Picarro Gas buffer data: 'NoneType' object is not subscriptable
WARNING: 19:37:14 - __main__:  Error updating the Picarro Gas buffer data: 'NoneType' object is not subscriptable
WARNING: 19:37:14 - __main__:  Error updating the Picarro Gas buffer data: 'NoneType' object is not subscriptable
WARNING: 19:37:14 - __main__:  Error updating the Laser Distance Sensor buffer timestamp: 'NoneType' object is not subscriptable
WARNING: 19:37:14 - __main__:  Error updating the Laser Distance Sensor buffer data: 'NoneType' object is not subscriptable
WARNING: 19:37:14 - __main__:  Error updating the Laser Distance Sensor buffer data: 'NoneType' object is not subscriptable
WARNING: 19:37:14 - __main__:  Error updating the Abakus Particle Counter buffer timestamp: 'NoneType' object is not subscriptable
WARNING: 19:37:14 - __main__:  Error updating the Abakus Particle Counter buffer data: 'NoneType' object is not subscriptable
WARNING: 19:37:14 - __main__:  Error updating the Flowmeter buffer timestamp: 'NoneType' object is not subscriptable
WARNING: 19:37:14 - __main__:  Error updating the Flowmeter buffer data: 'NoneType' object is not subscriptable
WARNING: 19:37:14 - __main__:  Error updating the Flowmeter buffer data: 'NoneType' object is not subscriptable
WARNING: 19:37:14 - __main__:  Error updating the Bronkhorst Pressure buffer timestamp: 'NoneType' object is not subscriptable
WARNING: 19:37:14 - __main__:  Error updating the Bronkhorst Pressure buffer data: 'NoneType' object is not subscriptable
WARNING: 19:37:14 - __main__:  Error updating the Bronkhorst Pressure buffer data: 'NoneType' object is not subscriptable
WARNING: 19:37:14 - __main__:  Error updating the Bronkhorst Pressure buffer data: 'NoneType' object is not subscriptable
WARNING: 19:37:14 - __main__:  Error updating the Bronkhorst Pressure buffer data: 'NoneType' object is not subscriptable
WARNING: 19:37:15 - __main__:  Error updating the Picarro Gas buffer timestamp: 'NoneType' object is not subscriptable
WARNING: 19:37:15 - __main__:  Error updating the Picarro Gas buffer data: 'NoneType' object is not subscriptable
WARNING: 19:37:15 - __main__:  Error updating the Picarro Gas buffer data: 'NoneType' object is not subscriptable
WARNING: 19:37:15 - __main__:  Error updating the Picarro Gas buffer data: 'NoneType' object is not subscriptable
WARNING: 19:37:15 - __main__:  Error updating the Picarro Gas buffer data: 'NoneType' object is not subscriptable
WARNING: 19:37:15 - __main__:  Error updating the Laser Distance Sensor buffer timestamp: 'NoneType' object is not subscriptable
WARNING: 19:37:15 - __main__:  Error updating the Laser Distance Sensor buffer data: 'NoneType' object is not subscriptable
WARNING: 19:37:15 - __main__:  Error updating the Laser Distance Sensor buffer data: 'NoneType' object is not subscriptable
WARNING: 19:37:15 - __main__:  Error updating the Abakus Particle Counter buffer timestamp: 'NoneType' object is not subscriptable
WARNING: 19:37:15 - __main__:  Error updating the Abakus Particle Counter buffer data: 'NoneType' object is not subscriptable
WARNING: 19:37:15 - __main__:  Error updating the Flowmeter buffer timestamp: 'NoneType' object is not subscriptable
WARNING: 19:37:15 - __main__:  Error updating the Flowmeter buffer data: 'NoneType' object is not subscriptable
WARNING: 19:37:15 - __main__:  Error updating the Flowmeter buffer data: 'NoneType' object is not subscriptable
WARNING: 19:37:15 - __main__:  Error updating the Bronkhorst Pressure buffer timestamp: 'NoneType' object is not subscriptable
WARNING: 19:37:15 - __main__:  Error updating the Bronkhorst Pressure buffer data: 'NoneType' object is not subscriptable
WARNING: 19:37:15 - __main__:  Error updating the Bronkhorst Pressure buffer data: 'NoneType' object is not subscriptable
WARNING: 19:37:15 - __main__:  Error updating the Bronkhorst Pressure buffer data: 'NoneType' object is not subscriptable
WARNING: 19:37:15 - __main__:  Error updating the Bronkhorst Pressure buffer data: 'NoneType' object is not subscriptable
WARNING: 19:37:16 - __main__:  Error updating the Picarro Gas buffer timestamp: 'NoneType' object is not subscriptable
WARNING: 19:37:16 - __main__:  Error updating the Picarro Gas buffer data: 'NoneType' object is not subscriptable
WARNING: 19:37:16 - __main__:  Error updating the Picarro Gas buffer data: 'NoneType' object is not subscriptable
WARNING: 19:37:16 - __main__:  Error updating the Picarro Gas buffer data: 'NoneType' object is not subscriptable
WARNING: 19:37:16 - __main__:  Error updating the Picarro Gas buffer data: 'NoneType' object is not subscriptable
WARNING: 19:37:16 - __main__:  Error updating the Laser Distance Sensor buffer timestamp: 'NoneType' object is not subscriptable
WARNING: 19:37:16 - __main__:  Error updating the Laser Distance Sensor buffer data: 'NoneType' object is not subscriptable
WARNING: 19:37:16 - __main__:  Error updating the Laser Distance Sensor buffer data: 'NoneType' object is not subscriptable
WARNING: 19:37:16 - __main__:  Error updating the Abakus Particle Counter buffer timestamp: 'NoneType' object is not subscriptable
WARNING: 19:37:16 - __main__:  Error updating the Abakus Particle Counter buffer data: 'NoneType' object is not subscriptable
WARNING: 19:37:16 - __main__:  Error updating the Flowmeter buffer timestamp: 'NoneType' object is not subscriptable
WARNING: 19:37:16 - __main__:  Error updating the Flowmeter buffer data: 'NoneType' object is not subscriptable
WARNING: 19:37:16 - __main__:  Error updating the Flowmeter buffer data: 'NoneType' object is not subscriptable
WARNING: 19:37:16 - __main__:  Error updating the Bronkhorst Pressure buffer timestamp: 'NoneType' object is not subscriptable
WARNING: 19:37:16 - __main__:  Error updating the Bronkhorst Pressure buffer data: 'NoneType' object is not subscriptable
WARNING: 19:37:16 - __main__:  Error updating the Bronkhorst Pressure buffer data: 'NoneType' object is not subscriptable
WARNING: 19:37:16 - __main__:  Error updating the Bronkhorst Pressure buffer data: 'NoneType' object is not subscriptable
WARNING: 19:37:16 - __main__:  Error updating the Bronkhorst Pressure buffer data: 'NoneType' object is not subscriptable
WARNING: 19:37:17 - __main__:  Error updating the Picarro Gas buffer timestamp: 'NoneType' object is not subscriptable
WARNING: 19:37:17 - __main__:  Error updating the Picarro Gas buffer data: 'NoneType' object is not subscriptable
WARNING: 19:37:17 - __main__:  Error updating the Picarro Gas buffer data: 'NoneType' object is not subscriptable
WARNING: 19:37:17 - __main__:  Error updating the Picarro Gas buffer data: 'NoneType' object is not subscriptable
WARNING: 19:37:17 - __main__:  Error updating the Picarro Gas buffer data: 'NoneType' object is not subscriptable
WARNING: 19:37:17 - __main__:  Error updating the Laser Distance Sensor buffer timestamp: 'NoneType' object is not subscriptable
WARNING: 19:37:17 - __main__:  Error updating the Laser Distance Sensor buffer data: 'NoneType' object is not subscriptable
WARNING: 19:37:17 - __main__:  Error updating the Laser Distance Sensor buffer data: 'NoneType' object is not subscriptable
WARNING: 19:37:17 - __main__:  Error updating the Abakus Particle Counter buffer timestamp: 'NoneType' object is not subscriptable
WARNING: 19:37:17 - __main__:  Error updating the Abakus Particle Counter buffer data: 'NoneType' object is not subscriptable
WARNING: 19:37:17 - __main__:  Error updating the Flowmeter buffer timestamp: 'NoneType' object is not subscriptable
WARNING: 19:37:17 - __main__:  Error updating the Flowmeter buffer data: 'NoneType' object is not subscriptable
WARNING: 19:37:17 - __main__:  Error updating the Flowmeter buffer data: 'NoneType' object is not subscriptable
WARNING: 19:37:17 - __main__:  Error updating the Bronkhorst Pressure buffer timestamp: 'NoneType' object is not subscriptable
WARNING: 19:37:17 - __main__:  Error updating the Bronkhorst Pressure buffer data: 'NoneType' object is not subscriptable
WARNING: 19:37:17 - __main__:  Error updating the Bronkhorst Pressure buffer data: 'NoneType' object is not subscriptable
WARNING: 19:37:17 - __main__:  Error updating the Bronkhorst Pressure buffer data: 'NoneType' object is not subscriptable
WARNING: 19:37:17 - __main__:  Error updating the Bronkhorst Pressure buffer data: 'NoneType' object is not subscriptable
WARNING: 19:37:18 - __main__:  Error updating the Picarro Gas buffer timestamp: 'NoneType' object is not subscriptable
WARNING: 19:37:18 - __main__:  Error updating the Picarro Gas buffer data: 'NoneType' object is not subscriptable
WARNING: 19:37:18 - __main__:  Error updating the Picarro Gas buffer data: 'NoneType' object is not subscriptable
WARNING: 19:37:18 - __main__:  Error updating the Picarro Gas buffer data: 'NoneType' object is not subscriptable
WARNING: 19:37:18 - __main__:  Error updating the Picarro Gas buffer data: 'NoneType' object is not subscriptable
WARNING: 19:37:18 - __main__:  Error updating the Laser Distance Sensor buffer timestamp: 'NoneType' object is not subscriptable
WARNING: 19:37:18 - __main__:  Error updating the Laser Distance Sensor buffer data: 'NoneType' object is not subscriptable
WARNING: 19:37:18 - __main__:  Error updating the Laser Distance Sensor buffer data: 'NoneType' object is not subscriptable
WARNING: 19:37:18 - __main__:  Error updating the Abakus Particle Counter buffer timestamp: 'NoneType' object is not subscriptable
WARNING: 19:37:18 - __main__:  Error updating the Abakus Particle Counter buffer data: 'NoneType' object is not subscriptable
WARNING: 19:37:18 - __main__:  Error updating the Flowmeter buffer timestamp: 'NoneType' object is not subscriptable
WARNING: 19:37:18 - __main__:  Error updating the Flowmeter buffer data: 'NoneType' object is not subscriptable
WARNING: 19:37:18 - __main__:  Error updating the Flowmeter buffer data: 'NoneType' object is not subscriptable
WARNING: 19:37:18 - __main__:  Error updating the Bronkhorst Pressure buffer timestamp: 'NoneType' object is not subscriptable
WARNING: 19:37:18 - __main__:  Error updating the Bronkhorst Pressure buffer data: 'NoneType' object is not subscriptable
WARNING: 19:37:18 - __main__:  Error updating the Bronkhorst Pressure buffer data: 'NoneType' object is not subscriptable
WARNING: 19:37:18 - __main__:  Error updating the Bronkhorst Pressure buffer data: 'NoneType' object is not subscriptable
WARNING: 19:37:18 - __main__:  Error updating the Bronkhorst Pressure buffer data: 'NoneType' object is not subscriptable
WARNING: 19:37:19 - __main__:  Error updating the Picarro Gas buffer timestamp: 'NoneType' object is not subscriptable
WARNING: 19:37:19 - __main__:  Error updating the Picarro Gas buffer data: 'NoneType' object is not subscriptable
WARNING: 19:37:19 - __main__:  Error updating the Picarro Gas buffer data: 'NoneType' object is not subscriptable
WARNING: 19:37:19 - __main__:  Error updating the Picarro Gas buffer data: 'NoneType' object is not subscriptable
WARNING: 19:37:19 - __main__:  Error updating the Picarro Gas buffer data: 'NoneType' object is not subscriptable
WARNING: 19:37:19 - __main__:  Error updating the Laser Distance Sensor buffer timestamp: 'NoneType' object is not subscriptable
WARNING: 19:37:19 - __main__:  Error updating the Laser Distance Sensor buffer data: 'NoneType' object is not subscriptable
WARNING: 19:37:19 - __main__:  Error updating the Laser Distance Sensor buffer data: 'NoneType' object is not subscriptable
WARNING: 19:37:19 - __main__:  Error updating the Abakus Particle Counter buffer timestamp: 'NoneType' object is not subscriptable
WARNING: 19:37:19 - __main__:  Error updating the Abakus Particle Counter buffer data: 'NoneType' object is not subscriptable
WARNING: 19:37:19 - __main__:  Error updating the Flowmeter buffer timestamp: 'NoneType' object is not subscriptable
WARNING: 19:37:19 - __main__:  Error updating the Flowmeter buffer data: 'NoneType' object is not subscriptable
WARNING: 19:37:19 - __main__:  Error updating the Flowmeter buffer data: 'NoneType' object is not subscriptable
WARNING: 19:37:19 - __main__:  Error updating the Bronkhorst Pressure buffer timestamp: 'NoneType' object is not subscriptable
WARNING: 19:37:19 - __main__:  Error updating the Bronkhorst Pressure buffer data: 'NoneType' object is not subscriptable
WARNING: 19:37:19 - __main__:  Error updating the Bronkhorst Pressure buffer data: 'NoneType' object is not subscriptable
WARNING: 19:37:19 - __main__:  Error updating the Bronkhorst Pressure buffer data: 'NoneType' object is not subscriptable
WARNING: 19:37:19 - __main__:  Error updating the Bronkhorst Pressure buffer data: 'NoneType' object is not subscriptable
INFO: 19:37:23 - main_pipeline.sensor:  Shutting down sensors
INFO: 19:37:23 - sensor_interfaces.sim_instruments:  Abakus measurements stopped
INFO: 19:37:23 - sensor_interfaces.sim_instruments:  Dimetix laser turned off
INFO: 19:37:23 - main_pipeline.sensor:  Finished shutting down sensors
INFO: 19:45:39 - main_pipeline.sensor:  Couldn't find Picarro at port /dev/ttyUSB0, shadowing sensor calls with substitute functions
WARNING: 19:45:39 - main_pipeline.sensor:  Couldn't find Abakus at port /dev/ttyUSB0, shadowing sensor calls with substitute functions
WARNING: 19:45:39 - main_pipeline.sensor:  Couldn't find Flowmeter at port /dev/ttyUSB0 and /dev/ttyUSB0, shadowing sensor calls with substitute functions
WARNING: 19:45:39 - main_pipeline.sensor:  Couldn't find Dimetix laser at port /dev/ttyUSB0, shadowing sensor calls with substitute functions
WARNING: 19:45:39 - main_pipeline.sensor:  Couldn't find Bronkhorst at port /dev/ttyUSB0, shadowing sensor calls with substitute functions
INFO: 19:45:39 - sensor_interfaces.sim_instruments:  Fake hardware, pretending to use serial port /dev/ttyUSB0 with baud 38400
INFO: 19:45:39 - sensor_interfaces.sim_instruments:  Fake hardware, pretending to use serial port /dev/ttyUSB0 with baud 115200
INFO: 19:45:39 - sensor_interfaces.sim_instruments:  Fake hardware, pretending to use serial port /dev/ttyUSB0 with baud 115200
INFO: 19:45:39 - sensor_interfaces.sim_instruments:  Fake hardware, pretending to use serial port /dev/ttyUSB0 with baud 19200
INFO: 19:45:39 - sensor_interfaces.sim_instruments:  Fake hardware, pretending to use serial port /dev/ttyUSB0 with baud 19200
INFO: 19:45:39 - sensor_interfaces.sim_instruments:  Fake hardware, pretending to use serial port /dev/ttyUSB0 with baud 38400
INFO: 19:45:39 - main_pipeline.sensor:  Sensor class initiated
INFO: 19:45:39 - main_pipeline.interpreter:  Interpreter class initiated
INFO: 19:45:39 - main_pipeline.writer:  Display class initiated
INFO: 19:45:42 - main_pipeline.sensor:  Initializing sensors
INFO: 19:45:42 - sensor_interfaces.sim_instruments:  Initializing Abakus
INFO: 19:45:42 - sensor_interfaces.sim_instruments:  Abakus initialized
INFO: 19:45:42 - sensor_interfaces.sim_instruments:  Initializing Picarro
INFO: 19:45:42 - sensor_interfaces.sim_instruments:  Initialized Picarro
INFO: 19:45:42 - sensor_interfaces.sim_instruments:  Initializing Dimetix laser
INFO: 19:45:42 - sensor_interfaces.sim_instruments:  Laser initialized
INFO: 19:45:42 - sensor_interfaces.sim_instruments:  Initializing Bronkhorst
INFO: 19:45:42 - sensor_interfaces.sim_instruments:  Bronkhorst initialized
INFO: 19:45:42 - sensor_interfaces.sim_instruments:  Initializing Flowmeter
INFO: 19:45:42 - sensor_interfaces.sim_instruments:  Flowmeter sli2000 initialized
INFO: 19:45:42 - sensor_interfaces.sim_instruments:  Initializing Flowmeter
INFO: 19:45:42 - sensor_interfaces.sim_instruments:  Flowmeter sls1500 initialized
INFO: 19:45:42 - main_pipeline.sensor:  Finished initializing sensors
WARNING: 19:45:43 - main_pipeline.interpreter:  Error in extracting time and data from bronkhorst reading: cannot unpack non-iterable float object. Probably not a tuple. Not updating measurement
WARNING: 19:45:43 - __main__:  Error updating the Picarro Gas buffer timestamp: 'NoneType' object is not subscriptable
WARNING: 19:45:43 - __main__:  Error updating the Picarro Gas buffer data: 'NoneType' object is not subscriptable
WARNING: 19:45:43 - __main__:  Error updating the Picarro Gas buffer data: 'NoneType' object is not subscriptable
WARNING: 19:45:43 - __main__:  Error updating the Picarro Gas buffer data: 'NoneType' object is not subscriptable
WARNING: 19:45:43 - __main__:  Error updating the Picarro Gas buffer data: 'NoneType' object is not subscriptable
WARNING: 19:45:43 - __main__:  Error updating the Laser Distance Sensor buffer timestamp: 'NoneType' object is not subscriptable
WARNING: 19:45:43 - __main__:  Error updating the Laser Distance Sensor buffer data: 'NoneType' object is not subscriptable
WARNING: 19:45:43 - __main__:  Error updating the Laser Distance Sensor buffer data: 'NoneType' object is not subscriptable
WARNING: 19:45:43 - __main__:  Error updating the Abakus Particle Counter buffer timestamp: 'NoneType' object is not subscriptable
WARNING: 19:45:43 - __main__:  Error updating the Abakus Particle Counter buffer data: 'NoneType' object is not subscriptable
WARNING: 19:45:43 - __main__:  Error updating the Flowmeter buffer timestamp: 'NoneType' object is not subscriptable
WARNING: 19:45:43 - __main__:  Error updating the Flowmeter buffer data: 'NoneType' object is not subscriptable
WARNING: 19:45:43 - __main__:  Error updating the Flowmeter buffer data: 'NoneType' object is not subscriptable
WARNING: 19:45:43 - __main__:  Error updating the Bronkhorst Pressure buffer timestamp: 'NoneType' object is not subscriptable
WARNING: 19:45:43 - __main__:  Error updating the Bronkhorst Pressure buffer data: 'NoneType' object is not subscriptable
WARNING: 19:45:43 - __main__:  Error updating the Bronkhorst Pressure buffer data: 'NoneType' object is not subscriptable
WARNING: 19:45:43 - __main__:  Error updating the Bronkhorst Pressure buffer data: 'NoneType' object is not subscriptable
WARNING: 19:45:43 - __main__:  Error updating the Bronkhorst Pressure buffer data: 'NoneType' object is not subscriptable
WARNING: 19:45:44 - main_pipeline.interpreter:  Error in extracting time and data from bronkhorst reading: cannot unpack non-iterable float object. Probably not a tuple. Not updating measurement
WARNING: 19:45:45 - main_pipeline.interpreter:  Error in extracting time and data from bronkhorst reading: cannot unpack non-iterable float object. Probably not a tuple. Not updating measurement
WARNING: 19:45:46 - main_pipeline.interpreter:  Error in extracting time and data from bronkhorst reading: cannot unpack non-iterable float object. Probably not a tuple. Not updating measurement
WARNING: 19:45:47 - main_pipeline.interpreter:  Error in extracting time and data from bronkhorst reading: cannot unpack non-iterable float object. Probably not a tuple. Not updating measurement
WARNING: 19:45:48 - main_pipeline.interpreter:  Error in extracting time and data from bronkhorst reading: cannot unpack non-iterable float object. Probably not a tuple. Not updating measurement
WARNING: 19:45:49 - main_pipeline.interpreter:  Error in extracting time and data from bronkhorst reading: cannot unpack non-iterable float object. Probably not a tuple. Not updating measurement
WARNING: 19:45:50 - main_pipeline.interpreter:  Error in extracting time and data from bronkhorst reading: cannot unpack non-iterable float object. Probably not a tuple. Not updating measurement
WARNING: 19:45:51 - main_pipeline.interpreter:  Error in extracting time and data from bronkhorst reading: cannot unpack non-iterable float object. Probably not a tuple. Not updating measurement
WARNING: 19:45:52 - main_pipeline.interpreter:  Error in extracting time and data from bronkhorst reading: cannot unpack non-iterable float object. Probably not a tuple. Not updating measurement
WARNING: 19:45:53 - main_pipeline.interpreter:  Error in extracting time and data from bronkhorst reading: cannot unpack non-iterable float object. Probably not a tuple. Not updating measurement
WARNING: 19:45:54 - main_pipeline.interpreter:  Error in extracting time and data from bronkhorst reading: cannot unpack non-iterable float object. Probably not a tuple. Not updating measurement
WARNING: 19:45:55 - main_pipeline.interpreter:  Error in extracting time and data from bronkhorst reading: cannot unpack non-iterable float object. Probably not a tuple. Not updating measurement
WARNING: 19:45:56 - main_pipeline.interpreter:  Error in extracting time and data from bronkhorst reading: cannot unpack non-iterable float object. Probably not a tuple. Not updating measurement
INFO: 19:46:00 - main_pipeline.sensor:  Shutting down sensors
INFO: 19:46:00 - sensor_interfaces.sim_instruments:  Abakus measurements stopped
INFO: 19:46:00 - sensor_interfaces.sim_instruments:  Dimetix laser turned off
INFO: 19:46:00 - main_pipeline.sensor:  Finished shutting down sensors
