INFO: 10:09:30 - main_pipeline.sensor:  Couldn't find Picarro at port COM8, shadowing sensor calls with substitute functions
INFO: 10:09:30 - main_pipeline.sensor:  Couldn't find Picarro at port COM7, shadowing sensor calls with substitute functions
WARNING: 10:09:30 - main_pipeline.sensor:  Couldn't find Abakus at port COM4, shadowing sensor calls with substitute functions
WARNING: 10:09:30 - main_pipeline.sensor:  Couldn't find Flowmeter at port COM3 and COM5, shadowing sensor calls with substitute functions
WARNING: 10:09:30 - main_pipeline.sensor:  Couldn't find Dimetix laser at port COM6, shadowing sensor calls with substitute functions
WARNING: 10:09:30 - main_pipeline.sensor:  Couldn't find Bronkhorst at port COM9, shadowing sensor calls with substitute functions
WARNING: 10:09:30 - main_pipeline.sensor:  Couldn't find Melthead at port COM9, shadowing sensor calls with substitute functions
INFO: 10:09:30 - sensor_interfaces.sim_instruments:  Fake hardware, pretending to use serial port COM4 with baud 38400
INFO: 10:09:30 - sensor_interfaces.sim_instruments:  Fake hardware, pretending to use serial port COM3 with baud 115200
INFO: 10:09:30 - sensor_interfaces.sim_instruments:  Fake hardware, pretending to use serial port COM5 with baud 115200
INFO: 10:09:30 - sensor_interfaces.sim_instruments:  Fake hardware, pretending to use serial port COM6 with baud 19200
INFO: 10:09:30 - sensor_interfaces.sim_instruments:  Fake hardware, pretending to use serial port COM8 with baud 19200
INFO: 10:09:30 - sensor_interfaces.sim_instruments:  Fake hardware, pretending to use serial port COM7 with baud 19200
INFO: 10:09:30 - sensor_interfaces.sim_instruments:  Fake hardware, pretending to use serial port COM9 with baud 38400
INFO: 10:09:30 - main_pipeline.sensor:  Sensor class initiated
INFO: 10:09:30 - main_pipeline.interpreter:  Interpreter class initiated
INFO: 10:09:30 - main_pipeline.writer:  Display class initiated
INFO: 10:09:30 - __main__:  No control inputs for the Picarro Gas
INFO: 10:09:30 - __main__:  No control inputs for the Picarro Water
INFO: 10:09:30 - __main__:  No control inputs for the Laser Distance Sensor
INFO: 10:09:30 - __main__:  No control inputs for the Abakus Particle Counter
INFO: 10:09:30 - __main__:  No control inputs for the Flowmeter
INFO: 10:09:33 - main_pipeline.sensor:  Initializing sensors
INFO: 10:09:33 - sensor_interfaces.sim_instruments:  Initializing Abakus
INFO: 10:09:33 - sensor_interfaces.sim_instruments:  Abakus initialized
INFO: 10:09:33 - sensor_interfaces.sim_instruments:  Initializing Picarro
INFO: 10:09:33 - sensor_interfaces.sim_instruments:  Initialized Picarro
INFO: 10:09:33 - sensor_interfaces.sim_instruments:  Initializing Picarro
INFO: 10:09:33 - sensor_interfaces.sim_instruments:  Initialized Picarro
INFO: 10:09:33 - sensor_interfaces.sim_instruments:  Initializing Dimetix laser
INFO: 10:09:33 - sensor_interfaces.sim_instruments:  Laser initialized
INFO: 10:09:33 - sensor_interfaces.sim_instruments:  Initializing Bronkhorst
INFO: 10:09:33 - sensor_interfaces.sim_instruments:  Bronkhorst initialized
INFO: 10:09:33 - sensor_interfaces.sim_instruments:  Initializing Melthead
INFO: 10:09:33 - sensor_interfaces.sim_instruments:  Melthead initialized
INFO: 10:09:33 - sensor_interfaces.sim_instruments:  Initializing Flowmeter
INFO: 10:09:33 - sensor_interfaces.sim_instruments:  Flowmeter sli2000 initialized
INFO: 10:09:33 - sensor_interfaces.sim_instruments:  Initializing Flowmeter
INFO: 10:09:33 - sensor_interfaces.sim_instruments:  Flowmeter sls1500 initialized
INFO: 10:09:33 - main_pipeline.sensor:  Finished initializing sensors
WARNING: 10:09:34 - main_pipeline.interpreter:  Encountered exception in validating flowmeter SLI2000: string index out of range. Raw output nan
WARNING: 10:09:34 - main_pipeline.interpreter:  Encountered exception in validating flowmeter SLI2000: string index out of range. Raw output nan
WARNING: 10:09:34 - main_pipeline.interpreter:  Encountered exception in validating flowmeter SLI2000: string index out of range. Raw output nan
WARNING: 10:09:34 - main_pipeline.interpreter:  Encountered exception in validating flowmeter SLI2000: string index out of range. Raw output nan
WARNING: 10:09:34 - main_pipeline.interpreter:  Encountered exception in validating flowmeter SLI2000: string index out of range. Raw output nan
WARNING: 10:09:34 - main_pipeline.interpreter:  Encountered exception in validating flowmeter SLI2000: string index out of range. Raw output nan
WARNING: 10:09:34 - main_pipeline.interpreter:  Encountered exception in validating flowmeter SLI2000: string index out of range. Raw output nan
WARNING: 10:09:34 - main_pipeline.interpreter:  Encountered exception in validating flowmeter SLI2000: string index out of range. Raw output nan
WARNING: 10:09:34 - main_pipeline.interpreter:  Encountered exception in validating flowmeter SLI2000: string index out of range. Raw output nan
WARNING: 10:09:34 - main_pipeline.interpreter:  Encountered exception in validating flowmeter SLI2000: string index out of range. Raw output nan
WARNING: 10:09:34 - main_pipeline.interpreter:  Encountered exception in validating flowmeter SLI2000: string index out of range. Raw output nan
WARNING: 10:09:34 - main_pipeline.interpreter:  Encountered exception in validating flowmeter SLI2000: string index out of range. Raw output nan
WARNING: 10:09:34 - main_pipeline.interpreter:  Encountered exception in validating flowmeter SLI2000: string index out of range. Raw output nan
WARNING: 10:09:34 - main_pipeline.interpreter:  Encountered exception in validating flowmeter SLI2000: string index out of range. Raw output nan
WARNING: 10:09:34 - main_pipeline.interpreter:  Encountered exception in validating flowmeter SLI2000: string index out of range. Raw output nan
WARNING: 10:09:34 - main_pipeline.interpreter:  Unexpected error in processing flowmeter SLI2000: 'bool' object is not iterable
WARNING: 10:09:34 - main_pipeline.interpreter:  Encountered exception in validating flowmeter SLS1500: string index out of range. Raw output nan
WARNING: 10:09:34 - main_pipeline.interpreter:  Encountered exception in validating flowmeter SLS1500: string index out of range. Raw output nan
WARNING: 10:09:34 - main_pipeline.interpreter:  Encountered exception in validating flowmeter SLS1500: string index out of range. Raw output nan
WARNING: 10:09:34 - main_pipeline.interpreter:  Encountered exception in validating flowmeter SLS1500: string index out of range. Raw output nan
WARNING: 10:09:34 - main_pipeline.interpreter:  Encountered exception in validating flowmeter SLS1500: string index out of range. Raw output nan
WARNING: 10:09:34 - main_pipeline.interpreter:  Encountered exception in validating flowmeter SLS1500: string index out of range. Raw output nan
WARNING: 10:09:34 - main_pipeline.interpreter:  Encountered exception in validating flowmeter SLS1500: string index out of range. Raw output nan
WARNING: 10:09:34 - main_pipeline.interpreter:  Encountered exception in validating flowmeter SLS1500: string index out of range. Raw output nan
WARNING: 10:09:34 - main_pipeline.interpreter:  Encountered exception in validating flowmeter SLS1500: string index out of range. Raw output nan
WARNING: 10:09:34 - main_pipeline.interpreter:  Encountered exception in validating flowmeter SLS1500: string index out of range. Raw output nan
WARNING: 10:09:34 - main_pipeline.interpreter:  Encountered exception in validating flowmeter SLS1500: string index out of range. Raw output nan
WARNING: 10:09:34 - main_pipeline.interpreter:  Encountered exception in validating flowmeter SLS1500: string index out of range. Raw output nan
WARNING: 10:09:34 - main_pipeline.interpreter:  Encountered exception in validating flowmeter SLS1500: string index out of range. Raw output nan
WARNING: 10:09:34 - main_pipeline.interpreter:  Encountered exception in validating flowmeter SLS1500: string index out of range. Raw output nan
WARNING: 10:09:34 - main_pipeline.interpreter:  Encountered exception in validating flowmeter SLS1500: string index out of range. Raw output nan
WARNING: 10:09:34 - main_pipeline.interpreter:  Unexpected error in processing flowmeter SLS1500: 'bool' object is not iterable
WARNING: 10:09:34 - __main__:  Error updating the Picarro Gas buffer timestamp: 'NoneType' object is not subscriptable
WARNING: 10:09:34 - __main__:  Error updating the Picarro Gas buffer data: 'NoneType' object is not subscriptable
WARNING: 10:09:34 - __main__:  Error updating the Picarro Gas buffer data: 'NoneType' object is not subscriptable
WARNING: 10:09:34 - __main__:  Error updating the Picarro Gas buffer data: 'NoneType' object is not subscriptable
WARNING: 10:09:34 - __main__:  Error updating the Picarro Gas buffer data: 'NoneType' object is not subscriptable
WARNING: 10:09:34 - __main__:  Error updating the Picarro Gas buffer data: 'NoneType' object is not subscriptable
WARNING: 10:09:34 - __main__:  Error updating the Picarro Gas buffer data: 'NoneType' object is not subscriptable
WARNING: 10:09:34 - __main__:  Error updating the Picarro Water buffer timestamp: 'NoneType' object is not subscriptable
WARNING: 10:09:34 - __main__:  Error updating the Picarro Water buffer data: 'NoneType' object is not subscriptable
WARNING: 10:09:34 - __main__:  Error updating the Picarro Water buffer data: 'NoneType' object is not subscriptable
WARNING: 10:09:34 - __main__:  Error updating the Picarro Water buffer data: 'NoneType' object is not subscriptable
WARNING: 10:09:34 - __main__:  Error updating the Picarro Water buffer data: 'NoneType' object is not subscriptable
WARNING: 10:09:34 - __main__:  Error updating the Picarro Water buffer data: 'NoneType' object is not subscriptable
WARNING: 10:09:34 - __main__:  Error updating the Picarro Water buffer data: 'NoneType' object is not subscriptable
WARNING: 10:09:34 - __main__:  Error updating the Laser Distance Sensor buffer timestamp: 'NoneType' object is not subscriptable
WARNING: 10:09:34 - __main__:  Error updating the Laser Distance Sensor buffer data: 'NoneType' object is not subscriptable
WARNING: 10:09:34 - __main__:  Error updating the Laser Distance Sensor buffer data: 'NoneType' object is not subscriptable
WARNING: 10:09:34 - __main__:  Error updating the Abakus Particle Counter buffer timestamp: 'NoneType' object is not subscriptable
WARNING: 10:09:34 - __main__:  Error updating the Abakus Particle Counter buffer data: 'NoneType' object is not subscriptable
WARNING: 10:09:34 - __main__:  Error updating the Abakus Particle Counter buffer data: 'NoneType' object is not subscriptable
WARNING: 10:09:34 - __main__:  Error updating the Abakus Particle Counter buffer data: 'NoneType' object is not subscriptable
WARNING: 10:09:34 - __main__:  Error updating the Flowmeter buffer timestamp: 'NoneType' object is not subscriptable
WARNING: 10:09:34 - __main__:  Error updating the Flowmeter buffer data: 'NoneType' object is not subscriptable
WARNING: 10:09:34 - __main__:  Error updating the Flowmeter buffer data: 'NoneType' object is not subscriptable
WARNING: 10:09:34 - __main__:  Error updating the Bronkhorst Pressure buffer timestamp: 'NoneType' object is not subscriptable
WARNING: 10:09:34 - __main__:  Error updating the Bronkhorst Pressure buffer data: 'NoneType' object is not subscriptable
WARNING: 10:09:34 - __main__:  Error updating the Bronkhorst Pressure buffer data: 'NoneType' object is not subscriptable
WARNING: 10:09:34 - __main__:  Error updating the Bronkhorst Pressure buffer data: 'NoneType' object is not subscriptable
WARNING: 10:09:34 - __main__:  Error updating the Bronkhorst Pressure buffer data: 'NoneType' object is not subscriptable
WARNING: 10:09:34 - __main__:  Error updating the Melthead buffer timestamp: 'NoneType' object is not subscriptable
WARNING: 10:09:34 - __main__:  Error updating the Melthead buffer data: 'NoneType' object is not subscriptable
WARNING: 10:09:35 - main_pipeline.interpreter:  Encountered exception in validating flowmeter SLI2000: string index out of range. Raw output nan
WARNING: 10:09:35 - main_pipeline.interpreter:  Encountered exception in validating flowmeter SLI2000: string index out of range. Raw output nan
WARNING: 10:09:35 - main_pipeline.interpreter:  Encountered exception in validating flowmeter SLI2000: string index out of range. Raw output nan
WARNING: 10:09:35 - main_pipeline.interpreter:  Encountered exception in validating flowmeter SLI2000: string index out of range. Raw output nan
WARNING: 10:09:35 - main_pipeline.interpreter:  Encountered exception in validating flowmeter SLI2000: string index out of range. Raw output nan
WARNING: 10:09:35 - main_pipeline.interpreter:  Encountered exception in validating flowmeter SLI2000: string index out of range. Raw output nan
WARNING: 10:09:35 - main_pipeline.interpreter:  Encountered exception in validating flowmeter SLI2000: string index out of range. Raw output nan
WARNING: 10:09:35 - main_pipeline.interpreter:  Encountered exception in validating flowmeter SLI2000: string index out of range. Raw output nan
WARNING: 10:09:35 - main_pipeline.interpreter:  Encountered exception in validating flowmeter SLI2000: string index out of range. Raw output nan
WARNING: 10:09:35 - main_pipeline.interpreter:  Encountered exception in validating flowmeter SLI2000: string index out of range. Raw output nan
WARNING: 10:09:35 - main_pipeline.interpreter:  Encountered exception in validating flowmeter SLI2000: string index out of range. Raw output nan
WARNING: 10:09:35 - main_pipeline.interpreter:  Encountered exception in validating flowmeter SLI2000: string index out of range. Raw output nan
WARNING: 10:09:35 - main_pipeline.interpreter:  Encountered exception in validating flowmeter SLI2000: string index out of range. Raw output nan
WARNING: 10:09:35 - main_pipeline.interpreter:  Encountered exception in validating flowmeter SLI2000: string index out of range. Raw output nan
WARNING: 10:09:35 - main_pipeline.interpreter:  Encountered exception in validating flowmeter SLI2000: string index out of range. Raw output nan
WARNING: 10:09:35 - main_pipeline.interpreter:  Unexpected error in processing flowmeter SLI2000: 'bool' object is not iterable
WARNING: 10:09:35 - main_pipeline.interpreter:  Encountered exception in validating flowmeter SLS1500: string index out of range. Raw output nan
WARNING: 10:09:35 - main_pipeline.interpreter:  Encountered exception in validating flowmeter SLS1500: string index out of range. Raw output nan
WARNING: 10:09:35 - main_pipeline.interpreter:  Encountered exception in validating flowmeter SLS1500: string index out of range. Raw output nan
WARNING: 10:09:35 - main_pipeline.interpreter:  Encountered exception in validating flowmeter SLS1500: string index out of range. Raw output nan
WARNING: 10:09:35 - main_pipeline.interpreter:  Encountered exception in validating flowmeter SLS1500: string index out of range. Raw output nan
WARNING: 10:09:35 - main_pipeline.interpreter:  Encountered exception in validating flowmeter SLS1500: string index out of range. Raw output nan
WARNING: 10:09:35 - main_pipeline.interpreter:  Encountered exception in validating flowmeter SLS1500: string index out of range. Raw output nan
WARNING: 10:09:35 - main_pipeline.interpreter:  Encountered exception in validating flowmeter SLS1500: string index out of range. Raw output nan
WARNING: 10:09:35 - main_pipeline.interpreter:  Encountered exception in validating flowmeter SLS1500: string index out of range. Raw output nan
WARNING: 10:09:35 - main_pipeline.interpreter:  Encountered exception in validating flowmeter SLS1500: string index out of range. Raw output nan
WARNING: 10:09:35 - main_pipeline.interpreter:  Encountered exception in validating flowmeter SLS1500: string index out of range. Raw output nan
WARNING: 10:09:35 - main_pipeline.interpreter:  Encountered exception in validating flowmeter SLS1500: string index out of range. Raw output nan
WARNING: 10:09:35 - main_pipeline.interpreter:  Encountered exception in validating flowmeter SLS1500: string index out of range. Raw output nan
WARNING: 10:09:35 - main_pipeline.interpreter:  Encountered exception in validating flowmeter SLS1500: string index out of range. Raw output nan
WARNING: 10:09:35 - main_pipeline.interpreter:  Encountered exception in validating flowmeter SLS1500: string index out of range. Raw output nan
WARNING: 10:09:35 - main_pipeline.interpreter:  Unexpected error in processing flowmeter SLS1500: 'bool' object is not iterable
WARNING: 10:09:36 - main_pipeline.interpreter:  Encountered exception in validating flowmeter SLI2000: string index out of range. Raw output nan
WARNING: 10:09:36 - main_pipeline.interpreter:  Encountered exception in validating flowmeter SLI2000: string index out of range. Raw output nan
WARNING: 10:09:36 - main_pipeline.interpreter:  Encountered exception in validating flowmeter SLI2000: string index out of range. Raw output nan
WARNING: 10:09:36 - main_pipeline.interpreter:  Encountered exception in validating flowmeter SLI2000: string index out of range. Raw output nan
WARNING: 10:09:36 - main_pipeline.interpreter:  Encountered exception in validating flowmeter SLI2000: string index out of range. Raw output nan
WARNING: 10:09:36 - main_pipeline.interpreter:  Encountered exception in validating flowmeter SLI2000: string index out of range. Raw output nan
WARNING: 10:09:36 - main_pipeline.interpreter:  Encountered exception in validating flowmeter SLI2000: string index out of range. Raw output nan
WARNING: 10:09:36 - main_pipeline.interpreter:  Encountered exception in validating flowmeter SLI2000: string index out of range. Raw output nan
WARNING: 10:09:36 - main_pipeline.interpreter:  Encountered exception in validating flowmeter SLI2000: string index out of range. Raw output nan
WARNING: 10:09:36 - main_pipeline.interpreter:  Encountered exception in validating flowmeter SLI2000: string index out of range. Raw output nan
WARNING: 10:09:36 - main_pipeline.interpreter:  Encountered exception in validating flowmeter SLI2000: string index out of range. Raw output nan
WARNING: 10:09:36 - main_pipeline.interpreter:  Encountered exception in validating flowmeter SLI2000: string index out of range. Raw output nan
WARNING: 10:09:36 - main_pipeline.interpreter:  Encountered exception in validating flowmeter SLI2000: string index out of range. Raw output nan
WARNING: 10:09:36 - main_pipeline.interpreter:  Encountered exception in validating flowmeter SLI2000: string index out of range. Raw output nan
WARNING: 10:09:36 - main_pipeline.interpreter:  Encountered exception in validating flowmeter SLI2000: string index out of range. Raw output nan
WARNING: 10:09:36 - main_pipeline.interpreter:  Unexpected error in processing flowmeter SLI2000: 'bool' object is not iterable
WARNING: 10:09:36 - main_pipeline.interpreter:  Encountered exception in validating flowmeter SLS1500: string index out of range. Raw output nan
WARNING: 10:09:36 - main_pipeline.interpreter:  Encountered exception in validating flowmeter SLS1500: string index out of range. Raw output nan
WARNING: 10:09:36 - main_pipeline.interpreter:  Encountered exception in validating flowmeter SLS1500: string index out of range. Raw output nan
WARNING: 10:09:36 - main_pipeline.interpreter:  Encountered exception in validating flowmeter SLS1500: string index out of range. Raw output nan
WARNING: 10:09:36 - main_pipeline.interpreter:  Encountered exception in validating flowmeter SLS1500: string index out of range. Raw output nan
WARNING: 10:09:36 - main_pipeline.interpreter:  Encountered exception in validating flowmeter SLS1500: string index out of range. Raw output nan
WARNING: 10:09:36 - main_pipeline.interpreter:  Encountered exception in validating flowmeter SLS1500: string index out of range. Raw output nan
WARNING: 10:09:36 - main_pipeline.interpreter:  Encountered exception in validating flowmeter SLS1500: string index out of range. Raw output nan
WARNING: 10:09:36 - main_pipeline.interpreter:  Encountered exception in validating flowmeter SLS1500: string index out of range. Raw output nan
WARNING: 10:09:36 - main_pipeline.interpreter:  Encountered exception in validating flowmeter SLS1500: string index out of range. Raw output nan
WARNING: 10:09:36 - main_pipeline.interpreter:  Encountered exception in validating flowmeter SLS1500: string index out of range. Raw output nan
WARNING: 10:09:36 - main_pipeline.interpreter:  Encountered exception in validating flowmeter SLS1500: string index out of range. Raw output nan
WARNING: 10:09:36 - main_pipeline.interpreter:  Encountered exception in validating flowmeter SLS1500: string index out of range. Raw output nan
WARNING: 10:09:36 - main_pipeline.interpreter:  Encountered exception in validating flowmeter SLS1500: string index out of range. Raw output nan
WARNING: 10:09:36 - main_pipeline.interpreter:  Encountered exception in validating flowmeter SLS1500: string index out of range. Raw output nan
WARNING: 10:09:36 - main_pipeline.interpreter:  Unexpected error in processing flowmeter SLS1500: 'bool' object is not iterable
WARNING: 10:09:37 - main_pipeline.interpreter:  Encountered exception in validating flowmeter SLI2000: string index out of range. Raw output nan
WARNING: 10:09:37 - main_pipeline.interpreter:  Encountered exception in validating flowmeter SLI2000: string index out of range. Raw output nan
WARNING: 10:09:37 - main_pipeline.interpreter:  Encountered exception in validating flowmeter SLI2000: string index out of range. Raw output nan
WARNING: 10:09:37 - main_pipeline.interpreter:  Encountered exception in validating flowmeter SLI2000: string index out of range. Raw output nan
WARNING: 10:09:37 - main_pipeline.interpreter:  Encountered exception in validating flowmeter SLI2000: string index out of range. Raw output nan
WARNING: 10:09:37 - main_pipeline.interpreter:  Encountered exception in validating flowmeter SLI2000: string index out of range. Raw output nan
WARNING: 10:09:37 - main_pipeline.interpreter:  Encountered exception in validating flowmeter SLI2000: string index out of range. Raw output nan
WARNING: 10:09:37 - main_pipeline.interpreter:  Encountered exception in validating flowmeter SLI2000: string index out of range. Raw output nan
WARNING: 10:09:37 - main_pipeline.interpreter:  Encountered exception in validating flowmeter SLI2000: string index out of range. Raw output nan
WARNING: 10:09:37 - main_pipeline.interpreter:  Encountered exception in validating flowmeter SLI2000: string index out of range. Raw output nan
WARNING: 10:09:37 - main_pipeline.interpreter:  Encountered exception in validating flowmeter SLI2000: string index out of range. Raw output nan
WARNING: 10:09:37 - main_pipeline.interpreter:  Encountered exception in validating flowmeter SLI2000: string index out of range. Raw output nan
WARNING: 10:09:37 - main_pipeline.interpreter:  Encountered exception in validating flowmeter SLI2000: string index out of range. Raw output nan
WARNING: 10:09:37 - main_pipeline.interpreter:  Encountered exception in validating flowmeter SLI2000: string index out of range. Raw output nan
WARNING: 10:09:37 - main_pipeline.interpreter:  Encountered exception in validating flowmeter SLI2000: string index out of range. Raw output nan
WARNING: 10:09:37 - main_pipeline.interpreter:  Unexpected error in processing flowmeter SLI2000: 'bool' object is not iterable
WARNING: 10:09:37 - main_pipeline.interpreter:  Encountered exception in validating flowmeter SLS1500: string index out of range. Raw output nan
WARNING: 10:09:37 - main_pipeline.interpreter:  Encountered exception in validating flowmeter SLS1500: string index out of range. Raw output nan
WARNING: 10:09:37 - main_pipeline.interpreter:  Encountered exception in validating flowmeter SLS1500: string index out of range. Raw output nan
WARNING: 10:09:37 - main_pipeline.interpreter:  Encountered exception in validating flowmeter SLS1500: string index out of range. Raw output nan
WARNING: 10:09:37 - main_pipeline.interpreter:  Encountered exception in validating flowmeter SLS1500: string index out of range. Raw output nan
WARNING: 10:09:37 - main_pipeline.interpreter:  Encountered exception in validating flowmeter SLS1500: string index out of range. Raw output nan
WARNING: 10:09:37 - main_pipeline.interpreter:  Encountered exception in validating flowmeter SLS1500: string index out of range. Raw output nan
WARNING: 10:09:37 - main_pipeline.interpreter:  Encountered exception in validating flowmeter SLS1500: string index out of range. Raw output nan
WARNING: 10:09:37 - main_pipeline.interpreter:  Encountered exception in validating flowmeter SLS1500: string index out of range. Raw output nan
WARNING: 10:09:37 - main_pipeline.interpreter:  Encountered exception in validating flowmeter SLS1500: string index out of range. Raw output nan
WARNING: 10:09:37 - main_pipeline.interpreter:  Encountered exception in validating flowmeter SLS1500: string index out of range. Raw output nan
WARNING: 10:09:37 - main_pipeline.interpreter:  Encountered exception in validating flowmeter SLS1500: string index out of range. Raw output nan
WARNING: 10:09:37 - main_pipeline.interpreter:  Encountered exception in validating flowmeter SLS1500: string index out of range. Raw output nan
WARNING: 10:09:37 - main_pipeline.interpreter:  Encountered exception in validating flowmeter SLS1500: string index out of range. Raw output nan
WARNING: 10:09:37 - main_pipeline.interpreter:  Encountered exception in validating flowmeter SLS1500: string index out of range. Raw output nan
WARNING: 10:09:37 - main_pipeline.interpreter:  Unexpected error in processing flowmeter SLS1500: 'bool' object is not iterable
WARNING: 10:09:38 - main_pipeline.interpreter:  Encountered exception in validating flowmeter SLI2000: string index out of range. Raw output nan
WARNING: 10:09:38 - main_pipeline.interpreter:  Encountered exception in validating flowmeter SLI2000: string index out of range. Raw output nan
WARNING: 10:09:38 - main_pipeline.interpreter:  Encountered exception in validating flowmeter SLI2000: string index out of range. Raw output nan
WARNING: 10:09:38 - main_pipeline.interpreter:  Encountered exception in validating flowmeter SLI2000: string index out of range. Raw output nan
WARNING: 10:09:38 - main_pipeline.interpreter:  Encountered exception in validating flowmeter SLI2000: string index out of range. Raw output nan
WARNING: 10:09:38 - main_pipeline.interpreter:  Encountered exception in validating flowmeter SLI2000: string index out of range. Raw output nan
WARNING: 10:09:38 - main_pipeline.interpreter:  Encountered exception in validating flowmeter SLI2000: string index out of range. Raw output nan
WARNING: 10:09:38 - main_pipeline.interpreter:  Encountered exception in validating flowmeter SLI2000: string index out of range. Raw output nan
WARNING: 10:09:38 - main_pipeline.interpreter:  Encountered exception in validating flowmeter SLI2000: string index out of range. Raw output nan
WARNING: 10:09:38 - main_pipeline.interpreter:  Encountered exception in validating flowmeter SLI2000: string index out of range. Raw output nan
WARNING: 10:09:38 - main_pipeline.interpreter:  Encountered exception in validating flowmeter SLI2000: string index out of range. Raw output nan
WARNING: 10:09:38 - main_pipeline.interpreter:  Encountered exception in validating flowmeter SLI2000: string index out of range. Raw output nan
WARNING: 10:09:38 - main_pipeline.interpreter:  Encountered exception in validating flowmeter SLI2000: string index out of range. Raw output nan
WARNING: 10:09:38 - main_pipeline.interpreter:  Encountered exception in validating flowmeter SLI2000: string index out of range. Raw output nan
WARNING: 10:09:38 - main_pipeline.interpreter:  Encountered exception in validating flowmeter SLI2000: string index out of range. Raw output nan
WARNING: 10:09:38 - main_pipeline.interpreter:  Unexpected error in processing flowmeter SLI2000: 'bool' object is not iterable
WARNING: 10:09:38 - main_pipeline.interpreter:  Encountered exception in validating flowmeter SLS1500: string index out of range. Raw output nan
WARNING: 10:09:38 - main_pipeline.interpreter:  Encountered exception in validating flowmeter SLS1500: string index out of range. Raw output nan
WARNING: 10:09:38 - main_pipeline.interpreter:  Encountered exception in validating flowmeter SLS1500: string index out of range. Raw output nan
WARNING: 10:09:38 - main_pipeline.interpreter:  Encountered exception in validating flowmeter SLS1500: string index out of range. Raw output nan
WARNING: 10:09:38 - main_pipeline.interpreter:  Encountered exception in validating flowmeter SLS1500: string index out of range. Raw output nan
WARNING: 10:09:38 - main_pipeline.interpreter:  Encountered exception in validating flowmeter SLS1500: string index out of range. Raw output nan
WARNING: 10:09:38 - main_pipeline.interpreter:  Encountered exception in validating flowmeter SLS1500: string index out of range. Raw output nan
WARNING: 10:09:38 - main_pipeline.interpreter:  Encountered exception in validating flowmeter SLS1500: string index out of range. Raw output nan
WARNING: 10:09:38 - main_pipeline.interpreter:  Encountered exception in validating flowmeter SLS1500: string index out of range. Raw output nan
WARNING: 10:09:38 - main_pipeline.interpreter:  Encountered exception in validating flowmeter SLS1500: string index out of range. Raw output nan
WARNING: 10:09:38 - main_pipeline.interpreter:  Encountered exception in validating flowmeter SLS1500: string index out of range. Raw output nan
WARNING: 10:09:38 - main_pipeline.interpreter:  Encountered exception in validating flowmeter SLS1500: string index out of range. Raw output nan
WARNING: 10:09:38 - main_pipeline.interpreter:  Encountered exception in validating flowmeter SLS1500: string index out of range. Raw output nan
WARNING: 10:09:38 - main_pipeline.interpreter:  Encountered exception in validating flowmeter SLS1500: string index out of range. Raw output nan
WARNING: 10:09:38 - main_pipeline.interpreter:  Encountered exception in validating flowmeter SLS1500: string index out of range. Raw output nan
WARNING: 10:09:38 - main_pipeline.interpreter:  Unexpected error in processing flowmeter SLS1500: 'bool' object is not iterable
WARNING: 10:09:39 - main_pipeline.interpreter:  Encountered exception in validating flowmeter SLI2000: string index out of range. Raw output nan
WARNING: 10:09:39 - main_pipeline.interpreter:  Encountered exception in validating flowmeter SLI2000: string index out of range. Raw output nan
WARNING: 10:09:39 - main_pipeline.interpreter:  Encountered exception in validating flowmeter SLI2000: string index out of range. Raw output nan
WARNING: 10:09:39 - main_pipeline.interpreter:  Encountered exception in validating flowmeter SLI2000: string index out of range. Raw output nan
WARNING: 10:09:39 - main_pipeline.interpreter:  Encountered exception in validating flowmeter SLI2000: string index out of range. Raw output nan
WARNING: 10:09:39 - main_pipeline.interpreter:  Encountered exception in validating flowmeter SLI2000: string index out of range. Raw output nan
WARNING: 10:09:39 - main_pipeline.interpreter:  Encountered exception in validating flowmeter SLI2000: string index out of range. Raw output nan
WARNING: 10:09:39 - main_pipeline.interpreter:  Encountered exception in validating flowmeter SLI2000: string index out of range. Raw output nan
WARNING: 10:09:39 - main_pipeline.interpreter:  Encountered exception in validating flowmeter SLI2000: string index out of range. Raw output nan
WARNING: 10:09:39 - main_pipeline.interpreter:  Encountered exception in validating flowmeter SLI2000: string index out of range. Raw output nan
WARNING: 10:09:39 - main_pipeline.interpreter:  Encountered exception in validating flowmeter SLI2000: string index out of range. Raw output nan
WARNING: 10:09:39 - main_pipeline.interpreter:  Encountered exception in validating flowmeter SLI2000: string index out of range. Raw output nan
WARNING: 10:09:39 - main_pipeline.interpreter:  Encountered exception in validating flowmeter SLI2000: string index out of range. Raw output nan
WARNING: 10:09:39 - main_pipeline.interpreter:  Encountered exception in validating flowmeter SLI2000: string index out of range. Raw output nan
WARNING: 10:09:39 - main_pipeline.interpreter:  Encountered exception in validating flowmeter SLI2000: string index out of range. Raw output nan
WARNING: 10:09:39 - main_pipeline.interpreter:  Unexpected error in processing flowmeter SLI2000: 'bool' object is not iterable
WARNING: 10:09:39 - main_pipeline.interpreter:  Encountered exception in validating flowmeter SLS1500: string index out of range. Raw output nan
WARNING: 10:09:39 - main_pipeline.interpreter:  Encountered exception in validating flowmeter SLS1500: string index out of range. Raw output nan
WARNING: 10:09:39 - main_pipeline.interpreter:  Encountered exception in validating flowmeter SLS1500: string index out of range. Raw output nan
WARNING: 10:09:39 - main_pipeline.interpreter:  Encountered exception in validating flowmeter SLS1500: string index out of range. Raw output nan
WARNING: 10:09:39 - main_pipeline.interpreter:  Encountered exception in validating flowmeter SLS1500: string index out of range. Raw output nan
WARNING: 10:09:39 - main_pipeline.interpreter:  Encountered exception in validating flowmeter SLS1500: string index out of range. Raw output nan
WARNING: 10:09:39 - main_pipeline.interpreter:  Encountered exception in validating flowmeter SLS1500: string index out of range. Raw output nan
WARNING: 10:09:39 - main_pipeline.interpreter:  Encountered exception in validating flowmeter SLS1500: string index out of range. Raw output nan
WARNING: 10:09:39 - main_pipeline.interpreter:  Encountered exception in validating flowmeter SLS1500: string index out of range. Raw output nan
WARNING: 10:09:39 - main_pipeline.interpreter:  Encountered exception in validating flowmeter SLS1500: string index out of range. Raw output nan
WARNING: 10:09:39 - main_pipeline.interpreter:  Encountered exception in validating flowmeter SLS1500: string index out of range. Raw output nan
WARNING: 10:09:39 - main_pipeline.interpreter:  Encountered exception in validating flowmeter SLS1500: string index out of range. Raw output nan
WARNING: 10:09:39 - main_pipeline.interpreter:  Encountered exception in validating flowmeter SLS1500: string index out of range. Raw output nan
WARNING: 10:09:39 - main_pipeline.interpreter:  Encountered exception in validating flowmeter SLS1500: string index out of range. Raw output nan
WARNING: 10:09:39 - main_pipeline.interpreter:  Encountered exception in validating flowmeter SLS1500: string index out of range. Raw output nan
WARNING: 10:09:39 - main_pipeline.interpreter:  Unexpected error in processing flowmeter SLS1500: 'bool' object is not iterable
WARNING: 10:09:40 - main_pipeline.interpreter:  Encountered exception in validating flowmeter SLI2000: string index out of range. Raw output nan
WARNING: 10:09:40 - main_pipeline.interpreter:  Encountered exception in validating flowmeter SLI2000: string index out of range. Raw output nan
WARNING: 10:09:40 - main_pipeline.interpreter:  Encountered exception in validating flowmeter SLI2000: string index out of range. Raw output nan
WARNING: 10:09:40 - main_pipeline.interpreter:  Encountered exception in validating flowmeter SLI2000: string index out of range. Raw output nan
WARNING: 10:09:40 - main_pipeline.interpreter:  Encountered exception in validating flowmeter SLI2000: string index out of range. Raw output nan
WARNING: 10:09:40 - main_pipeline.interpreter:  Encountered exception in validating flowmeter SLI2000: string index out of range. Raw output nan
WARNING: 10:09:40 - main_pipeline.interpreter:  Encountered exception in validating flowmeter SLI2000: string index out of range. Raw output nan
WARNING: 10:09:40 - main_pipeline.interpreter:  Encountered exception in validating flowmeter SLI2000: string index out of range. Raw output nan
WARNING: 10:09:40 - main_pipeline.interpreter:  Encountered exception in validating flowmeter SLI2000: string index out of range. Raw output nan
WARNING: 10:09:40 - main_pipeline.interpreter:  Encountered exception in validating flowmeter SLI2000: string index out of range. Raw output nan
WARNING: 10:09:40 - main_pipeline.interpreter:  Encountered exception in validating flowmeter SLI2000: string index out of range. Raw output nan
WARNING: 10:09:40 - main_pipeline.interpreter:  Encountered exception in validating flowmeter SLI2000: string index out of range. Raw output nan
WARNING: 10:09:40 - main_pipeline.interpreter:  Encountered exception in validating flowmeter SLI2000: string index out of range. Raw output nan
WARNING: 10:09:40 - main_pipeline.interpreter:  Encountered exception in validating flowmeter SLI2000: string index out of range. Raw output nan
WARNING: 10:09:40 - main_pipeline.interpreter:  Encountered exception in validating flowmeter SLI2000: string index out of range. Raw output nan
WARNING: 10:09:40 - main_pipeline.interpreter:  Unexpected error in processing flowmeter SLI2000: 'bool' object is not iterable
WARNING: 10:09:40 - main_pipeline.interpreter:  Encountered exception in validating flowmeter SLS1500: string index out of range. Raw output nan
WARNING: 10:09:40 - main_pipeline.interpreter:  Encountered exception in validating flowmeter SLS1500: string index out of range. Raw output nan
WARNING: 10:09:40 - main_pipeline.interpreter:  Encountered exception in validating flowmeter SLS1500: string index out of range. Raw output nan
WARNING: 10:09:40 - main_pipeline.interpreter:  Encountered exception in validating flowmeter SLS1500: string index out of range. Raw output nan
WARNING: 10:09:40 - main_pipeline.interpreter:  Encountered exception in validating flowmeter SLS1500: string index out of range. Raw output nan
WARNING: 10:09:40 - main_pipeline.interpreter:  Encountered exception in validating flowmeter SLS1500: string index out of range. Raw output nan
WARNING: 10:09:40 - main_pipeline.interpreter:  Encountered exception in validating flowmeter SLS1500: string index out of range. Raw output nan
WARNING: 10:09:40 - main_pipeline.interpreter:  Encountered exception in validating flowmeter SLS1500: string index out of range. Raw output nan
WARNING: 10:09:40 - main_pipeline.interpreter:  Encountered exception in validating flowmeter SLS1500: string index out of range. Raw output nan
WARNING: 10:09:40 - main_pipeline.interpreter:  Encountered exception in validating flowmeter SLS1500: string index out of range. Raw output nan
WARNING: 10:09:40 - main_pipeline.interpreter:  Encountered exception in validating flowmeter SLS1500: string index out of range. Raw output nan
WARNING: 10:09:40 - main_pipeline.interpreter:  Encountered exception in validating flowmeter SLS1500: string index out of range. Raw output nan
WARNING: 10:09:40 - main_pipeline.interpreter:  Encountered exception in validating flowmeter SLS1500: string index out of range. Raw output nan
WARNING: 10:09:40 - main_pipeline.interpreter:  Encountered exception in validating flowmeter SLS1500: string index out of range. Raw output nan
WARNING: 10:09:40 - main_pipeline.interpreter:  Encountered exception in validating flowmeter SLS1500: string index out of range. Raw output nan
WARNING: 10:09:40 - main_pipeline.interpreter:  Unexpected error in processing flowmeter SLS1500: 'bool' object is not iterable
WARNING: 10:09:41 - main_pipeline.interpreter:  Encountered exception in validating flowmeter SLI2000: string index out of range. Raw output nan
WARNING: 10:09:41 - main_pipeline.interpreter:  Encountered exception in validating flowmeter SLI2000: string index out of range. Raw output nan
WARNING: 10:09:41 - main_pipeline.interpreter:  Encountered exception in validating flowmeter SLI2000: string index out of range. Raw output nan
WARNING: 10:09:41 - main_pipeline.interpreter:  Encountered exception in validating flowmeter SLI2000: string index out of range. Raw output nan
WARNING: 10:09:41 - main_pipeline.interpreter:  Encountered exception in validating flowmeter SLI2000: string index out of range. Raw output nan
WARNING: 10:09:41 - main_pipeline.interpreter:  Encountered exception in validating flowmeter SLI2000: string index out of range. Raw output nan
WARNING: 10:09:41 - main_pipeline.interpreter:  Encountered exception in validating flowmeter SLI2000: string index out of range. Raw output nan
WARNING: 10:09:41 - main_pipeline.interpreter:  Encountered exception in validating flowmeter SLI2000: string index out of range. Raw output nan
WARNING: 10:09:41 - main_pipeline.interpreter:  Encountered exception in validating flowmeter SLI2000: string index out of range. Raw output nan
WARNING: 10:09:41 - main_pipeline.interpreter:  Encountered exception in validating flowmeter SLI2000: string index out of range. Raw output nan
WARNING: 10:09:41 - main_pipeline.interpreter:  Encountered exception in validating flowmeter SLI2000: string index out of range. Raw output nan
WARNING: 10:09:41 - main_pipeline.interpreter:  Encountered exception in validating flowmeter SLI2000: string index out of range. Raw output nan
WARNING: 10:09:41 - main_pipeline.interpreter:  Encountered exception in validating flowmeter SLI2000: string index out of range. Raw output nan
WARNING: 10:09:41 - main_pipeline.interpreter:  Encountered exception in validating flowmeter SLI2000: string index out of range. Raw output nan
WARNING: 10:09:41 - main_pipeline.interpreter:  Encountered exception in validating flowmeter SLI2000: string index out of range. Raw output nan
WARNING: 10:09:41 - main_pipeline.interpreter:  Unexpected error in processing flowmeter SLI2000: 'bool' object is not iterable
WARNING: 10:09:41 - main_pipeline.interpreter:  Encountered exception in validating flowmeter SLS1500: string index out of range. Raw output nan
WARNING: 10:09:41 - main_pipeline.interpreter:  Encountered exception in validating flowmeter SLS1500: string index out of range. Raw output nan
WARNING: 10:09:41 - main_pipeline.interpreter:  Encountered exception in validating flowmeter SLS1500: string index out of range. Raw output nan
WARNING: 10:09:41 - main_pipeline.interpreter:  Encountered exception in validating flowmeter SLS1500: string index out of range. Raw output nan
WARNING: 10:09:41 - main_pipeline.interpreter:  Encountered exception in validating flowmeter SLS1500: string index out of range. Raw output nan
WARNING: 10:09:41 - main_pipeline.interpreter:  Encountered exception in validating flowmeter SLS1500: string index out of range. Raw output nan
WARNING: 10:09:41 - main_pipeline.interpreter:  Encountered exception in validating flowmeter SLS1500: string index out of range. Raw output nan
WARNING: 10:09:41 - main_pipeline.interpreter:  Encountered exception in validating flowmeter SLS1500: string index out of range. Raw output nan
WARNING: 10:09:41 - main_pipeline.interpreter:  Encountered exception in validating flowmeter SLS1500: string index out of range. Raw output nan
WARNING: 10:09:41 - main_pipeline.interpreter:  Encountered exception in validating flowmeter SLS1500: string index out of range. Raw output nan
WARNING: 10:09:41 - main_pipeline.interpreter:  Encountered exception in validating flowmeter SLS1500: string index out of range. Raw output nan
WARNING: 10:09:41 - main_pipeline.interpreter:  Encountered exception in validating flowmeter SLS1500: string index out of range. Raw output nan
WARNING: 10:09:41 - main_pipeline.interpreter:  Encountered exception in validating flowmeter SLS1500: string index out of range. Raw output nan
WARNING: 10:09:41 - main_pipeline.interpreter:  Encountered exception in validating flowmeter SLS1500: string index out of range. Raw output nan
WARNING: 10:09:41 - main_pipeline.interpreter:  Encountered exception in validating flowmeter SLS1500: string index out of range. Raw output nan
WARNING: 10:09:41 - main_pipeline.interpreter:  Unexpected error in processing flowmeter SLS1500: 'bool' object is not iterable
WARNING: 10:09:42 - main_pipeline.interpreter:  Encountered exception in validating flowmeter SLI2000: string index out of range. Raw output nan
WARNING: 10:09:42 - main_pipeline.interpreter:  Encountered exception in validating flowmeter SLI2000: string index out of range. Raw output nan
WARNING: 10:09:42 - main_pipeline.interpreter:  Encountered exception in validating flowmeter SLI2000: string index out of range. Raw output nan
WARNING: 10:09:42 - main_pipeline.interpreter:  Encountered exception in validating flowmeter SLI2000: string index out of range. Raw output nan
WARNING: 10:09:42 - main_pipeline.interpreter:  Encountered exception in validating flowmeter SLI2000: string index out of range. Raw output nan
WARNING: 10:09:42 - main_pipeline.interpreter:  Encountered exception in validating flowmeter SLI2000: string index out of range. Raw output nan
WARNING: 10:09:42 - main_pipeline.interpreter:  Encountered exception in validating flowmeter SLI2000: string index out of range. Raw output nan
WARNING: 10:09:42 - main_pipeline.interpreter:  Encountered exception in validating flowmeter SLI2000: string index out of range. Raw output nan
WARNING: 10:09:42 - main_pipeline.interpreter:  Encountered exception in validating flowmeter SLI2000: string index out of range. Raw output nan
WARNING: 10:09:42 - main_pipeline.interpreter:  Encountered exception in validating flowmeter SLI2000: string index out of range. Raw output nan
WARNING: 10:09:42 - main_pipeline.interpreter:  Encountered exception in validating flowmeter SLI2000: string index out of range. Raw output nan
WARNING: 10:09:42 - main_pipeline.interpreter:  Encountered exception in validating flowmeter SLI2000: string index out of range. Raw output nan
WARNING: 10:09:42 - main_pipeline.interpreter:  Encountered exception in validating flowmeter SLI2000: string index out of range. Raw output nan
WARNING: 10:09:42 - main_pipeline.interpreter:  Encountered exception in validating flowmeter SLI2000: string index out of range. Raw output nan
WARNING: 10:09:42 - main_pipeline.interpreter:  Encountered exception in validating flowmeter SLI2000: string index out of range. Raw output nan
WARNING: 10:09:42 - main_pipeline.interpreter:  Unexpected error in processing flowmeter SLI2000: 'bool' object is not iterable
WARNING: 10:09:42 - main_pipeline.interpreter:  Encountered exception in validating flowmeter SLS1500: string index out of range. Raw output nan
WARNING: 10:09:42 - main_pipeline.interpreter:  Encountered exception in validating flowmeter SLS1500: string index out of range. Raw output nan
WARNING: 10:09:42 - main_pipeline.interpreter:  Encountered exception in validating flowmeter SLS1500: string index out of range. Raw output nan
WARNING: 10:09:42 - main_pipeline.interpreter:  Encountered exception in validating flowmeter SLS1500: string index out of range. Raw output nan
WARNING: 10:09:42 - main_pipeline.interpreter:  Encountered exception in validating flowmeter SLS1500: string index out of range. Raw output nan
WARNING: 10:09:42 - main_pipeline.interpreter:  Encountered exception in validating flowmeter SLS1500: string index out of range. Raw output nan
WARNING: 10:09:42 - main_pipeline.interpreter:  Encountered exception in validating flowmeter SLS1500: string index out of range. Raw output nan
WARNING: 10:09:42 - main_pipeline.interpreter:  Encountered exception in validating flowmeter SLS1500: string index out of range. Raw output nan
WARNING: 10:09:42 - main_pipeline.interpreter:  Encountered exception in validating flowmeter SLS1500: string index out of range. Raw output nan
WARNING: 10:09:42 - main_pipeline.interpreter:  Encountered exception in validating flowmeter SLS1500: string index out of range. Raw output nan
WARNING: 10:09:42 - main_pipeline.interpreter:  Encountered exception in validating flowmeter SLS1500: string index out of range. Raw output nan
WARNING: 10:09:42 - main_pipeline.interpreter:  Encountered exception in validating flowmeter SLS1500: string index out of range. Raw output nan
WARNING: 10:09:42 - main_pipeline.interpreter:  Encountered exception in validating flowmeter SLS1500: string index out of range. Raw output nan
WARNING: 10:09:42 - main_pipeline.interpreter:  Encountered exception in validating flowmeter SLS1500: string index out of range. Raw output nan
WARNING: 10:09:42 - main_pipeline.interpreter:  Encountered exception in validating flowmeter SLS1500: string index out of range. Raw output nan
WARNING: 10:09:42 - main_pipeline.interpreter:  Unexpected error in processing flowmeter SLS1500: 'bool' object is not iterable
WARNING: 10:09:43 - main_pipeline.interpreter:  Encountered exception in validating flowmeter SLI2000: string index out of range. Raw output nan
WARNING: 10:09:43 - main_pipeline.interpreter:  Encountered exception in validating flowmeter SLI2000: string index out of range. Raw output nan
WARNING: 10:09:43 - main_pipeline.interpreter:  Encountered exception in validating flowmeter SLI2000: string index out of range. Raw output nan
WARNING: 10:09:43 - main_pipeline.interpreter:  Encountered exception in validating flowmeter SLI2000: string index out of range. Raw output nan
WARNING: 10:09:43 - main_pipeline.interpreter:  Encountered exception in validating flowmeter SLI2000: string index out of range. Raw output nan
WARNING: 10:09:43 - main_pipeline.interpreter:  Encountered exception in validating flowmeter SLI2000: string index out of range. Raw output nan
WARNING: 10:09:43 - main_pipeline.interpreter:  Encountered exception in validating flowmeter SLI2000: string index out of range. Raw output nan
WARNING: 10:09:43 - main_pipeline.interpreter:  Encountered exception in validating flowmeter SLI2000: string index out of range. Raw output nan
WARNING: 10:09:43 - main_pipeline.interpreter:  Encountered exception in validating flowmeter SLI2000: string index out of range. Raw output nan
WARNING: 10:09:43 - main_pipeline.interpreter:  Encountered exception in validating flowmeter SLI2000: string index out of range. Raw output nan
WARNING: 10:09:43 - main_pipeline.interpreter:  Encountered exception in validating flowmeter SLI2000: string index out of range. Raw output nan
WARNING: 10:09:43 - main_pipeline.interpreter:  Encountered exception in validating flowmeter SLI2000: string index out of range. Raw output nan
WARNING: 10:09:43 - main_pipeline.interpreter:  Encountered exception in validating flowmeter SLI2000: string index out of range. Raw output nan
WARNING: 10:09:43 - main_pipeline.interpreter:  Encountered exception in validating flowmeter SLI2000: string index out of range. Raw output nan
WARNING: 10:09:43 - main_pipeline.interpreter:  Encountered exception in validating flowmeter SLI2000: string index out of range. Raw output nan
WARNING: 10:09:43 - main_pipeline.interpreter:  Unexpected error in processing flowmeter SLI2000: 'bool' object is not iterable
WARNING: 10:09:43 - main_pipeline.interpreter:  Encountered exception in validating flowmeter SLS1500: string index out of range. Raw output nan
WARNING: 10:09:43 - main_pipeline.interpreter:  Encountered exception in validating flowmeter SLS1500: string index out of range. Raw output nan
WARNING: 10:09:43 - main_pipeline.interpreter:  Encountered exception in validating flowmeter SLS1500: string index out of range. Raw output nan
WARNING: 10:09:43 - main_pipeline.interpreter:  Encountered exception in validating flowmeter SLS1500: string index out of range. Raw output nan
WARNING: 10:09:43 - main_pipeline.interpreter:  Encountered exception in validating flowmeter SLS1500: string index out of range. Raw output nan
WARNING: 10:09:43 - main_pipeline.interpreter:  Encountered exception in validating flowmeter SLS1500: string index out of range. Raw output nan
WARNING: 10:09:43 - main_pipeline.interpreter:  Encountered exception in validating flowmeter SLS1500: string index out of range. Raw output nan
WARNING: 10:09:43 - main_pipeline.interpreter:  Encountered exception in validating flowmeter SLS1500: string index out of range. Raw output nan
WARNING: 10:09:43 - main_pipeline.interpreter:  Encountered exception in validating flowmeter SLS1500: string index out of range. Raw output nan
WARNING: 10:09:43 - main_pipeline.interpreter:  Encountered exception in validating flowmeter SLS1500: string index out of range. Raw output nan
WARNING: 10:09:43 - main_pipeline.interpreter:  Encountered exception in validating flowmeter SLS1500: string index out of range. Raw output nan
WARNING: 10:09:43 - main_pipeline.interpreter:  Encountered exception in validating flowmeter SLS1500: string index out of range. Raw output nan
WARNING: 10:09:43 - main_pipeline.interpreter:  Encountered exception in validating flowmeter SLS1500: string index out of range. Raw output nan
WARNING: 10:09:43 - main_pipeline.interpreter:  Encountered exception in validating flowmeter SLS1500: string index out of range. Raw output nan
WARNING: 10:09:43 - main_pipeline.interpreter:  Encountered exception in validating flowmeter SLS1500: string index out of range. Raw output nan
WARNING: 10:09:43 - main_pipeline.interpreter:  Unexpected error in processing flowmeter SLS1500: 'bool' object is not iterable
WARNING: 10:09:44 - main_pipeline.interpreter:  Encountered exception in validating flowmeter SLI2000: string index out of range. Raw output nan
WARNING: 10:09:44 - main_pipeline.interpreter:  Encountered exception in validating flowmeter SLI2000: string index out of range. Raw output nan
WARNING: 10:09:44 - main_pipeline.interpreter:  Encountered exception in validating flowmeter SLI2000: string index out of range. Raw output nan
WARNING: 10:09:44 - main_pipeline.interpreter:  Encountered exception in validating flowmeter SLI2000: string index out of range. Raw output nan
WARNING: 10:09:44 - main_pipeline.interpreter:  Encountered exception in validating flowmeter SLI2000: string index out of range. Raw output nan
WARNING: 10:09:44 - main_pipeline.interpreter:  Encountered exception in validating flowmeter SLI2000: string index out of range. Raw output nan
WARNING: 10:09:44 - main_pipeline.interpreter:  Encountered exception in validating flowmeter SLI2000: string index out of range. Raw output nan
WARNING: 10:09:44 - main_pipeline.interpreter:  Encountered exception in validating flowmeter SLI2000: string index out of range. Raw output nan
WARNING: 10:09:44 - main_pipeline.interpreter:  Encountered exception in validating flowmeter SLI2000: string index out of range. Raw output nan
WARNING: 10:09:44 - main_pipeline.interpreter:  Encountered exception in validating flowmeter SLI2000: string index out of range. Raw output nan
WARNING: 10:09:44 - main_pipeline.interpreter:  Encountered exception in validating flowmeter SLI2000: string index out of range. Raw output nan
WARNING: 10:09:44 - main_pipeline.interpreter:  Encountered exception in validating flowmeter SLI2000: string index out of range. Raw output nan
WARNING: 10:09:44 - main_pipeline.interpreter:  Encountered exception in validating flowmeter SLI2000: string index out of range. Raw output nan
WARNING: 10:09:44 - main_pipeline.interpreter:  Encountered exception in validating flowmeter SLI2000: string index out of range. Raw output nan
WARNING: 10:09:44 - main_pipeline.interpreter:  Encountered exception in validating flowmeter SLI2000: string index out of range. Raw output nan
WARNING: 10:09:44 - main_pipeline.interpreter:  Unexpected error in processing flowmeter SLI2000: 'bool' object is not iterable
WARNING: 10:09:44 - main_pipeline.interpreter:  Encountered exception in validating flowmeter SLS1500: string index out of range. Raw output nan
WARNING: 10:09:44 - main_pipeline.interpreter:  Encountered exception in validating flowmeter SLS1500: string index out of range. Raw output nan
WARNING: 10:09:44 - main_pipeline.interpreter:  Encountered exception in validating flowmeter SLS1500: string index out of range. Raw output nan
WARNING: 10:09:44 - main_pipeline.interpreter:  Encountered exception in validating flowmeter SLS1500: string index out of range. Raw output nan
WARNING: 10:09:44 - main_pipeline.interpreter:  Encountered exception in validating flowmeter SLS1500: string index out of range. Raw output nan
WARNING: 10:09:44 - main_pipeline.interpreter:  Encountered exception in validating flowmeter SLS1500: string index out of range. Raw output nan
WARNING: 10:09:44 - main_pipeline.interpreter:  Encountered exception in validating flowmeter SLS1500: string index out of range. Raw output nan
WARNING: 10:09:44 - main_pipeline.interpreter:  Encountered exception in validating flowmeter SLS1500: string index out of range. Raw output nan
WARNING: 10:09:44 - main_pipeline.interpreter:  Encountered exception in validating flowmeter SLS1500: string index out of range. Raw output nan
WARNING: 10:09:44 - main_pipeline.interpreter:  Encountered exception in validating flowmeter SLS1500: string index out of range. Raw output nan
WARNING: 10:09:44 - main_pipeline.interpreter:  Encountered exception in validating flowmeter SLS1500: string index out of range. Raw output nan
WARNING: 10:09:44 - main_pipeline.interpreter:  Encountered exception in validating flowmeter SLS1500: string index out of range. Raw output nan
WARNING: 10:09:44 - main_pipeline.interpreter:  Encountered exception in validating flowmeter SLS1500: string index out of range. Raw output nan
WARNING: 10:09:44 - main_pipeline.interpreter:  Encountered exception in validating flowmeter SLS1500: string index out of range. Raw output nan
WARNING: 10:09:44 - main_pipeline.interpreter:  Encountered exception in validating flowmeter SLS1500: string index out of range. Raw output nan
WARNING: 10:09:44 - main_pipeline.interpreter:  Unexpected error in processing flowmeter SLS1500: 'bool' object is not iterable
ERROR: 10:09:45 - __main__:  Unexpected error in updating Melthead plots: list index out of range
WARNING: 10:09:45 - main_pipeline.interpreter:  Encountered exception in validating flowmeter SLI2000: string index out of range. Raw output nan
WARNING: 10:09:45 - main_pipeline.interpreter:  Encountered exception in validating flowmeter SLI2000: string index out of range. Raw output nan
WARNING: 10:09:45 - main_pipeline.interpreter:  Encountered exception in validating flowmeter SLI2000: string index out of range. Raw output nan
WARNING: 10:09:45 - main_pipeline.interpreter:  Encountered exception in validating flowmeter SLI2000: string index out of range. Raw output nan
WARNING: 10:09:45 - main_pipeline.interpreter:  Encountered exception in validating flowmeter SLI2000: string index out of range. Raw output nan
WARNING: 10:09:45 - main_pipeline.interpreter:  Encountered exception in validating flowmeter SLI2000: string index out of range. Raw output nan
WARNING: 10:09:45 - main_pipeline.interpreter:  Encountered exception in validating flowmeter SLI2000: string index out of range. Raw output nan
WARNING: 10:09:45 - main_pipeline.interpreter:  Encountered exception in validating flowmeter SLI2000: string index out of range. Raw output nan
WARNING: 10:09:45 - main_pipeline.interpreter:  Encountered exception in validating flowmeter SLI2000: string index out of range. Raw output nan
WARNING: 10:09:45 - main_pipeline.interpreter:  Encountered exception in validating flowmeter SLI2000: string index out of range. Raw output nan
WARNING: 10:09:45 - main_pipeline.interpreter:  Encountered exception in validating flowmeter SLI2000: string index out of range. Raw output nan
WARNING: 10:09:45 - main_pipeline.interpreter:  Encountered exception in validating flowmeter SLI2000: string index out of range. Raw output nan
WARNING: 10:09:45 - main_pipeline.interpreter:  Encountered exception in validating flowmeter SLI2000: string index out of range. Raw output nan
WARNING: 10:09:45 - main_pipeline.interpreter:  Encountered exception in validating flowmeter SLI2000: string index out of range. Raw output nan
WARNING: 10:09:45 - main_pipeline.interpreter:  Encountered exception in validating flowmeter SLI2000: string index out of range. Raw output nan
WARNING: 10:09:45 - main_pipeline.interpreter:  Unexpected error in processing flowmeter SLI2000: 'bool' object is not iterable
WARNING: 10:09:45 - main_pipeline.interpreter:  Encountered exception in validating flowmeter SLS1500: string index out of range. Raw output nan
WARNING: 10:09:45 - main_pipeline.interpreter:  Encountered exception in validating flowmeter SLS1500: string index out of range. Raw output nan
WARNING: 10:09:45 - main_pipeline.interpreter:  Encountered exception in validating flowmeter SLS1500: string index out of range. Raw output nan
WARNING: 10:09:45 - main_pipeline.interpreter:  Encountered exception in validating flowmeter SLS1500: string index out of range. Raw output nan
WARNING: 10:09:45 - main_pipeline.interpreter:  Encountered exception in validating flowmeter SLS1500: string index out of range. Raw output nan
WARNING: 10:09:45 - main_pipeline.interpreter:  Encountered exception in validating flowmeter SLS1500: string index out of range. Raw output nan
WARNING: 10:09:45 - main_pipeline.interpreter:  Encountered exception in validating flowmeter SLS1500: string index out of range. Raw output nan
WARNING: 10:09:45 - main_pipeline.interpreter:  Encountered exception in validating flowmeter SLS1500: string index out of range. Raw output nan
WARNING: 10:09:45 - main_pipeline.interpreter:  Encountered exception in validating flowmeter SLS1500: string index out of range. Raw output nan
WARNING: 10:09:45 - main_pipeline.interpreter:  Encountered exception in validating flowmeter SLS1500: string index out of range. Raw output nan
WARNING: 10:09:45 - main_pipeline.interpreter:  Encountered exception in validating flowmeter SLS1500: string index out of range. Raw output nan
WARNING: 10:09:45 - main_pipeline.interpreter:  Encountered exception in validating flowmeter SLS1500: string index out of range. Raw output nan
WARNING: 10:09:45 - main_pipeline.interpreter:  Encountered exception in validating flowmeter SLS1500: string index out of range. Raw output nan
WARNING: 10:09:45 - main_pipeline.interpreter:  Encountered exception in validating flowmeter SLS1500: string index out of range. Raw output nan
WARNING: 10:09:45 - main_pipeline.interpreter:  Encountered exception in validating flowmeter SLS1500: string index out of range. Raw output nan
WARNING: 10:09:45 - main_pipeline.interpreter:  Unexpected error in processing flowmeter SLS1500: 'bool' object is not iterable
ERROR: 10:09:46 - __main__:  Unexpected error in updating Melthead plots: list index out of range
WARNING: 10:09:46 - main_pipeline.interpreter:  Encountered exception in validating flowmeter SLI2000: string index out of range. Raw output nan
WARNING: 10:09:46 - main_pipeline.interpreter:  Encountered exception in validating flowmeter SLI2000: string index out of range. Raw output nan
WARNING: 10:09:46 - main_pipeline.interpreter:  Encountered exception in validating flowmeter SLI2000: string index out of range. Raw output nan
WARNING: 10:09:46 - main_pipeline.interpreter:  Encountered exception in validating flowmeter SLI2000: string index out of range. Raw output nan
WARNING: 10:09:46 - main_pipeline.interpreter:  Encountered exception in validating flowmeter SLI2000: string index out of range. Raw output nan
WARNING: 10:09:46 - main_pipeline.interpreter:  Encountered exception in validating flowmeter SLI2000: string index out of range. Raw output nan
WARNING: 10:09:46 - main_pipeline.interpreter:  Encountered exception in validating flowmeter SLI2000: string index out of range. Raw output nan
WARNING: 10:09:46 - main_pipeline.interpreter:  Encountered exception in validating flowmeter SLI2000: string index out of range. Raw output nan
WARNING: 10:09:46 - main_pipeline.interpreter:  Encountered exception in validating flowmeter SLI2000: string index out of range. Raw output nan
WARNING: 10:09:46 - main_pipeline.interpreter:  Encountered exception in validating flowmeter SLI2000: string index out of range. Raw output nan
WARNING: 10:09:46 - main_pipeline.interpreter:  Encountered exception in validating flowmeter SLI2000: string index out of range. Raw output nan
WARNING: 10:09:46 - main_pipeline.interpreter:  Encountered exception in validating flowmeter SLI2000: string index out of range. Raw output nan
WARNING: 10:09:46 - main_pipeline.interpreter:  Encountered exception in validating flowmeter SLI2000: string index out of range. Raw output nan
WARNING: 10:09:46 - main_pipeline.interpreter:  Encountered exception in validating flowmeter SLI2000: string index out of range. Raw output nan
WARNING: 10:09:46 - main_pipeline.interpreter:  Encountered exception in validating flowmeter SLI2000: string index out of range. Raw output nan
WARNING: 10:09:46 - main_pipeline.interpreter:  Unexpected error in processing flowmeter SLI2000: 'bool' object is not iterable
WARNING: 10:09:46 - main_pipeline.interpreter:  Encountered exception in validating flowmeter SLS1500: string index out of range. Raw output nan
WARNING: 10:09:46 - main_pipeline.interpreter:  Encountered exception in validating flowmeter SLS1500: string index out of range. Raw output nan
WARNING: 10:09:46 - main_pipeline.interpreter:  Encountered exception in validating flowmeter SLS1500: string index out of range. Raw output nan
WARNING: 10:09:46 - main_pipeline.interpreter:  Encountered exception in validating flowmeter SLS1500: string index out of range. Raw output nan
WARNING: 10:09:46 - main_pipeline.interpreter:  Encountered exception in validating flowmeter SLS1500: string index out of range. Raw output nan
WARNING: 10:09:46 - main_pipeline.interpreter:  Encountered exception in validating flowmeter SLS1500: string index out of range. Raw output nan
WARNING: 10:09:46 - main_pipeline.interpreter:  Encountered exception in validating flowmeter SLS1500: string index out of range. Raw output nan
WARNING: 10:09:46 - main_pipeline.interpreter:  Encountered exception in validating flowmeter SLS1500: string index out of range. Raw output nan
WARNING: 10:09:46 - main_pipeline.interpreter:  Encountered exception in validating flowmeter SLS1500: string index out of range. Raw output nan
WARNING: 10:09:46 - main_pipeline.interpreter:  Encountered exception in validating flowmeter SLS1500: string index out of range. Raw output nan
WARNING: 10:09:46 - main_pipeline.interpreter:  Encountered exception in validating flowmeter SLS1500: string index out of range. Raw output nan
WARNING: 10:09:46 - main_pipeline.interpreter:  Encountered exception in validating flowmeter SLS1500: string index out of range. Raw output nan
WARNING: 10:09:46 - main_pipeline.interpreter:  Encountered exception in validating flowmeter SLS1500: string index out of range. Raw output nan
WARNING: 10:09:46 - main_pipeline.interpreter:  Encountered exception in validating flowmeter SLS1500: string index out of range. Raw output nan
WARNING: 10:09:46 - main_pipeline.interpreter:  Encountered exception in validating flowmeter SLS1500: string index out of range. Raw output nan
WARNING: 10:09:46 - main_pipeline.interpreter:  Unexpected error in processing flowmeter SLS1500: 'bool' object is not iterable
ERROR: 10:09:47 - __main__:  Unexpected error in updating Melthead plots: list index out of range
WARNING: 10:09:47 - main_pipeline.interpreter:  Encountered exception in validating flowmeter SLI2000: string index out of range. Raw output nan
WARNING: 10:09:47 - main_pipeline.interpreter:  Encountered exception in validating flowmeter SLI2000: string index out of range. Raw output nan
WARNING: 10:09:47 - main_pipeline.interpreter:  Encountered exception in validating flowmeter SLI2000: string index out of range. Raw output nan
WARNING: 10:09:47 - main_pipeline.interpreter:  Encountered exception in validating flowmeter SLI2000: string index out of range. Raw output nan
WARNING: 10:09:47 - main_pipeline.interpreter:  Encountered exception in validating flowmeter SLI2000: string index out of range. Raw output nan
WARNING: 10:09:47 - main_pipeline.interpreter:  Encountered exception in validating flowmeter SLI2000: string index out of range. Raw output nan
WARNING: 10:09:47 - main_pipeline.interpreter:  Encountered exception in validating flowmeter SLI2000: string index out of range. Raw output nan
WARNING: 10:09:47 - main_pipeline.interpreter:  Encountered exception in validating flowmeter SLI2000: string index out of range. Raw output nan
WARNING: 10:09:47 - main_pipeline.interpreter:  Encountered exception in validating flowmeter SLI2000: string index out of range. Raw output nan
WARNING: 10:09:47 - main_pipeline.interpreter:  Encountered exception in validating flowmeter SLI2000: string index out of range. Raw output nan
WARNING: 10:09:47 - main_pipeline.interpreter:  Encountered exception in validating flowmeter SLI2000: string index out of range. Raw output nan
WARNING: 10:09:47 - main_pipeline.interpreter:  Encountered exception in validating flowmeter SLI2000: string index out of range. Raw output nan
WARNING: 10:09:47 - main_pipeline.interpreter:  Encountered exception in validating flowmeter SLI2000: string index out of range. Raw output nan
WARNING: 10:09:47 - main_pipeline.interpreter:  Encountered exception in validating flowmeter SLI2000: string index out of range. Raw output nan
WARNING: 10:09:47 - main_pipeline.interpreter:  Encountered exception in validating flowmeter SLI2000: string index out of range. Raw output nan
WARNING: 10:09:47 - main_pipeline.interpreter:  Unexpected error in processing flowmeter SLI2000: 'bool' object is not iterable
WARNING: 10:09:47 - main_pipeline.interpreter:  Encountered exception in validating flowmeter SLS1500: string index out of range. Raw output nan
WARNING: 10:09:47 - main_pipeline.interpreter:  Encountered exception in validating flowmeter SLS1500: string index out of range. Raw output nan
WARNING: 10:09:47 - main_pipeline.interpreter:  Encountered exception in validating flowmeter SLS1500: string index out of range. Raw output nan
WARNING: 10:09:47 - main_pipeline.interpreter:  Encountered exception in validating flowmeter SLS1500: string index out of range. Raw output nan
WARNING: 10:09:47 - main_pipeline.interpreter:  Encountered exception in validating flowmeter SLS1500: string index out of range. Raw output nan
WARNING: 10:09:47 - main_pipeline.interpreter:  Encountered exception in validating flowmeter SLS1500: string index out of range. Raw output nan
WARNING: 10:09:47 - main_pipeline.interpreter:  Encountered exception in validating flowmeter SLS1500: string index out of range. Raw output nan
WARNING: 10:09:47 - main_pipeline.interpreter:  Encountered exception in validating flowmeter SLS1500: string index out of range. Raw output nan
WARNING: 10:09:47 - main_pipeline.interpreter:  Encountered exception in validating flowmeter SLS1500: string index out of range. Raw output nan
WARNING: 10:09:47 - main_pipeline.interpreter:  Encountered exception in validating flowmeter SLS1500: string index out of range. Raw output nan
WARNING: 10:09:47 - main_pipeline.interpreter:  Encountered exception in validating flowmeter SLS1500: string index out of range. Raw output nan
WARNING: 10:09:47 - main_pipeline.interpreter:  Encountered exception in validating flowmeter SLS1500: string index out of range. Raw output nan
WARNING: 10:09:47 - main_pipeline.interpreter:  Encountered exception in validating flowmeter SLS1500: string index out of range. Raw output nan
WARNING: 10:09:47 - main_pipeline.interpreter:  Encountered exception in validating flowmeter SLS1500: string index out of range. Raw output nan
WARNING: 10:09:47 - main_pipeline.interpreter:  Encountered exception in validating flowmeter SLS1500: string index out of range. Raw output nan
WARNING: 10:09:47 - main_pipeline.interpreter:  Unexpected error in processing flowmeter SLS1500: 'bool' object is not iterable
WARNING: 10:09:48 - main_pipeline.interpreter:  Encountered exception in validating flowmeter SLI2000: string index out of range. Raw output nan
WARNING: 10:09:48 - main_pipeline.interpreter:  Encountered exception in validating flowmeter SLI2000: string index out of range. Raw output nan
WARNING: 10:09:48 - main_pipeline.interpreter:  Encountered exception in validating flowmeter SLI2000: string index out of range. Raw output nan
WARNING: 10:09:48 - main_pipeline.interpreter:  Encountered exception in validating flowmeter SLI2000: string index out of range. Raw output nan
WARNING: 10:09:48 - main_pipeline.interpreter:  Encountered exception in validating flowmeter SLI2000: string index out of range. Raw output nan
WARNING: 10:09:48 - main_pipeline.interpreter:  Encountered exception in validating flowmeter SLI2000: string index out of range. Raw output nan
WARNING: 10:09:48 - main_pipeline.interpreter:  Encountered exception in validating flowmeter SLI2000: string index out of range. Raw output nan
WARNING: 10:09:48 - main_pipeline.interpreter:  Encountered exception in validating flowmeter SLI2000: string index out of range. Raw output nan
WARNING: 10:09:48 - main_pipeline.interpreter:  Encountered exception in validating flowmeter SLI2000: string index out of range. Raw output nan
WARNING: 10:09:48 - main_pipeline.interpreter:  Encountered exception in validating flowmeter SLI2000: string index out of range. Raw output nan
WARNING: 10:09:48 - main_pipeline.interpreter:  Encountered exception in validating flowmeter SLI2000: string index out of range. Raw output nan
WARNING: 10:09:48 - main_pipeline.interpreter:  Encountered exception in validating flowmeter SLI2000: string index out of range. Raw output nan
WARNING: 10:09:48 - main_pipeline.interpreter:  Encountered exception in validating flowmeter SLI2000: string index out of range. Raw output nan
WARNING: 10:09:48 - main_pipeline.interpreter:  Encountered exception in validating flowmeter SLI2000: string index out of range. Raw output nan
WARNING: 10:09:48 - main_pipeline.interpreter:  Encountered exception in validating flowmeter SLI2000: string index out of range. Raw output nan
WARNING: 10:09:48 - main_pipeline.interpreter:  Unexpected error in processing flowmeter SLI2000: 'bool' object is not iterable
WARNING: 10:09:48 - main_pipeline.interpreter:  Encountered exception in validating flowmeter SLS1500: string index out of range. Raw output nan
WARNING: 10:09:48 - main_pipeline.interpreter:  Encountered exception in validating flowmeter SLS1500: string index out of range. Raw output nan
WARNING: 10:09:48 - main_pipeline.interpreter:  Encountered exception in validating flowmeter SLS1500: string index out of range. Raw output nan
WARNING: 10:09:48 - main_pipeline.interpreter:  Encountered exception in validating flowmeter SLS1500: string index out of range. Raw output nan
WARNING: 10:09:48 - main_pipeline.interpreter:  Encountered exception in validating flowmeter SLS1500: string index out of range. Raw output nan
WARNING: 10:09:48 - main_pipeline.interpreter:  Encountered exception in validating flowmeter SLS1500: string index out of range. Raw output nan
WARNING: 10:09:48 - main_pipeline.interpreter:  Encountered exception in validating flowmeter SLS1500: string index out of range. Raw output nan
WARNING: 10:09:48 - main_pipeline.interpreter:  Encountered exception in validating flowmeter SLS1500: string index out of range. Raw output nan
WARNING: 10:09:48 - main_pipeline.interpreter:  Encountered exception in validating flowmeter SLS1500: string index out of range. Raw output nan
WARNING: 10:09:48 - main_pipeline.interpreter:  Encountered exception in validating flowmeter SLS1500: string index out of range. Raw output nan
WARNING: 10:09:48 - main_pipeline.interpreter:  Encountered exception in validating flowmeter SLS1500: string index out of range. Raw output nan
WARNING: 10:09:48 - main_pipeline.interpreter:  Encountered exception in validating flowmeter SLS1500: string index out of range. Raw output nan
WARNING: 10:09:48 - main_pipeline.interpreter:  Encountered exception in validating flowmeter SLS1500: string index out of range. Raw output nan
WARNING: 10:09:48 - main_pipeline.interpreter:  Encountered exception in validating flowmeter SLS1500: string index out of range. Raw output nan
WARNING: 10:09:48 - main_pipeline.interpreter:  Encountered exception in validating flowmeter SLS1500: string index out of range. Raw output nan
WARNING: 10:09:48 - main_pipeline.interpreter:  Unexpected error in processing flowmeter SLS1500: 'bool' object is not iterable
WARNING: 10:09:49 - main_pipeline.interpreter:  Encountered exception in validating flowmeter SLI2000: string index out of range. Raw output nan
WARNING: 10:09:49 - main_pipeline.interpreter:  Encountered exception in validating flowmeter SLI2000: string index out of range. Raw output nan
WARNING: 10:09:49 - main_pipeline.interpreter:  Encountered exception in validating flowmeter SLI2000: string index out of range. Raw output nan
WARNING: 10:09:49 - main_pipeline.interpreter:  Encountered exception in validating flowmeter SLI2000: string index out of range. Raw output nan
WARNING: 10:09:49 - main_pipeline.interpreter:  Encountered exception in validating flowmeter SLI2000: string index out of range. Raw output nan
WARNING: 10:09:49 - main_pipeline.interpreter:  Encountered exception in validating flowmeter SLI2000: string index out of range. Raw output nan
WARNING: 10:09:49 - main_pipeline.interpreter:  Encountered exception in validating flowmeter SLI2000: string index out of range. Raw output nan
WARNING: 10:09:49 - main_pipeline.interpreter:  Encountered exception in validating flowmeter SLI2000: string index out of range. Raw output nan
WARNING: 10:09:49 - main_pipeline.interpreter:  Encountered exception in validating flowmeter SLI2000: string index out of range. Raw output nan
WARNING: 10:09:49 - main_pipeline.interpreter:  Encountered exception in validating flowmeter SLI2000: string index out of range. Raw output nan
WARNING: 10:09:49 - main_pipeline.interpreter:  Encountered exception in validating flowmeter SLI2000: string index out of range. Raw output nan
WARNING: 10:09:49 - main_pipeline.interpreter:  Encountered exception in validating flowmeter SLI2000: string index out of range. Raw output nan
WARNING: 10:09:49 - main_pipeline.interpreter:  Encountered exception in validating flowmeter SLI2000: string index out of range. Raw output nan
WARNING: 10:09:49 - main_pipeline.interpreter:  Encountered exception in validating flowmeter SLI2000: string index out of range. Raw output nan
WARNING: 10:09:49 - main_pipeline.interpreter:  Encountered exception in validating flowmeter SLI2000: string index out of range. Raw output nan
WARNING: 10:09:49 - main_pipeline.interpreter:  Unexpected error in processing flowmeter SLI2000: 'bool' object is not iterable
WARNING: 10:09:49 - main_pipeline.interpreter:  Encountered exception in validating flowmeter SLS1500: string index out of range. Raw output nan
WARNING: 10:09:49 - main_pipeline.interpreter:  Encountered exception in validating flowmeter SLS1500: string index out of range. Raw output nan
WARNING: 10:09:49 - main_pipeline.interpreter:  Encountered exception in validating flowmeter SLS1500: string index out of range. Raw output nan
WARNING: 10:09:49 - main_pipeline.interpreter:  Encountered exception in validating flowmeter SLS1500: string index out of range. Raw output nan
WARNING: 10:09:49 - main_pipeline.interpreter:  Encountered exception in validating flowmeter SLS1500: string index out of range. Raw output nan
WARNING: 10:09:49 - main_pipeline.interpreter:  Encountered exception in validating flowmeter SLS1500: string index out of range. Raw output nan
WARNING: 10:09:49 - main_pipeline.interpreter:  Encountered exception in validating flowmeter SLS1500: string index out of range. Raw output nan
WARNING: 10:09:49 - main_pipeline.interpreter:  Encountered exception in validating flowmeter SLS1500: string index out of range. Raw output nan
WARNING: 10:09:49 - main_pipeline.interpreter:  Encountered exception in validating flowmeter SLS1500: string index out of range. Raw output nan
WARNING: 10:09:49 - main_pipeline.interpreter:  Encountered exception in validating flowmeter SLS1500: string index out of range. Raw output nan
WARNING: 10:09:49 - main_pipeline.interpreter:  Encountered exception in validating flowmeter SLS1500: string index out of range. Raw output nan
WARNING: 10:09:49 - main_pipeline.interpreter:  Encountered exception in validating flowmeter SLS1500: string index out of range. Raw output nan
WARNING: 10:09:49 - main_pipeline.interpreter:  Encountered exception in validating flowmeter SLS1500: string index out of range. Raw output nan
WARNING: 10:09:49 - main_pipeline.interpreter:  Encountered exception in validating flowmeter SLS1500: string index out of range. Raw output nan
WARNING: 10:09:49 - main_pipeline.interpreter:  Encountered exception in validating flowmeter SLS1500: string index out of range. Raw output nan
WARNING: 10:09:49 - main_pipeline.interpreter:  Unexpected error in processing flowmeter SLS1500: 'bool' object is not iterable
WARNING: 10:09:50 - main_pipeline.interpreter:  Encountered exception in validating flowmeter SLI2000: string index out of range. Raw output nan
WARNING: 10:09:50 - main_pipeline.interpreter:  Encountered exception in validating flowmeter SLI2000: string index out of range. Raw output nan
WARNING: 10:09:50 - main_pipeline.interpreter:  Encountered exception in validating flowmeter SLI2000: string index out of range. Raw output nan
WARNING: 10:09:50 - main_pipeline.interpreter:  Encountered exception in validating flowmeter SLI2000: string index out of range. Raw output nan
WARNING: 10:09:50 - main_pipeline.interpreter:  Encountered exception in validating flowmeter SLI2000: string index out of range. Raw output nan
WARNING: 10:09:50 - main_pipeline.interpreter:  Encountered exception in validating flowmeter SLI2000: string index out of range. Raw output nan
WARNING: 10:09:50 - main_pipeline.interpreter:  Encountered exception in validating flowmeter SLI2000: string index out of range. Raw output nan
WARNING: 10:09:50 - main_pipeline.interpreter:  Encountered exception in validating flowmeter SLI2000: string index out of range. Raw output nan
WARNING: 10:09:50 - main_pipeline.interpreter:  Encountered exception in validating flowmeter SLI2000: string index out of range. Raw output nan
WARNING: 10:09:50 - main_pipeline.interpreter:  Encountered exception in validating flowmeter SLI2000: string index out of range. Raw output nan
WARNING: 10:09:50 - main_pipeline.interpreter:  Encountered exception in validating flowmeter SLI2000: string index out of range. Raw output nan
WARNING: 10:09:50 - main_pipeline.interpreter:  Encountered exception in validating flowmeter SLI2000: string index out of range. Raw output nan
WARNING: 10:09:50 - main_pipeline.interpreter:  Encountered exception in validating flowmeter SLI2000: string index out of range. Raw output nan
WARNING: 10:09:50 - main_pipeline.interpreter:  Encountered exception in validating flowmeter SLI2000: string index out of range. Raw output nan
WARNING: 10:09:50 - main_pipeline.interpreter:  Encountered exception in validating flowmeter SLI2000: string index out of range. Raw output nan
WARNING: 10:09:50 - main_pipeline.interpreter:  Unexpected error in processing flowmeter SLI2000: 'bool' object is not iterable
WARNING: 10:09:50 - main_pipeline.interpreter:  Encountered exception in validating flowmeter SLS1500: string index out of range. Raw output nan
WARNING: 10:09:50 - main_pipeline.interpreter:  Encountered exception in validating flowmeter SLS1500: string index out of range. Raw output nan
WARNING: 10:09:50 - main_pipeline.interpreter:  Encountered exception in validating flowmeter SLS1500: string index out of range. Raw output nan
WARNING: 10:09:50 - main_pipeline.interpreter:  Encountered exception in validating flowmeter SLS1500: string index out of range. Raw output nan
WARNING: 10:09:50 - main_pipeline.interpreter:  Encountered exception in validating flowmeter SLS1500: string index out of range. Raw output nan
WARNING: 10:09:50 - main_pipeline.interpreter:  Encountered exception in validating flowmeter SLS1500: string index out of range. Raw output nan
WARNING: 10:09:50 - main_pipeline.interpreter:  Encountered exception in validating flowmeter SLS1500: string index out of range. Raw output nan
WARNING: 10:09:50 - main_pipeline.interpreter:  Encountered exception in validating flowmeter SLS1500: string index out of range. Raw output nan
WARNING: 10:09:50 - main_pipeline.interpreter:  Encountered exception in validating flowmeter SLS1500: string index out of range. Raw output nan
WARNING: 10:09:50 - main_pipeline.interpreter:  Encountered exception in validating flowmeter SLS1500: string index out of range. Raw output nan
WARNING: 10:09:50 - main_pipeline.interpreter:  Encountered exception in validating flowmeter SLS1500: string index out of range. Raw output nan
WARNING: 10:09:50 - main_pipeline.interpreter:  Encountered exception in validating flowmeter SLS1500: string index out of range. Raw output nan
WARNING: 10:09:50 - main_pipeline.interpreter:  Encountered exception in validating flowmeter SLS1500: string index out of range. Raw output nan
WARNING: 10:09:50 - main_pipeline.interpreter:  Encountered exception in validating flowmeter SLS1500: string index out of range. Raw output nan
WARNING: 10:09:50 - main_pipeline.interpreter:  Encountered exception in validating flowmeter SLS1500: string index out of range. Raw output nan
WARNING: 10:09:50 - main_pipeline.interpreter:  Unexpected error in processing flowmeter SLS1500: 'bool' object is not iterable
WARNING: 10:09:51 - main_pipeline.interpreter:  Encountered exception in validating flowmeter SLI2000: string index out of range. Raw output nan
WARNING: 10:09:51 - main_pipeline.interpreter:  Encountered exception in validating flowmeter SLI2000: string index out of range. Raw output nan
WARNING: 10:09:51 - main_pipeline.interpreter:  Encountered exception in validating flowmeter SLI2000: string index out of range. Raw output nan
WARNING: 10:09:51 - main_pipeline.interpreter:  Encountered exception in validating flowmeter SLI2000: string index out of range. Raw output nan
WARNING: 10:09:51 - main_pipeline.interpreter:  Encountered exception in validating flowmeter SLI2000: string index out of range. Raw output nan
WARNING: 10:09:51 - main_pipeline.interpreter:  Encountered exception in validating flowmeter SLI2000: string index out of range. Raw output nan
WARNING: 10:09:51 - main_pipeline.interpreter:  Encountered exception in validating flowmeter SLI2000: string index out of range. Raw output nan
WARNING: 10:09:51 - main_pipeline.interpreter:  Encountered exception in validating flowmeter SLI2000: string index out of range. Raw output nan
WARNING: 10:09:51 - main_pipeline.interpreter:  Encountered exception in validating flowmeter SLI2000: string index out of range. Raw output nan
WARNING: 10:09:51 - main_pipeline.interpreter:  Encountered exception in validating flowmeter SLI2000: string index out of range. Raw output nan
WARNING: 10:09:51 - main_pipeline.interpreter:  Encountered exception in validating flowmeter SLI2000: string index out of range. Raw output nan
WARNING: 10:09:51 - main_pipeline.interpreter:  Encountered exception in validating flowmeter SLI2000: string index out of range. Raw output nan
WARNING: 10:09:51 - main_pipeline.interpreter:  Encountered exception in validating flowmeter SLI2000: string index out of range. Raw output nan
WARNING: 10:09:51 - main_pipeline.interpreter:  Encountered exception in validating flowmeter SLI2000: string index out of range. Raw output nan
WARNING: 10:09:51 - main_pipeline.interpreter:  Encountered exception in validating flowmeter SLI2000: string index out of range. Raw output nan
WARNING: 10:09:51 - main_pipeline.interpreter:  Unexpected error in processing flowmeter SLI2000: 'bool' object is not iterable
WARNING: 10:09:51 - main_pipeline.interpreter:  Encountered exception in validating flowmeter SLS1500: string index out of range. Raw output nan
WARNING: 10:09:51 - main_pipeline.interpreter:  Encountered exception in validating flowmeter SLS1500: string index out of range. Raw output nan
WARNING: 10:09:51 - main_pipeline.interpreter:  Encountered exception in validating flowmeter SLS1500: string index out of range. Raw output nan
WARNING: 10:09:51 - main_pipeline.interpreter:  Encountered exception in validating flowmeter SLS1500: string index out of range. Raw output nan
WARNING: 10:09:51 - main_pipeline.interpreter:  Encountered exception in validating flowmeter SLS1500: string index out of range. Raw output nan
WARNING: 10:09:51 - main_pipeline.interpreter:  Encountered exception in validating flowmeter SLS1500: string index out of range. Raw output nan
WARNING: 10:09:51 - main_pipeline.interpreter:  Encountered exception in validating flowmeter SLS1500: string index out of range. Raw output nan
WARNING: 10:09:51 - main_pipeline.interpreter:  Encountered exception in validating flowmeter SLS1500: string index out of range. Raw output nan
WARNING: 10:09:51 - main_pipeline.interpreter:  Encountered exception in validating flowmeter SLS1500: string index out of range. Raw output nan
WARNING: 10:09:51 - main_pipeline.interpreter:  Encountered exception in validating flowmeter SLS1500: string index out of range. Raw output nan
WARNING: 10:09:51 - main_pipeline.interpreter:  Encountered exception in validating flowmeter SLS1500: string index out of range. Raw output nan
WARNING: 10:09:51 - main_pipeline.interpreter:  Encountered exception in validating flowmeter SLS1500: string index out of range. Raw output nan
WARNING: 10:09:51 - main_pipeline.interpreter:  Encountered exception in validating flowmeter SLS1500: string index out of range. Raw output nan
WARNING: 10:09:51 - main_pipeline.interpreter:  Encountered exception in validating flowmeter SLS1500: string index out of range. Raw output nan
WARNING: 10:09:51 - main_pipeline.interpreter:  Encountered exception in validating flowmeter SLS1500: string index out of range. Raw output nan
WARNING: 10:09:51 - main_pipeline.interpreter:  Unexpected error in processing flowmeter SLS1500: 'bool' object is not iterable
WARNING: 10:09:52 - main_pipeline.interpreter:  Encountered exception in validating flowmeter SLI2000: string index out of range. Raw output nan
WARNING: 10:09:52 - main_pipeline.interpreter:  Encountered exception in validating flowmeter SLI2000: string index out of range. Raw output nan
WARNING: 10:09:52 - main_pipeline.interpreter:  Encountered exception in validating flowmeter SLI2000: string index out of range. Raw output nan
WARNING: 10:09:52 - main_pipeline.interpreter:  Encountered exception in validating flowmeter SLI2000: string index out of range. Raw output nan
WARNING: 10:09:52 - main_pipeline.interpreter:  Encountered exception in validating flowmeter SLI2000: string index out of range. Raw output nan
WARNING: 10:09:52 - main_pipeline.interpreter:  Encountered exception in validating flowmeter SLI2000: string index out of range. Raw output nan
WARNING: 10:09:52 - main_pipeline.interpreter:  Encountered exception in validating flowmeter SLI2000: string index out of range. Raw output nan
WARNING: 10:09:52 - main_pipeline.interpreter:  Encountered exception in validating flowmeter SLI2000: string index out of range. Raw output nan
WARNING: 10:09:52 - main_pipeline.interpreter:  Encountered exception in validating flowmeter SLI2000: string index out of range. Raw output nan
WARNING: 10:09:52 - main_pipeline.interpreter:  Encountered exception in validating flowmeter SLI2000: string index out of range. Raw output nan
WARNING: 10:09:52 - main_pipeline.interpreter:  Encountered exception in validating flowmeter SLI2000: string index out of range. Raw output nan
WARNING: 10:09:52 - main_pipeline.interpreter:  Encountered exception in validating flowmeter SLI2000: string index out of range. Raw output nan
WARNING: 10:09:52 - main_pipeline.interpreter:  Encountered exception in validating flowmeter SLI2000: string index out of range. Raw output nan
WARNING: 10:09:52 - main_pipeline.interpreter:  Encountered exception in validating flowmeter SLI2000: string index out of range. Raw output nan
WARNING: 10:09:52 - main_pipeline.interpreter:  Encountered exception in validating flowmeter SLI2000: string index out of range. Raw output nan
WARNING: 10:09:52 - main_pipeline.interpreter:  Unexpected error in processing flowmeter SLI2000: 'bool' object is not iterable
WARNING: 10:09:52 - main_pipeline.interpreter:  Encountered exception in validating flowmeter SLS1500: string index out of range. Raw output nan
WARNING: 10:09:52 - main_pipeline.interpreter:  Encountered exception in validating flowmeter SLS1500: string index out of range. Raw output nan
WARNING: 10:09:52 - main_pipeline.interpreter:  Encountered exception in validating flowmeter SLS1500: string index out of range. Raw output nan
WARNING: 10:09:52 - main_pipeline.interpreter:  Encountered exception in validating flowmeter SLS1500: string index out of range. Raw output nan
WARNING: 10:09:52 - main_pipeline.interpreter:  Encountered exception in validating flowmeter SLS1500: string index out of range. Raw output nan
WARNING: 10:09:52 - main_pipeline.interpreter:  Encountered exception in validating flowmeter SLS1500: string index out of range. Raw output nan
WARNING: 10:09:52 - main_pipeline.interpreter:  Encountered exception in validating flowmeter SLS1500: string index out of range. Raw output nan
WARNING: 10:09:52 - main_pipeline.interpreter:  Encountered exception in validating flowmeter SLS1500: string index out of range. Raw output nan
WARNING: 10:09:52 - main_pipeline.interpreter:  Encountered exception in validating flowmeter SLS1500: string index out of range. Raw output nan
WARNING: 10:09:52 - main_pipeline.interpreter:  Encountered exception in validating flowmeter SLS1500: string index out of range. Raw output nan
WARNING: 10:09:52 - main_pipeline.interpreter:  Encountered exception in validating flowmeter SLS1500: string index out of range. Raw output nan
WARNING: 10:09:52 - main_pipeline.interpreter:  Encountered exception in validating flowmeter SLS1500: string index out of range. Raw output nan
WARNING: 10:09:52 - main_pipeline.interpreter:  Encountered exception in validating flowmeter SLS1500: string index out of range. Raw output nan
WARNING: 10:09:52 - main_pipeline.interpreter:  Encountered exception in validating flowmeter SLS1500: string index out of range. Raw output nan
WARNING: 10:09:52 - main_pipeline.interpreter:  Encountered exception in validating flowmeter SLS1500: string index out of range. Raw output nan
WARNING: 10:09:52 - main_pipeline.interpreter:  Unexpected error in processing flowmeter SLS1500: 'bool' object is not iterable
WARNING: 10:09:53 - main_pipeline.interpreter:  Encountered exception in validating flowmeter SLI2000: string index out of range. Raw output nan
WARNING: 10:09:53 - main_pipeline.interpreter:  Encountered exception in validating flowmeter SLI2000: string index out of range. Raw output nan
WARNING: 10:09:53 - main_pipeline.interpreter:  Encountered exception in validating flowmeter SLI2000: string index out of range. Raw output nan
WARNING: 10:09:53 - main_pipeline.interpreter:  Encountered exception in validating flowmeter SLI2000: string index out of range. Raw output nan
WARNING: 10:09:53 - main_pipeline.interpreter:  Encountered exception in validating flowmeter SLI2000: string index out of range. Raw output nan
WARNING: 10:09:53 - main_pipeline.interpreter:  Encountered exception in validating flowmeter SLI2000: string index out of range. Raw output nan
WARNING: 10:09:53 - main_pipeline.interpreter:  Encountered exception in validating flowmeter SLI2000: string index out of range. Raw output nan
WARNING: 10:09:53 - main_pipeline.interpreter:  Encountered exception in validating flowmeter SLI2000: string index out of range. Raw output nan
WARNING: 10:09:53 - main_pipeline.interpreter:  Encountered exception in validating flowmeter SLI2000: string index out of range. Raw output nan
WARNING: 10:09:53 - main_pipeline.interpreter:  Encountered exception in validating flowmeter SLI2000: string index out of range. Raw output nan
WARNING: 10:09:53 - main_pipeline.interpreter:  Encountered exception in validating flowmeter SLI2000: string index out of range. Raw output nan
WARNING: 10:09:53 - main_pipeline.interpreter:  Encountered exception in validating flowmeter SLI2000: string index out of range. Raw output nan
WARNING: 10:09:53 - main_pipeline.interpreter:  Encountered exception in validating flowmeter SLI2000: string index out of range. Raw output nan
WARNING: 10:09:53 - main_pipeline.interpreter:  Encountered exception in validating flowmeter SLI2000: string index out of range. Raw output nan
WARNING: 10:09:53 - main_pipeline.interpreter:  Encountered exception in validating flowmeter SLI2000: string index out of range. Raw output nan
WARNING: 10:09:53 - main_pipeline.interpreter:  Unexpected error in processing flowmeter SLI2000: 'bool' object is not iterable
WARNING: 10:09:53 - main_pipeline.interpreter:  Encountered exception in validating flowmeter SLS1500: string index out of range. Raw output nan
WARNING: 10:09:53 - main_pipeline.interpreter:  Encountered exception in validating flowmeter SLS1500: string index out of range. Raw output nan
WARNING: 10:09:53 - main_pipeline.interpreter:  Encountered exception in validating flowmeter SLS1500: string index out of range. Raw output nan
WARNING: 10:09:53 - main_pipeline.interpreter:  Encountered exception in validating flowmeter SLS1500: string index out of range. Raw output nan
WARNING: 10:09:53 - main_pipeline.interpreter:  Encountered exception in validating flowmeter SLS1500: string index out of range. Raw output nan
WARNING: 10:09:53 - main_pipeline.interpreter:  Encountered exception in validating flowmeter SLS1500: string index out of range. Raw output nan
WARNING: 10:09:53 - main_pipeline.interpreter:  Encountered exception in validating flowmeter SLS1500: string index out of range. Raw output nan
WARNING: 10:09:53 - main_pipeline.interpreter:  Encountered exception in validating flowmeter SLS1500: string index out of range. Raw output nan
WARNING: 10:09:53 - main_pipeline.interpreter:  Encountered exception in validating flowmeter SLS1500: string index out of range. Raw output nan
WARNING: 10:09:53 - main_pipeline.interpreter:  Encountered exception in validating flowmeter SLS1500: string index out of range. Raw output nan
WARNING: 10:09:53 - main_pipeline.interpreter:  Encountered exception in validating flowmeter SLS1500: string index out of range. Raw output nan
WARNING: 10:09:53 - main_pipeline.interpreter:  Encountered exception in validating flowmeter SLS1500: string index out of range. Raw output nan
WARNING: 10:09:53 - main_pipeline.interpreter:  Encountered exception in validating flowmeter SLS1500: string index out of range. Raw output nan
WARNING: 10:09:53 - main_pipeline.interpreter:  Encountered exception in validating flowmeter SLS1500: string index out of range. Raw output nan
WARNING: 10:09:53 - main_pipeline.interpreter:  Encountered exception in validating flowmeter SLS1500: string index out of range. Raw output nan
WARNING: 10:09:53 - main_pipeline.interpreter:  Unexpected error in processing flowmeter SLS1500: 'bool' object is not iterable
WARNING: 10:09:54 - main_pipeline.interpreter:  Encountered exception in validating flowmeter SLI2000: string index out of range. Raw output nan
WARNING: 10:09:54 - main_pipeline.interpreter:  Encountered exception in validating flowmeter SLI2000: string index out of range. Raw output nan
WARNING: 10:09:54 - main_pipeline.interpreter:  Encountered exception in validating flowmeter SLI2000: string index out of range. Raw output nan
WARNING: 10:09:54 - main_pipeline.interpreter:  Encountered exception in validating flowmeter SLI2000: string index out of range. Raw output nan
WARNING: 10:09:54 - main_pipeline.interpreter:  Encountered exception in validating flowmeter SLI2000: string index out of range. Raw output nan
WARNING: 10:09:54 - main_pipeline.interpreter:  Encountered exception in validating flowmeter SLI2000: string index out of range. Raw output nan
WARNING: 10:09:54 - main_pipeline.interpreter:  Encountered exception in validating flowmeter SLI2000: string index out of range. Raw output nan
WARNING: 10:09:54 - main_pipeline.interpreter:  Encountered exception in validating flowmeter SLI2000: string index out of range. Raw output nan
WARNING: 10:09:54 - main_pipeline.interpreter:  Encountered exception in validating flowmeter SLI2000: string index out of range. Raw output nan
WARNING: 10:09:54 - main_pipeline.interpreter:  Encountered exception in validating flowmeter SLI2000: string index out of range. Raw output nan
WARNING: 10:09:54 - main_pipeline.interpreter:  Encountered exception in validating flowmeter SLI2000: string index out of range. Raw output nan
WARNING: 10:09:54 - main_pipeline.interpreter:  Encountered exception in validating flowmeter SLI2000: string index out of range. Raw output nan
WARNING: 10:09:54 - main_pipeline.interpreter:  Encountered exception in validating flowmeter SLI2000: string index out of range. Raw output nan
WARNING: 10:09:54 - main_pipeline.interpreter:  Encountered exception in validating flowmeter SLI2000: string index out of range. Raw output nan
WARNING: 10:09:54 - main_pipeline.interpreter:  Encountered exception in validating flowmeter SLI2000: string index out of range. Raw output nan
WARNING: 10:09:54 - main_pipeline.interpreter:  Unexpected error in processing flowmeter SLI2000: 'bool' object is not iterable
WARNING: 10:09:54 - main_pipeline.interpreter:  Encountered exception in validating flowmeter SLS1500: string index out of range. Raw output nan
WARNING: 10:09:54 - main_pipeline.interpreter:  Encountered exception in validating flowmeter SLS1500: string index out of range. Raw output nan
WARNING: 10:09:54 - main_pipeline.interpreter:  Encountered exception in validating flowmeter SLS1500: string index out of range. Raw output nan
WARNING: 10:09:54 - main_pipeline.interpreter:  Encountered exception in validating flowmeter SLS1500: string index out of range. Raw output nan
WARNING: 10:09:54 - main_pipeline.interpreter:  Encountered exception in validating flowmeter SLS1500: string index out of range. Raw output nan
WARNING: 10:09:54 - main_pipeline.interpreter:  Encountered exception in validating flowmeter SLS1500: string index out of range. Raw output nan
WARNING: 10:09:54 - main_pipeline.interpreter:  Encountered exception in validating flowmeter SLS1500: string index out of range. Raw output nan
WARNING: 10:09:54 - main_pipeline.interpreter:  Encountered exception in validating flowmeter SLS1500: string index out of range. Raw output nan
WARNING: 10:09:54 - main_pipeline.interpreter:  Encountered exception in validating flowmeter SLS1500: string index out of range. Raw output nan
WARNING: 10:09:54 - main_pipeline.interpreter:  Encountered exception in validating flowmeter SLS1500: string index out of range. Raw output nan
WARNING: 10:09:54 - main_pipeline.interpreter:  Encountered exception in validating flowmeter SLS1500: string index out of range. Raw output nan
WARNING: 10:09:54 - main_pipeline.interpreter:  Encountered exception in validating flowmeter SLS1500: string index out of range. Raw output nan
WARNING: 10:09:54 - main_pipeline.interpreter:  Encountered exception in validating flowmeter SLS1500: string index out of range. Raw output nan
WARNING: 10:09:54 - main_pipeline.interpreter:  Encountered exception in validating flowmeter SLS1500: string index out of range. Raw output nan
WARNING: 10:09:54 - main_pipeline.interpreter:  Encountered exception in validating flowmeter SLS1500: string index out of range. Raw output nan
WARNING: 10:09:54 - main_pipeline.interpreter:  Unexpected error in processing flowmeter SLS1500: 'bool' object is not iterable
WARNING: 10:09:55 - main_pipeline.interpreter:  Encountered exception in validating flowmeter SLI2000: string index out of range. Raw output nan
WARNING: 10:09:55 - main_pipeline.interpreter:  Encountered exception in validating flowmeter SLI2000: string index out of range. Raw output nan
WARNING: 10:09:55 - main_pipeline.interpreter:  Encountered exception in validating flowmeter SLI2000: string index out of range. Raw output nan
WARNING: 10:09:55 - main_pipeline.interpreter:  Encountered exception in validating flowmeter SLI2000: string index out of range. Raw output nan
WARNING: 10:09:55 - main_pipeline.interpreter:  Encountered exception in validating flowmeter SLI2000: string index out of range. Raw output nan
WARNING: 10:09:55 - main_pipeline.interpreter:  Encountered exception in validating flowmeter SLI2000: string index out of range. Raw output nan
WARNING: 10:09:55 - main_pipeline.interpreter:  Encountered exception in validating flowmeter SLI2000: string index out of range. Raw output nan
WARNING: 10:09:55 - main_pipeline.interpreter:  Encountered exception in validating flowmeter SLI2000: string index out of range. Raw output nan
WARNING: 10:09:55 - main_pipeline.interpreter:  Encountered exception in validating flowmeter SLI2000: string index out of range. Raw output nan
WARNING: 10:09:55 - main_pipeline.interpreter:  Encountered exception in validating flowmeter SLI2000: string index out of range. Raw output nan
WARNING: 10:09:55 - main_pipeline.interpreter:  Encountered exception in validating flowmeter SLI2000: string index out of range. Raw output nan
WARNING: 10:09:55 - main_pipeline.interpreter:  Encountered exception in validating flowmeter SLI2000: string index out of range. Raw output nan
WARNING: 10:09:55 - main_pipeline.interpreter:  Encountered exception in validating flowmeter SLI2000: string index out of range. Raw output nan
WARNING: 10:09:55 - main_pipeline.interpreter:  Encountered exception in validating flowmeter SLI2000: string index out of range. Raw output nan
WARNING: 10:09:55 - main_pipeline.interpreter:  Encountered exception in validating flowmeter SLI2000: string index out of range. Raw output nan
WARNING: 10:09:55 - main_pipeline.interpreter:  Unexpected error in processing flowmeter SLI2000: 'bool' object is not iterable
WARNING: 10:09:55 - main_pipeline.interpreter:  Encountered exception in validating flowmeter SLS1500: string index out of range. Raw output nan
WARNING: 10:09:55 - main_pipeline.interpreter:  Encountered exception in validating flowmeter SLS1500: string index out of range. Raw output nan
WARNING: 10:09:55 - main_pipeline.interpreter:  Encountered exception in validating flowmeter SLS1500: string index out of range. Raw output nan
WARNING: 10:09:55 - main_pipeline.interpreter:  Encountered exception in validating flowmeter SLS1500: string index out of range. Raw output nan
WARNING: 10:09:55 - main_pipeline.interpreter:  Encountered exception in validating flowmeter SLS1500: string index out of range. Raw output nan
WARNING: 10:09:55 - main_pipeline.interpreter:  Encountered exception in validating flowmeter SLS1500: string index out of range. Raw output nan
WARNING: 10:09:55 - main_pipeline.interpreter:  Encountered exception in validating flowmeter SLS1500: string index out of range. Raw output nan
WARNING: 10:09:55 - main_pipeline.interpreter:  Encountered exception in validating flowmeter SLS1500: string index out of range. Raw output nan
WARNING: 10:09:55 - main_pipeline.interpreter:  Encountered exception in validating flowmeter SLS1500: string index out of range. Raw output nan
WARNING: 10:09:55 - main_pipeline.interpreter:  Encountered exception in validating flowmeter SLS1500: string index out of range. Raw output nan
WARNING: 10:09:55 - main_pipeline.interpreter:  Encountered exception in validating flowmeter SLS1500: string index out of range. Raw output nan
WARNING: 10:09:55 - main_pipeline.interpreter:  Encountered exception in validating flowmeter SLS1500: string index out of range. Raw output nan
WARNING: 10:09:55 - main_pipeline.interpreter:  Encountered exception in validating flowmeter SLS1500: string index out of range. Raw output nan
WARNING: 10:09:55 - main_pipeline.interpreter:  Encountered exception in validating flowmeter SLS1500: string index out of range. Raw output nan
WARNING: 10:09:55 - main_pipeline.interpreter:  Encountered exception in validating flowmeter SLS1500: string index out of range. Raw output nan
WARNING: 10:09:55 - main_pipeline.interpreter:  Unexpected error in processing flowmeter SLS1500: 'bool' object is not iterable
WARNING: 10:09:56 - main_pipeline.interpreter:  Encountered exception in validating flowmeter SLI2000: string index out of range. Raw output nan
WARNING: 10:09:56 - main_pipeline.interpreter:  Encountered exception in validating flowmeter SLI2000: string index out of range. Raw output nan
WARNING: 10:09:56 - main_pipeline.interpreter:  Encountered exception in validating flowmeter SLI2000: string index out of range. Raw output nan
WARNING: 10:09:56 - main_pipeline.interpreter:  Encountered exception in validating flowmeter SLI2000: string index out of range. Raw output nan
WARNING: 10:09:56 - main_pipeline.interpreter:  Encountered exception in validating flowmeter SLI2000: string index out of range. Raw output nan
WARNING: 10:09:56 - main_pipeline.interpreter:  Encountered exception in validating flowmeter SLI2000: string index out of range. Raw output nan
WARNING: 10:09:56 - main_pipeline.interpreter:  Encountered exception in validating flowmeter SLI2000: string index out of range. Raw output nan
WARNING: 10:09:56 - main_pipeline.interpreter:  Encountered exception in validating flowmeter SLI2000: string index out of range. Raw output nan
WARNING: 10:09:56 - main_pipeline.interpreter:  Encountered exception in validating flowmeter SLI2000: string index out of range. Raw output nan
WARNING: 10:09:56 - main_pipeline.interpreter:  Encountered exception in validating flowmeter SLI2000: string index out of range. Raw output nan
WARNING: 10:09:56 - main_pipeline.interpreter:  Encountered exception in validating flowmeter SLI2000: string index out of range. Raw output nan
WARNING: 10:09:56 - main_pipeline.interpreter:  Encountered exception in validating flowmeter SLI2000: string index out of range. Raw output nan
WARNING: 10:09:56 - main_pipeline.interpreter:  Encountered exception in validating flowmeter SLI2000: string index out of range. Raw output nan
WARNING: 10:09:56 - main_pipeline.interpreter:  Encountered exception in validating flowmeter SLI2000: string index out of range. Raw output nan
WARNING: 10:09:56 - main_pipeline.interpreter:  Encountered exception in validating flowmeter SLI2000: string index out of range. Raw output nan
WARNING: 10:09:56 - main_pipeline.interpreter:  Unexpected error in processing flowmeter SLI2000: 'bool' object is not iterable
WARNING: 10:09:56 - main_pipeline.interpreter:  Encountered exception in validating flowmeter SLS1500: string index out of range. Raw output nan
WARNING: 10:09:56 - main_pipeline.interpreter:  Encountered exception in validating flowmeter SLS1500: string index out of range. Raw output nan
WARNING: 10:09:56 - main_pipeline.interpreter:  Encountered exception in validating flowmeter SLS1500: string index out of range. Raw output nan
WARNING: 10:09:56 - main_pipeline.interpreter:  Encountered exception in validating flowmeter SLS1500: string index out of range. Raw output nan
WARNING: 10:09:56 - main_pipeline.interpreter:  Encountered exception in validating flowmeter SLS1500: string index out of range. Raw output nan
WARNING: 10:09:56 - main_pipeline.interpreter:  Encountered exception in validating flowmeter SLS1500: string index out of range. Raw output nan
WARNING: 10:09:56 - main_pipeline.interpreter:  Encountered exception in validating flowmeter SLS1500: string index out of range. Raw output nan
WARNING: 10:09:56 - main_pipeline.interpreter:  Encountered exception in validating flowmeter SLS1500: string index out of range. Raw output nan
WARNING: 10:09:56 - main_pipeline.interpreter:  Encountered exception in validating flowmeter SLS1500: string index out of range. Raw output nan
WARNING: 10:09:56 - main_pipeline.interpreter:  Encountered exception in validating flowmeter SLS1500: string index out of range. Raw output nan
WARNING: 10:09:56 - main_pipeline.interpreter:  Encountered exception in validating flowmeter SLS1500: string index out of range. Raw output nan
WARNING: 10:09:56 - main_pipeline.interpreter:  Encountered exception in validating flowmeter SLS1500: string index out of range. Raw output nan
WARNING: 10:09:56 - main_pipeline.interpreter:  Encountered exception in validating flowmeter SLS1500: string index out of range. Raw output nan
WARNING: 10:09:56 - main_pipeline.interpreter:  Encountered exception in validating flowmeter SLS1500: string index out of range. Raw output nan
WARNING: 10:09:56 - main_pipeline.interpreter:  Encountered exception in validating flowmeter SLS1500: string index out of range. Raw output nan
WARNING: 10:09:56 - main_pipeline.interpreter:  Unexpected error in processing flowmeter SLS1500: 'bool' object is not iterable
WARNING: 10:09:57 - main_pipeline.interpreter:  Encountered exception in validating flowmeter SLI2000: string index out of range. Raw output nan
WARNING: 10:09:57 - main_pipeline.interpreter:  Encountered exception in validating flowmeter SLI2000: string index out of range. Raw output nan
WARNING: 10:09:57 - main_pipeline.interpreter:  Encountered exception in validating flowmeter SLI2000: string index out of range. Raw output nan
WARNING: 10:09:57 - main_pipeline.interpreter:  Encountered exception in validating flowmeter SLI2000: string index out of range. Raw output nan
WARNING: 10:09:57 - main_pipeline.interpreter:  Encountered exception in validating flowmeter SLI2000: string index out of range. Raw output nan
WARNING: 10:09:57 - main_pipeline.interpreter:  Encountered exception in validating flowmeter SLI2000: string index out of range. Raw output nan
WARNING: 10:09:57 - main_pipeline.interpreter:  Encountered exception in validating flowmeter SLI2000: string index out of range. Raw output nan
WARNING: 10:09:57 - main_pipeline.interpreter:  Encountered exception in validating flowmeter SLI2000: string index out of range. Raw output nan
WARNING: 10:09:57 - main_pipeline.interpreter:  Encountered exception in validating flowmeter SLI2000: string index out of range. Raw output nan
WARNING: 10:09:57 - main_pipeline.interpreter:  Encountered exception in validating flowmeter SLI2000: string index out of range. Raw output nan
WARNING: 10:09:57 - main_pipeline.interpreter:  Encountered exception in validating flowmeter SLI2000: string index out of range. Raw output nan
WARNING: 10:09:57 - main_pipeline.interpreter:  Encountered exception in validating flowmeter SLI2000: string index out of range. Raw output nan
WARNING: 10:09:57 - main_pipeline.interpreter:  Encountered exception in validating flowmeter SLI2000: string index out of range. Raw output nan
WARNING: 10:09:57 - main_pipeline.interpreter:  Encountered exception in validating flowmeter SLI2000: string index out of range. Raw output nan
WARNING: 10:09:57 - main_pipeline.interpreter:  Encountered exception in validating flowmeter SLI2000: string index out of range. Raw output nan
WARNING: 10:09:57 - main_pipeline.interpreter:  Unexpected error in processing flowmeter SLI2000: 'bool' object is not iterable
WARNING: 10:09:57 - main_pipeline.interpreter:  Encountered exception in validating flowmeter SLS1500: string index out of range. Raw output nan
WARNING: 10:09:57 - main_pipeline.interpreter:  Encountered exception in validating flowmeter SLS1500: string index out of range. Raw output nan
WARNING: 10:09:57 - main_pipeline.interpreter:  Encountered exception in validating flowmeter SLS1500: string index out of range. Raw output nan
WARNING: 10:09:57 - main_pipeline.interpreter:  Encountered exception in validating flowmeter SLS1500: string index out of range. Raw output nan
WARNING: 10:09:57 - main_pipeline.interpreter:  Encountered exception in validating flowmeter SLS1500: string index out of range. Raw output nan
WARNING: 10:09:57 - main_pipeline.interpreter:  Encountered exception in validating flowmeter SLS1500: string index out of range. Raw output nan
WARNING: 10:09:57 - main_pipeline.interpreter:  Encountered exception in validating flowmeter SLS1500: string index out of range. Raw output nan
WARNING: 10:09:57 - main_pipeline.interpreter:  Encountered exception in validating flowmeter SLS1500: string index out of range. Raw output nan
WARNING: 10:09:57 - main_pipeline.interpreter:  Encountered exception in validating flowmeter SLS1500: string index out of range. Raw output nan
WARNING: 10:09:57 - main_pipeline.interpreter:  Encountered exception in validating flowmeter SLS1500: string index out of range. Raw output nan
WARNING: 10:09:57 - main_pipeline.interpreter:  Encountered exception in validating flowmeter SLS1500: string index out of range. Raw output nan
WARNING: 10:09:57 - main_pipeline.interpreter:  Encountered exception in validating flowmeter SLS1500: string index out of range. Raw output nan
WARNING: 10:09:57 - main_pipeline.interpreter:  Encountered exception in validating flowmeter SLS1500: string index out of range. Raw output nan
WARNING: 10:09:57 - main_pipeline.interpreter:  Encountered exception in validating flowmeter SLS1500: string index out of range. Raw output nan
WARNING: 10:09:57 - main_pipeline.interpreter:  Encountered exception in validating flowmeter SLS1500: string index out of range. Raw output nan
WARNING: 10:09:57 - main_pipeline.interpreter:  Unexpected error in processing flowmeter SLS1500: 'bool' object is not iterable
INFO: 10:09:57 - main_pipeline.sensor:  Shutting down sensors
INFO: 10:09:57 - sensor_interfaces.sim_instruments:  Abakus measurements stopped
INFO: 10:09:57 - sensor_interfaces.sim_instruments:  Dimetix laser turned off
INFO: 10:09:57 - main_pipeline.sensor:  Finished shutting down sensors
INFO: 10:13:39 - main_pipeline.sensor:  Couldn't find Picarro at port COM8, shadowing sensor calls with substitute functions
INFO: 10:13:39 - main_pipeline.sensor:  Couldn't find Picarro at port COM7, shadowing sensor calls with substitute functions
WARNING: 10:13:39 - main_pipeline.sensor:  Couldn't find Abakus at port COM4, shadowing sensor calls with substitute functions
WARNING: 10:13:39 - main_pipeline.sensor:  Couldn't find Flowmeter at port COM3 and COM5, shadowing sensor calls with substitute functions
WARNING: 10:13:39 - main_pipeline.sensor:  Couldn't find Dimetix laser at port COM6, shadowing sensor calls with substitute functions
WARNING: 10:13:39 - main_pipeline.sensor:  Couldn't find Bronkhorst at port COM9, shadowing sensor calls with substitute functions
WARNING: 10:13:39 - main_pipeline.sensor:  Couldn't find Melthead at port COM9, shadowing sensor calls with substitute functions
INFO: 10:13:39 - sensor_interfaces.sim_instruments:  Fake hardware, pretending to use serial port COM4 with baud 38400
INFO: 10:13:39 - sensor_interfaces.sim_instruments:  Fake hardware, pretending to use serial port COM3 with baud 115200
INFO: 10:13:39 - sensor_interfaces.sim_instruments:  Fake hardware, pretending to use serial port COM5 with baud 115200
INFO: 10:13:39 - sensor_interfaces.sim_instruments:  Fake hardware, pretending to use serial port COM6 with baud 19200
INFO: 10:13:39 - sensor_interfaces.sim_instruments:  Fake hardware, pretending to use serial port COM8 with baud 19200
INFO: 10:13:39 - sensor_interfaces.sim_instruments:  Fake hardware, pretending to use serial port COM7 with baud 19200
INFO: 10:13:39 - sensor_interfaces.sim_instruments:  Fake hardware, pretending to use serial port COM9 with baud 38400
INFO: 10:13:39 - main_pipeline.sensor:  Sensor class initiated
INFO: 10:13:39 - main_pipeline.interpreter:  Interpreter class initiated
INFO: 10:13:39 - main_pipeline.writer:  Display class initiated
INFO: 10:13:39 - __main__:  No control inputs for the Picarro Gas
INFO: 10:13:39 - __main__:  No control inputs for the Picarro Water
INFO: 10:13:39 - __main__:  No control inputs for the Laser Distance Sensor
INFO: 10:13:39 - __main__:  No control inputs for the Abakus Particle Counter
INFO: 10:13:39 - __main__:  No control inputs for the Flowmeter
INFO: 10:13:42 - main_pipeline.sensor:  Initializing sensors
INFO: 10:13:42 - sensor_interfaces.sim_instruments:  Initializing Abakus
INFO: 10:13:42 - sensor_interfaces.sim_instruments:  Abakus initialized
INFO: 10:13:42 - sensor_interfaces.sim_instruments:  Initializing Picarro
INFO: 10:13:42 - sensor_interfaces.sim_instruments:  Initialized Picarro
INFO: 10:13:42 - sensor_interfaces.sim_instruments:  Initializing Picarro
INFO: 10:13:42 - sensor_interfaces.sim_instruments:  Initialized Picarro
INFO: 10:13:42 - sensor_interfaces.sim_instruments:  Initializing Dimetix laser
INFO: 10:13:42 - sensor_interfaces.sim_instruments:  Laser initialized
INFO: 10:13:42 - sensor_interfaces.sim_instruments:  Initializing Bronkhorst
INFO: 10:13:42 - sensor_interfaces.sim_instruments:  Bronkhorst initialized
INFO: 10:13:42 - sensor_interfaces.sim_instruments:  Initializing Melthead
INFO: 10:13:42 - sensor_interfaces.sim_instruments:  Melthead initialized
INFO: 10:13:42 - sensor_interfaces.sim_instruments:  Initializing Flowmeter
INFO: 10:13:42 - sensor_interfaces.sim_instruments:  Flowmeter sli2000 initialized
INFO: 10:13:42 - sensor_interfaces.sim_instruments:  Initializing Flowmeter
INFO: 10:13:42 - sensor_interfaces.sim_instruments:  Flowmeter sls1500 initialized
INFO: 10:13:42 - main_pipeline.sensor:  Finished initializing sensors
WARNING: 10:13:44 - main_pipeline.interpreter:  Encountered exception in validating flowmeter SLI2000: string index out of range. Raw output nan
WARNING: 10:13:44 - main_pipeline.interpreter:  Encountered exception in validating flowmeter SLI2000: string index out of range. Raw output nan
WARNING: 10:13:44 - main_pipeline.interpreter:  Encountered exception in validating flowmeter SLI2000: string index out of range. Raw output nan
WARNING: 10:13:44 - main_pipeline.interpreter:  Encountered exception in validating flowmeter SLI2000: string index out of range. Raw output nan
WARNING: 10:13:44 - main_pipeline.interpreter:  Encountered exception in validating flowmeter SLI2000: string index out of range. Raw output nan
WARNING: 10:13:44 - main_pipeline.interpreter:  Encountered exception in validating flowmeter SLI2000: string index out of range. Raw output nan
WARNING: 10:13:44 - main_pipeline.interpreter:  Encountered exception in validating flowmeter SLI2000: string index out of range. Raw output nan
WARNING: 10:13:44 - main_pipeline.interpreter:  Encountered exception in validating flowmeter SLI2000: string index out of range. Raw output nan
WARNING: 10:13:44 - main_pipeline.interpreter:  Encountered exception in validating flowmeter SLI2000: string index out of range. Raw output nan
WARNING: 10:13:44 - main_pipeline.interpreter:  Encountered exception in validating flowmeter SLI2000: string index out of range. Raw output nan
WARNING: 10:13:44 - main_pipeline.interpreter:  Encountered exception in validating flowmeter SLI2000: string index out of range. Raw output nan
WARNING: 10:13:44 - main_pipeline.interpreter:  Encountered exception in validating flowmeter SLI2000: string index out of range. Raw output nan
WARNING: 10:13:44 - main_pipeline.interpreter:  Encountered exception in validating flowmeter SLI2000: string index out of range. Raw output nan
WARNING: 10:13:44 - main_pipeline.interpreter:  Encountered exception in validating flowmeter SLI2000: string index out of range. Raw output nan
WARNING: 10:13:44 - main_pipeline.interpreter:  Encountered exception in validating flowmeter SLI2000: string index out of range. Raw output nan
WARNING: 10:13:44 - main_pipeline.interpreter:  Unexpected error in processing flowmeter SLI2000: 'bool' object is not iterable
WARNING: 10:13:44 - main_pipeline.interpreter:  Encountered exception in validating flowmeter SLS1500: string index out of range. Raw output nan
WARNING: 10:13:44 - main_pipeline.interpreter:  Encountered exception in validating flowmeter SLS1500: string index out of range. Raw output nan
WARNING: 10:13:44 - main_pipeline.interpreter:  Encountered exception in validating flowmeter SLS1500: string index out of range. Raw output nan
WARNING: 10:13:44 - main_pipeline.interpreter:  Encountered exception in validating flowmeter SLS1500: string index out of range. Raw output nan
WARNING: 10:13:44 - main_pipeline.interpreter:  Encountered exception in validating flowmeter SLS1500: string index out of range. Raw output nan
WARNING: 10:13:44 - main_pipeline.interpreter:  Encountered exception in validating flowmeter SLS1500: string index out of range. Raw output nan
WARNING: 10:13:44 - main_pipeline.interpreter:  Encountered exception in validating flowmeter SLS1500: string index out of range. Raw output nan
WARNING: 10:13:44 - main_pipeline.interpreter:  Encountered exception in validating flowmeter SLS1500: string index out of range. Raw output nan
WARNING: 10:13:44 - main_pipeline.interpreter:  Encountered exception in validating flowmeter SLS1500: string index out of range. Raw output nan
WARNING: 10:13:44 - main_pipeline.interpreter:  Encountered exception in validating flowmeter SLS1500: string index out of range. Raw output nan
WARNING: 10:13:44 - main_pipeline.interpreter:  Encountered exception in validating flowmeter SLS1500: string index out of range. Raw output nan
WARNING: 10:13:44 - main_pipeline.interpreter:  Encountered exception in validating flowmeter SLS1500: string index out of range. Raw output nan
WARNING: 10:13:44 - main_pipeline.interpreter:  Encountered exception in validating flowmeter SLS1500: string index out of range. Raw output nan
WARNING: 10:13:44 - main_pipeline.interpreter:  Encountered exception in validating flowmeter SLS1500: string index out of range. Raw output nan
WARNING: 10:13:44 - main_pipeline.interpreter:  Encountered exception in validating flowmeter SLS1500: string index out of range. Raw output nan
WARNING: 10:13:44 - main_pipeline.interpreter:  Unexpected error in processing flowmeter SLS1500: 'bool' object is not iterable
WARNING: 10:13:44 - __main__:  Error updating the Picarro Gas buffer timestamp: 'NoneType' object is not subscriptable
WARNING: 10:13:44 - __main__:  Error updating the Picarro Gas buffer data: 'NoneType' object is not subscriptable
WARNING: 10:13:44 - __main__:  Error updating the Picarro Gas buffer data: 'NoneType' object is not subscriptable
WARNING: 10:13:44 - __main__:  Error updating the Picarro Gas buffer data: 'NoneType' object is not subscriptable
WARNING: 10:13:44 - __main__:  Error updating the Picarro Gas buffer data: 'NoneType' object is not subscriptable
WARNING: 10:13:44 - __main__:  Error updating the Picarro Gas buffer data: 'NoneType' object is not subscriptable
WARNING: 10:13:44 - __main__:  Error updating the Picarro Gas buffer data: 'NoneType' object is not subscriptable
WARNING: 10:13:44 - __main__:  Error updating the Picarro Water buffer timestamp: 'NoneType' object is not subscriptable
WARNING: 10:13:44 - __main__:  Error updating the Picarro Water buffer data: 'NoneType' object is not subscriptable
WARNING: 10:13:44 - __main__:  Error updating the Picarro Water buffer data: 'NoneType' object is not subscriptable
WARNING: 10:13:44 - __main__:  Error updating the Picarro Water buffer data: 'NoneType' object is not subscriptable
WARNING: 10:13:44 - __main__:  Error updating the Picarro Water buffer data: 'NoneType' object is not subscriptable
WARNING: 10:13:44 - __main__:  Error updating the Picarro Water buffer data: 'NoneType' object is not subscriptable
WARNING: 10:13:44 - __main__:  Error updating the Picarro Water buffer data: 'NoneType' object is not subscriptable
WARNING: 10:13:44 - __main__:  Error updating the Laser Distance Sensor buffer timestamp: 'NoneType' object is not subscriptable
WARNING: 10:13:44 - __main__:  Error updating the Laser Distance Sensor buffer data: 'NoneType' object is not subscriptable
WARNING: 10:13:44 - __main__:  Error updating the Laser Distance Sensor buffer data: 'NoneType' object is not subscriptable
WARNING: 10:13:44 - __main__:  Error updating the Abakus Particle Counter buffer timestamp: 'NoneType' object is not subscriptable
WARNING: 10:13:44 - __main__:  Error updating the Abakus Particle Counter buffer data: 'NoneType' object is not subscriptable
WARNING: 10:13:44 - __main__:  Error updating the Abakus Particle Counter buffer data: 'NoneType' object is not subscriptable
WARNING: 10:13:44 - __main__:  Error updating the Abakus Particle Counter buffer data: 'NoneType' object is not subscriptable
WARNING: 10:13:44 - __main__:  Error updating the Flowmeter buffer timestamp: 'NoneType' object is not subscriptable
WARNING: 10:13:44 - __main__:  Error updating the Flowmeter buffer data: 'NoneType' object is not subscriptable
WARNING: 10:13:44 - __main__:  Error updating the Flowmeter buffer data: 'NoneType' object is not subscriptable
WARNING: 10:13:44 - __main__:  Error updating the Bronkhorst Pressure buffer timestamp: 'NoneType' object is not subscriptable
WARNING: 10:13:44 - __main__:  Error updating the Bronkhorst Pressure buffer data: 'NoneType' object is not subscriptable
WARNING: 10:13:44 - __main__:  Error updating the Bronkhorst Pressure buffer data: 'NoneType' object is not subscriptable
WARNING: 10:13:44 - __main__:  Error updating the Bronkhorst Pressure buffer data: 'NoneType' object is not subscriptable
WARNING: 10:13:44 - __main__:  Error updating the Bronkhorst Pressure buffer data: 'NoneType' object is not subscriptable
WARNING: 10:13:44 - __main__:  Error updating the Melthead buffer timestamp: 'NoneType' object is not subscriptable
WARNING: 10:13:44 - __main__:  Error updating the Melthead buffer data: 'NoneType' object is not subscriptable
WARNING: 10:13:45 - main_pipeline.interpreter:  Encountered exception in validating flowmeter SLI2000: string index out of range. Raw output nan
WARNING: 10:13:45 - main_pipeline.interpreter:  Encountered exception in validating flowmeter SLI2000: string index out of range. Raw output nan
WARNING: 10:13:45 - main_pipeline.interpreter:  Encountered exception in validating flowmeter SLI2000: string index out of range. Raw output nan
WARNING: 10:13:45 - main_pipeline.interpreter:  Encountered exception in validating flowmeter SLI2000: string index out of range. Raw output nan
WARNING: 10:13:45 - main_pipeline.interpreter:  Encountered exception in validating flowmeter SLI2000: string index out of range. Raw output nan
WARNING: 10:13:45 - main_pipeline.interpreter:  Encountered exception in validating flowmeter SLI2000: string index out of range. Raw output nan
WARNING: 10:13:45 - main_pipeline.interpreter:  Encountered exception in validating flowmeter SLI2000: string index out of range. Raw output nan
WARNING: 10:13:45 - main_pipeline.interpreter:  Encountered exception in validating flowmeter SLI2000: string index out of range. Raw output nan
WARNING: 10:13:45 - main_pipeline.interpreter:  Encountered exception in validating flowmeter SLI2000: string index out of range. Raw output nan
WARNING: 10:13:45 - main_pipeline.interpreter:  Encountered exception in validating flowmeter SLI2000: string index out of range. Raw output nan
WARNING: 10:13:45 - main_pipeline.interpreter:  Encountered exception in validating flowmeter SLI2000: string index out of range. Raw output nan
WARNING: 10:13:45 - main_pipeline.interpreter:  Encountered exception in validating flowmeter SLI2000: string index out of range. Raw output nan
WARNING: 10:13:45 - main_pipeline.interpreter:  Encountered exception in validating flowmeter SLI2000: string index out of range. Raw output nan
WARNING: 10:13:45 - main_pipeline.interpreter:  Encountered exception in validating flowmeter SLI2000: string index out of range. Raw output nan
WARNING: 10:13:45 - main_pipeline.interpreter:  Encountered exception in validating flowmeter SLI2000: string index out of range. Raw output nan
WARNING: 10:13:45 - main_pipeline.interpreter:  Unexpected error in processing flowmeter SLI2000: 'bool' object is not iterable
WARNING: 10:13:45 - main_pipeline.interpreter:  Encountered exception in validating flowmeter SLS1500: string index out of range. Raw output nan
WARNING: 10:13:45 - main_pipeline.interpreter:  Encountered exception in validating flowmeter SLS1500: string index out of range. Raw output nan
WARNING: 10:13:45 - main_pipeline.interpreter:  Encountered exception in validating flowmeter SLS1500: string index out of range. Raw output nan
WARNING: 10:13:45 - main_pipeline.interpreter:  Encountered exception in validating flowmeter SLS1500: string index out of range. Raw output nan
WARNING: 10:13:45 - main_pipeline.interpreter:  Encountered exception in validating flowmeter SLS1500: string index out of range. Raw output nan
WARNING: 10:13:45 - main_pipeline.interpreter:  Encountered exception in validating flowmeter SLS1500: string index out of range. Raw output nan
WARNING: 10:13:45 - main_pipeline.interpreter:  Encountered exception in validating flowmeter SLS1500: string index out of range. Raw output nan
WARNING: 10:13:45 - main_pipeline.interpreter:  Encountered exception in validating flowmeter SLS1500: string index out of range. Raw output nan
WARNING: 10:13:45 - main_pipeline.interpreter:  Encountered exception in validating flowmeter SLS1500: string index out of range. Raw output nan
WARNING: 10:13:45 - main_pipeline.interpreter:  Encountered exception in validating flowmeter SLS1500: string index out of range. Raw output nan
WARNING: 10:13:45 - main_pipeline.interpreter:  Encountered exception in validating flowmeter SLS1500: string index out of range. Raw output nan
WARNING: 10:13:45 - main_pipeline.interpreter:  Encountered exception in validating flowmeter SLS1500: string index out of range. Raw output nan
WARNING: 10:13:45 - main_pipeline.interpreter:  Encountered exception in validating flowmeter SLS1500: string index out of range. Raw output nan
WARNING: 10:13:45 - main_pipeline.interpreter:  Encountered exception in validating flowmeter SLS1500: string index out of range. Raw output nan
WARNING: 10:13:45 - main_pipeline.interpreter:  Encountered exception in validating flowmeter SLS1500: string index out of range. Raw output nan
WARNING: 10:13:45 - main_pipeline.interpreter:  Unexpected error in processing flowmeter SLS1500: 'bool' object is not iterable
WARNING: 10:13:46 - main_pipeline.interpreter:  Encountered exception in validating flowmeter SLI2000: string index out of range. Raw output nan
WARNING: 10:13:46 - main_pipeline.interpreter:  Encountered exception in validating flowmeter SLI2000: string index out of range. Raw output nan
WARNING: 10:13:46 - main_pipeline.interpreter:  Encountered exception in validating flowmeter SLI2000: string index out of range. Raw output nan
WARNING: 10:13:46 - main_pipeline.interpreter:  Encountered exception in validating flowmeter SLI2000: string index out of range. Raw output nan
WARNING: 10:13:46 - main_pipeline.interpreter:  Encountered exception in validating flowmeter SLI2000: string index out of range. Raw output nan
WARNING: 10:13:46 - main_pipeline.interpreter:  Encountered exception in validating flowmeter SLI2000: string index out of range. Raw output nan
WARNING: 10:13:46 - main_pipeline.interpreter:  Encountered exception in validating flowmeter SLI2000: string index out of range. Raw output nan
WARNING: 10:13:46 - main_pipeline.interpreter:  Encountered exception in validating flowmeter SLI2000: string index out of range. Raw output nan
WARNING: 10:13:46 - main_pipeline.interpreter:  Encountered exception in validating flowmeter SLI2000: string index out of range. Raw output nan
WARNING: 10:13:46 - main_pipeline.interpreter:  Encountered exception in validating flowmeter SLI2000: string index out of range. Raw output nan
WARNING: 10:13:46 - main_pipeline.interpreter:  Encountered exception in validating flowmeter SLI2000: string index out of range. Raw output nan
WARNING: 10:13:46 - main_pipeline.interpreter:  Encountered exception in validating flowmeter SLI2000: string index out of range. Raw output nan
WARNING: 10:13:46 - main_pipeline.interpreter:  Encountered exception in validating flowmeter SLI2000: string index out of range. Raw output nan
WARNING: 10:13:46 - main_pipeline.interpreter:  Encountered exception in validating flowmeter SLI2000: string index out of range. Raw output nan
WARNING: 10:13:46 - main_pipeline.interpreter:  Encountered exception in validating flowmeter SLI2000: string index out of range. Raw output nan
WARNING: 10:13:46 - main_pipeline.interpreter:  Unexpected error in processing flowmeter SLI2000: 'bool' object is not iterable
WARNING: 10:13:46 - main_pipeline.interpreter:  Encountered exception in validating flowmeter SLS1500: string index out of range. Raw output nan
WARNING: 10:13:46 - main_pipeline.interpreter:  Encountered exception in validating flowmeter SLS1500: string index out of range. Raw output nan
WARNING: 10:13:46 - main_pipeline.interpreter:  Encountered exception in validating flowmeter SLS1500: string index out of range. Raw output nan
WARNING: 10:13:46 - main_pipeline.interpreter:  Encountered exception in validating flowmeter SLS1500: string index out of range. Raw output nan
WARNING: 10:13:46 - main_pipeline.interpreter:  Encountered exception in validating flowmeter SLS1500: string index out of range. Raw output nan
WARNING: 10:13:46 - main_pipeline.interpreter:  Encountered exception in validating flowmeter SLS1500: string index out of range. Raw output nan
WARNING: 10:13:46 - main_pipeline.interpreter:  Encountered exception in validating flowmeter SLS1500: string index out of range. Raw output nan
WARNING: 10:13:46 - main_pipeline.interpreter:  Encountered exception in validating flowmeter SLS1500: string index out of range. Raw output nan
WARNING: 10:13:46 - main_pipeline.interpreter:  Encountered exception in validating flowmeter SLS1500: string index out of range. Raw output nan
WARNING: 10:13:46 - main_pipeline.interpreter:  Encountered exception in validating flowmeter SLS1500: string index out of range. Raw output nan
WARNING: 10:13:46 - main_pipeline.interpreter:  Encountered exception in validating flowmeter SLS1500: string index out of range. Raw output nan
WARNING: 10:13:46 - main_pipeline.interpreter:  Encountered exception in validating flowmeter SLS1500: string index out of range. Raw output nan
WARNING: 10:13:46 - main_pipeline.interpreter:  Encountered exception in validating flowmeter SLS1500: string index out of range. Raw output nan
WARNING: 10:13:46 - main_pipeline.interpreter:  Encountered exception in validating flowmeter SLS1500: string index out of range. Raw output nan
WARNING: 10:13:46 - main_pipeline.interpreter:  Encountered exception in validating flowmeter SLS1500: string index out of range. Raw output nan
WARNING: 10:13:46 - main_pipeline.interpreter:  Unexpected error in processing flowmeter SLS1500: 'bool' object is not iterable
WARNING: 10:13:47 - main_pipeline.interpreter:  Encountered exception in validating flowmeter SLI2000: string index out of range. Raw output nan
WARNING: 10:13:47 - main_pipeline.interpreter:  Encountered exception in validating flowmeter SLI2000: string index out of range. Raw output nan
WARNING: 10:13:47 - main_pipeline.interpreter:  Encountered exception in validating flowmeter SLI2000: string index out of range. Raw output nan
WARNING: 10:13:47 - main_pipeline.interpreter:  Encountered exception in validating flowmeter SLI2000: string index out of range. Raw output nan
WARNING: 10:13:47 - main_pipeline.interpreter:  Encountered exception in validating flowmeter SLI2000: string index out of range. Raw output nan
WARNING: 10:13:47 - main_pipeline.interpreter:  Encountered exception in validating flowmeter SLI2000: string index out of range. Raw output nan
WARNING: 10:13:47 - main_pipeline.interpreter:  Encountered exception in validating flowmeter SLI2000: string index out of range. Raw output nan
WARNING: 10:13:47 - main_pipeline.interpreter:  Encountered exception in validating flowmeter SLI2000: string index out of range. Raw output nan
WARNING: 10:13:47 - main_pipeline.interpreter:  Encountered exception in validating flowmeter SLI2000: string index out of range. Raw output nan
WARNING: 10:13:47 - main_pipeline.interpreter:  Encountered exception in validating flowmeter SLI2000: string index out of range. Raw output nan
WARNING: 10:13:47 - main_pipeline.interpreter:  Encountered exception in validating flowmeter SLI2000: string index out of range. Raw output nan
WARNING: 10:13:47 - main_pipeline.interpreter:  Encountered exception in validating flowmeter SLI2000: string index out of range. Raw output nan
WARNING: 10:13:47 - main_pipeline.interpreter:  Encountered exception in validating flowmeter SLI2000: string index out of range. Raw output nan
WARNING: 10:13:47 - main_pipeline.interpreter:  Encountered exception in validating flowmeter SLI2000: string index out of range. Raw output nan
WARNING: 10:13:47 - main_pipeline.interpreter:  Encountered exception in validating flowmeter SLI2000: string index out of range. Raw output nan
WARNING: 10:13:47 - main_pipeline.interpreter:  Unexpected error in processing flowmeter SLI2000: 'bool' object is not iterable
WARNING: 10:13:47 - main_pipeline.interpreter:  Encountered exception in validating flowmeter SLS1500: string index out of range. Raw output nan
WARNING: 10:13:47 - main_pipeline.interpreter:  Encountered exception in validating flowmeter SLS1500: string index out of range. Raw output nan
WARNING: 10:13:47 - main_pipeline.interpreter:  Encountered exception in validating flowmeter SLS1500: string index out of range. Raw output nan
WARNING: 10:13:47 - main_pipeline.interpreter:  Encountered exception in validating flowmeter SLS1500: string index out of range. Raw output nan
WARNING: 10:13:47 - main_pipeline.interpreter:  Encountered exception in validating flowmeter SLS1500: string index out of range. Raw output nan
WARNING: 10:13:47 - main_pipeline.interpreter:  Encountered exception in validating flowmeter SLS1500: string index out of range. Raw output nan
WARNING: 10:13:47 - main_pipeline.interpreter:  Encountered exception in validating flowmeter SLS1500: string index out of range. Raw output nan
WARNING: 10:13:47 - main_pipeline.interpreter:  Encountered exception in validating flowmeter SLS1500: string index out of range. Raw output nan
WARNING: 10:13:47 - main_pipeline.interpreter:  Encountered exception in validating flowmeter SLS1500: string index out of range. Raw output nan
WARNING: 10:13:47 - main_pipeline.interpreter:  Encountered exception in validating flowmeter SLS1500: string index out of range. Raw output nan
WARNING: 10:13:47 - main_pipeline.interpreter:  Encountered exception in validating flowmeter SLS1500: string index out of range. Raw output nan
WARNING: 10:13:47 - main_pipeline.interpreter:  Encountered exception in validating flowmeter SLS1500: string index out of range. Raw output nan
WARNING: 10:13:47 - main_pipeline.interpreter:  Encountered exception in validating flowmeter SLS1500: string index out of range. Raw output nan
WARNING: 10:13:47 - main_pipeline.interpreter:  Encountered exception in validating flowmeter SLS1500: string index out of range. Raw output nan
WARNING: 10:13:47 - main_pipeline.interpreter:  Encountered exception in validating flowmeter SLS1500: string index out of range. Raw output nan
WARNING: 10:13:47 - main_pipeline.interpreter:  Unexpected error in processing flowmeter SLS1500: 'bool' object is not iterable
WARNING: 10:13:48 - main_pipeline.interpreter:  Encountered exception in validating flowmeter SLI2000: string index out of range. Raw output nan
WARNING: 10:13:48 - main_pipeline.interpreter:  Encountered exception in validating flowmeter SLI2000: string index out of range. Raw output nan
WARNING: 10:13:48 - main_pipeline.interpreter:  Encountered exception in validating flowmeter SLI2000: string index out of range. Raw output nan
WARNING: 10:13:48 - main_pipeline.interpreter:  Encountered exception in validating flowmeter SLI2000: string index out of range. Raw output nan
WARNING: 10:13:48 - main_pipeline.interpreter:  Encountered exception in validating flowmeter SLI2000: string index out of range. Raw output nan
WARNING: 10:13:48 - main_pipeline.interpreter:  Encountered exception in validating flowmeter SLI2000: string index out of range. Raw output nan
WARNING: 10:13:48 - main_pipeline.interpreter:  Encountered exception in validating flowmeter SLI2000: string index out of range. Raw output nan
WARNING: 10:13:48 - main_pipeline.interpreter:  Encountered exception in validating flowmeter SLI2000: string index out of range. Raw output nan
WARNING: 10:13:48 - main_pipeline.interpreter:  Encountered exception in validating flowmeter SLI2000: string index out of range. Raw output nan
WARNING: 10:13:48 - main_pipeline.interpreter:  Encountered exception in validating flowmeter SLI2000: string index out of range. Raw output nan
WARNING: 10:13:48 - main_pipeline.interpreter:  Encountered exception in validating flowmeter SLI2000: string index out of range. Raw output nan
WARNING: 10:13:48 - main_pipeline.interpreter:  Encountered exception in validating flowmeter SLI2000: string index out of range. Raw output nan
WARNING: 10:13:48 - main_pipeline.interpreter:  Encountered exception in validating flowmeter SLI2000: string index out of range. Raw output nan
WARNING: 10:13:48 - main_pipeline.interpreter:  Encountered exception in validating flowmeter SLI2000: string index out of range. Raw output nan
WARNING: 10:13:48 - main_pipeline.interpreter:  Encountered exception in validating flowmeter SLI2000: string index out of range. Raw output nan
WARNING: 10:13:48 - main_pipeline.interpreter:  Unexpected error in processing flowmeter SLI2000: 'bool' object is not iterable
WARNING: 10:13:48 - main_pipeline.interpreter:  Encountered exception in validating flowmeter SLS1500: string index out of range. Raw output nan
WARNING: 10:13:48 - main_pipeline.interpreter:  Encountered exception in validating flowmeter SLS1500: string index out of range. Raw output nan
WARNING: 10:13:48 - main_pipeline.interpreter:  Encountered exception in validating flowmeter SLS1500: string index out of range. Raw output nan
WARNING: 10:13:48 - main_pipeline.interpreter:  Encountered exception in validating flowmeter SLS1500: string index out of range. Raw output nan
WARNING: 10:13:48 - main_pipeline.interpreter:  Encountered exception in validating flowmeter SLS1500: string index out of range. Raw output nan
WARNING: 10:13:48 - main_pipeline.interpreter:  Encountered exception in validating flowmeter SLS1500: string index out of range. Raw output nan
WARNING: 10:13:48 - main_pipeline.interpreter:  Encountered exception in validating flowmeter SLS1500: string index out of range. Raw output nan
WARNING: 10:13:48 - main_pipeline.interpreter:  Encountered exception in validating flowmeter SLS1500: string index out of range. Raw output nan
WARNING: 10:13:48 - main_pipeline.interpreter:  Encountered exception in validating flowmeter SLS1500: string index out of range. Raw output nan
WARNING: 10:13:48 - main_pipeline.interpreter:  Encountered exception in validating flowmeter SLS1500: string index out of range. Raw output nan
WARNING: 10:13:48 - main_pipeline.interpreter:  Encountered exception in validating flowmeter SLS1500: string index out of range. Raw output nan
WARNING: 10:13:48 - main_pipeline.interpreter:  Encountered exception in validating flowmeter SLS1500: string index out of range. Raw output nan
WARNING: 10:13:48 - main_pipeline.interpreter:  Encountered exception in validating flowmeter SLS1500: string index out of range. Raw output nan
WARNING: 10:13:48 - main_pipeline.interpreter:  Encountered exception in validating flowmeter SLS1500: string index out of range. Raw output nan
WARNING: 10:13:48 - main_pipeline.interpreter:  Encountered exception in validating flowmeter SLS1500: string index out of range. Raw output nan
WARNING: 10:13:48 - main_pipeline.interpreter:  Unexpected error in processing flowmeter SLS1500: 'bool' object is not iterable
WARNING: 10:13:49 - main_pipeline.interpreter:  Encountered exception in validating flowmeter SLI2000: string index out of range. Raw output nan
WARNING: 10:13:49 - main_pipeline.interpreter:  Encountered exception in validating flowmeter SLI2000: string index out of range. Raw output nan
WARNING: 10:13:49 - main_pipeline.interpreter:  Encountered exception in validating flowmeter SLI2000: string index out of range. Raw output nan
WARNING: 10:13:49 - main_pipeline.interpreter:  Encountered exception in validating flowmeter SLI2000: string index out of range. Raw output nan
WARNING: 10:13:49 - main_pipeline.interpreter:  Encountered exception in validating flowmeter SLI2000: string index out of range. Raw output nan
WARNING: 10:13:49 - main_pipeline.interpreter:  Encountered exception in validating flowmeter SLI2000: string index out of range. Raw output nan
WARNING: 10:13:49 - main_pipeline.interpreter:  Encountered exception in validating flowmeter SLI2000: string index out of range. Raw output nan
WARNING: 10:13:49 - main_pipeline.interpreter:  Encountered exception in validating flowmeter SLI2000: string index out of range. Raw output nan
WARNING: 10:13:49 - main_pipeline.interpreter:  Encountered exception in validating flowmeter SLI2000: string index out of range. Raw output nan
WARNING: 10:13:49 - main_pipeline.interpreter:  Encountered exception in validating flowmeter SLI2000: string index out of range. Raw output nan
WARNING: 10:13:49 - main_pipeline.interpreter:  Encountered exception in validating flowmeter SLI2000: string index out of range. Raw output nan
WARNING: 10:13:49 - main_pipeline.interpreter:  Encountered exception in validating flowmeter SLI2000: string index out of range. Raw output nan
WARNING: 10:13:49 - main_pipeline.interpreter:  Encountered exception in validating flowmeter SLI2000: string index out of range. Raw output nan
WARNING: 10:13:49 - main_pipeline.interpreter:  Encountered exception in validating flowmeter SLI2000: string index out of range. Raw output nan
WARNING: 10:13:49 - main_pipeline.interpreter:  Encountered exception in validating flowmeter SLI2000: string index out of range. Raw output nan
WARNING: 10:13:49 - main_pipeline.interpreter:  Unexpected error in processing flowmeter SLI2000: 'bool' object is not iterable
WARNING: 10:13:49 - main_pipeline.interpreter:  Encountered exception in validating flowmeter SLS1500: string index out of range. Raw output nan
WARNING: 10:13:49 - main_pipeline.interpreter:  Encountered exception in validating flowmeter SLS1500: string index out of range. Raw output nan
WARNING: 10:13:49 - main_pipeline.interpreter:  Encountered exception in validating flowmeter SLS1500: string index out of range. Raw output nan
WARNING: 10:13:49 - main_pipeline.interpreter:  Encountered exception in validating flowmeter SLS1500: string index out of range. Raw output nan
WARNING: 10:13:49 - main_pipeline.interpreter:  Encountered exception in validating flowmeter SLS1500: string index out of range. Raw output nan
WARNING: 10:13:49 - main_pipeline.interpreter:  Encountered exception in validating flowmeter SLS1500: string index out of range. Raw output nan
WARNING: 10:13:49 - main_pipeline.interpreter:  Encountered exception in validating flowmeter SLS1500: string index out of range. Raw output nan
WARNING: 10:13:49 - main_pipeline.interpreter:  Encountered exception in validating flowmeter SLS1500: string index out of range. Raw output nan
WARNING: 10:13:49 - main_pipeline.interpreter:  Encountered exception in validating flowmeter SLS1500: string index out of range. Raw output nan
WARNING: 10:13:49 - main_pipeline.interpreter:  Encountered exception in validating flowmeter SLS1500: string index out of range. Raw output nan
WARNING: 10:13:49 - main_pipeline.interpreter:  Encountered exception in validating flowmeter SLS1500: string index out of range. Raw output nan
WARNING: 10:13:49 - main_pipeline.interpreter:  Encountered exception in validating flowmeter SLS1500: string index out of range. Raw output nan
WARNING: 10:13:49 - main_pipeline.interpreter:  Encountered exception in validating flowmeter SLS1500: string index out of range. Raw output nan
WARNING: 10:13:49 - main_pipeline.interpreter:  Encountered exception in validating flowmeter SLS1500: string index out of range. Raw output nan
WARNING: 10:13:49 - main_pipeline.interpreter:  Encountered exception in validating flowmeter SLS1500: string index out of range. Raw output nan
WARNING: 10:13:49 - main_pipeline.interpreter:  Unexpected error in processing flowmeter SLS1500: 'bool' object is not iterable
WARNING: 10:13:50 - main_pipeline.interpreter:  Encountered exception in validating flowmeter SLI2000: string index out of range. Raw output nan
WARNING: 10:13:50 - main_pipeline.interpreter:  Encountered exception in validating flowmeter SLI2000: string index out of range. Raw output nan
WARNING: 10:13:50 - main_pipeline.interpreter:  Encountered exception in validating flowmeter SLI2000: string index out of range. Raw output nan
WARNING: 10:13:50 - main_pipeline.interpreter:  Encountered exception in validating flowmeter SLI2000: string index out of range. Raw output nan
WARNING: 10:13:50 - main_pipeline.interpreter:  Encountered exception in validating flowmeter SLI2000: string index out of range. Raw output nan
WARNING: 10:13:50 - main_pipeline.interpreter:  Encountered exception in validating flowmeter SLI2000: string index out of range. Raw output nan
WARNING: 10:13:50 - main_pipeline.interpreter:  Encountered exception in validating flowmeter SLI2000: string index out of range. Raw output nan
WARNING: 10:13:50 - main_pipeline.interpreter:  Encountered exception in validating flowmeter SLI2000: string index out of range. Raw output nan
WARNING: 10:13:50 - main_pipeline.interpreter:  Encountered exception in validating flowmeter SLI2000: string index out of range. Raw output nan
WARNING: 10:13:50 - main_pipeline.interpreter:  Encountered exception in validating flowmeter SLI2000: string index out of range. Raw output nan
WARNING: 10:13:50 - main_pipeline.interpreter:  Encountered exception in validating flowmeter SLI2000: string index out of range. Raw output nan
WARNING: 10:13:50 - main_pipeline.interpreter:  Encountered exception in validating flowmeter SLI2000: string index out of range. Raw output nan
WARNING: 10:13:50 - main_pipeline.interpreter:  Encountered exception in validating flowmeter SLI2000: string index out of range. Raw output nan
WARNING: 10:13:50 - main_pipeline.interpreter:  Encountered exception in validating flowmeter SLI2000: string index out of range. Raw output nan
WARNING: 10:13:50 - main_pipeline.interpreter:  Encountered exception in validating flowmeter SLI2000: string index out of range. Raw output nan
WARNING: 10:13:50 - main_pipeline.interpreter:  Unexpected error in processing flowmeter SLI2000: 'bool' object is not iterable
WARNING: 10:13:50 - main_pipeline.interpreter:  Encountered exception in validating flowmeter SLS1500: string index out of range. Raw output nan
WARNING: 10:13:50 - main_pipeline.interpreter:  Encountered exception in validating flowmeter SLS1500: string index out of range. Raw output nan
WARNING: 10:13:50 - main_pipeline.interpreter:  Encountered exception in validating flowmeter SLS1500: string index out of range. Raw output nan
WARNING: 10:13:50 - main_pipeline.interpreter:  Encountered exception in validating flowmeter SLS1500: string index out of range. Raw output nan
WARNING: 10:13:50 - main_pipeline.interpreter:  Encountered exception in validating flowmeter SLS1500: string index out of range. Raw output nan
WARNING: 10:13:50 - main_pipeline.interpreter:  Encountered exception in validating flowmeter SLS1500: string index out of range. Raw output nan
WARNING: 10:13:50 - main_pipeline.interpreter:  Encountered exception in validating flowmeter SLS1500: string index out of range. Raw output nan
WARNING: 10:13:50 - main_pipeline.interpreter:  Encountered exception in validating flowmeter SLS1500: string index out of range. Raw output nan
WARNING: 10:13:50 - main_pipeline.interpreter:  Encountered exception in validating flowmeter SLS1500: string index out of range. Raw output nan
WARNING: 10:13:50 - main_pipeline.interpreter:  Encountered exception in validating flowmeter SLS1500: string index out of range. Raw output nan
WARNING: 10:13:50 - main_pipeline.interpreter:  Encountered exception in validating flowmeter SLS1500: string index out of range. Raw output nan
WARNING: 10:13:50 - main_pipeline.interpreter:  Encountered exception in validating flowmeter SLS1500: string index out of range. Raw output nan
WARNING: 10:13:50 - main_pipeline.interpreter:  Encountered exception in validating flowmeter SLS1500: string index out of range. Raw output nan
WARNING: 10:13:50 - main_pipeline.interpreter:  Encountered exception in validating flowmeter SLS1500: string index out of range. Raw output nan
WARNING: 10:13:50 - main_pipeline.interpreter:  Encountered exception in validating flowmeter SLS1500: string index out of range. Raw output nan
WARNING: 10:13:50 - main_pipeline.interpreter:  Unexpected error in processing flowmeter SLS1500: 'bool' object is not iterable
WARNING: 10:13:51 - main_pipeline.interpreter:  Encountered exception in validating flowmeter SLI2000: string index out of range. Raw output nan
WARNING: 10:13:51 - main_pipeline.interpreter:  Encountered exception in validating flowmeter SLI2000: string index out of range. Raw output nan
WARNING: 10:13:51 - main_pipeline.interpreter:  Encountered exception in validating flowmeter SLI2000: string index out of range. Raw output nan
WARNING: 10:13:51 - main_pipeline.interpreter:  Encountered exception in validating flowmeter SLI2000: string index out of range. Raw output nan
WARNING: 10:13:51 - main_pipeline.interpreter:  Encountered exception in validating flowmeter SLI2000: string index out of range. Raw output nan
WARNING: 10:13:51 - main_pipeline.interpreter:  Encountered exception in validating flowmeter SLI2000: string index out of range. Raw output nan
WARNING: 10:13:51 - main_pipeline.interpreter:  Encountered exception in validating flowmeter SLI2000: string index out of range. Raw output nan
WARNING: 10:13:51 - main_pipeline.interpreter:  Encountered exception in validating flowmeter SLI2000: string index out of range. Raw output nan
WARNING: 10:13:51 - main_pipeline.interpreter:  Encountered exception in validating flowmeter SLI2000: string index out of range. Raw output nan
WARNING: 10:13:51 - main_pipeline.interpreter:  Encountered exception in validating flowmeter SLI2000: string index out of range. Raw output nan
WARNING: 10:13:51 - main_pipeline.interpreter:  Encountered exception in validating flowmeter SLI2000: string index out of range. Raw output nan
WARNING: 10:13:51 - main_pipeline.interpreter:  Encountered exception in validating flowmeter SLI2000: string index out of range. Raw output nan
WARNING: 10:13:51 - main_pipeline.interpreter:  Encountered exception in validating flowmeter SLI2000: string index out of range. Raw output nan
WARNING: 10:13:51 - main_pipeline.interpreter:  Encountered exception in validating flowmeter SLI2000: string index out of range. Raw output nan
WARNING: 10:13:51 - main_pipeline.interpreter:  Encountered exception in validating flowmeter SLI2000: string index out of range. Raw output nan
WARNING: 10:13:51 - main_pipeline.interpreter:  Unexpected error in processing flowmeter SLI2000: 'bool' object is not iterable
WARNING: 10:13:51 - main_pipeline.interpreter:  Encountered exception in validating flowmeter SLS1500: string index out of range. Raw output nan
WARNING: 10:13:51 - main_pipeline.interpreter:  Encountered exception in validating flowmeter SLS1500: string index out of range. Raw output nan
WARNING: 10:13:51 - main_pipeline.interpreter:  Encountered exception in validating flowmeter SLS1500: string index out of range. Raw output nan
WARNING: 10:13:51 - main_pipeline.interpreter:  Encountered exception in validating flowmeter SLS1500: string index out of range. Raw output nan
WARNING: 10:13:51 - main_pipeline.interpreter:  Encountered exception in validating flowmeter SLS1500: string index out of range. Raw output nan
WARNING: 10:13:51 - main_pipeline.interpreter:  Encountered exception in validating flowmeter SLS1500: string index out of range. Raw output nan
WARNING: 10:13:51 - main_pipeline.interpreter:  Encountered exception in validating flowmeter SLS1500: string index out of range. Raw output nan
WARNING: 10:13:51 - main_pipeline.interpreter:  Encountered exception in validating flowmeter SLS1500: string index out of range. Raw output nan
WARNING: 10:13:51 - main_pipeline.interpreter:  Encountered exception in validating flowmeter SLS1500: string index out of range. Raw output nan
WARNING: 10:13:51 - main_pipeline.interpreter:  Encountered exception in validating flowmeter SLS1500: string index out of range. Raw output nan
WARNING: 10:13:51 - main_pipeline.interpreter:  Encountered exception in validating flowmeter SLS1500: string index out of range. Raw output nan
WARNING: 10:13:51 - main_pipeline.interpreter:  Encountered exception in validating flowmeter SLS1500: string index out of range. Raw output nan
WARNING: 10:13:51 - main_pipeline.interpreter:  Encountered exception in validating flowmeter SLS1500: string index out of range. Raw output nan
WARNING: 10:13:51 - main_pipeline.interpreter:  Encountered exception in validating flowmeter SLS1500: string index out of range. Raw output nan
WARNING: 10:13:51 - main_pipeline.interpreter:  Encountered exception in validating flowmeter SLS1500: string index out of range. Raw output nan
WARNING: 10:13:51 - main_pipeline.interpreter:  Unexpected error in processing flowmeter SLS1500: 'bool' object is not iterable
INFO: 10:13:55 - main_pipeline.sensor:  Shutting down sensors
INFO: 10:13:55 - sensor_interfaces.sim_instruments:  Abakus measurements stopped
INFO: 10:13:55 - sensor_interfaces.sim_instruments:  Dimetix laser turned off
INFO: 10:13:55 - main_pipeline.sensor:  Finished shutting down sensors
INFO: 11:14:02 - main_pipeline.sensor:  Couldn't find Picarro at port COM8, shadowing sensor calls with substitute functions
INFO: 11:14:02 - main_pipeline.sensor:  Couldn't find Picarro at port COM7, shadowing sensor calls with substitute functions
WARNING: 11:14:02 - main_pipeline.sensor:  Couldn't find Abakus at port COM4, shadowing sensor calls with substitute functions
WARNING: 11:14:02 - main_pipeline.sensor:  Couldn't find Flowmeter at port COM3 and COM5, shadowing sensor calls with substitute functions
WARNING: 11:14:02 - main_pipeline.sensor:  Couldn't find Dimetix laser at port COM6, shadowing sensor calls with substitute functions
WARNING: 11:14:02 - main_pipeline.sensor:  Couldn't find Bronkhorst at port COM9, shadowing sensor calls with substitute functions
WARNING: 11:14:02 - main_pipeline.sensor:  Couldn't find Melthead at port COM9, shadowing sensor calls with substitute functions
INFO: 11:14:02 - sensor_interfaces.sim_instruments:  Fake hardware, pretending to use serial port COM4 with baud 38400
INFO: 11:14:02 - sensor_interfaces.sim_instruments:  Fake hardware, pretending to use serial port COM3 with baud 115200
INFO: 11:14:02 - sensor_interfaces.sim_instruments:  Fake hardware, pretending to use serial port COM5 with baud 115200
INFO: 11:14:02 - sensor_interfaces.sim_instruments:  Fake hardware, pretending to use serial port COM6 with baud 19200
INFO: 11:14:02 - sensor_interfaces.sim_instruments:  Fake hardware, pretending to use serial port COM8 with baud 19200
INFO: 11:14:02 - sensor_interfaces.sim_instruments:  Fake hardware, pretending to use serial port COM7 with baud 19200
INFO: 11:14:02 - sensor_interfaces.sim_instruments:  Fake hardware, pretending to use serial port COM9 with baud 38400
INFO: 11:14:02 - main_pipeline.sensor:  Sensor class initiated
INFO: 11:14:02 - main_pipeline.interpreter:  Interpreter class initiated
INFO: 11:14:02 - main_pipeline.writer:  Display class initiated
INFO: 11:14:02 - __main__:  No control inputs for the Picarro Gas
INFO: 11:14:02 - __main__:  No control inputs for the Picarro Water
INFO: 11:14:02 - __main__:  No control inputs for the Laser Distance Sensor
INFO: 11:14:02 - __main__:  No control inputs for the Abakus Particle Counter
INFO: 11:14:02 - __main__:  No control inputs for the Flowmeter
INFO: 11:14:08 - main_pipeline.sensor:  Initializing sensors
INFO: 11:14:08 - sensor_interfaces.sim_instruments:  Initializing Abakus
INFO: 11:14:08 - sensor_interfaces.sim_instruments:  Abakus initialized
INFO: 11:14:08 - sensor_interfaces.sim_instruments:  Initializing Picarro
INFO: 11:14:08 - sensor_interfaces.sim_instruments:  Initialized Picarro
INFO: 11:14:08 - sensor_interfaces.sim_instruments:  Initializing Picarro
INFO: 11:14:08 - sensor_interfaces.sim_instruments:  Initialized Picarro
INFO: 11:14:08 - sensor_interfaces.sim_instruments:  Initializing Dimetix laser
INFO: 11:14:08 - sensor_interfaces.sim_instruments:  Laser initialized
INFO: 11:14:08 - sensor_interfaces.sim_instruments:  Initializing Bronkhorst
INFO: 11:14:08 - sensor_interfaces.sim_instruments:  Bronkhorst initialized
INFO: 11:14:08 - sensor_interfaces.sim_instruments:  Initializing Melthead
INFO: 11:14:08 - sensor_interfaces.sim_instruments:  Melthead initialized
INFO: 11:14:08 - sensor_interfaces.sim_instruments:  Initializing Flowmeter
INFO: 11:14:08 - sensor_interfaces.sim_instruments:  Flowmeter sli2000 initialized
INFO: 11:14:08 - sensor_interfaces.sim_instruments:  Initializing Flowmeter
INFO: 11:14:08 - sensor_interfaces.sim_instruments:  Flowmeter sls1500 initialized
INFO: 11:14:08 - main_pipeline.sensor:  Finished initializing sensors
WARNING: 11:14:10 - main_pipeline.interpreter:  Encountered exception in validating flowmeter SLI2000: string index out of range. Raw output nan
WARNING: 11:14:10 - main_pipeline.interpreter:  Encountered exception in validating flowmeter SLI2000: string index out of range. Raw output nan
WARNING: 11:14:10 - main_pipeline.interpreter:  Encountered exception in validating flowmeter SLI2000: string index out of range. Raw output nan
WARNING: 11:14:10 - main_pipeline.interpreter:  Encountered exception in validating flowmeter SLI2000: string index out of range. Raw output nan
WARNING: 11:14:10 - main_pipeline.interpreter:  Encountered exception in validating flowmeter SLI2000: string index out of range. Raw output nan
WARNING: 11:14:10 - main_pipeline.interpreter:  Encountered exception in validating flowmeter SLI2000: string index out of range. Raw output nan
WARNING: 11:14:10 - main_pipeline.interpreter:  Encountered exception in validating flowmeter SLI2000: string index out of range. Raw output nan
WARNING: 11:14:10 - main_pipeline.interpreter:  Encountered exception in validating flowmeter SLI2000: string index out of range. Raw output nan
WARNING: 11:14:10 - main_pipeline.interpreter:  Encountered exception in validating flowmeter SLI2000: string index out of range. Raw output nan
WARNING: 11:14:10 - main_pipeline.interpreter:  Encountered exception in validating flowmeter SLI2000: string index out of range. Raw output nan
WARNING: 11:14:10 - main_pipeline.interpreter:  Encountered exception in validating flowmeter SLI2000: string index out of range. Raw output nan
WARNING: 11:14:10 - main_pipeline.interpreter:  Encountered exception in validating flowmeter SLI2000: string index out of range. Raw output nan
WARNING: 11:14:10 - main_pipeline.interpreter:  Encountered exception in validating flowmeter SLI2000: string index out of range. Raw output nan
WARNING: 11:14:10 - main_pipeline.interpreter:  Encountered exception in validating flowmeter SLI2000: string index out of range. Raw output nan
WARNING: 11:14:10 - main_pipeline.interpreter:  Encountered exception in validating flowmeter SLI2000: string index out of range. Raw output nan
WARNING: 11:14:10 - main_pipeline.interpreter:  Unexpected error in processing flowmeter SLI2000: 'bool' object is not iterable
WARNING: 11:14:10 - main_pipeline.interpreter:  Encountered exception in validating flowmeter SLS1500: string index out of range. Raw output nan
WARNING: 11:14:10 - main_pipeline.interpreter:  Encountered exception in validating flowmeter SLS1500: string index out of range. Raw output nan
WARNING: 11:14:10 - main_pipeline.interpreter:  Encountered exception in validating flowmeter SLS1500: string index out of range. Raw output nan
WARNING: 11:14:10 - main_pipeline.interpreter:  Encountered exception in validating flowmeter SLS1500: string index out of range. Raw output nan
WARNING: 11:14:10 - main_pipeline.interpreter:  Encountered exception in validating flowmeter SLS1500: string index out of range. Raw output nan
WARNING: 11:14:10 - main_pipeline.interpreter:  Encountered exception in validating flowmeter SLS1500: string index out of range. Raw output nan
WARNING: 11:14:10 - main_pipeline.interpreter:  Encountered exception in validating flowmeter SLS1500: string index out of range. Raw output nan
WARNING: 11:14:10 - main_pipeline.interpreter:  Encountered exception in validating flowmeter SLS1500: string index out of range. Raw output nan
WARNING: 11:14:10 - main_pipeline.interpreter:  Encountered exception in validating flowmeter SLS1500: string index out of range. Raw output nan
WARNING: 11:14:10 - main_pipeline.interpreter:  Encountered exception in validating flowmeter SLS1500: string index out of range. Raw output nan
WARNING: 11:14:10 - main_pipeline.interpreter:  Encountered exception in validating flowmeter SLS1500: string index out of range. Raw output nan
WARNING: 11:14:10 - main_pipeline.interpreter:  Encountered exception in validating flowmeter SLS1500: string index out of range. Raw output nan
WARNING: 11:14:10 - main_pipeline.interpreter:  Encountered exception in validating flowmeter SLS1500: string index out of range. Raw output nan
WARNING: 11:14:10 - main_pipeline.interpreter:  Encountered exception in validating flowmeter SLS1500: string index out of range. Raw output nan
WARNING: 11:14:10 - main_pipeline.interpreter:  Encountered exception in validating flowmeter SLS1500: string index out of range. Raw output nan
WARNING: 11:14:10 - main_pipeline.interpreter:  Unexpected error in processing flowmeter SLS1500: 'bool' object is not iterable
WARNING: 11:14:10 - __main__:  Error updating the Picarro Gas buffer timestamp: 'NoneType' object is not subscriptable
WARNING: 11:14:10 - __main__:  Error updating the Picarro Gas buffer data: 'NoneType' object is not subscriptable
WARNING: 11:14:10 - __main__:  Error updating the Picarro Gas buffer data: 'NoneType' object is not subscriptable
WARNING: 11:14:10 - __main__:  Error updating the Picarro Gas buffer data: 'NoneType' object is not subscriptable
WARNING: 11:14:10 - __main__:  Error updating the Picarro Gas buffer data: 'NoneType' object is not subscriptable
WARNING: 11:14:10 - __main__:  Error updating the Picarro Gas buffer data: 'NoneType' object is not subscriptable
WARNING: 11:14:10 - __main__:  Error updating the Picarro Gas buffer data: 'NoneType' object is not subscriptable
WARNING: 11:14:10 - __main__:  Error updating the Picarro Water buffer timestamp: 'NoneType' object is not subscriptable
WARNING: 11:14:10 - __main__:  Error updating the Picarro Water buffer data: 'NoneType' object is not subscriptable
WARNING: 11:14:10 - __main__:  Error updating the Picarro Water buffer data: 'NoneType' object is not subscriptable
WARNING: 11:14:10 - __main__:  Error updating the Picarro Water buffer data: 'NoneType' object is not subscriptable
WARNING: 11:14:10 - __main__:  Error updating the Picarro Water buffer data: 'NoneType' object is not subscriptable
WARNING: 11:14:10 - __main__:  Error updating the Picarro Water buffer data: 'NoneType' object is not subscriptable
WARNING: 11:14:10 - __main__:  Error updating the Picarro Water buffer data: 'NoneType' object is not subscriptable
WARNING: 11:14:10 - __main__:  Error updating the Laser Distance Sensor buffer timestamp: 'NoneType' object is not subscriptable
WARNING: 11:14:10 - __main__:  Error updating the Laser Distance Sensor buffer data: 'NoneType' object is not subscriptable
WARNING: 11:14:10 - __main__:  Error updating the Laser Distance Sensor buffer data: 'NoneType' object is not subscriptable
WARNING: 11:14:10 - __main__:  Error updating the Abakus Particle Counter buffer timestamp: 'NoneType' object is not subscriptable
WARNING: 11:14:10 - __main__:  Error updating the Abakus Particle Counter buffer data: 'NoneType' object is not subscriptable
WARNING: 11:14:10 - __main__:  Error updating the Abakus Particle Counter buffer data: 'NoneType' object is not subscriptable
WARNING: 11:14:10 - __main__:  Error updating the Abakus Particle Counter buffer data: 'NoneType' object is not subscriptable
WARNING: 11:14:10 - __main__:  Error updating the Flowmeter buffer timestamp: 'NoneType' object is not subscriptable
WARNING: 11:14:10 - __main__:  Error updating the Flowmeter buffer data: 'NoneType' object is not subscriptable
WARNING: 11:14:10 - __main__:  Error updating the Flowmeter buffer data: 'NoneType' object is not subscriptable
WARNING: 11:14:10 - __main__:  Error updating the Bronkhorst Pressure buffer timestamp: 'NoneType' object is not subscriptable
WARNING: 11:14:10 - __main__:  Error updating the Bronkhorst Pressure buffer data: 'NoneType' object is not subscriptable
WARNING: 11:14:10 - __main__:  Error updating the Bronkhorst Pressure buffer data: 'NoneType' object is not subscriptable
WARNING: 11:14:10 - __main__:  Error updating the Bronkhorst Pressure buffer data: 'NoneType' object is not subscriptable
WARNING: 11:14:10 - __main__:  Error updating the Bronkhorst Pressure buffer data: 'NoneType' object is not subscriptable
WARNING: 11:14:10 - __main__:  Error updating the Melthead buffer timestamp: 'NoneType' object is not subscriptable
WARNING: 11:14:10 - __main__:  Error updating the Melthead buffer data: 'NoneType' object is not subscriptable
WARNING: 11:14:11 - main_pipeline.interpreter:  Encountered exception in validating flowmeter SLI2000: string index out of range. Raw output nan
WARNING: 11:14:11 - main_pipeline.interpreter:  Encountered exception in validating flowmeter SLI2000: string index out of range. Raw output nan
WARNING: 11:14:11 - main_pipeline.interpreter:  Encountered exception in validating flowmeter SLI2000: string index out of range. Raw output nan
WARNING: 11:14:11 - main_pipeline.interpreter:  Encountered exception in validating flowmeter SLI2000: string index out of range. Raw output nan
WARNING: 11:14:11 - main_pipeline.interpreter:  Encountered exception in validating flowmeter SLI2000: string index out of range. Raw output nan
WARNING: 11:14:11 - main_pipeline.interpreter:  Encountered exception in validating flowmeter SLI2000: string index out of range. Raw output nan
WARNING: 11:14:11 - main_pipeline.interpreter:  Encountered exception in validating flowmeter SLI2000: string index out of range. Raw output nan
WARNING: 11:14:11 - main_pipeline.interpreter:  Encountered exception in validating flowmeter SLI2000: string index out of range. Raw output nan
WARNING: 11:14:11 - main_pipeline.interpreter:  Encountered exception in validating flowmeter SLI2000: string index out of range. Raw output nan
WARNING: 11:14:11 - main_pipeline.interpreter:  Encountered exception in validating flowmeter SLI2000: string index out of range. Raw output nan
WARNING: 11:14:11 - main_pipeline.interpreter:  Encountered exception in validating flowmeter SLI2000: string index out of range. Raw output nan
WARNING: 11:14:11 - main_pipeline.interpreter:  Encountered exception in validating flowmeter SLI2000: string index out of range. Raw output nan
WARNING: 11:14:11 - main_pipeline.interpreter:  Encountered exception in validating flowmeter SLI2000: string index out of range. Raw output nan
WARNING: 11:14:11 - main_pipeline.interpreter:  Encountered exception in validating flowmeter SLI2000: string index out of range. Raw output nan
WARNING: 11:14:11 - main_pipeline.interpreter:  Encountered exception in validating flowmeter SLI2000: string index out of range. Raw output nan
WARNING: 11:14:11 - main_pipeline.interpreter:  Unexpected error in processing flowmeter SLI2000: 'bool' object is not iterable
WARNING: 11:14:11 - main_pipeline.interpreter:  Encountered exception in validating flowmeter SLS1500: string index out of range. Raw output nan
WARNING: 11:14:11 - main_pipeline.interpreter:  Encountered exception in validating flowmeter SLS1500: string index out of range. Raw output nan
WARNING: 11:14:11 - main_pipeline.interpreter:  Encountered exception in validating flowmeter SLS1500: string index out of range. Raw output nan
WARNING: 11:14:11 - main_pipeline.interpreter:  Encountered exception in validating flowmeter SLS1500: string index out of range. Raw output nan
WARNING: 11:14:11 - main_pipeline.interpreter:  Encountered exception in validating flowmeter SLS1500: string index out of range. Raw output nan
WARNING: 11:14:11 - main_pipeline.interpreter:  Encountered exception in validating flowmeter SLS1500: string index out of range. Raw output nan
WARNING: 11:14:11 - main_pipeline.interpreter:  Encountered exception in validating flowmeter SLS1500: string index out of range. Raw output nan
WARNING: 11:14:11 - main_pipeline.interpreter:  Encountered exception in validating flowmeter SLS1500: string index out of range. Raw output nan
WARNING: 11:14:11 - main_pipeline.interpreter:  Encountered exception in validating flowmeter SLS1500: string index out of range. Raw output nan
WARNING: 11:14:11 - main_pipeline.interpreter:  Encountered exception in validating flowmeter SLS1500: string index out of range. Raw output nan
WARNING: 11:14:11 - main_pipeline.interpreter:  Encountered exception in validating flowmeter SLS1500: string index out of range. Raw output nan
WARNING: 11:14:11 - main_pipeline.interpreter:  Encountered exception in validating flowmeter SLS1500: string index out of range. Raw output nan
WARNING: 11:14:11 - main_pipeline.interpreter:  Encountered exception in validating flowmeter SLS1500: string index out of range. Raw output nan
WARNING: 11:14:11 - main_pipeline.interpreter:  Encountered exception in validating flowmeter SLS1500: string index out of range. Raw output nan
WARNING: 11:14:11 - main_pipeline.interpreter:  Encountered exception in validating flowmeter SLS1500: string index out of range. Raw output nan
WARNING: 11:14:11 - main_pipeline.interpreter:  Unexpected error in processing flowmeter SLS1500: 'bool' object is not iterable
INFO: 11:14:12 - main_pipeline.sensor:  Shutting down sensors
INFO: 11:14:12 - sensor_interfaces.sim_instruments:  Abakus measurements stopped
INFO: 11:14:12 - sensor_interfaces.sim_instruments:  Dimetix laser turned off
INFO: 11:14:12 - main_pipeline.sensor:  Finished shutting down sensors
INFO: 11:14:15 - main_pipeline.sensor:  Shutting down sensors
INFO: 11:14:15 - sensor_interfaces.sim_instruments:  Abakus measurements stopped
INFO: 11:14:15 - sensor_interfaces.sim_instruments:  Dimetix laser turned off
INFO: 11:14:15 - main_pipeline.sensor:  Finished shutting down sensors
INFO: 17:05:50 - main_pipeline.sensor:  Couldn't find Picarro at port COM8, shadowing sensor calls with substitute functions
INFO: 17:05:50 - main_pipeline.sensor:  Couldn't find Picarro at port COM7, shadowing sensor calls with substitute functions
WARNING: 17:05:50 - main_pipeline.sensor:  Couldn't find Abakus at port COM4, shadowing sensor calls with substitute functions
WARNING: 17:05:50 - main_pipeline.sensor:  Couldn't find Flowmeter at port COM3 and COM5, shadowing sensor calls with substitute functions
WARNING: 17:05:50 - main_pipeline.sensor:  Couldn't find Dimetix laser at port COM6, shadowing sensor calls with substitute functions
WARNING: 17:05:50 - main_pipeline.sensor:  Couldn't find Bronkhorst at port COM9, shadowing sensor calls with substitute functions
WARNING: 17:05:50 - main_pipeline.sensor:  Couldn't find Melthead at port COM9, shadowing sensor calls with substitute functions
INFO: 17:05:50 - sensor_interfaces.sim_instruments:  Fake hardware, pretending to use serial port COM4 with baud 38400
INFO: 17:05:50 - sensor_interfaces.sim_instruments:  Fake hardware, pretending to use serial port COM3 with baud 115200
INFO: 17:05:50 - sensor_interfaces.sim_instruments:  Fake hardware, pretending to use serial port COM5 with baud 115200
INFO: 17:05:50 - sensor_interfaces.sim_instruments:  Fake hardware, pretending to use serial port COM6 with baud 19200
INFO: 17:05:50 - sensor_interfaces.sim_instruments:  Fake hardware, pretending to use serial port COM8 with baud 19200
INFO: 17:05:50 - sensor_interfaces.sim_instruments:  Fake hardware, pretending to use serial port COM7 with baud 19200
INFO: 17:05:50 - sensor_interfaces.sim_instruments:  Fake hardware, pretending to use serial port COM9 with baud 38400
INFO: 17:05:50 - main_pipeline.sensor:  Sensor class initiated
INFO: 17:05:50 - main_pipeline.interpreter:  Interpreter class initiated
INFO: 17:05:50 - main_pipeline.writer:  Display class initiated
INFO: 17:05:50 - __main__:  No control inputs for the Picarro Gas
INFO: 17:05:50 - __main__:  No control inputs for the Picarro Water
INFO: 17:05:50 - __main__:  No control inputs for the Laser Distance Sensor
INFO: 17:05:50 - __main__:  No control inputs for the Abakus Particle Counter
INFO: 17:05:50 - __main__:  No control inputs for the Flowmeter
INFO: 17:05:54 - main_pipeline.sensor:  Initializing sensors
INFO: 17:05:54 - sensor_interfaces.sim_instruments:  Initializing Abakus
INFO: 17:05:54 - sensor_interfaces.sim_instruments:  Abakus initialized
INFO: 17:05:54 - sensor_interfaces.sim_instruments:  Initializing Picarro
INFO: 17:05:54 - sensor_interfaces.sim_instruments:  Initialized Picarro
INFO: 17:05:54 - sensor_interfaces.sim_instruments:  Initializing Picarro
INFO: 17:05:54 - sensor_interfaces.sim_instruments:  Initialized Picarro
INFO: 17:05:54 - sensor_interfaces.sim_instruments:  Initializing Dimetix laser
INFO: 17:05:54 - sensor_interfaces.sim_instruments:  Laser initialized
INFO: 17:05:54 - sensor_interfaces.sim_instruments:  Initializing Bronkhorst
INFO: 17:05:54 - sensor_interfaces.sim_instruments:  Bronkhorst initialized
INFO: 17:05:54 - sensor_interfaces.sim_instruments:  Initializing Melthead
INFO: 17:05:54 - sensor_interfaces.sim_instruments:  Melthead initialized
INFO: 17:05:54 - sensor_interfaces.sim_instruments:  Initializing Flowmeter
INFO: 17:05:54 - sensor_interfaces.sim_instruments:  Flowmeter sli2000 initialized
INFO: 17:05:54 - sensor_interfaces.sim_instruments:  Initializing Flowmeter
INFO: 17:05:54 - sensor_interfaces.sim_instruments:  Flowmeter sls1500 initialized
INFO: 17:05:54 - main_pipeline.sensor:  Finished initializing sensors
WARNING: 17:05:55 - main_pipeline.interpreter:  Encountered exception in validating flowmeter SLI2000: string index out of range. Raw output nan
WARNING: 17:05:55 - main_pipeline.interpreter:  Encountered exception in validating flowmeter SLI2000: string index out of range. Raw output nan
WARNING: 17:05:55 - main_pipeline.interpreter:  Encountered exception in validating flowmeter SLI2000: string index out of range. Raw output nan
WARNING: 17:05:55 - main_pipeline.interpreter:  Encountered exception in validating flowmeter SLI2000: string index out of range. Raw output nan
WARNING: 17:05:55 - main_pipeline.interpreter:  Encountered exception in validating flowmeter SLI2000: string index out of range. Raw output nan
WARNING: 17:05:55 - main_pipeline.interpreter:  Encountered exception in validating flowmeter SLI2000: string index out of range. Raw output nan
WARNING: 17:05:55 - main_pipeline.interpreter:  Encountered exception in validating flowmeter SLI2000: string index out of range. Raw output nan
WARNING: 17:05:55 - main_pipeline.interpreter:  Encountered exception in validating flowmeter SLI2000: string index out of range. Raw output nan
WARNING: 17:05:55 - main_pipeline.interpreter:  Encountered exception in validating flowmeter SLI2000: string index out of range. Raw output nan
WARNING: 17:05:55 - main_pipeline.interpreter:  Encountered exception in validating flowmeter SLI2000: string index out of range. Raw output nan
WARNING: 17:05:55 - main_pipeline.interpreter:  Encountered exception in validating flowmeter SLI2000: string index out of range. Raw output nan
WARNING: 17:05:55 - main_pipeline.interpreter:  Encountered exception in validating flowmeter SLI2000: string index out of range. Raw output nan
WARNING: 17:05:55 - main_pipeline.interpreter:  Encountered exception in validating flowmeter SLI2000: string index out of range. Raw output nan
WARNING: 17:05:55 - main_pipeline.interpreter:  Encountered exception in validating flowmeter SLI2000: string index out of range. Raw output nan
WARNING: 17:05:55 - main_pipeline.interpreter:  Encountered exception in validating flowmeter SLI2000: string index out of range. Raw output nan
WARNING: 17:05:55 - main_pipeline.interpreter:  Unexpected error in processing flowmeter SLI2000: 'bool' object is not iterable
WARNING: 17:05:55 - main_pipeline.interpreter:  Encountered exception in validating flowmeter SLS1500: string index out of range. Raw output nan
WARNING: 17:05:55 - main_pipeline.interpreter:  Encountered exception in validating flowmeter SLS1500: string index out of range. Raw output nan
WARNING: 17:05:55 - main_pipeline.interpreter:  Encountered exception in validating flowmeter SLS1500: string index out of range. Raw output nan
WARNING: 17:05:55 - main_pipeline.interpreter:  Encountered exception in validating flowmeter SLS1500: string index out of range. Raw output nan
WARNING: 17:05:55 - main_pipeline.interpreter:  Encountered exception in validating flowmeter SLS1500: string index out of range. Raw output nan
WARNING: 17:05:55 - main_pipeline.interpreter:  Encountered exception in validating flowmeter SLS1500: string index out of range. Raw output nan
WARNING: 17:05:55 - main_pipeline.interpreter:  Encountered exception in validating flowmeter SLS1500: string index out of range. Raw output nan
WARNING: 17:05:55 - main_pipeline.interpreter:  Encountered exception in validating flowmeter SLS1500: string index out of range. Raw output nan
WARNING: 17:05:55 - main_pipeline.interpreter:  Encountered exception in validating flowmeter SLS1500: string index out of range. Raw output nan
WARNING: 17:05:55 - main_pipeline.interpreter:  Encountered exception in validating flowmeter SLS1500: string index out of range. Raw output nan
WARNING: 17:05:55 - main_pipeline.interpreter:  Encountered exception in validating flowmeter SLS1500: string index out of range. Raw output nan
WARNING: 17:05:55 - main_pipeline.interpreter:  Encountered exception in validating flowmeter SLS1500: string index out of range. Raw output nan
WARNING: 17:05:55 - main_pipeline.interpreter:  Encountered exception in validating flowmeter SLS1500: string index out of range. Raw output nan
WARNING: 17:05:55 - main_pipeline.interpreter:  Encountered exception in validating flowmeter SLS1500: string index out of range. Raw output nan
WARNING: 17:05:55 - main_pipeline.interpreter:  Encountered exception in validating flowmeter SLS1500: string index out of range. Raw output nan
WARNING: 17:05:55 - main_pipeline.interpreter:  Unexpected error in processing flowmeter SLS1500: 'bool' object is not iterable
WARNING: 17:05:55 - __main__:  Error updating the Picarro Gas buffer timestamp: 'NoneType' object is not subscriptable
WARNING: 17:05:55 - __main__:  Error updating the Picarro Gas buffer data: 'NoneType' object is not subscriptable
WARNING: 17:05:55 - __main__:  Error updating the Picarro Gas buffer data: 'NoneType' object is not subscriptable
WARNING: 17:05:55 - __main__:  Error updating the Picarro Gas buffer data: 'NoneType' object is not subscriptable
WARNING: 17:05:55 - __main__:  Error updating the Picarro Gas buffer data: 'NoneType' object is not subscriptable
WARNING: 17:05:55 - __main__:  Error updating the Picarro Gas buffer data: 'NoneType' object is not subscriptable
WARNING: 17:05:55 - __main__:  Error updating the Picarro Gas buffer data: 'NoneType' object is not subscriptable
WARNING: 17:05:55 - __main__:  Error updating the Picarro Water buffer timestamp: 'NoneType' object is not subscriptable
WARNING: 17:05:55 - __main__:  Error updating the Picarro Water buffer data: 'NoneType' object is not subscriptable
WARNING: 17:05:55 - __main__:  Error updating the Picarro Water buffer data: 'NoneType' object is not subscriptable
WARNING: 17:05:55 - __main__:  Error updating the Picarro Water buffer data: 'NoneType' object is not subscriptable
WARNING: 17:05:55 - __main__:  Error updating the Picarro Water buffer data: 'NoneType' object is not subscriptable
WARNING: 17:05:55 - __main__:  Error updating the Picarro Water buffer data: 'NoneType' object is not subscriptable
WARNING: 17:05:55 - __main__:  Error updating the Picarro Water buffer data: 'NoneType' object is not subscriptable
WARNING: 17:05:55 - __main__:  Error updating the Laser Distance Sensor buffer timestamp: 'NoneType' object is not subscriptable
WARNING: 17:05:55 - __main__:  Error updating the Laser Distance Sensor buffer data: 'NoneType' object is not subscriptable
WARNING: 17:05:55 - __main__:  Error updating the Laser Distance Sensor buffer data: 'NoneType' object is not subscriptable
WARNING: 17:05:55 - __main__:  Error updating the Abakus Particle Counter buffer timestamp: 'NoneType' object is not subscriptable
WARNING: 17:05:55 - __main__:  Error updating the Abakus Particle Counter buffer data: 'NoneType' object is not subscriptable
WARNING: 17:05:55 - __main__:  Error updating the Abakus Particle Counter buffer data: 'NoneType' object is not subscriptable
WARNING: 17:05:55 - __main__:  Error updating the Abakus Particle Counter buffer data: 'NoneType' object is not subscriptable
WARNING: 17:05:55 - __main__:  Error updating the Flowmeter buffer timestamp: 'NoneType' object is not subscriptable
WARNING: 17:05:55 - __main__:  Error updating the Flowmeter buffer data: 'NoneType' object is not subscriptable
WARNING: 17:05:55 - __main__:  Error updating the Flowmeter buffer data: 'NoneType' object is not subscriptable
WARNING: 17:05:55 - __main__:  Error updating the Bronkhorst Pressure buffer timestamp: 'NoneType' object is not subscriptable
WARNING: 17:05:55 - __main__:  Error updating the Bronkhorst Pressure buffer data: 'NoneType' object is not subscriptable
WARNING: 17:05:55 - __main__:  Error updating the Bronkhorst Pressure buffer data: 'NoneType' object is not subscriptable
WARNING: 17:05:55 - __main__:  Error updating the Bronkhorst Pressure buffer data: 'NoneType' object is not subscriptable
WARNING: 17:05:55 - __main__:  Error updating the Bronkhorst Pressure buffer data: 'NoneType' object is not subscriptable
WARNING: 17:05:55 - __main__:  Error updating the Melthead buffer timestamp: 'NoneType' object is not subscriptable
WARNING: 17:05:55 - __main__:  Error updating the Melthead buffer data: 'NoneType' object is not subscriptable
WARNING: 17:05:56 - main_pipeline.interpreter:  Encountered exception in validating flowmeter SLI2000: string index out of range. Raw output nan
WARNING: 17:05:56 - main_pipeline.interpreter:  Encountered exception in validating flowmeter SLI2000: string index out of range. Raw output nan
WARNING: 17:05:56 - main_pipeline.interpreter:  Encountered exception in validating flowmeter SLI2000: string index out of range. Raw output nan
WARNING: 17:05:56 - main_pipeline.interpreter:  Encountered exception in validating flowmeter SLI2000: string index out of range. Raw output nan
WARNING: 17:05:56 - main_pipeline.interpreter:  Encountered exception in validating flowmeter SLI2000: string index out of range. Raw output nan
WARNING: 17:05:56 - main_pipeline.interpreter:  Encountered exception in validating flowmeter SLI2000: string index out of range. Raw output nan
WARNING: 17:05:56 - main_pipeline.interpreter:  Encountered exception in validating flowmeter SLI2000: string index out of range. Raw output nan
WARNING: 17:05:56 - main_pipeline.interpreter:  Encountered exception in validating flowmeter SLI2000: string index out of range. Raw output nan
WARNING: 17:05:56 - main_pipeline.interpreter:  Encountered exception in validating flowmeter SLI2000: string index out of range. Raw output nan
WARNING: 17:05:56 - main_pipeline.interpreter:  Encountered exception in validating flowmeter SLI2000: string index out of range. Raw output nan
WARNING: 17:05:56 - main_pipeline.interpreter:  Encountered exception in validating flowmeter SLI2000: string index out of range. Raw output nan
WARNING: 17:05:56 - main_pipeline.interpreter:  Encountered exception in validating flowmeter SLI2000: string index out of range. Raw output nan
WARNING: 17:05:56 - main_pipeline.interpreter:  Encountered exception in validating flowmeter SLI2000: string index out of range. Raw output nan
WARNING: 17:05:56 - main_pipeline.interpreter:  Encountered exception in validating flowmeter SLI2000: string index out of range. Raw output nan
WARNING: 17:05:56 - main_pipeline.interpreter:  Encountered exception in validating flowmeter SLI2000: string index out of range. Raw output nan
WARNING: 17:05:56 - main_pipeline.interpreter:  Unexpected error in processing flowmeter SLI2000: 'bool' object is not iterable
WARNING: 17:05:56 - main_pipeline.interpreter:  Encountered exception in validating flowmeter SLS1500: string index out of range. Raw output nan
WARNING: 17:05:56 - main_pipeline.interpreter:  Encountered exception in validating flowmeter SLS1500: string index out of range. Raw output nan
WARNING: 17:05:56 - main_pipeline.interpreter:  Encountered exception in validating flowmeter SLS1500: string index out of range. Raw output nan
WARNING: 17:05:56 - main_pipeline.interpreter:  Encountered exception in validating flowmeter SLS1500: string index out of range. Raw output nan
WARNING: 17:05:56 - main_pipeline.interpreter:  Encountered exception in validating flowmeter SLS1500: string index out of range. Raw output nan
WARNING: 17:05:56 - main_pipeline.interpreter:  Encountered exception in validating flowmeter SLS1500: string index out of range. Raw output nan
WARNING: 17:05:56 - main_pipeline.interpreter:  Encountered exception in validating flowmeter SLS1500: string index out of range. Raw output nan
WARNING: 17:05:56 - main_pipeline.interpreter:  Encountered exception in validating flowmeter SLS1500: string index out of range. Raw output nan
WARNING: 17:05:56 - main_pipeline.interpreter:  Encountered exception in validating flowmeter SLS1500: string index out of range. Raw output nan
WARNING: 17:05:56 - main_pipeline.interpreter:  Encountered exception in validating flowmeter SLS1500: string index out of range. Raw output nan
WARNING: 17:05:56 - main_pipeline.interpreter:  Encountered exception in validating flowmeter SLS1500: string index out of range. Raw output nan
WARNING: 17:05:56 - main_pipeline.interpreter:  Encountered exception in validating flowmeter SLS1500: string index out of range. Raw output nan
WARNING: 17:05:56 - main_pipeline.interpreter:  Encountered exception in validating flowmeter SLS1500: string index out of range. Raw output nan
WARNING: 17:05:56 - main_pipeline.interpreter:  Encountered exception in validating flowmeter SLS1500: string index out of range. Raw output nan
WARNING: 17:05:56 - main_pipeline.interpreter:  Encountered exception in validating flowmeter SLS1500: string index out of range. Raw output nan
WARNING: 17:05:56 - main_pipeline.interpreter:  Unexpected error in processing flowmeter SLS1500: 'bool' object is not iterable
WARNING: 17:05:57 - main_pipeline.interpreter:  Encountered exception in validating flowmeter SLI2000: string index out of range. Raw output nan
WARNING: 17:05:57 - main_pipeline.interpreter:  Encountered exception in validating flowmeter SLI2000: string index out of range. Raw output nan
WARNING: 17:05:57 - main_pipeline.interpreter:  Encountered exception in validating flowmeter SLI2000: string index out of range. Raw output nan
WARNING: 17:05:57 - main_pipeline.interpreter:  Encountered exception in validating flowmeter SLI2000: string index out of range. Raw output nan
WARNING: 17:05:57 - main_pipeline.interpreter:  Encountered exception in validating flowmeter SLI2000: string index out of range. Raw output nan
WARNING: 17:05:57 - main_pipeline.interpreter:  Encountered exception in validating flowmeter SLI2000: string index out of range. Raw output nan
WARNING: 17:05:57 - main_pipeline.interpreter:  Encountered exception in validating flowmeter SLI2000: string index out of range. Raw output nan
WARNING: 17:05:57 - main_pipeline.interpreter:  Encountered exception in validating flowmeter SLI2000: string index out of range. Raw output nan
WARNING: 17:05:57 - main_pipeline.interpreter:  Encountered exception in validating flowmeter SLI2000: string index out of range. Raw output nan
WARNING: 17:05:57 - main_pipeline.interpreter:  Encountered exception in validating flowmeter SLI2000: string index out of range. Raw output nan
WARNING: 17:05:57 - main_pipeline.interpreter:  Encountered exception in validating flowmeter SLI2000: string index out of range. Raw output nan
WARNING: 17:05:57 - main_pipeline.interpreter:  Encountered exception in validating flowmeter SLI2000: string index out of range. Raw output nan
WARNING: 17:05:57 - main_pipeline.interpreter:  Encountered exception in validating flowmeter SLI2000: string index out of range. Raw output nan
WARNING: 17:05:57 - main_pipeline.interpreter:  Encountered exception in validating flowmeter SLI2000: string index out of range. Raw output nan
WARNING: 17:05:57 - main_pipeline.interpreter:  Encountered exception in validating flowmeter SLI2000: string index out of range. Raw output nan
WARNING: 17:05:57 - main_pipeline.interpreter:  Unexpected error in processing flowmeter SLI2000: 'bool' object is not iterable
WARNING: 17:05:57 - main_pipeline.interpreter:  Encountered exception in validating flowmeter SLS1500: string index out of range. Raw output nan
WARNING: 17:05:57 - main_pipeline.interpreter:  Encountered exception in validating flowmeter SLS1500: string index out of range. Raw output nan
WARNING: 17:05:57 - main_pipeline.interpreter:  Encountered exception in validating flowmeter SLS1500: string index out of range. Raw output nan
WARNING: 17:05:57 - main_pipeline.interpreter:  Encountered exception in validating flowmeter SLS1500: string index out of range. Raw output nan
WARNING: 17:05:57 - main_pipeline.interpreter:  Encountered exception in validating flowmeter SLS1500: string index out of range. Raw output nan
WARNING: 17:05:57 - main_pipeline.interpreter:  Encountered exception in validating flowmeter SLS1500: string index out of range. Raw output nan
WARNING: 17:05:57 - main_pipeline.interpreter:  Encountered exception in validating flowmeter SLS1500: string index out of range. Raw output nan
WARNING: 17:05:57 - main_pipeline.interpreter:  Encountered exception in validating flowmeter SLS1500: string index out of range. Raw output nan
WARNING: 17:05:57 - main_pipeline.interpreter:  Encountered exception in validating flowmeter SLS1500: string index out of range. Raw output nan
WARNING: 17:05:57 - main_pipeline.interpreter:  Encountered exception in validating flowmeter SLS1500: string index out of range. Raw output nan
WARNING: 17:05:57 - main_pipeline.interpreter:  Encountered exception in validating flowmeter SLS1500: string index out of range. Raw output nan
WARNING: 17:05:57 - main_pipeline.interpreter:  Encountered exception in validating flowmeter SLS1500: string index out of range. Raw output nan
WARNING: 17:05:57 - main_pipeline.interpreter:  Encountered exception in validating flowmeter SLS1500: string index out of range. Raw output nan
WARNING: 17:05:57 - main_pipeline.interpreter:  Encountered exception in validating flowmeter SLS1500: string index out of range. Raw output nan
WARNING: 17:05:57 - main_pipeline.interpreter:  Encountered exception in validating flowmeter SLS1500: string index out of range. Raw output nan
WARNING: 17:05:57 - main_pipeline.interpreter:  Unexpected error in processing flowmeter SLS1500: 'bool' object is not iterable
WARNING: 17:05:58 - main_pipeline.interpreter:  Encountered exception in validating flowmeter SLI2000: string index out of range. Raw output nan
WARNING: 17:05:58 - main_pipeline.interpreter:  Encountered exception in validating flowmeter SLI2000: string index out of range. Raw output nan
WARNING: 17:05:58 - main_pipeline.interpreter:  Encountered exception in validating flowmeter SLI2000: string index out of range. Raw output nan
WARNING: 17:05:58 - main_pipeline.interpreter:  Encountered exception in validating flowmeter SLI2000: string index out of range. Raw output nan
WARNING: 17:05:58 - main_pipeline.interpreter:  Encountered exception in validating flowmeter SLI2000: string index out of range. Raw output nan
WARNING: 17:05:58 - main_pipeline.interpreter:  Encountered exception in validating flowmeter SLI2000: string index out of range. Raw output nan
WARNING: 17:05:58 - main_pipeline.interpreter:  Encountered exception in validating flowmeter SLI2000: string index out of range. Raw output nan
WARNING: 17:05:58 - main_pipeline.interpreter:  Encountered exception in validating flowmeter SLI2000: string index out of range. Raw output nan
WARNING: 17:05:58 - main_pipeline.interpreter:  Encountered exception in validating flowmeter SLI2000: string index out of range. Raw output nan
WARNING: 17:05:58 - main_pipeline.interpreter:  Encountered exception in validating flowmeter SLI2000: string index out of range. Raw output nan
WARNING: 17:05:58 - main_pipeline.interpreter:  Encountered exception in validating flowmeter SLI2000: string index out of range. Raw output nan
WARNING: 17:05:58 - main_pipeline.interpreter:  Encountered exception in validating flowmeter SLI2000: string index out of range. Raw output nan
WARNING: 17:05:58 - main_pipeline.interpreter:  Encountered exception in validating flowmeter SLI2000: string index out of range. Raw output nan
WARNING: 17:05:58 - main_pipeline.interpreter:  Encountered exception in validating flowmeter SLI2000: string index out of range. Raw output nan
WARNING: 17:05:58 - main_pipeline.interpreter:  Encountered exception in validating flowmeter SLI2000: string index out of range. Raw output nan
WARNING: 17:05:58 - main_pipeline.interpreter:  Unexpected error in processing flowmeter SLI2000: 'bool' object is not iterable
WARNING: 17:05:58 - main_pipeline.interpreter:  Encountered exception in validating flowmeter SLS1500: string index out of range. Raw output nan
WARNING: 17:05:58 - main_pipeline.interpreter:  Encountered exception in validating flowmeter SLS1500: string index out of range. Raw output nan
WARNING: 17:05:58 - main_pipeline.interpreter:  Encountered exception in validating flowmeter SLS1500: string index out of range. Raw output nan
WARNING: 17:05:58 - main_pipeline.interpreter:  Encountered exception in validating flowmeter SLS1500: string index out of range. Raw output nan
WARNING: 17:05:58 - main_pipeline.interpreter:  Encountered exception in validating flowmeter SLS1500: string index out of range. Raw output nan
WARNING: 17:05:58 - main_pipeline.interpreter:  Encountered exception in validating flowmeter SLS1500: string index out of range. Raw output nan
WARNING: 17:05:58 - main_pipeline.interpreter:  Encountered exception in validating flowmeter SLS1500: string index out of range. Raw output nan
WARNING: 17:05:58 - main_pipeline.interpreter:  Encountered exception in validating flowmeter SLS1500: string index out of range. Raw output nan
WARNING: 17:05:58 - main_pipeline.interpreter:  Encountered exception in validating flowmeter SLS1500: string index out of range. Raw output nan
WARNING: 17:05:58 - main_pipeline.interpreter:  Encountered exception in validating flowmeter SLS1500: string index out of range. Raw output nan
WARNING: 17:05:58 - main_pipeline.interpreter:  Encountered exception in validating flowmeter SLS1500: string index out of range. Raw output nan
WARNING: 17:05:58 - main_pipeline.interpreter:  Encountered exception in validating flowmeter SLS1500: string index out of range. Raw output nan
WARNING: 17:05:58 - main_pipeline.interpreter:  Encountered exception in validating flowmeter SLS1500: string index out of range. Raw output nan
WARNING: 17:05:58 - main_pipeline.interpreter:  Encountered exception in validating flowmeter SLS1500: string index out of range. Raw output nan
WARNING: 17:05:58 - main_pipeline.interpreter:  Encountered exception in validating flowmeter SLS1500: string index out of range. Raw output nan
WARNING: 17:05:58 - main_pipeline.interpreter:  Unexpected error in processing flowmeter SLS1500: 'bool' object is not iterable
WARNING: 17:05:59 - main_pipeline.interpreter:  Encountered exception in validating flowmeter SLI2000: string index out of range. Raw output nan
WARNING: 17:05:59 - main_pipeline.interpreter:  Encountered exception in validating flowmeter SLI2000: string index out of range. Raw output nan
WARNING: 17:05:59 - main_pipeline.interpreter:  Encountered exception in validating flowmeter SLI2000: string index out of range. Raw output nan
WARNING: 17:05:59 - main_pipeline.interpreter:  Encountered exception in validating flowmeter SLI2000: string index out of range. Raw output nan
WARNING: 17:05:59 - main_pipeline.interpreter:  Encountered exception in validating flowmeter SLI2000: string index out of range. Raw output nan
WARNING: 17:05:59 - main_pipeline.interpreter:  Encountered exception in validating flowmeter SLI2000: string index out of range. Raw output nan
WARNING: 17:05:59 - main_pipeline.interpreter:  Encountered exception in validating flowmeter SLI2000: string index out of range. Raw output nan
WARNING: 17:05:59 - main_pipeline.interpreter:  Encountered exception in validating flowmeter SLI2000: string index out of range. Raw output nan
WARNING: 17:05:59 - main_pipeline.interpreter:  Encountered exception in validating flowmeter SLI2000: string index out of range. Raw output nan
WARNING: 17:05:59 - main_pipeline.interpreter:  Encountered exception in validating flowmeter SLI2000: string index out of range. Raw output nan
WARNING: 17:05:59 - main_pipeline.interpreter:  Encountered exception in validating flowmeter SLI2000: string index out of range. Raw output nan
WARNING: 17:05:59 - main_pipeline.interpreter:  Encountered exception in validating flowmeter SLI2000: string index out of range. Raw output nan
WARNING: 17:05:59 - main_pipeline.interpreter:  Encountered exception in validating flowmeter SLI2000: string index out of range. Raw output nan
WARNING: 17:05:59 - main_pipeline.interpreter:  Encountered exception in validating flowmeter SLI2000: string index out of range. Raw output nan
WARNING: 17:05:59 - main_pipeline.interpreter:  Encountered exception in validating flowmeter SLI2000: string index out of range. Raw output nan
WARNING: 17:05:59 - main_pipeline.interpreter:  Unexpected error in processing flowmeter SLI2000: 'bool' object is not iterable
WARNING: 17:05:59 - main_pipeline.interpreter:  Encountered exception in validating flowmeter SLS1500: string index out of range. Raw output nan
WARNING: 17:05:59 - main_pipeline.interpreter:  Encountered exception in validating flowmeter SLS1500: string index out of range. Raw output nan
WARNING: 17:05:59 - main_pipeline.interpreter:  Encountered exception in validating flowmeter SLS1500: string index out of range. Raw output nan
WARNING: 17:05:59 - main_pipeline.interpreter:  Encountered exception in validating flowmeter SLS1500: string index out of range. Raw output nan
WARNING: 17:05:59 - main_pipeline.interpreter:  Encountered exception in validating flowmeter SLS1500: string index out of range. Raw output nan
WARNING: 17:05:59 - main_pipeline.interpreter:  Encountered exception in validating flowmeter SLS1500: string index out of range. Raw output nan
WARNING: 17:05:59 - main_pipeline.interpreter:  Encountered exception in validating flowmeter SLS1500: string index out of range. Raw output nan
WARNING: 17:05:59 - main_pipeline.interpreter:  Encountered exception in validating flowmeter SLS1500: string index out of range. Raw output nan
WARNING: 17:05:59 - main_pipeline.interpreter:  Encountered exception in validating flowmeter SLS1500: string index out of range. Raw output nan
WARNING: 17:05:59 - main_pipeline.interpreter:  Encountered exception in validating flowmeter SLS1500: string index out of range. Raw output nan
WARNING: 17:05:59 - main_pipeline.interpreter:  Encountered exception in validating flowmeter SLS1500: string index out of range. Raw output nan
WARNING: 17:05:59 - main_pipeline.interpreter:  Encountered exception in validating flowmeter SLS1500: string index out of range. Raw output nan
WARNING: 17:05:59 - main_pipeline.interpreter:  Encountered exception in validating flowmeter SLS1500: string index out of range. Raw output nan
WARNING: 17:05:59 - main_pipeline.interpreter:  Encountered exception in validating flowmeter SLS1500: string index out of range. Raw output nan
WARNING: 17:05:59 - main_pipeline.interpreter:  Encountered exception in validating flowmeter SLS1500: string index out of range. Raw output nan
WARNING: 17:05:59 - main_pipeline.interpreter:  Unexpected error in processing flowmeter SLS1500: 'bool' object is not iterable
WARNING: 17:06:00 - main_pipeline.interpreter:  Encountered exception in validating flowmeter SLI2000: string index out of range. Raw output nan
WARNING: 17:06:00 - main_pipeline.interpreter:  Encountered exception in validating flowmeter SLI2000: string index out of range. Raw output nan
WARNING: 17:06:00 - main_pipeline.interpreter:  Encountered exception in validating flowmeter SLI2000: string index out of range. Raw output nan
WARNING: 17:06:00 - main_pipeline.interpreter:  Encountered exception in validating flowmeter SLI2000: string index out of range. Raw output nan
WARNING: 17:06:00 - main_pipeline.interpreter:  Encountered exception in validating flowmeter SLI2000: string index out of range. Raw output nan
WARNING: 17:06:00 - main_pipeline.interpreter:  Encountered exception in validating flowmeter SLI2000: string index out of range. Raw output nan
WARNING: 17:06:00 - main_pipeline.interpreter:  Encountered exception in validating flowmeter SLI2000: string index out of range. Raw output nan
WARNING: 17:06:00 - main_pipeline.interpreter:  Encountered exception in validating flowmeter SLI2000: string index out of range. Raw output nan
WARNING: 17:06:00 - main_pipeline.interpreter:  Encountered exception in validating flowmeter SLI2000: string index out of range. Raw output nan
WARNING: 17:06:00 - main_pipeline.interpreter:  Encountered exception in validating flowmeter SLI2000: string index out of range. Raw output nan
WARNING: 17:06:00 - main_pipeline.interpreter:  Encountered exception in validating flowmeter SLI2000: string index out of range. Raw output nan
WARNING: 17:06:00 - main_pipeline.interpreter:  Encountered exception in validating flowmeter SLI2000: string index out of range. Raw output nan
WARNING: 17:06:00 - main_pipeline.interpreter:  Encountered exception in validating flowmeter SLI2000: string index out of range. Raw output nan
WARNING: 17:06:00 - main_pipeline.interpreter:  Encountered exception in validating flowmeter SLI2000: string index out of range. Raw output nan
WARNING: 17:06:00 - main_pipeline.interpreter:  Encountered exception in validating flowmeter SLI2000: string index out of range. Raw output nan
WARNING: 17:06:00 - main_pipeline.interpreter:  Unexpected error in processing flowmeter SLI2000: 'bool' object is not iterable
WARNING: 17:06:00 - main_pipeline.interpreter:  Encountered exception in validating flowmeter SLS1500: string index out of range. Raw output nan
WARNING: 17:06:00 - main_pipeline.interpreter:  Encountered exception in validating flowmeter SLS1500: string index out of range. Raw output nan
WARNING: 17:06:00 - main_pipeline.interpreter:  Encountered exception in validating flowmeter SLS1500: string index out of range. Raw output nan
WARNING: 17:06:00 - main_pipeline.interpreter:  Encountered exception in validating flowmeter SLS1500: string index out of range. Raw output nan
WARNING: 17:06:00 - main_pipeline.interpreter:  Encountered exception in validating flowmeter SLS1500: string index out of range. Raw output nan
WARNING: 17:06:00 - main_pipeline.interpreter:  Encountered exception in validating flowmeter SLS1500: string index out of range. Raw output nan
WARNING: 17:06:00 - main_pipeline.interpreter:  Encountered exception in validating flowmeter SLS1500: string index out of range. Raw output nan
WARNING: 17:06:00 - main_pipeline.interpreter:  Encountered exception in validating flowmeter SLS1500: string index out of range. Raw output nan
WARNING: 17:06:00 - main_pipeline.interpreter:  Encountered exception in validating flowmeter SLS1500: string index out of range. Raw output nan
WARNING: 17:06:00 - main_pipeline.interpreter:  Encountered exception in validating flowmeter SLS1500: string index out of range. Raw output nan
WARNING: 17:06:00 - main_pipeline.interpreter:  Encountered exception in validating flowmeter SLS1500: string index out of range. Raw output nan
WARNING: 17:06:00 - main_pipeline.interpreter:  Encountered exception in validating flowmeter SLS1500: string index out of range. Raw output nan
WARNING: 17:06:00 - main_pipeline.interpreter:  Encountered exception in validating flowmeter SLS1500: string index out of range. Raw output nan
WARNING: 17:06:00 - main_pipeline.interpreter:  Encountered exception in validating flowmeter SLS1500: string index out of range. Raw output nan
WARNING: 17:06:00 - main_pipeline.interpreter:  Encountered exception in validating flowmeter SLS1500: string index out of range. Raw output nan
WARNING: 17:06:00 - main_pipeline.interpreter:  Unexpected error in processing flowmeter SLS1500: 'bool' object is not iterable
WARNING: 17:06:01 - main_pipeline.interpreter:  Encountered exception in validating flowmeter SLI2000: string index out of range. Raw output nan
WARNING: 17:06:01 - main_pipeline.interpreter:  Encountered exception in validating flowmeter SLI2000: string index out of range. Raw output nan
WARNING: 17:06:01 - main_pipeline.interpreter:  Encountered exception in validating flowmeter SLI2000: string index out of range. Raw output nan
WARNING: 17:06:01 - main_pipeline.interpreter:  Encountered exception in validating flowmeter SLI2000: string index out of range. Raw output nan
WARNING: 17:06:01 - main_pipeline.interpreter:  Encountered exception in validating flowmeter SLI2000: string index out of range. Raw output nan
WARNING: 17:06:01 - main_pipeline.interpreter:  Encountered exception in validating flowmeter SLI2000: string index out of range. Raw output nan
WARNING: 17:06:01 - main_pipeline.interpreter:  Encountered exception in validating flowmeter SLI2000: string index out of range. Raw output nan
WARNING: 17:06:01 - main_pipeline.interpreter:  Encountered exception in validating flowmeter SLI2000: string index out of range. Raw output nan
WARNING: 17:06:01 - main_pipeline.interpreter:  Encountered exception in validating flowmeter SLI2000: string index out of range. Raw output nan
WARNING: 17:06:01 - main_pipeline.interpreter:  Encountered exception in validating flowmeter SLI2000: string index out of range. Raw output nan
WARNING: 17:06:01 - main_pipeline.interpreter:  Encountered exception in validating flowmeter SLI2000: string index out of range. Raw output nan
WARNING: 17:06:01 - main_pipeline.interpreter:  Encountered exception in validating flowmeter SLI2000: string index out of range. Raw output nan
WARNING: 17:06:01 - main_pipeline.interpreter:  Encountered exception in validating flowmeter SLI2000: string index out of range. Raw output nan
WARNING: 17:06:01 - main_pipeline.interpreter:  Encountered exception in validating flowmeter SLI2000: string index out of range. Raw output nan
WARNING: 17:06:01 - main_pipeline.interpreter:  Encountered exception in validating flowmeter SLI2000: string index out of range. Raw output nan
WARNING: 17:06:01 - main_pipeline.interpreter:  Unexpected error in processing flowmeter SLI2000: 'bool' object is not iterable
WARNING: 17:06:01 - main_pipeline.interpreter:  Encountered exception in validating flowmeter SLS1500: string index out of range. Raw output nan
WARNING: 17:06:01 - main_pipeline.interpreter:  Encountered exception in validating flowmeter SLS1500: string index out of range. Raw output nan
WARNING: 17:06:01 - main_pipeline.interpreter:  Encountered exception in validating flowmeter SLS1500: string index out of range. Raw output nan
WARNING: 17:06:01 - main_pipeline.interpreter:  Encountered exception in validating flowmeter SLS1500: string index out of range. Raw output nan
WARNING: 17:06:01 - main_pipeline.interpreter:  Encountered exception in validating flowmeter SLS1500: string index out of range. Raw output nan
WARNING: 17:06:01 - main_pipeline.interpreter:  Encountered exception in validating flowmeter SLS1500: string index out of range. Raw output nan
WARNING: 17:06:01 - main_pipeline.interpreter:  Encountered exception in validating flowmeter SLS1500: string index out of range. Raw output nan
WARNING: 17:06:01 - main_pipeline.interpreter:  Encountered exception in validating flowmeter SLS1500: string index out of range. Raw output nan
WARNING: 17:06:01 - main_pipeline.interpreter:  Encountered exception in validating flowmeter SLS1500: string index out of range. Raw output nan
WARNING: 17:06:01 - main_pipeline.interpreter:  Encountered exception in validating flowmeter SLS1500: string index out of range. Raw output nan
WARNING: 17:06:01 - main_pipeline.interpreter:  Encountered exception in validating flowmeter SLS1500: string index out of range. Raw output nan
WARNING: 17:06:01 - main_pipeline.interpreter:  Encountered exception in validating flowmeter SLS1500: string index out of range. Raw output nan
WARNING: 17:06:01 - main_pipeline.interpreter:  Encountered exception in validating flowmeter SLS1500: string index out of range. Raw output nan
WARNING: 17:06:01 - main_pipeline.interpreter:  Encountered exception in validating flowmeter SLS1500: string index out of range. Raw output nan
WARNING: 17:06:01 - main_pipeline.interpreter:  Encountered exception in validating flowmeter SLS1500: string index out of range. Raw output nan
WARNING: 17:06:01 - main_pipeline.interpreter:  Unexpected error in processing flowmeter SLS1500: 'bool' object is not iterable
WARNING: 17:06:02 - main_pipeline.interpreter:  Encountered exception in validating flowmeter SLI2000: string index out of range. Raw output nan
WARNING: 17:06:02 - main_pipeline.interpreter:  Encountered exception in validating flowmeter SLI2000: string index out of range. Raw output nan
WARNING: 17:06:02 - main_pipeline.interpreter:  Encountered exception in validating flowmeter SLI2000: string index out of range. Raw output nan
WARNING: 17:06:02 - main_pipeline.interpreter:  Encountered exception in validating flowmeter SLI2000: string index out of range. Raw output nan
WARNING: 17:06:02 - main_pipeline.interpreter:  Encountered exception in validating flowmeter SLI2000: string index out of range. Raw output nan
WARNING: 17:06:02 - main_pipeline.interpreter:  Encountered exception in validating flowmeter SLI2000: string index out of range. Raw output nan
WARNING: 17:06:02 - main_pipeline.interpreter:  Encountered exception in validating flowmeter SLI2000: string index out of range. Raw output nan
WARNING: 17:06:02 - main_pipeline.interpreter:  Encountered exception in validating flowmeter SLI2000: string index out of range. Raw output nan
WARNING: 17:06:02 - main_pipeline.interpreter:  Encountered exception in validating flowmeter SLI2000: string index out of range. Raw output nan
WARNING: 17:06:02 - main_pipeline.interpreter:  Encountered exception in validating flowmeter SLI2000: string index out of range. Raw output nan
WARNING: 17:06:02 - main_pipeline.interpreter:  Encountered exception in validating flowmeter SLI2000: string index out of range. Raw output nan
WARNING: 17:06:02 - main_pipeline.interpreter:  Encountered exception in validating flowmeter SLI2000: string index out of range. Raw output nan
WARNING: 17:06:02 - main_pipeline.interpreter:  Encountered exception in validating flowmeter SLI2000: string index out of range. Raw output nan
WARNING: 17:06:02 - main_pipeline.interpreter:  Encountered exception in validating flowmeter SLI2000: string index out of range. Raw output nan
WARNING: 17:06:02 - main_pipeline.interpreter:  Encountered exception in validating flowmeter SLI2000: string index out of range. Raw output nan
WARNING: 17:06:02 - main_pipeline.interpreter:  Unexpected error in processing flowmeter SLI2000: 'bool' object is not iterable
WARNING: 17:06:02 - main_pipeline.interpreter:  Encountered exception in validating flowmeter SLS1500: string index out of range. Raw output nan
WARNING: 17:06:02 - main_pipeline.interpreter:  Encountered exception in validating flowmeter SLS1500: string index out of range. Raw output nan
WARNING: 17:06:02 - main_pipeline.interpreter:  Encountered exception in validating flowmeter SLS1500: string index out of range. Raw output nan
WARNING: 17:06:02 - main_pipeline.interpreter:  Encountered exception in validating flowmeter SLS1500: string index out of range. Raw output nan
WARNING: 17:06:02 - main_pipeline.interpreter:  Encountered exception in validating flowmeter SLS1500: string index out of range. Raw output nan
WARNING: 17:06:02 - main_pipeline.interpreter:  Encountered exception in validating flowmeter SLS1500: string index out of range. Raw output nan
WARNING: 17:06:02 - main_pipeline.interpreter:  Encountered exception in validating flowmeter SLS1500: string index out of range. Raw output nan
WARNING: 17:06:02 - main_pipeline.interpreter:  Encountered exception in validating flowmeter SLS1500: string index out of range. Raw output nan
WARNING: 17:06:02 - main_pipeline.interpreter:  Encountered exception in validating flowmeter SLS1500: string index out of range. Raw output nan
WARNING: 17:06:02 - main_pipeline.interpreter:  Encountered exception in validating flowmeter SLS1500: string index out of range. Raw output nan
WARNING: 17:06:02 - main_pipeline.interpreter:  Encountered exception in validating flowmeter SLS1500: string index out of range. Raw output nan
WARNING: 17:06:02 - main_pipeline.interpreter:  Encountered exception in validating flowmeter SLS1500: string index out of range. Raw output nan
WARNING: 17:06:02 - main_pipeline.interpreter:  Encountered exception in validating flowmeter SLS1500: string index out of range. Raw output nan
WARNING: 17:06:02 - main_pipeline.interpreter:  Encountered exception in validating flowmeter SLS1500: string index out of range. Raw output nan
WARNING: 17:06:02 - main_pipeline.interpreter:  Encountered exception in validating flowmeter SLS1500: string index out of range. Raw output nan
WARNING: 17:06:02 - main_pipeline.interpreter:  Unexpected error in processing flowmeter SLS1500: 'bool' object is not iterable
WARNING: 17:06:03 - main_pipeline.interpreter:  Encountered exception in validating flowmeter SLI2000: string index out of range. Raw output nan
WARNING: 17:06:03 - main_pipeline.interpreter:  Encountered exception in validating flowmeter SLI2000: string index out of range. Raw output nan
WARNING: 17:06:03 - main_pipeline.interpreter:  Encountered exception in validating flowmeter SLI2000: string index out of range. Raw output nan
WARNING: 17:06:03 - main_pipeline.interpreter:  Encountered exception in validating flowmeter SLI2000: string index out of range. Raw output nan
WARNING: 17:06:03 - main_pipeline.interpreter:  Encountered exception in validating flowmeter SLI2000: string index out of range. Raw output nan
WARNING: 17:06:03 - main_pipeline.interpreter:  Encountered exception in validating flowmeter SLI2000: string index out of range. Raw output nan
WARNING: 17:06:03 - main_pipeline.interpreter:  Encountered exception in validating flowmeter SLI2000: string index out of range. Raw output nan
WARNING: 17:06:03 - main_pipeline.interpreter:  Encountered exception in validating flowmeter SLI2000: string index out of range. Raw output nan
WARNING: 17:06:03 - main_pipeline.interpreter:  Encountered exception in validating flowmeter SLI2000: string index out of range. Raw output nan
WARNING: 17:06:03 - main_pipeline.interpreter:  Encountered exception in validating flowmeter SLI2000: string index out of range. Raw output nan
WARNING: 17:06:03 - main_pipeline.interpreter:  Encountered exception in validating flowmeter SLI2000: string index out of range. Raw output nan
WARNING: 17:06:03 - main_pipeline.interpreter:  Encountered exception in validating flowmeter SLI2000: string index out of range. Raw output nan
WARNING: 17:06:03 - main_pipeline.interpreter:  Encountered exception in validating flowmeter SLI2000: string index out of range. Raw output nan
WARNING: 17:06:03 - main_pipeline.interpreter:  Encountered exception in validating flowmeter SLI2000: string index out of range. Raw output nan
WARNING: 17:06:03 - main_pipeline.interpreter:  Encountered exception in validating flowmeter SLI2000: string index out of range. Raw output nan
WARNING: 17:06:03 - main_pipeline.interpreter:  Unexpected error in processing flowmeter SLI2000: 'bool' object is not iterable
WARNING: 17:06:03 - main_pipeline.interpreter:  Encountered exception in validating flowmeter SLS1500: string index out of range. Raw output nan
WARNING: 17:06:03 - main_pipeline.interpreter:  Encountered exception in validating flowmeter SLS1500: string index out of range. Raw output nan
WARNING: 17:06:03 - main_pipeline.interpreter:  Encountered exception in validating flowmeter SLS1500: string index out of range. Raw output nan
WARNING: 17:06:03 - main_pipeline.interpreter:  Encountered exception in validating flowmeter SLS1500: string index out of range. Raw output nan
WARNING: 17:06:03 - main_pipeline.interpreter:  Encountered exception in validating flowmeter SLS1500: string index out of range. Raw output nan
WARNING: 17:06:03 - main_pipeline.interpreter:  Encountered exception in validating flowmeter SLS1500: string index out of range. Raw output nan
WARNING: 17:06:03 - main_pipeline.interpreter:  Encountered exception in validating flowmeter SLS1500: string index out of range. Raw output nan
WARNING: 17:06:03 - main_pipeline.interpreter:  Encountered exception in validating flowmeter SLS1500: string index out of range. Raw output nan
WARNING: 17:06:03 - main_pipeline.interpreter:  Encountered exception in validating flowmeter SLS1500: string index out of range. Raw output nan
WARNING: 17:06:03 - main_pipeline.interpreter:  Encountered exception in validating flowmeter SLS1500: string index out of range. Raw output nan
WARNING: 17:06:03 - main_pipeline.interpreter:  Encountered exception in validating flowmeter SLS1500: string index out of range. Raw output nan
WARNING: 17:06:03 - main_pipeline.interpreter:  Encountered exception in validating flowmeter SLS1500: string index out of range. Raw output nan
WARNING: 17:06:03 - main_pipeline.interpreter:  Encountered exception in validating flowmeter SLS1500: string index out of range. Raw output nan
WARNING: 17:06:03 - main_pipeline.interpreter:  Encountered exception in validating flowmeter SLS1500: string index out of range. Raw output nan
WARNING: 17:06:03 - main_pipeline.interpreter:  Encountered exception in validating flowmeter SLS1500: string index out of range. Raw output nan
WARNING: 17:06:03 - main_pipeline.interpreter:  Unexpected error in processing flowmeter SLS1500: 'bool' object is not iterable
WARNING: 17:06:04 - main_pipeline.interpreter:  Encountered exception in validating flowmeter SLI2000: string index out of range. Raw output nan
WARNING: 17:06:04 - main_pipeline.interpreter:  Encountered exception in validating flowmeter SLI2000: string index out of range. Raw output nan
WARNING: 17:06:04 - main_pipeline.interpreter:  Encountered exception in validating flowmeter SLI2000: string index out of range. Raw output nan
WARNING: 17:06:04 - main_pipeline.interpreter:  Encountered exception in validating flowmeter SLI2000: string index out of range. Raw output nan
WARNING: 17:06:04 - main_pipeline.interpreter:  Encountered exception in validating flowmeter SLI2000: string index out of range. Raw output nan
WARNING: 17:06:04 - main_pipeline.interpreter:  Encountered exception in validating flowmeter SLI2000: string index out of range. Raw output nan
WARNING: 17:06:04 - main_pipeline.interpreter:  Encountered exception in validating flowmeter SLI2000: string index out of range. Raw output nan
WARNING: 17:06:04 - main_pipeline.interpreter:  Encountered exception in validating flowmeter SLI2000: string index out of range. Raw output nan
WARNING: 17:06:04 - main_pipeline.interpreter:  Encountered exception in validating flowmeter SLI2000: string index out of range. Raw output nan
WARNING: 17:06:04 - main_pipeline.interpreter:  Encountered exception in validating flowmeter SLI2000: string index out of range. Raw output nan
WARNING: 17:06:04 - main_pipeline.interpreter:  Encountered exception in validating flowmeter SLI2000: string index out of range. Raw output nan
WARNING: 17:06:04 - main_pipeline.interpreter:  Encountered exception in validating flowmeter SLI2000: string index out of range. Raw output nan
WARNING: 17:06:04 - main_pipeline.interpreter:  Encountered exception in validating flowmeter SLI2000: string index out of range. Raw output nan
WARNING: 17:06:04 - main_pipeline.interpreter:  Encountered exception in validating flowmeter SLI2000: string index out of range. Raw output nan
WARNING: 17:06:04 - main_pipeline.interpreter:  Encountered exception in validating flowmeter SLI2000: string index out of range. Raw output nan
WARNING: 17:06:04 - main_pipeline.interpreter:  Unexpected error in processing flowmeter SLI2000: 'bool' object is not iterable
WARNING: 17:06:04 - main_pipeline.interpreter:  Encountered exception in validating flowmeter SLS1500: string index out of range. Raw output nan
WARNING: 17:06:04 - main_pipeline.interpreter:  Encountered exception in validating flowmeter SLS1500: string index out of range. Raw output nan
WARNING: 17:06:04 - main_pipeline.interpreter:  Encountered exception in validating flowmeter SLS1500: string index out of range. Raw output nan
WARNING: 17:06:04 - main_pipeline.interpreter:  Encountered exception in validating flowmeter SLS1500: string index out of range. Raw output nan
WARNING: 17:06:04 - main_pipeline.interpreter:  Encountered exception in validating flowmeter SLS1500: string index out of range. Raw output nan
WARNING: 17:06:04 - main_pipeline.interpreter:  Encountered exception in validating flowmeter SLS1500: string index out of range. Raw output nan
WARNING: 17:06:04 - main_pipeline.interpreter:  Encountered exception in validating flowmeter SLS1500: string index out of range. Raw output nan
WARNING: 17:06:04 - main_pipeline.interpreter:  Encountered exception in validating flowmeter SLS1500: string index out of range. Raw output nan
WARNING: 17:06:04 - main_pipeline.interpreter:  Encountered exception in validating flowmeter SLS1500: string index out of range. Raw output nan
WARNING: 17:06:04 - main_pipeline.interpreter:  Encountered exception in validating flowmeter SLS1500: string index out of range. Raw output nan
WARNING: 17:06:04 - main_pipeline.interpreter:  Encountered exception in validating flowmeter SLS1500: string index out of range. Raw output nan
WARNING: 17:06:04 - main_pipeline.interpreter:  Encountered exception in validating flowmeter SLS1500: string index out of range. Raw output nan
WARNING: 17:06:04 - main_pipeline.interpreter:  Encountered exception in validating flowmeter SLS1500: string index out of range. Raw output nan
WARNING: 17:06:04 - main_pipeline.interpreter:  Encountered exception in validating flowmeter SLS1500: string index out of range. Raw output nan
WARNING: 17:06:04 - main_pipeline.interpreter:  Encountered exception in validating flowmeter SLS1500: string index out of range. Raw output nan
WARNING: 17:06:04 - main_pipeline.interpreter:  Unexpected error in processing flowmeter SLS1500: 'bool' object is not iterable
WARNING: 17:06:05 - main_pipeline.interpreter:  Encountered exception in validating flowmeter SLI2000: string index out of range. Raw output nan
WARNING: 17:06:05 - main_pipeline.interpreter:  Encountered exception in validating flowmeter SLI2000: string index out of range. Raw output nan
WARNING: 17:06:05 - main_pipeline.interpreter:  Encountered exception in validating flowmeter SLI2000: string index out of range. Raw output nan
WARNING: 17:06:05 - main_pipeline.interpreter:  Encountered exception in validating flowmeter SLI2000: string index out of range. Raw output nan
WARNING: 17:06:05 - main_pipeline.interpreter:  Encountered exception in validating flowmeter SLI2000: string index out of range. Raw output nan
WARNING: 17:06:05 - main_pipeline.interpreter:  Encountered exception in validating flowmeter SLI2000: string index out of range. Raw output nan
WARNING: 17:06:05 - main_pipeline.interpreter:  Encountered exception in validating flowmeter SLI2000: string index out of range. Raw output nan
WARNING: 17:06:05 - main_pipeline.interpreter:  Encountered exception in validating flowmeter SLI2000: string index out of range. Raw output nan
WARNING: 17:06:05 - main_pipeline.interpreter:  Encountered exception in validating flowmeter SLI2000: string index out of range. Raw output nan
WARNING: 17:06:05 - main_pipeline.interpreter:  Encountered exception in validating flowmeter SLI2000: string index out of range. Raw output nan
WARNING: 17:06:05 - main_pipeline.interpreter:  Encountered exception in validating flowmeter SLI2000: string index out of range. Raw output nan
WARNING: 17:06:05 - main_pipeline.interpreter:  Encountered exception in validating flowmeter SLI2000: string index out of range. Raw output nan
WARNING: 17:06:05 - main_pipeline.interpreter:  Encountered exception in validating flowmeter SLI2000: string index out of range. Raw output nan
WARNING: 17:06:05 - main_pipeline.interpreter:  Encountered exception in validating flowmeter SLI2000: string index out of range. Raw output nan
WARNING: 17:06:05 - main_pipeline.interpreter:  Encountered exception in validating flowmeter SLI2000: string index out of range. Raw output nan
WARNING: 17:06:05 - main_pipeline.interpreter:  Unexpected error in processing flowmeter SLI2000: 'bool' object is not iterable
WARNING: 17:06:05 - main_pipeline.interpreter:  Encountered exception in validating flowmeter SLS1500: string index out of range. Raw output nan
WARNING: 17:06:05 - main_pipeline.interpreter:  Encountered exception in validating flowmeter SLS1500: string index out of range. Raw output nan
WARNING: 17:06:05 - main_pipeline.interpreter:  Encountered exception in validating flowmeter SLS1500: string index out of range. Raw output nan
WARNING: 17:06:05 - main_pipeline.interpreter:  Encountered exception in validating flowmeter SLS1500: string index out of range. Raw output nan
WARNING: 17:06:05 - main_pipeline.interpreter:  Encountered exception in validating flowmeter SLS1500: string index out of range. Raw output nan
WARNING: 17:06:05 - main_pipeline.interpreter:  Encountered exception in validating flowmeter SLS1500: string index out of range. Raw output nan
WARNING: 17:06:05 - main_pipeline.interpreter:  Encountered exception in validating flowmeter SLS1500: string index out of range. Raw output nan
WARNING: 17:06:05 - main_pipeline.interpreter:  Encountered exception in validating flowmeter SLS1500: string index out of range. Raw output nan
WARNING: 17:06:05 - main_pipeline.interpreter:  Encountered exception in validating flowmeter SLS1500: string index out of range. Raw output nan
WARNING: 17:06:05 - main_pipeline.interpreter:  Encountered exception in validating flowmeter SLS1500: string index out of range. Raw output nan
WARNING: 17:06:05 - main_pipeline.interpreter:  Encountered exception in validating flowmeter SLS1500: string index out of range. Raw output nan
WARNING: 17:06:05 - main_pipeline.interpreter:  Encountered exception in validating flowmeter SLS1500: string index out of range. Raw output nan
WARNING: 17:06:05 - main_pipeline.interpreter:  Encountered exception in validating flowmeter SLS1500: string index out of range. Raw output nan
WARNING: 17:06:05 - main_pipeline.interpreter:  Encountered exception in validating flowmeter SLS1500: string index out of range. Raw output nan
WARNING: 17:06:05 - main_pipeline.interpreter:  Encountered exception in validating flowmeter SLS1500: string index out of range. Raw output nan
WARNING: 17:06:05 - main_pipeline.interpreter:  Unexpected error in processing flowmeter SLS1500: 'bool' object is not iterable
WARNING: 17:06:06 - main_pipeline.interpreter:  Encountered exception in validating flowmeter SLI2000: string index out of range. Raw output nan
WARNING: 17:06:06 - main_pipeline.interpreter:  Encountered exception in validating flowmeter SLI2000: string index out of range. Raw output nan
WARNING: 17:06:06 - main_pipeline.interpreter:  Encountered exception in validating flowmeter SLI2000: string index out of range. Raw output nan
WARNING: 17:06:06 - main_pipeline.interpreter:  Encountered exception in validating flowmeter SLI2000: string index out of range. Raw output nan
WARNING: 17:06:06 - main_pipeline.interpreter:  Encountered exception in validating flowmeter SLI2000: string index out of range. Raw output nan
WARNING: 17:06:06 - main_pipeline.interpreter:  Encountered exception in validating flowmeter SLI2000: string index out of range. Raw output nan
WARNING: 17:06:06 - main_pipeline.interpreter:  Encountered exception in validating flowmeter SLI2000: string index out of range. Raw output nan
WARNING: 17:06:06 - main_pipeline.interpreter:  Encountered exception in validating flowmeter SLI2000: string index out of range. Raw output nan
WARNING: 17:06:06 - main_pipeline.interpreter:  Encountered exception in validating flowmeter SLI2000: string index out of range. Raw output nan
WARNING: 17:06:06 - main_pipeline.interpreter:  Encountered exception in validating flowmeter SLI2000: string index out of range. Raw output nan
WARNING: 17:06:06 - main_pipeline.interpreter:  Encountered exception in validating flowmeter SLI2000: string index out of range. Raw output nan
WARNING: 17:06:06 - main_pipeline.interpreter:  Encountered exception in validating flowmeter SLI2000: string index out of range. Raw output nan
WARNING: 17:06:06 - main_pipeline.interpreter:  Encountered exception in validating flowmeter SLI2000: string index out of range. Raw output nan
WARNING: 17:06:06 - main_pipeline.interpreter:  Encountered exception in validating flowmeter SLI2000: string index out of range. Raw output nan
WARNING: 17:06:06 - main_pipeline.interpreter:  Encountered exception in validating flowmeter SLI2000: string index out of range. Raw output nan
WARNING: 17:06:06 - main_pipeline.interpreter:  Unexpected error in processing flowmeter SLI2000: 'bool' object is not iterable
WARNING: 17:06:06 - main_pipeline.interpreter:  Encountered exception in validating flowmeter SLS1500: string index out of range. Raw output nan
WARNING: 17:06:06 - main_pipeline.interpreter:  Encountered exception in validating flowmeter SLS1500: string index out of range. Raw output nan
WARNING: 17:06:06 - main_pipeline.interpreter:  Encountered exception in validating flowmeter SLS1500: string index out of range. Raw output nan
WARNING: 17:06:06 - main_pipeline.interpreter:  Encountered exception in validating flowmeter SLS1500: string index out of range. Raw output nan
WARNING: 17:06:06 - main_pipeline.interpreter:  Encountered exception in validating flowmeter SLS1500: string index out of range. Raw output nan
WARNING: 17:06:06 - main_pipeline.interpreter:  Encountered exception in validating flowmeter SLS1500: string index out of range. Raw output nan
WARNING: 17:06:06 - main_pipeline.interpreter:  Encountered exception in validating flowmeter SLS1500: string index out of range. Raw output nan
WARNING: 17:06:06 - main_pipeline.interpreter:  Encountered exception in validating flowmeter SLS1500: string index out of range. Raw output nan
WARNING: 17:06:06 - main_pipeline.interpreter:  Encountered exception in validating flowmeter SLS1500: string index out of range. Raw output nan
WARNING: 17:06:06 - main_pipeline.interpreter:  Encountered exception in validating flowmeter SLS1500: string index out of range. Raw output nan
WARNING: 17:06:06 - main_pipeline.interpreter:  Encountered exception in validating flowmeter SLS1500: string index out of range. Raw output nan
WARNING: 17:06:06 - main_pipeline.interpreter:  Encountered exception in validating flowmeter SLS1500: string index out of range. Raw output nan
WARNING: 17:06:06 - main_pipeline.interpreter:  Encountered exception in validating flowmeter SLS1500: string index out of range. Raw output nan
WARNING: 17:06:06 - main_pipeline.interpreter:  Encountered exception in validating flowmeter SLS1500: string index out of range. Raw output nan
WARNING: 17:06:06 - main_pipeline.interpreter:  Encountered exception in validating flowmeter SLS1500: string index out of range. Raw output nan
WARNING: 17:06:06 - main_pipeline.interpreter:  Unexpected error in processing flowmeter SLS1500: 'bool' object is not iterable
WARNING: 17:06:07 - main_pipeline.interpreter:  Encountered exception in validating flowmeter SLI2000: string index out of range. Raw output nan
WARNING: 17:06:07 - main_pipeline.interpreter:  Encountered exception in validating flowmeter SLI2000: string index out of range. Raw output nan
WARNING: 17:06:07 - main_pipeline.interpreter:  Encountered exception in validating flowmeter SLI2000: string index out of range. Raw output nan
WARNING: 17:06:07 - main_pipeline.interpreter:  Encountered exception in validating flowmeter SLI2000: string index out of range. Raw output nan
WARNING: 17:06:07 - main_pipeline.interpreter:  Encountered exception in validating flowmeter SLI2000: string index out of range. Raw output nan
WARNING: 17:06:07 - main_pipeline.interpreter:  Encountered exception in validating flowmeter SLI2000: string index out of range. Raw output nan
WARNING: 17:06:07 - main_pipeline.interpreter:  Encountered exception in validating flowmeter SLI2000: string index out of range. Raw output nan
WARNING: 17:06:07 - main_pipeline.interpreter:  Encountered exception in validating flowmeter SLI2000: string index out of range. Raw output nan
WARNING: 17:06:07 - main_pipeline.interpreter:  Encountered exception in validating flowmeter SLI2000: string index out of range. Raw output nan
WARNING: 17:06:07 - main_pipeline.interpreter:  Encountered exception in validating flowmeter SLI2000: string index out of range. Raw output nan
WARNING: 17:06:07 - main_pipeline.interpreter:  Encountered exception in validating flowmeter SLI2000: string index out of range. Raw output nan
WARNING: 17:06:07 - main_pipeline.interpreter:  Encountered exception in validating flowmeter SLI2000: string index out of range. Raw output nan
WARNING: 17:06:07 - main_pipeline.interpreter:  Encountered exception in validating flowmeter SLI2000: string index out of range. Raw output nan
WARNING: 17:06:07 - main_pipeline.interpreter:  Encountered exception in validating flowmeter SLI2000: string index out of range. Raw output nan
WARNING: 17:06:07 - main_pipeline.interpreter:  Encountered exception in validating flowmeter SLI2000: string index out of range. Raw output nan
WARNING: 17:06:07 - main_pipeline.interpreter:  Unexpected error in processing flowmeter SLI2000: 'bool' object is not iterable
WARNING: 17:06:07 - main_pipeline.interpreter:  Encountered exception in validating flowmeter SLS1500: string index out of range. Raw output nan
WARNING: 17:06:07 - main_pipeline.interpreter:  Encountered exception in validating flowmeter SLS1500: string index out of range. Raw output nan
WARNING: 17:06:07 - main_pipeline.interpreter:  Encountered exception in validating flowmeter SLS1500: string index out of range. Raw output nan
WARNING: 17:06:07 - main_pipeline.interpreter:  Encountered exception in validating flowmeter SLS1500: string index out of range. Raw output nan
WARNING: 17:06:07 - main_pipeline.interpreter:  Encountered exception in validating flowmeter SLS1500: string index out of range. Raw output nan
WARNING: 17:06:07 - main_pipeline.interpreter:  Encountered exception in validating flowmeter SLS1500: string index out of range. Raw output nan
WARNING: 17:06:07 - main_pipeline.interpreter:  Encountered exception in validating flowmeter SLS1500: string index out of range. Raw output nan
WARNING: 17:06:07 - main_pipeline.interpreter:  Encountered exception in validating flowmeter SLS1500: string index out of range. Raw output nan
WARNING: 17:06:07 - main_pipeline.interpreter:  Encountered exception in validating flowmeter SLS1500: string index out of range. Raw output nan
WARNING: 17:06:07 - main_pipeline.interpreter:  Encountered exception in validating flowmeter SLS1500: string index out of range. Raw output nan
WARNING: 17:06:07 - main_pipeline.interpreter:  Encountered exception in validating flowmeter SLS1500: string index out of range. Raw output nan
WARNING: 17:06:07 - main_pipeline.interpreter:  Encountered exception in validating flowmeter SLS1500: string index out of range. Raw output nan
WARNING: 17:06:07 - main_pipeline.interpreter:  Encountered exception in validating flowmeter SLS1500: string index out of range. Raw output nan
WARNING: 17:06:07 - main_pipeline.interpreter:  Encountered exception in validating flowmeter SLS1500: string index out of range. Raw output nan
WARNING: 17:06:07 - main_pipeline.interpreter:  Encountered exception in validating flowmeter SLS1500: string index out of range. Raw output nan
WARNING: 17:06:07 - main_pipeline.interpreter:  Unexpected error in processing flowmeter SLS1500: 'bool' object is not iterable
WARNING: 17:06:08 - main_pipeline.interpreter:  Encountered exception in validating flowmeter SLI2000: string index out of range. Raw output nan
WARNING: 17:06:08 - main_pipeline.interpreter:  Encountered exception in validating flowmeter SLI2000: string index out of range. Raw output nan
WARNING: 17:06:08 - main_pipeline.interpreter:  Encountered exception in validating flowmeter SLI2000: string index out of range. Raw output nan
WARNING: 17:06:08 - main_pipeline.interpreter:  Encountered exception in validating flowmeter SLI2000: string index out of range. Raw output nan
WARNING: 17:06:08 - main_pipeline.interpreter:  Encountered exception in validating flowmeter SLI2000: string index out of range. Raw output nan
WARNING: 17:06:08 - main_pipeline.interpreter:  Encountered exception in validating flowmeter SLI2000: string index out of range. Raw output nan
WARNING: 17:06:08 - main_pipeline.interpreter:  Encountered exception in validating flowmeter SLI2000: string index out of range. Raw output nan
WARNING: 17:06:08 - main_pipeline.interpreter:  Encountered exception in validating flowmeter SLI2000: string index out of range. Raw output nan
WARNING: 17:06:08 - main_pipeline.interpreter:  Encountered exception in validating flowmeter SLI2000: string index out of range. Raw output nan
WARNING: 17:06:08 - main_pipeline.interpreter:  Encountered exception in validating flowmeter SLI2000: string index out of range. Raw output nan
WARNING: 17:06:08 - main_pipeline.interpreter:  Encountered exception in validating flowmeter SLI2000: string index out of range. Raw output nan
WARNING: 17:06:08 - main_pipeline.interpreter:  Encountered exception in validating flowmeter SLI2000: string index out of range. Raw output nan
WARNING: 17:06:08 - main_pipeline.interpreter:  Encountered exception in validating flowmeter SLI2000: string index out of range. Raw output nan
WARNING: 17:06:08 - main_pipeline.interpreter:  Encountered exception in validating flowmeter SLI2000: string index out of range. Raw output nan
WARNING: 17:06:08 - main_pipeline.interpreter:  Encountered exception in validating flowmeter SLI2000: string index out of range. Raw output nan
WARNING: 17:06:08 - main_pipeline.interpreter:  Unexpected error in processing flowmeter SLI2000: 'bool' object is not iterable
WARNING: 17:06:08 - main_pipeline.interpreter:  Encountered exception in validating flowmeter SLS1500: string index out of range. Raw output nan
WARNING: 17:06:08 - main_pipeline.interpreter:  Encountered exception in validating flowmeter SLS1500: string index out of range. Raw output nan
WARNING: 17:06:08 - main_pipeline.interpreter:  Encountered exception in validating flowmeter SLS1500: string index out of range. Raw output nan
WARNING: 17:06:08 - main_pipeline.interpreter:  Encountered exception in validating flowmeter SLS1500: string index out of range. Raw output nan
WARNING: 17:06:08 - main_pipeline.interpreter:  Encountered exception in validating flowmeter SLS1500: string index out of range. Raw output nan
WARNING: 17:06:08 - main_pipeline.interpreter:  Encountered exception in validating flowmeter SLS1500: string index out of range. Raw output nan
WARNING: 17:06:08 - main_pipeline.interpreter:  Encountered exception in validating flowmeter SLS1500: string index out of range. Raw output nan
WARNING: 17:06:08 - main_pipeline.interpreter:  Encountered exception in validating flowmeter SLS1500: string index out of range. Raw output nan
WARNING: 17:06:08 - main_pipeline.interpreter:  Encountered exception in validating flowmeter SLS1500: string index out of range. Raw output nan
WARNING: 17:06:08 - main_pipeline.interpreter:  Encountered exception in validating flowmeter SLS1500: string index out of range. Raw output nan
WARNING: 17:06:08 - main_pipeline.interpreter:  Encountered exception in validating flowmeter SLS1500: string index out of range. Raw output nan
WARNING: 17:06:08 - main_pipeline.interpreter:  Encountered exception in validating flowmeter SLS1500: string index out of range. Raw output nan
WARNING: 17:06:08 - main_pipeline.interpreter:  Encountered exception in validating flowmeter SLS1500: string index out of range. Raw output nan
WARNING: 17:06:08 - main_pipeline.interpreter:  Encountered exception in validating flowmeter SLS1500: string index out of range. Raw output nan
WARNING: 17:06:08 - main_pipeline.interpreter:  Encountered exception in validating flowmeter SLS1500: string index out of range. Raw output nan
WARNING: 17:06:08 - main_pipeline.interpreter:  Unexpected error in processing flowmeter SLS1500: 'bool' object is not iterable
WARNING: 17:06:09 - main_pipeline.interpreter:  Encountered exception in validating flowmeter SLI2000: string index out of range. Raw output nan
WARNING: 17:06:09 - main_pipeline.interpreter:  Encountered exception in validating flowmeter SLI2000: string index out of range. Raw output nan
WARNING: 17:06:09 - main_pipeline.interpreter:  Encountered exception in validating flowmeter SLI2000: string index out of range. Raw output nan
WARNING: 17:06:09 - main_pipeline.interpreter:  Encountered exception in validating flowmeter SLI2000: string index out of range. Raw output nan
WARNING: 17:06:09 - main_pipeline.interpreter:  Encountered exception in validating flowmeter SLI2000: string index out of range. Raw output nan
WARNING: 17:06:09 - main_pipeline.interpreter:  Encountered exception in validating flowmeter SLI2000: string index out of range. Raw output nan
WARNING: 17:06:09 - main_pipeline.interpreter:  Encountered exception in validating flowmeter SLI2000: string index out of range. Raw output nan
WARNING: 17:06:09 - main_pipeline.interpreter:  Encountered exception in validating flowmeter SLI2000: string index out of range. Raw output nan
WARNING: 17:06:09 - main_pipeline.interpreter:  Encountered exception in validating flowmeter SLI2000: string index out of range. Raw output nan
WARNING: 17:06:09 - main_pipeline.interpreter:  Encountered exception in validating flowmeter SLI2000: string index out of range. Raw output nan
WARNING: 17:06:09 - main_pipeline.interpreter:  Encountered exception in validating flowmeter SLI2000: string index out of range. Raw output nan
WARNING: 17:06:09 - main_pipeline.interpreter:  Encountered exception in validating flowmeter SLI2000: string index out of range. Raw output nan
WARNING: 17:06:09 - main_pipeline.interpreter:  Encountered exception in validating flowmeter SLI2000: string index out of range. Raw output nan
WARNING: 17:06:09 - main_pipeline.interpreter:  Encountered exception in validating flowmeter SLI2000: string index out of range. Raw output nan
WARNING: 17:06:09 - main_pipeline.interpreter:  Encountered exception in validating flowmeter SLI2000: string index out of range. Raw output nan
WARNING: 17:06:09 - main_pipeline.interpreter:  Unexpected error in processing flowmeter SLI2000: 'bool' object is not iterable
WARNING: 17:06:09 - main_pipeline.interpreter:  Encountered exception in validating flowmeter SLS1500: string index out of range. Raw output nan
WARNING: 17:06:09 - main_pipeline.interpreter:  Encountered exception in validating flowmeter SLS1500: string index out of range. Raw output nan
WARNING: 17:06:09 - main_pipeline.interpreter:  Encountered exception in validating flowmeter SLS1500: string index out of range. Raw output nan
WARNING: 17:06:09 - main_pipeline.interpreter:  Encountered exception in validating flowmeter SLS1500: string index out of range. Raw output nan
WARNING: 17:06:09 - main_pipeline.interpreter:  Encountered exception in validating flowmeter SLS1500: string index out of range. Raw output nan
WARNING: 17:06:09 - main_pipeline.interpreter:  Encountered exception in validating flowmeter SLS1500: string index out of range. Raw output nan
WARNING: 17:06:09 - main_pipeline.interpreter:  Encountered exception in validating flowmeter SLS1500: string index out of range. Raw output nan
WARNING: 17:06:09 - main_pipeline.interpreter:  Encountered exception in validating flowmeter SLS1500: string index out of range. Raw output nan
WARNING: 17:06:09 - main_pipeline.interpreter:  Encountered exception in validating flowmeter SLS1500: string index out of range. Raw output nan
WARNING: 17:06:09 - main_pipeline.interpreter:  Encountered exception in validating flowmeter SLS1500: string index out of range. Raw output nan
WARNING: 17:06:09 - main_pipeline.interpreter:  Encountered exception in validating flowmeter SLS1500: string index out of range. Raw output nan
WARNING: 17:06:09 - main_pipeline.interpreter:  Encountered exception in validating flowmeter SLS1500: string index out of range. Raw output nan
WARNING: 17:06:09 - main_pipeline.interpreter:  Encountered exception in validating flowmeter SLS1500: string index out of range. Raw output nan
WARNING: 17:06:09 - main_pipeline.interpreter:  Encountered exception in validating flowmeter SLS1500: string index out of range. Raw output nan
WARNING: 17:06:09 - main_pipeline.interpreter:  Encountered exception in validating flowmeter SLS1500: string index out of range. Raw output nan
WARNING: 17:06:09 - main_pipeline.interpreter:  Unexpected error in processing flowmeter SLS1500: 'bool' object is not iterable
WARNING: 17:06:10 - main_pipeline.interpreter:  Encountered exception in validating flowmeter SLI2000: string index out of range. Raw output nan
WARNING: 17:06:10 - main_pipeline.interpreter:  Encountered exception in validating flowmeter SLI2000: string index out of range. Raw output nan
WARNING: 17:06:10 - main_pipeline.interpreter:  Encountered exception in validating flowmeter SLI2000: string index out of range. Raw output nan
WARNING: 17:06:10 - main_pipeline.interpreter:  Encountered exception in validating flowmeter SLI2000: string index out of range. Raw output nan
WARNING: 17:06:10 - main_pipeline.interpreter:  Encountered exception in validating flowmeter SLI2000: string index out of range. Raw output nan
WARNING: 17:06:10 - main_pipeline.interpreter:  Encountered exception in validating flowmeter SLI2000: string index out of range. Raw output nan
WARNING: 17:06:10 - main_pipeline.interpreter:  Encountered exception in validating flowmeter SLI2000: string index out of range. Raw output nan
WARNING: 17:06:10 - main_pipeline.interpreter:  Encountered exception in validating flowmeter SLI2000: string index out of range. Raw output nan
WARNING: 17:06:10 - main_pipeline.interpreter:  Encountered exception in validating flowmeter SLI2000: string index out of range. Raw output nan
WARNING: 17:06:10 - main_pipeline.interpreter:  Encountered exception in validating flowmeter SLI2000: string index out of range. Raw output nan
WARNING: 17:06:10 - main_pipeline.interpreter:  Encountered exception in validating flowmeter SLI2000: string index out of range. Raw output nan
WARNING: 17:06:10 - main_pipeline.interpreter:  Encountered exception in validating flowmeter SLI2000: string index out of range. Raw output nan
WARNING: 17:06:10 - main_pipeline.interpreter:  Encountered exception in validating flowmeter SLI2000: string index out of range. Raw output nan
WARNING: 17:06:10 - main_pipeline.interpreter:  Encountered exception in validating flowmeter SLI2000: string index out of range. Raw output nan
WARNING: 17:06:10 - main_pipeline.interpreter:  Encountered exception in validating flowmeter SLI2000: string index out of range. Raw output nan
WARNING: 17:06:10 - main_pipeline.interpreter:  Unexpected error in processing flowmeter SLI2000: 'bool' object is not iterable
WARNING: 17:06:10 - main_pipeline.interpreter:  Encountered exception in validating flowmeter SLS1500: string index out of range. Raw output nan
WARNING: 17:06:10 - main_pipeline.interpreter:  Encountered exception in validating flowmeter SLS1500: string index out of range. Raw output nan
WARNING: 17:06:10 - main_pipeline.interpreter:  Encountered exception in validating flowmeter SLS1500: string index out of range. Raw output nan
WARNING: 17:06:10 - main_pipeline.interpreter:  Encountered exception in validating flowmeter SLS1500: string index out of range. Raw output nan
WARNING: 17:06:10 - main_pipeline.interpreter:  Encountered exception in validating flowmeter SLS1500: string index out of range. Raw output nan
WARNING: 17:06:10 - main_pipeline.interpreter:  Encountered exception in validating flowmeter SLS1500: string index out of range. Raw output nan
WARNING: 17:06:10 - main_pipeline.interpreter:  Encountered exception in validating flowmeter SLS1500: string index out of range. Raw output nan
WARNING: 17:06:10 - main_pipeline.interpreter:  Encountered exception in validating flowmeter SLS1500: string index out of range. Raw output nan
WARNING: 17:06:10 - main_pipeline.interpreter:  Encountered exception in validating flowmeter SLS1500: string index out of range. Raw output nan
WARNING: 17:06:10 - main_pipeline.interpreter:  Encountered exception in validating flowmeter SLS1500: string index out of range. Raw output nan
WARNING: 17:06:10 - main_pipeline.interpreter:  Encountered exception in validating flowmeter SLS1500: string index out of range. Raw output nan
WARNING: 17:06:10 - main_pipeline.interpreter:  Encountered exception in validating flowmeter SLS1500: string index out of range. Raw output nan
WARNING: 17:06:10 - main_pipeline.interpreter:  Encountered exception in validating flowmeter SLS1500: string index out of range. Raw output nan
WARNING: 17:06:10 - main_pipeline.interpreter:  Encountered exception in validating flowmeter SLS1500: string index out of range. Raw output nan
WARNING: 17:06:10 - main_pipeline.interpreter:  Encountered exception in validating flowmeter SLS1500: string index out of range. Raw output nan
WARNING: 17:06:10 - main_pipeline.interpreter:  Unexpected error in processing flowmeter SLS1500: 'bool' object is not iterable
WARNING: 17:06:11 - main_pipeline.interpreter:  Encountered exception in validating flowmeter SLI2000: string index out of range. Raw output nan
WARNING: 17:06:11 - main_pipeline.interpreter:  Encountered exception in validating flowmeter SLI2000: string index out of range. Raw output nan
WARNING: 17:06:11 - main_pipeline.interpreter:  Encountered exception in validating flowmeter SLI2000: string index out of range. Raw output nan
WARNING: 17:06:11 - main_pipeline.interpreter:  Encountered exception in validating flowmeter SLI2000: string index out of range. Raw output nan
WARNING: 17:06:11 - main_pipeline.interpreter:  Encountered exception in validating flowmeter SLI2000: string index out of range. Raw output nan
WARNING: 17:06:11 - main_pipeline.interpreter:  Encountered exception in validating flowmeter SLI2000: string index out of range. Raw output nan
WARNING: 17:06:11 - main_pipeline.interpreter:  Encountered exception in validating flowmeter SLI2000: string index out of range. Raw output nan
WARNING: 17:06:11 - main_pipeline.interpreter:  Encountered exception in validating flowmeter SLI2000: string index out of range. Raw output nan
WARNING: 17:06:11 - main_pipeline.interpreter:  Encountered exception in validating flowmeter SLI2000: string index out of range. Raw output nan
WARNING: 17:06:11 - main_pipeline.interpreter:  Encountered exception in validating flowmeter SLI2000: string index out of range. Raw output nan
WARNING: 17:06:11 - main_pipeline.interpreter:  Encountered exception in validating flowmeter SLI2000: string index out of range. Raw output nan
WARNING: 17:06:11 - main_pipeline.interpreter:  Encountered exception in validating flowmeter SLI2000: string index out of range. Raw output nan
WARNING: 17:06:11 - main_pipeline.interpreter:  Encountered exception in validating flowmeter SLI2000: string index out of range. Raw output nan
WARNING: 17:06:11 - main_pipeline.interpreter:  Encountered exception in validating flowmeter SLI2000: string index out of range. Raw output nan
WARNING: 17:06:11 - main_pipeline.interpreter:  Encountered exception in validating flowmeter SLI2000: string index out of range. Raw output nan
WARNING: 17:06:11 - main_pipeline.interpreter:  Unexpected error in processing flowmeter SLI2000: 'bool' object is not iterable
WARNING: 17:06:11 - main_pipeline.interpreter:  Encountered exception in validating flowmeter SLS1500: string index out of range. Raw output nan
WARNING: 17:06:11 - main_pipeline.interpreter:  Encountered exception in validating flowmeter SLS1500: string index out of range. Raw output nan
WARNING: 17:06:11 - main_pipeline.interpreter:  Encountered exception in validating flowmeter SLS1500: string index out of range. Raw output nan
WARNING: 17:06:11 - main_pipeline.interpreter:  Encountered exception in validating flowmeter SLS1500: string index out of range. Raw output nan
WARNING: 17:06:11 - main_pipeline.interpreter:  Encountered exception in validating flowmeter SLS1500: string index out of range. Raw output nan
WARNING: 17:06:11 - main_pipeline.interpreter:  Encountered exception in validating flowmeter SLS1500: string index out of range. Raw output nan
WARNING: 17:06:11 - main_pipeline.interpreter:  Encountered exception in validating flowmeter SLS1500: string index out of range. Raw output nan
WARNING: 17:06:11 - main_pipeline.interpreter:  Encountered exception in validating flowmeter SLS1500: string index out of range. Raw output nan
WARNING: 17:06:11 - main_pipeline.interpreter:  Encountered exception in validating flowmeter SLS1500: string index out of range. Raw output nan
WARNING: 17:06:11 - main_pipeline.interpreter:  Encountered exception in validating flowmeter SLS1500: string index out of range. Raw output nan
WARNING: 17:06:11 - main_pipeline.interpreter:  Encountered exception in validating flowmeter SLS1500: string index out of range. Raw output nan
WARNING: 17:06:11 - main_pipeline.interpreter:  Encountered exception in validating flowmeter SLS1500: string index out of range. Raw output nan
WARNING: 17:06:11 - main_pipeline.interpreter:  Encountered exception in validating flowmeter SLS1500: string index out of range. Raw output nan
WARNING: 17:06:11 - main_pipeline.interpreter:  Encountered exception in validating flowmeter SLS1500: string index out of range. Raw output nan
WARNING: 17:06:11 - main_pipeline.interpreter:  Encountered exception in validating flowmeter SLS1500: string index out of range. Raw output nan
WARNING: 17:06:11 - main_pipeline.interpreter:  Unexpected error in processing flowmeter SLS1500: 'bool' object is not iterable
WARNING: 17:06:12 - main_pipeline.interpreter:  Encountered exception in validating flowmeter SLI2000: string index out of range. Raw output nan
WARNING: 17:06:12 - main_pipeline.interpreter:  Encountered exception in validating flowmeter SLI2000: string index out of range. Raw output nan
WARNING: 17:06:12 - main_pipeline.interpreter:  Encountered exception in validating flowmeter SLI2000: string index out of range. Raw output nan
WARNING: 17:06:12 - main_pipeline.interpreter:  Encountered exception in validating flowmeter SLI2000: string index out of range. Raw output nan
WARNING: 17:06:12 - main_pipeline.interpreter:  Encountered exception in validating flowmeter SLI2000: string index out of range. Raw output nan
WARNING: 17:06:12 - main_pipeline.interpreter:  Encountered exception in validating flowmeter SLI2000: string index out of range. Raw output nan
WARNING: 17:06:12 - main_pipeline.interpreter:  Encountered exception in validating flowmeter SLI2000: string index out of range. Raw output nan
WARNING: 17:06:12 - main_pipeline.interpreter:  Encountered exception in validating flowmeter SLI2000: string index out of range. Raw output nan
WARNING: 17:06:12 - main_pipeline.interpreter:  Encountered exception in validating flowmeter SLI2000: string index out of range. Raw output nan
WARNING: 17:06:12 - main_pipeline.interpreter:  Encountered exception in validating flowmeter SLI2000: string index out of range. Raw output nan
WARNING: 17:06:12 - main_pipeline.interpreter:  Encountered exception in validating flowmeter SLI2000: string index out of range. Raw output nan
WARNING: 17:06:12 - main_pipeline.interpreter:  Encountered exception in validating flowmeter SLI2000: string index out of range. Raw output nan
WARNING: 17:06:12 - main_pipeline.interpreter:  Encountered exception in validating flowmeter SLI2000: string index out of range. Raw output nan
WARNING: 17:06:12 - main_pipeline.interpreter:  Encountered exception in validating flowmeter SLI2000: string index out of range. Raw output nan
WARNING: 17:06:12 - main_pipeline.interpreter:  Encountered exception in validating flowmeter SLI2000: string index out of range. Raw output nan
WARNING: 17:06:12 - main_pipeline.interpreter:  Unexpected error in processing flowmeter SLI2000: 'bool' object is not iterable
WARNING: 17:06:12 - main_pipeline.interpreter:  Encountered exception in validating flowmeter SLS1500: string index out of range. Raw output nan
WARNING: 17:06:12 - main_pipeline.interpreter:  Encountered exception in validating flowmeter SLS1500: string index out of range. Raw output nan
WARNING: 17:06:12 - main_pipeline.interpreter:  Encountered exception in validating flowmeter SLS1500: string index out of range. Raw output nan
WARNING: 17:06:12 - main_pipeline.interpreter:  Encountered exception in validating flowmeter SLS1500: string index out of range. Raw output nan
WARNING: 17:06:12 - main_pipeline.interpreter:  Encountered exception in validating flowmeter SLS1500: string index out of range. Raw output nan
WARNING: 17:06:12 - main_pipeline.interpreter:  Encountered exception in validating flowmeter SLS1500: string index out of range. Raw output nan
WARNING: 17:06:12 - main_pipeline.interpreter:  Encountered exception in validating flowmeter SLS1500: string index out of range. Raw output nan
WARNING: 17:06:12 - main_pipeline.interpreter:  Encountered exception in validating flowmeter SLS1500: string index out of range. Raw output nan
WARNING: 17:06:12 - main_pipeline.interpreter:  Encountered exception in validating flowmeter SLS1500: string index out of range. Raw output nan
WARNING: 17:06:12 - main_pipeline.interpreter:  Encountered exception in validating flowmeter SLS1500: string index out of range. Raw output nan
WARNING: 17:06:12 - main_pipeline.interpreter:  Encountered exception in validating flowmeter SLS1500: string index out of range. Raw output nan
WARNING: 17:06:12 - main_pipeline.interpreter:  Encountered exception in validating flowmeter SLS1500: string index out of range. Raw output nan
WARNING: 17:06:12 - main_pipeline.interpreter:  Encountered exception in validating flowmeter SLS1500: string index out of range. Raw output nan
WARNING: 17:06:12 - main_pipeline.interpreter:  Encountered exception in validating flowmeter SLS1500: string index out of range. Raw output nan
WARNING: 17:06:12 - main_pipeline.interpreter:  Encountered exception in validating flowmeter SLS1500: string index out of range. Raw output nan
WARNING: 17:06:12 - main_pipeline.interpreter:  Unexpected error in processing flowmeter SLS1500: 'bool' object is not iterable
WARNING: 17:06:13 - main_pipeline.interpreter:  Encountered exception in validating flowmeter SLI2000: string index out of range. Raw output nan
WARNING: 17:06:13 - main_pipeline.interpreter:  Encountered exception in validating flowmeter SLI2000: string index out of range. Raw output nan
WARNING: 17:06:13 - main_pipeline.interpreter:  Encountered exception in validating flowmeter SLI2000: string index out of range. Raw output nan
WARNING: 17:06:13 - main_pipeline.interpreter:  Encountered exception in validating flowmeter SLI2000: string index out of range. Raw output nan
WARNING: 17:06:13 - main_pipeline.interpreter:  Encountered exception in validating flowmeter SLI2000: string index out of range. Raw output nan
WARNING: 17:06:13 - main_pipeline.interpreter:  Encountered exception in validating flowmeter SLI2000: string index out of range. Raw output nan
WARNING: 17:06:13 - main_pipeline.interpreter:  Encountered exception in validating flowmeter SLI2000: string index out of range. Raw output nan
WARNING: 17:06:13 - main_pipeline.interpreter:  Encountered exception in validating flowmeter SLI2000: string index out of range. Raw output nan
WARNING: 17:06:13 - main_pipeline.interpreter:  Encountered exception in validating flowmeter SLI2000: string index out of range. Raw output nan
WARNING: 17:06:13 - main_pipeline.interpreter:  Encountered exception in validating flowmeter SLI2000: string index out of range. Raw output nan
WARNING: 17:06:13 - main_pipeline.interpreter:  Encountered exception in validating flowmeter SLI2000: string index out of range. Raw output nan
WARNING: 17:06:13 - main_pipeline.interpreter:  Encountered exception in validating flowmeter SLI2000: string index out of range. Raw output nan
WARNING: 17:06:13 - main_pipeline.interpreter:  Encountered exception in validating flowmeter SLI2000: string index out of range. Raw output nan
WARNING: 17:06:13 - main_pipeline.interpreter:  Encountered exception in validating flowmeter SLI2000: string index out of range. Raw output nan
WARNING: 17:06:13 - main_pipeline.interpreter:  Encountered exception in validating flowmeter SLI2000: string index out of range. Raw output nan
WARNING: 17:06:13 - main_pipeline.interpreter:  Unexpected error in processing flowmeter SLI2000: 'bool' object is not iterable
WARNING: 17:06:13 - main_pipeline.interpreter:  Encountered exception in validating flowmeter SLS1500: string index out of range. Raw output nan
WARNING: 17:06:13 - main_pipeline.interpreter:  Encountered exception in validating flowmeter SLS1500: string index out of range. Raw output nan
WARNING: 17:06:13 - main_pipeline.interpreter:  Encountered exception in validating flowmeter SLS1500: string index out of range. Raw output nan
WARNING: 17:06:13 - main_pipeline.interpreter:  Encountered exception in validating flowmeter SLS1500: string index out of range. Raw output nan
WARNING: 17:06:13 - main_pipeline.interpreter:  Encountered exception in validating flowmeter SLS1500: string index out of range. Raw output nan
WARNING: 17:06:13 - main_pipeline.interpreter:  Encountered exception in validating flowmeter SLS1500: string index out of range. Raw output nan
WARNING: 17:06:13 - main_pipeline.interpreter:  Encountered exception in validating flowmeter SLS1500: string index out of range. Raw output nan
WARNING: 17:06:13 - main_pipeline.interpreter:  Encountered exception in validating flowmeter SLS1500: string index out of range. Raw output nan
WARNING: 17:06:13 - main_pipeline.interpreter:  Encountered exception in validating flowmeter SLS1500: string index out of range. Raw output nan
WARNING: 17:06:13 - main_pipeline.interpreter:  Encountered exception in validating flowmeter SLS1500: string index out of range. Raw output nan
WARNING: 17:06:13 - main_pipeline.interpreter:  Encountered exception in validating flowmeter SLS1500: string index out of range. Raw output nan
WARNING: 17:06:13 - main_pipeline.interpreter:  Encountered exception in validating flowmeter SLS1500: string index out of range. Raw output nan
WARNING: 17:06:13 - main_pipeline.interpreter:  Encountered exception in validating flowmeter SLS1500: string index out of range. Raw output nan
WARNING: 17:06:13 - main_pipeline.interpreter:  Encountered exception in validating flowmeter SLS1500: string index out of range. Raw output nan
WARNING: 17:06:13 - main_pipeline.interpreter:  Encountered exception in validating flowmeter SLS1500: string index out of range. Raw output nan
WARNING: 17:06:13 - main_pipeline.interpreter:  Unexpected error in processing flowmeter SLS1500: 'bool' object is not iterable
WARNING: 17:06:14 - main_pipeline.interpreter:  Encountered exception in validating flowmeter SLI2000: string index out of range. Raw output nan
WARNING: 17:06:14 - main_pipeline.interpreter:  Encountered exception in validating flowmeter SLI2000: string index out of range. Raw output nan
WARNING: 17:06:14 - main_pipeline.interpreter:  Encountered exception in validating flowmeter SLI2000: string index out of range. Raw output nan
WARNING: 17:06:14 - main_pipeline.interpreter:  Encountered exception in validating flowmeter SLI2000: string index out of range. Raw output nan
WARNING: 17:06:14 - main_pipeline.interpreter:  Encountered exception in validating flowmeter SLI2000: string index out of range. Raw output nan
WARNING: 17:06:14 - main_pipeline.interpreter:  Encountered exception in validating flowmeter SLI2000: string index out of range. Raw output nan
WARNING: 17:06:14 - main_pipeline.interpreter:  Encountered exception in validating flowmeter SLI2000: string index out of range. Raw output nan
WARNING: 17:06:14 - main_pipeline.interpreter:  Encountered exception in validating flowmeter SLI2000: string index out of range. Raw output nan
WARNING: 17:06:14 - main_pipeline.interpreter:  Encountered exception in validating flowmeter SLI2000: string index out of range. Raw output nan
WARNING: 17:06:14 - main_pipeline.interpreter:  Encountered exception in validating flowmeter SLI2000: string index out of range. Raw output nan
WARNING: 17:06:14 - main_pipeline.interpreter:  Encountered exception in validating flowmeter SLI2000: string index out of range. Raw output nan
WARNING: 17:06:14 - main_pipeline.interpreter:  Encountered exception in validating flowmeter SLI2000: string index out of range. Raw output nan
WARNING: 17:06:14 - main_pipeline.interpreter:  Encountered exception in validating flowmeter SLI2000: string index out of range. Raw output nan
WARNING: 17:06:14 - main_pipeline.interpreter:  Encountered exception in validating flowmeter SLI2000: string index out of range. Raw output nan
WARNING: 17:06:14 - main_pipeline.interpreter:  Encountered exception in validating flowmeter SLI2000: string index out of range. Raw output nan
WARNING: 17:06:14 - main_pipeline.interpreter:  Unexpected error in processing flowmeter SLI2000: 'bool' object is not iterable
WARNING: 17:06:14 - main_pipeline.interpreter:  Encountered exception in validating flowmeter SLS1500: string index out of range. Raw output nan
WARNING: 17:06:14 - main_pipeline.interpreter:  Encountered exception in validating flowmeter SLS1500: string index out of range. Raw output nan
WARNING: 17:06:14 - main_pipeline.interpreter:  Encountered exception in validating flowmeter SLS1500: string index out of range. Raw output nan
WARNING: 17:06:14 - main_pipeline.interpreter:  Encountered exception in validating flowmeter SLS1500: string index out of range. Raw output nan
WARNING: 17:06:14 - main_pipeline.interpreter:  Encountered exception in validating flowmeter SLS1500: string index out of range. Raw output nan
WARNING: 17:06:14 - main_pipeline.interpreter:  Encountered exception in validating flowmeter SLS1500: string index out of range. Raw output nan
WARNING: 17:06:14 - main_pipeline.interpreter:  Encountered exception in validating flowmeter SLS1500: string index out of range. Raw output nan
WARNING: 17:06:14 - main_pipeline.interpreter:  Encountered exception in validating flowmeter SLS1500: string index out of range. Raw output nan
WARNING: 17:06:14 - main_pipeline.interpreter:  Encountered exception in validating flowmeter SLS1500: string index out of range. Raw output nan
WARNING: 17:06:14 - main_pipeline.interpreter:  Encountered exception in validating flowmeter SLS1500: string index out of range. Raw output nan
WARNING: 17:06:14 - main_pipeline.interpreter:  Encountered exception in validating flowmeter SLS1500: string index out of range. Raw output nan
WARNING: 17:06:14 - main_pipeline.interpreter:  Encountered exception in validating flowmeter SLS1500: string index out of range. Raw output nan
WARNING: 17:06:14 - main_pipeline.interpreter:  Encountered exception in validating flowmeter SLS1500: string index out of range. Raw output nan
WARNING: 17:06:14 - main_pipeline.interpreter:  Encountered exception in validating flowmeter SLS1500: string index out of range. Raw output nan
WARNING: 17:06:14 - main_pipeline.interpreter:  Encountered exception in validating flowmeter SLS1500: string index out of range. Raw output nan
WARNING: 17:06:14 - main_pipeline.interpreter:  Unexpected error in processing flowmeter SLS1500: 'bool' object is not iterable
WARNING: 17:06:15 - main_pipeline.interpreter:  Encountered exception in validating flowmeter SLI2000: string index out of range. Raw output nan
WARNING: 17:06:15 - main_pipeline.interpreter:  Encountered exception in validating flowmeter SLI2000: string index out of range. Raw output nan
WARNING: 17:06:15 - main_pipeline.interpreter:  Encountered exception in validating flowmeter SLI2000: string index out of range. Raw output nan
WARNING: 17:06:15 - main_pipeline.interpreter:  Encountered exception in validating flowmeter SLI2000: string index out of range. Raw output nan
WARNING: 17:06:15 - main_pipeline.interpreter:  Encountered exception in validating flowmeter SLI2000: string index out of range. Raw output nan
WARNING: 17:06:15 - main_pipeline.interpreter:  Encountered exception in validating flowmeter SLI2000: string index out of range. Raw output nan
WARNING: 17:06:15 - main_pipeline.interpreter:  Encountered exception in validating flowmeter SLI2000: string index out of range. Raw output nan
WARNING: 17:06:15 - main_pipeline.interpreter:  Encountered exception in validating flowmeter SLI2000: string index out of range. Raw output nan
WARNING: 17:06:15 - main_pipeline.interpreter:  Encountered exception in validating flowmeter SLI2000: string index out of range. Raw output nan
WARNING: 17:06:15 - main_pipeline.interpreter:  Encountered exception in validating flowmeter SLI2000: string index out of range. Raw output nan
WARNING: 17:06:15 - main_pipeline.interpreter:  Encountered exception in validating flowmeter SLI2000: string index out of range. Raw output nan
WARNING: 17:06:15 - main_pipeline.interpreter:  Encountered exception in validating flowmeter SLI2000: string index out of range. Raw output nan
WARNING: 17:06:15 - main_pipeline.interpreter:  Encountered exception in validating flowmeter SLI2000: string index out of range. Raw output nan
WARNING: 17:06:15 - main_pipeline.interpreter:  Encountered exception in validating flowmeter SLI2000: string index out of range. Raw output nan
WARNING: 17:06:15 - main_pipeline.interpreter:  Encountered exception in validating flowmeter SLI2000: string index out of range. Raw output nan
WARNING: 17:06:15 - main_pipeline.interpreter:  Unexpected error in processing flowmeter SLI2000: 'bool' object is not iterable
WARNING: 17:06:15 - main_pipeline.interpreter:  Encountered exception in validating flowmeter SLS1500: string index out of range. Raw output nan
WARNING: 17:06:15 - main_pipeline.interpreter:  Encountered exception in validating flowmeter SLS1500: string index out of range. Raw output nan
WARNING: 17:06:15 - main_pipeline.interpreter:  Encountered exception in validating flowmeter SLS1500: string index out of range. Raw output nan
WARNING: 17:06:15 - main_pipeline.interpreter:  Encountered exception in validating flowmeter SLS1500: string index out of range. Raw output nan
WARNING: 17:06:15 - main_pipeline.interpreter:  Encountered exception in validating flowmeter SLS1500: string index out of range. Raw output nan
WARNING: 17:06:15 - main_pipeline.interpreter:  Encountered exception in validating flowmeter SLS1500: string index out of range. Raw output nan
WARNING: 17:06:15 - main_pipeline.interpreter:  Encountered exception in validating flowmeter SLS1500: string index out of range. Raw output nan
WARNING: 17:06:15 - main_pipeline.interpreter:  Encountered exception in validating flowmeter SLS1500: string index out of range. Raw output nan
WARNING: 17:06:15 - main_pipeline.interpreter:  Encountered exception in validating flowmeter SLS1500: string index out of range. Raw output nan
WARNING: 17:06:15 - main_pipeline.interpreter:  Encountered exception in validating flowmeter SLS1500: string index out of range. Raw output nan
WARNING: 17:06:15 - main_pipeline.interpreter:  Encountered exception in validating flowmeter SLS1500: string index out of range. Raw output nan
WARNING: 17:06:15 - main_pipeline.interpreter:  Encountered exception in validating flowmeter SLS1500: string index out of range. Raw output nan
WARNING: 17:06:15 - main_pipeline.interpreter:  Encountered exception in validating flowmeter SLS1500: string index out of range. Raw output nan
WARNING: 17:06:15 - main_pipeline.interpreter:  Encountered exception in validating flowmeter SLS1500: string index out of range. Raw output nan
WARNING: 17:06:15 - main_pipeline.interpreter:  Encountered exception in validating flowmeter SLS1500: string index out of range. Raw output nan
WARNING: 17:06:15 - main_pipeline.interpreter:  Unexpected error in processing flowmeter SLS1500: 'bool' object is not iterable
WARNING: 17:06:16 - main_pipeline.interpreter:  Encountered exception in validating flowmeter SLI2000: string index out of range. Raw output nan
WARNING: 17:06:16 - main_pipeline.interpreter:  Encountered exception in validating flowmeter SLI2000: string index out of range. Raw output nan
WARNING: 17:06:16 - main_pipeline.interpreter:  Encountered exception in validating flowmeter SLI2000: string index out of range. Raw output nan
WARNING: 17:06:16 - main_pipeline.interpreter:  Encountered exception in validating flowmeter SLI2000: string index out of range. Raw output nan
WARNING: 17:06:16 - main_pipeline.interpreter:  Encountered exception in validating flowmeter SLI2000: string index out of range. Raw output nan
WARNING: 17:06:16 - main_pipeline.interpreter:  Encountered exception in validating flowmeter SLI2000: string index out of range. Raw output nan
WARNING: 17:06:16 - main_pipeline.interpreter:  Encountered exception in validating flowmeter SLI2000: string index out of range. Raw output nan
WARNING: 17:06:16 - main_pipeline.interpreter:  Encountered exception in validating flowmeter SLI2000: string index out of range. Raw output nan
WARNING: 17:06:16 - main_pipeline.interpreter:  Encountered exception in validating flowmeter SLI2000: string index out of range. Raw output nan
WARNING: 17:06:16 - main_pipeline.interpreter:  Encountered exception in validating flowmeter SLI2000: string index out of range. Raw output nan
WARNING: 17:06:16 - main_pipeline.interpreter:  Encountered exception in validating flowmeter SLI2000: string index out of range. Raw output nan
WARNING: 17:06:16 - main_pipeline.interpreter:  Encountered exception in validating flowmeter SLI2000: string index out of range. Raw output nan
WARNING: 17:06:16 - main_pipeline.interpreter:  Encountered exception in validating flowmeter SLI2000: string index out of range. Raw output nan
WARNING: 17:06:16 - main_pipeline.interpreter:  Encountered exception in validating flowmeter SLI2000: string index out of range. Raw output nan
WARNING: 17:06:16 - main_pipeline.interpreter:  Encountered exception in validating flowmeter SLI2000: string index out of range. Raw output nan
WARNING: 17:06:16 - main_pipeline.interpreter:  Unexpected error in processing flowmeter SLI2000: 'bool' object is not iterable
WARNING: 17:06:16 - main_pipeline.interpreter:  Encountered exception in validating flowmeter SLS1500: string index out of range. Raw output nan
WARNING: 17:06:16 - main_pipeline.interpreter:  Encountered exception in validating flowmeter SLS1500: string index out of range. Raw output nan
WARNING: 17:06:16 - main_pipeline.interpreter:  Encountered exception in validating flowmeter SLS1500: string index out of range. Raw output nan
WARNING: 17:06:16 - main_pipeline.interpreter:  Encountered exception in validating flowmeter SLS1500: string index out of range. Raw output nan
WARNING: 17:06:16 - main_pipeline.interpreter:  Encountered exception in validating flowmeter SLS1500: string index out of range. Raw output nan
WARNING: 17:06:16 - main_pipeline.interpreter:  Encountered exception in validating flowmeter SLS1500: string index out of range. Raw output nan
WARNING: 17:06:16 - main_pipeline.interpreter:  Encountered exception in validating flowmeter SLS1500: string index out of range. Raw output nan
WARNING: 17:06:16 - main_pipeline.interpreter:  Encountered exception in validating flowmeter SLS1500: string index out of range. Raw output nan
WARNING: 17:06:16 - main_pipeline.interpreter:  Encountered exception in validating flowmeter SLS1500: string index out of range. Raw output nan
WARNING: 17:06:16 - main_pipeline.interpreter:  Encountered exception in validating flowmeter SLS1500: string index out of range. Raw output nan
WARNING: 17:06:16 - main_pipeline.interpreter:  Encountered exception in validating flowmeter SLS1500: string index out of range. Raw output nan
WARNING: 17:06:16 - main_pipeline.interpreter:  Encountered exception in validating flowmeter SLS1500: string index out of range. Raw output nan
WARNING: 17:06:16 - main_pipeline.interpreter:  Encountered exception in validating flowmeter SLS1500: string index out of range. Raw output nan
WARNING: 17:06:16 - main_pipeline.interpreter:  Encountered exception in validating flowmeter SLS1500: string index out of range. Raw output nan
WARNING: 17:06:16 - main_pipeline.interpreter:  Encountered exception in validating flowmeter SLS1500: string index out of range. Raw output nan
WARNING: 17:06:16 - main_pipeline.interpreter:  Unexpected error in processing flowmeter SLS1500: 'bool' object is not iterable
WARNING: 17:06:17 - main_pipeline.interpreter:  Encountered exception in validating flowmeter SLI2000: string index out of range. Raw output nan
WARNING: 17:06:17 - main_pipeline.interpreter:  Encountered exception in validating flowmeter SLI2000: string index out of range. Raw output nan
WARNING: 17:06:17 - main_pipeline.interpreter:  Encountered exception in validating flowmeter SLI2000: string index out of range. Raw output nan
WARNING: 17:06:17 - main_pipeline.interpreter:  Encountered exception in validating flowmeter SLI2000: string index out of range. Raw output nan
WARNING: 17:06:17 - main_pipeline.interpreter:  Encountered exception in validating flowmeter SLI2000: string index out of range. Raw output nan
WARNING: 17:06:17 - main_pipeline.interpreter:  Encountered exception in validating flowmeter SLI2000: string index out of range. Raw output nan
WARNING: 17:06:17 - main_pipeline.interpreter:  Encountered exception in validating flowmeter SLI2000: string index out of range. Raw output nan
WARNING: 17:06:17 - main_pipeline.interpreter:  Encountered exception in validating flowmeter SLI2000: string index out of range. Raw output nan
WARNING: 17:06:17 - main_pipeline.interpreter:  Encountered exception in validating flowmeter SLI2000: string index out of range. Raw output nan
WARNING: 17:06:17 - main_pipeline.interpreter:  Encountered exception in validating flowmeter SLI2000: string index out of range. Raw output nan
WARNING: 17:06:17 - main_pipeline.interpreter:  Encountered exception in validating flowmeter SLI2000: string index out of range. Raw output nan
WARNING: 17:06:17 - main_pipeline.interpreter:  Encountered exception in validating flowmeter SLI2000: string index out of range. Raw output nan
WARNING: 17:06:17 - main_pipeline.interpreter:  Encountered exception in validating flowmeter SLI2000: string index out of range. Raw output nan
WARNING: 17:06:17 - main_pipeline.interpreter:  Encountered exception in validating flowmeter SLI2000: string index out of range. Raw output nan
WARNING: 17:06:17 - main_pipeline.interpreter:  Encountered exception in validating flowmeter SLI2000: string index out of range. Raw output nan
WARNING: 17:06:17 - main_pipeline.interpreter:  Unexpected error in processing flowmeter SLI2000: 'bool' object is not iterable
WARNING: 17:06:17 - main_pipeline.interpreter:  Encountered exception in validating flowmeter SLS1500: string index out of range. Raw output nan
WARNING: 17:06:17 - main_pipeline.interpreter:  Encountered exception in validating flowmeter SLS1500: string index out of range. Raw output nan
WARNING: 17:06:17 - main_pipeline.interpreter:  Encountered exception in validating flowmeter SLS1500: string index out of range. Raw output nan
WARNING: 17:06:17 - main_pipeline.interpreter:  Encountered exception in validating flowmeter SLS1500: string index out of range. Raw output nan
WARNING: 17:06:17 - main_pipeline.interpreter:  Encountered exception in validating flowmeter SLS1500: string index out of range. Raw output nan
WARNING: 17:06:17 - main_pipeline.interpreter:  Encountered exception in validating flowmeter SLS1500: string index out of range. Raw output nan
WARNING: 17:06:17 - main_pipeline.interpreter:  Encountered exception in validating flowmeter SLS1500: string index out of range. Raw output nan
WARNING: 17:06:17 - main_pipeline.interpreter:  Encountered exception in validating flowmeter SLS1500: string index out of range. Raw output nan
WARNING: 17:06:17 - main_pipeline.interpreter:  Encountered exception in validating flowmeter SLS1500: string index out of range. Raw output nan
WARNING: 17:06:17 - main_pipeline.interpreter:  Encountered exception in validating flowmeter SLS1500: string index out of range. Raw output nan
WARNING: 17:06:17 - main_pipeline.interpreter:  Encountered exception in validating flowmeter SLS1500: string index out of range. Raw output nan
WARNING: 17:06:17 - main_pipeline.interpreter:  Encountered exception in validating flowmeter SLS1500: string index out of range. Raw output nan
WARNING: 17:06:17 - main_pipeline.interpreter:  Encountered exception in validating flowmeter SLS1500: string index out of range. Raw output nan
WARNING: 17:06:17 - main_pipeline.interpreter:  Encountered exception in validating flowmeter SLS1500: string index out of range. Raw output nan
WARNING: 17:06:17 - main_pipeline.interpreter:  Encountered exception in validating flowmeter SLS1500: string index out of range. Raw output nan
WARNING: 17:06:17 - main_pipeline.interpreter:  Unexpected error in processing flowmeter SLS1500: 'bool' object is not iterable
WARNING: 17:06:18 - main_pipeline.interpreter:  Encountered exception in validating flowmeter SLI2000: string index out of range. Raw output nan
WARNING: 17:06:18 - main_pipeline.interpreter:  Encountered exception in validating flowmeter SLI2000: string index out of range. Raw output nan
WARNING: 17:06:18 - main_pipeline.interpreter:  Encountered exception in validating flowmeter SLI2000: string index out of range. Raw output nan
WARNING: 17:06:18 - main_pipeline.interpreter:  Encountered exception in validating flowmeter SLI2000: string index out of range. Raw output nan
WARNING: 17:06:18 - main_pipeline.interpreter:  Encountered exception in validating flowmeter SLI2000: string index out of range. Raw output nan
WARNING: 17:06:18 - main_pipeline.interpreter:  Encountered exception in validating flowmeter SLI2000: string index out of range. Raw output nan
WARNING: 17:06:18 - main_pipeline.interpreter:  Encountered exception in validating flowmeter SLI2000: string index out of range. Raw output nan
WARNING: 17:06:18 - main_pipeline.interpreter:  Encountered exception in validating flowmeter SLI2000: string index out of range. Raw output nan
WARNING: 17:06:18 - main_pipeline.interpreter:  Encountered exception in validating flowmeter SLI2000: string index out of range. Raw output nan
WARNING: 17:06:18 - main_pipeline.interpreter:  Encountered exception in validating flowmeter SLI2000: string index out of range. Raw output nan
WARNING: 17:06:18 - main_pipeline.interpreter:  Encountered exception in validating flowmeter SLI2000: string index out of range. Raw output nan
WARNING: 17:06:18 - main_pipeline.interpreter:  Encountered exception in validating flowmeter SLI2000: string index out of range. Raw output nan
WARNING: 17:06:18 - main_pipeline.interpreter:  Encountered exception in validating flowmeter SLI2000: string index out of range. Raw output nan
WARNING: 17:06:18 - main_pipeline.interpreter:  Encountered exception in validating flowmeter SLI2000: string index out of range. Raw output nan
WARNING: 17:06:18 - main_pipeline.interpreter:  Encountered exception in validating flowmeter SLI2000: string index out of range. Raw output nan
WARNING: 17:06:18 - main_pipeline.interpreter:  Unexpected error in processing flowmeter SLI2000: 'bool' object is not iterable
WARNING: 17:06:18 - main_pipeline.interpreter:  Encountered exception in validating flowmeter SLS1500: string index out of range. Raw output nan
WARNING: 17:06:18 - main_pipeline.interpreter:  Encountered exception in validating flowmeter SLS1500: string index out of range. Raw output nan
WARNING: 17:06:18 - main_pipeline.interpreter:  Encountered exception in validating flowmeter SLS1500: string index out of range. Raw output nan
WARNING: 17:06:18 - main_pipeline.interpreter:  Encountered exception in validating flowmeter SLS1500: string index out of range. Raw output nan
WARNING: 17:06:18 - main_pipeline.interpreter:  Encountered exception in validating flowmeter SLS1500: string index out of range. Raw output nan
WARNING: 17:06:18 - main_pipeline.interpreter:  Encountered exception in validating flowmeter SLS1500: string index out of range. Raw output nan
WARNING: 17:06:18 - main_pipeline.interpreter:  Encountered exception in validating flowmeter SLS1500: string index out of range. Raw output nan
WARNING: 17:06:18 - main_pipeline.interpreter:  Encountered exception in validating flowmeter SLS1500: string index out of range. Raw output nan
WARNING: 17:06:18 - main_pipeline.interpreter:  Encountered exception in validating flowmeter SLS1500: string index out of range. Raw output nan
WARNING: 17:06:18 - main_pipeline.interpreter:  Encountered exception in validating flowmeter SLS1500: string index out of range. Raw output nan
WARNING: 17:06:18 - main_pipeline.interpreter:  Encountered exception in validating flowmeter SLS1500: string index out of range. Raw output nan
WARNING: 17:06:18 - main_pipeline.interpreter:  Encountered exception in validating flowmeter SLS1500: string index out of range. Raw output nan
WARNING: 17:06:18 - main_pipeline.interpreter:  Encountered exception in validating flowmeter SLS1500: string index out of range. Raw output nan
WARNING: 17:06:18 - main_pipeline.interpreter:  Encountered exception in validating flowmeter SLS1500: string index out of range. Raw output nan
WARNING: 17:06:18 - main_pipeline.interpreter:  Encountered exception in validating flowmeter SLS1500: string index out of range. Raw output nan
WARNING: 17:06:18 - main_pipeline.interpreter:  Unexpected error in processing flowmeter SLS1500: 'bool' object is not iterable
WARNING: 17:06:19 - main_pipeline.interpreter:  Encountered exception in validating flowmeter SLI2000: string index out of range. Raw output nan
WARNING: 17:06:19 - main_pipeline.interpreter:  Encountered exception in validating flowmeter SLI2000: string index out of range. Raw output nan
WARNING: 17:06:19 - main_pipeline.interpreter:  Encountered exception in validating flowmeter SLI2000: string index out of range. Raw output nan
WARNING: 17:06:19 - main_pipeline.interpreter:  Encountered exception in validating flowmeter SLI2000: string index out of range. Raw output nan
WARNING: 17:06:19 - main_pipeline.interpreter:  Encountered exception in validating flowmeter SLI2000: string index out of range. Raw output nan
WARNING: 17:06:19 - main_pipeline.interpreter:  Encountered exception in validating flowmeter SLI2000: string index out of range. Raw output nan
WARNING: 17:06:19 - main_pipeline.interpreter:  Encountered exception in validating flowmeter SLI2000: string index out of range. Raw output nan
WARNING: 17:06:19 - main_pipeline.interpreter:  Encountered exception in validating flowmeter SLI2000: string index out of range. Raw output nan
WARNING: 17:06:19 - main_pipeline.interpreter:  Encountered exception in validating flowmeter SLI2000: string index out of range. Raw output nan
WARNING: 17:06:19 - main_pipeline.interpreter:  Encountered exception in validating flowmeter SLI2000: string index out of range. Raw output nan
WARNING: 17:06:19 - main_pipeline.interpreter:  Encountered exception in validating flowmeter SLI2000: string index out of range. Raw output nan
WARNING: 17:06:19 - main_pipeline.interpreter:  Encountered exception in validating flowmeter SLI2000: string index out of range. Raw output nan
WARNING: 17:06:19 - main_pipeline.interpreter:  Encountered exception in validating flowmeter SLI2000: string index out of range. Raw output nan
WARNING: 17:06:19 - main_pipeline.interpreter:  Encountered exception in validating flowmeter SLI2000: string index out of range. Raw output nan
WARNING: 17:06:19 - main_pipeline.interpreter:  Encountered exception in validating flowmeter SLI2000: string index out of range. Raw output nan
WARNING: 17:06:19 - main_pipeline.interpreter:  Unexpected error in processing flowmeter SLI2000: 'bool' object is not iterable
WARNING: 17:06:19 - main_pipeline.interpreter:  Encountered exception in validating flowmeter SLS1500: string index out of range. Raw output nan
WARNING: 17:06:19 - main_pipeline.interpreter:  Encountered exception in validating flowmeter SLS1500: string index out of range. Raw output nan
WARNING: 17:06:19 - main_pipeline.interpreter:  Encountered exception in validating flowmeter SLS1500: string index out of range. Raw output nan
WARNING: 17:06:19 - main_pipeline.interpreter:  Encountered exception in validating flowmeter SLS1500: string index out of range. Raw output nan
WARNING: 17:06:19 - main_pipeline.interpreter:  Encountered exception in validating flowmeter SLS1500: string index out of range. Raw output nan
WARNING: 17:06:19 - main_pipeline.interpreter:  Encountered exception in validating flowmeter SLS1500: string index out of range. Raw output nan
WARNING: 17:06:19 - main_pipeline.interpreter:  Encountered exception in validating flowmeter SLS1500: string index out of range. Raw output nan
WARNING: 17:06:19 - main_pipeline.interpreter:  Encountered exception in validating flowmeter SLS1500: string index out of range. Raw output nan
WARNING: 17:06:19 - main_pipeline.interpreter:  Encountered exception in validating flowmeter SLS1500: string index out of range. Raw output nan
WARNING: 17:06:19 - main_pipeline.interpreter:  Encountered exception in validating flowmeter SLS1500: string index out of range. Raw output nan
WARNING: 17:06:19 - main_pipeline.interpreter:  Encountered exception in validating flowmeter SLS1500: string index out of range. Raw output nan
WARNING: 17:06:19 - main_pipeline.interpreter:  Encountered exception in validating flowmeter SLS1500: string index out of range. Raw output nan
WARNING: 17:06:19 - main_pipeline.interpreter:  Encountered exception in validating flowmeter SLS1500: string index out of range. Raw output nan
WARNING: 17:06:19 - main_pipeline.interpreter:  Encountered exception in validating flowmeter SLS1500: string index out of range. Raw output nan
WARNING: 17:06:19 - main_pipeline.interpreter:  Encountered exception in validating flowmeter SLS1500: string index out of range. Raw output nan
WARNING: 17:06:19 - main_pipeline.interpreter:  Unexpected error in processing flowmeter SLS1500: 'bool' object is not iterable
WARNING: 17:06:20 - main_pipeline.interpreter:  Encountered exception in validating flowmeter SLI2000: string index out of range. Raw output nan
WARNING: 17:06:20 - main_pipeline.interpreter:  Encountered exception in validating flowmeter SLI2000: string index out of range. Raw output nan
WARNING: 17:06:20 - main_pipeline.interpreter:  Encountered exception in validating flowmeter SLI2000: string index out of range. Raw output nan
WARNING: 17:06:20 - main_pipeline.interpreter:  Encountered exception in validating flowmeter SLI2000: string index out of range. Raw output nan
WARNING: 17:06:20 - main_pipeline.interpreter:  Encountered exception in validating flowmeter SLI2000: string index out of range. Raw output nan
WARNING: 17:06:20 - main_pipeline.interpreter:  Encountered exception in validating flowmeter SLI2000: string index out of range. Raw output nan
WARNING: 17:06:20 - main_pipeline.interpreter:  Encountered exception in validating flowmeter SLI2000: string index out of range. Raw output nan
WARNING: 17:06:20 - main_pipeline.interpreter:  Encountered exception in validating flowmeter SLI2000: string index out of range. Raw output nan
WARNING: 17:06:20 - main_pipeline.interpreter:  Encountered exception in validating flowmeter SLI2000: string index out of range. Raw output nan
WARNING: 17:06:20 - main_pipeline.interpreter:  Encountered exception in validating flowmeter SLI2000: string index out of range. Raw output nan
WARNING: 17:06:20 - main_pipeline.interpreter:  Encountered exception in validating flowmeter SLI2000: string index out of range. Raw output nan
WARNING: 17:06:20 - main_pipeline.interpreter:  Encountered exception in validating flowmeter SLI2000: string index out of range. Raw output nan
WARNING: 17:06:20 - main_pipeline.interpreter:  Encountered exception in validating flowmeter SLI2000: string index out of range. Raw output nan
WARNING: 17:06:20 - main_pipeline.interpreter:  Encountered exception in validating flowmeter SLI2000: string index out of range. Raw output nan
WARNING: 17:06:20 - main_pipeline.interpreter:  Encountered exception in validating flowmeter SLI2000: string index out of range. Raw output nan
WARNING: 17:06:20 - main_pipeline.interpreter:  Unexpected error in processing flowmeter SLI2000: 'bool' object is not iterable
WARNING: 17:06:20 - main_pipeline.interpreter:  Encountered exception in validating flowmeter SLS1500: string index out of range. Raw output nan
WARNING: 17:06:20 - main_pipeline.interpreter:  Encountered exception in validating flowmeter SLS1500: string index out of range. Raw output nan
WARNING: 17:06:20 - main_pipeline.interpreter:  Encountered exception in validating flowmeter SLS1500: string index out of range. Raw output nan
WARNING: 17:06:20 - main_pipeline.interpreter:  Encountered exception in validating flowmeter SLS1500: string index out of range. Raw output nan
WARNING: 17:06:20 - main_pipeline.interpreter:  Encountered exception in validating flowmeter SLS1500: string index out of range. Raw output nan
WARNING: 17:06:20 - main_pipeline.interpreter:  Encountered exception in validating flowmeter SLS1500: string index out of range. Raw output nan
WARNING: 17:06:20 - main_pipeline.interpreter:  Encountered exception in validating flowmeter SLS1500: string index out of range. Raw output nan
WARNING: 17:06:20 - main_pipeline.interpreter:  Encountered exception in validating flowmeter SLS1500: string index out of range. Raw output nan
WARNING: 17:06:20 - main_pipeline.interpreter:  Encountered exception in validating flowmeter SLS1500: string index out of range. Raw output nan
WARNING: 17:06:20 - main_pipeline.interpreter:  Encountered exception in validating flowmeter SLS1500: string index out of range. Raw output nan
WARNING: 17:06:20 - main_pipeline.interpreter:  Encountered exception in validating flowmeter SLS1500: string index out of range. Raw output nan
WARNING: 17:06:20 - main_pipeline.interpreter:  Encountered exception in validating flowmeter SLS1500: string index out of range. Raw output nan
WARNING: 17:06:20 - main_pipeline.interpreter:  Encountered exception in validating flowmeter SLS1500: string index out of range. Raw output nan
WARNING: 17:06:20 - main_pipeline.interpreter:  Encountered exception in validating flowmeter SLS1500: string index out of range. Raw output nan
WARNING: 17:06:20 - main_pipeline.interpreter:  Encountered exception in validating flowmeter SLS1500: string index out of range. Raw output nan
WARNING: 17:06:20 - main_pipeline.interpreter:  Unexpected error in processing flowmeter SLS1500: 'bool' object is not iterable
WARNING: 17:06:21 - main_pipeline.interpreter:  Encountered exception in validating flowmeter SLI2000: string index out of range. Raw output nan
WARNING: 17:06:21 - main_pipeline.interpreter:  Encountered exception in validating flowmeter SLI2000: string index out of range. Raw output nan
WARNING: 17:06:21 - main_pipeline.interpreter:  Encountered exception in validating flowmeter SLI2000: string index out of range. Raw output nan
WARNING: 17:06:21 - main_pipeline.interpreter:  Encountered exception in validating flowmeter SLI2000: string index out of range. Raw output nan
WARNING: 17:06:21 - main_pipeline.interpreter:  Encountered exception in validating flowmeter SLI2000: string index out of range. Raw output nan
WARNING: 17:06:21 - main_pipeline.interpreter:  Encountered exception in validating flowmeter SLI2000: string index out of range. Raw output nan
WARNING: 17:06:21 - main_pipeline.interpreter:  Encountered exception in validating flowmeter SLI2000: string index out of range. Raw output nan
WARNING: 17:06:21 - main_pipeline.interpreter:  Encountered exception in validating flowmeter SLI2000: string index out of range. Raw output nan
WARNING: 17:06:21 - main_pipeline.interpreter:  Encountered exception in validating flowmeter SLI2000: string index out of range. Raw output nan
WARNING: 17:06:21 - main_pipeline.interpreter:  Encountered exception in validating flowmeter SLI2000: string index out of range. Raw output nan
WARNING: 17:06:21 - main_pipeline.interpreter:  Encountered exception in validating flowmeter SLI2000: string index out of range. Raw output nan
WARNING: 17:06:21 - main_pipeline.interpreter:  Encountered exception in validating flowmeter SLI2000: string index out of range. Raw output nan
WARNING: 17:06:21 - main_pipeline.interpreter:  Encountered exception in validating flowmeter SLI2000: string index out of range. Raw output nan
WARNING: 17:06:21 - main_pipeline.interpreter:  Encountered exception in validating flowmeter SLI2000: string index out of range. Raw output nan
WARNING: 17:06:21 - main_pipeline.interpreter:  Encountered exception in validating flowmeter SLI2000: string index out of range. Raw output nan
WARNING: 17:06:21 - main_pipeline.interpreter:  Unexpected error in processing flowmeter SLI2000: 'bool' object is not iterable
WARNING: 17:06:21 - main_pipeline.interpreter:  Encountered exception in validating flowmeter SLS1500: string index out of range. Raw output nan
WARNING: 17:06:21 - main_pipeline.interpreter:  Encountered exception in validating flowmeter SLS1500: string index out of range. Raw output nan
WARNING: 17:06:21 - main_pipeline.interpreter:  Encountered exception in validating flowmeter SLS1500: string index out of range. Raw output nan
WARNING: 17:06:21 - main_pipeline.interpreter:  Encountered exception in validating flowmeter SLS1500: string index out of range. Raw output nan
WARNING: 17:06:21 - main_pipeline.interpreter:  Encountered exception in validating flowmeter SLS1500: string index out of range. Raw output nan
WARNING: 17:06:21 - main_pipeline.interpreter:  Encountered exception in validating flowmeter SLS1500: string index out of range. Raw output nan
WARNING: 17:06:21 - main_pipeline.interpreter:  Encountered exception in validating flowmeter SLS1500: string index out of range. Raw output nan
WARNING: 17:06:21 - main_pipeline.interpreter:  Encountered exception in validating flowmeter SLS1500: string index out of range. Raw output nan
WARNING: 17:06:21 - main_pipeline.interpreter:  Encountered exception in validating flowmeter SLS1500: string index out of range. Raw output nan
WARNING: 17:06:21 - main_pipeline.interpreter:  Encountered exception in validating flowmeter SLS1500: string index out of range. Raw output nan
WARNING: 17:06:21 - main_pipeline.interpreter:  Encountered exception in validating flowmeter SLS1500: string index out of range. Raw output nan
WARNING: 17:06:21 - main_pipeline.interpreter:  Encountered exception in validating flowmeter SLS1500: string index out of range. Raw output nan
WARNING: 17:06:21 - main_pipeline.interpreter:  Encountered exception in validating flowmeter SLS1500: string index out of range. Raw output nan
WARNING: 17:06:21 - main_pipeline.interpreter:  Encountered exception in validating flowmeter SLS1500: string index out of range. Raw output nan
WARNING: 17:06:21 - main_pipeline.interpreter:  Encountered exception in validating flowmeter SLS1500: string index out of range. Raw output nan
WARNING: 17:06:21 - main_pipeline.interpreter:  Unexpected error in processing flowmeter SLS1500: 'bool' object is not iterable
WARNING: 17:06:22 - main_pipeline.interpreter:  Encountered exception in validating flowmeter SLI2000: string index out of range. Raw output nan
WARNING: 17:06:22 - main_pipeline.interpreter:  Encountered exception in validating flowmeter SLI2000: string index out of range. Raw output nan
WARNING: 17:06:22 - main_pipeline.interpreter:  Encountered exception in validating flowmeter SLI2000: string index out of range. Raw output nan
WARNING: 17:06:22 - main_pipeline.interpreter:  Encountered exception in validating flowmeter SLI2000: string index out of range. Raw output nan
WARNING: 17:06:22 - main_pipeline.interpreter:  Encountered exception in validating flowmeter SLI2000: string index out of range. Raw output nan
WARNING: 17:06:22 - main_pipeline.interpreter:  Encountered exception in validating flowmeter SLI2000: string index out of range. Raw output nan
WARNING: 17:06:22 - main_pipeline.interpreter:  Encountered exception in validating flowmeter SLI2000: string index out of range. Raw output nan
WARNING: 17:06:22 - main_pipeline.interpreter:  Encountered exception in validating flowmeter SLI2000: string index out of range. Raw output nan
WARNING: 17:06:22 - main_pipeline.interpreter:  Encountered exception in validating flowmeter SLI2000: string index out of range. Raw output nan
WARNING: 17:06:22 - main_pipeline.interpreter:  Encountered exception in validating flowmeter SLI2000: string index out of range. Raw output nan
WARNING: 17:06:22 - main_pipeline.interpreter:  Encountered exception in validating flowmeter SLI2000: string index out of range. Raw output nan
WARNING: 17:06:22 - main_pipeline.interpreter:  Encountered exception in validating flowmeter SLI2000: string index out of range. Raw output nan
WARNING: 17:06:22 - main_pipeline.interpreter:  Encountered exception in validating flowmeter SLI2000: string index out of range. Raw output nan
WARNING: 17:06:22 - main_pipeline.interpreter:  Encountered exception in validating flowmeter SLI2000: string index out of range. Raw output nan
WARNING: 17:06:22 - main_pipeline.interpreter:  Encountered exception in validating flowmeter SLI2000: string index out of range. Raw output nan
WARNING: 17:06:22 - main_pipeline.interpreter:  Unexpected error in processing flowmeter SLI2000: 'bool' object is not iterable
WARNING: 17:06:22 - main_pipeline.interpreter:  Encountered exception in validating flowmeter SLS1500: string index out of range. Raw output nan
WARNING: 17:06:22 - main_pipeline.interpreter:  Encountered exception in validating flowmeter SLS1500: string index out of range. Raw output nan
WARNING: 17:06:22 - main_pipeline.interpreter:  Encountered exception in validating flowmeter SLS1500: string index out of range. Raw output nan
WARNING: 17:06:22 - main_pipeline.interpreter:  Encountered exception in validating flowmeter SLS1500: string index out of range. Raw output nan
WARNING: 17:06:22 - main_pipeline.interpreter:  Encountered exception in validating flowmeter SLS1500: string index out of range. Raw output nan
WARNING: 17:06:22 - main_pipeline.interpreter:  Encountered exception in validating flowmeter SLS1500: string index out of range. Raw output nan
WARNING: 17:06:22 - main_pipeline.interpreter:  Encountered exception in validating flowmeter SLS1500: string index out of range. Raw output nan
WARNING: 17:06:22 - main_pipeline.interpreter:  Encountered exception in validating flowmeter SLS1500: string index out of range. Raw output nan
WARNING: 17:06:22 - main_pipeline.interpreter:  Encountered exception in validating flowmeter SLS1500: string index out of range. Raw output nan
WARNING: 17:06:22 - main_pipeline.interpreter:  Encountered exception in validating flowmeter SLS1500: string index out of range. Raw output nan
WARNING: 17:06:22 - main_pipeline.interpreter:  Encountered exception in validating flowmeter SLS1500: string index out of range. Raw output nan
WARNING: 17:06:22 - main_pipeline.interpreter:  Encountered exception in validating flowmeter SLS1500: string index out of range. Raw output nan
WARNING: 17:06:22 - main_pipeline.interpreter:  Encountered exception in validating flowmeter SLS1500: string index out of range. Raw output nan
WARNING: 17:06:22 - main_pipeline.interpreter:  Encountered exception in validating flowmeter SLS1500: string index out of range. Raw output nan
WARNING: 17:06:22 - main_pipeline.interpreter:  Encountered exception in validating flowmeter SLS1500: string index out of range. Raw output nan
WARNING: 17:06:22 - main_pipeline.interpreter:  Unexpected error in processing flowmeter SLS1500: 'bool' object is not iterable
WARNING: 17:06:23 - main_pipeline.interpreter:  Encountered exception in validating flowmeter SLI2000: string index out of range. Raw output nan
WARNING: 17:06:23 - main_pipeline.interpreter:  Encountered exception in validating flowmeter SLI2000: string index out of range. Raw output nan
WARNING: 17:06:23 - main_pipeline.interpreter:  Encountered exception in validating flowmeter SLI2000: string index out of range. Raw output nan
WARNING: 17:06:23 - main_pipeline.interpreter:  Encountered exception in validating flowmeter SLI2000: string index out of range. Raw output nan
WARNING: 17:06:23 - main_pipeline.interpreter:  Encountered exception in validating flowmeter SLI2000: string index out of range. Raw output nan
WARNING: 17:06:23 - main_pipeline.interpreter:  Encountered exception in validating flowmeter SLI2000: string index out of range. Raw output nan
WARNING: 17:06:23 - main_pipeline.interpreter:  Encountered exception in validating flowmeter SLI2000: string index out of range. Raw output nan
WARNING: 17:06:23 - main_pipeline.interpreter:  Encountered exception in validating flowmeter SLI2000: string index out of range. Raw output nan
WARNING: 17:06:23 - main_pipeline.interpreter:  Encountered exception in validating flowmeter SLI2000: string index out of range. Raw output nan
WARNING: 17:06:23 - main_pipeline.interpreter:  Encountered exception in validating flowmeter SLI2000: string index out of range. Raw output nan
WARNING: 17:06:23 - main_pipeline.interpreter:  Encountered exception in validating flowmeter SLI2000: string index out of range. Raw output nan
WARNING: 17:06:23 - main_pipeline.interpreter:  Encountered exception in validating flowmeter SLI2000: string index out of range. Raw output nan
WARNING: 17:06:23 - main_pipeline.interpreter:  Encountered exception in validating flowmeter SLI2000: string index out of range. Raw output nan
WARNING: 17:06:23 - main_pipeline.interpreter:  Encountered exception in validating flowmeter SLI2000: string index out of range. Raw output nan
WARNING: 17:06:23 - main_pipeline.interpreter:  Encountered exception in validating flowmeter SLI2000: string index out of range. Raw output nan
WARNING: 17:06:23 - main_pipeline.interpreter:  Unexpected error in processing flowmeter SLI2000: 'bool' object is not iterable
WARNING: 17:06:23 - main_pipeline.interpreter:  Encountered exception in validating flowmeter SLS1500: string index out of range. Raw output nan
WARNING: 17:06:23 - main_pipeline.interpreter:  Encountered exception in validating flowmeter SLS1500: string index out of range. Raw output nan
WARNING: 17:06:23 - main_pipeline.interpreter:  Encountered exception in validating flowmeter SLS1500: string index out of range. Raw output nan
WARNING: 17:06:23 - main_pipeline.interpreter:  Encountered exception in validating flowmeter SLS1500: string index out of range. Raw output nan
WARNING: 17:06:23 - main_pipeline.interpreter:  Encountered exception in validating flowmeter SLS1500: string index out of range. Raw output nan
WARNING: 17:06:23 - main_pipeline.interpreter:  Encountered exception in validating flowmeter SLS1500: string index out of range. Raw output nan
WARNING: 17:06:23 - main_pipeline.interpreter:  Encountered exception in validating flowmeter SLS1500: string index out of range. Raw output nan
WARNING: 17:06:23 - main_pipeline.interpreter:  Encountered exception in validating flowmeter SLS1500: string index out of range. Raw output nan
WARNING: 17:06:23 - main_pipeline.interpreter:  Encountered exception in validating flowmeter SLS1500: string index out of range. Raw output nan
WARNING: 17:06:23 - main_pipeline.interpreter:  Encountered exception in validating flowmeter SLS1500: string index out of range. Raw output nan
WARNING: 17:06:23 - main_pipeline.interpreter:  Encountered exception in validating flowmeter SLS1500: string index out of range. Raw output nan
WARNING: 17:06:23 - main_pipeline.interpreter:  Encountered exception in validating flowmeter SLS1500: string index out of range. Raw output nan
WARNING: 17:06:23 - main_pipeline.interpreter:  Encountered exception in validating flowmeter SLS1500: string index out of range. Raw output nan
WARNING: 17:06:23 - main_pipeline.interpreter:  Encountered exception in validating flowmeter SLS1500: string index out of range. Raw output nan
WARNING: 17:06:23 - main_pipeline.interpreter:  Encountered exception in validating flowmeter SLS1500: string index out of range. Raw output nan
WARNING: 17:06:23 - main_pipeline.interpreter:  Unexpected error in processing flowmeter SLS1500: 'bool' object is not iterable
WARNING: 17:06:24 - main_pipeline.interpreter:  Encountered exception in validating flowmeter SLI2000: string index out of range. Raw output nan
WARNING: 17:06:24 - main_pipeline.interpreter:  Encountered exception in validating flowmeter SLI2000: string index out of range. Raw output nan
WARNING: 17:06:24 - main_pipeline.interpreter:  Encountered exception in validating flowmeter SLI2000: string index out of range. Raw output nan
WARNING: 17:06:24 - main_pipeline.interpreter:  Encountered exception in validating flowmeter SLI2000: string index out of range. Raw output nan
WARNING: 17:06:24 - main_pipeline.interpreter:  Encountered exception in validating flowmeter SLI2000: string index out of range. Raw output nan
WARNING: 17:06:24 - main_pipeline.interpreter:  Encountered exception in validating flowmeter SLI2000: string index out of range. Raw output nan
WARNING: 17:06:24 - main_pipeline.interpreter:  Encountered exception in validating flowmeter SLI2000: string index out of range. Raw output nan
WARNING: 17:06:24 - main_pipeline.interpreter:  Encountered exception in validating flowmeter SLI2000: string index out of range. Raw output nan
WARNING: 17:06:24 - main_pipeline.interpreter:  Encountered exception in validating flowmeter SLI2000: string index out of range. Raw output nan
WARNING: 17:06:24 - main_pipeline.interpreter:  Encountered exception in validating flowmeter SLI2000: string index out of range. Raw output nan
WARNING: 17:06:24 - main_pipeline.interpreter:  Encountered exception in validating flowmeter SLI2000: string index out of range. Raw output nan
WARNING: 17:06:24 - main_pipeline.interpreter:  Encountered exception in validating flowmeter SLI2000: string index out of range. Raw output nan
WARNING: 17:06:24 - main_pipeline.interpreter:  Encountered exception in validating flowmeter SLI2000: string index out of range. Raw output nan
WARNING: 17:06:24 - main_pipeline.interpreter:  Encountered exception in validating flowmeter SLI2000: string index out of range. Raw output nan
WARNING: 17:06:24 - main_pipeline.interpreter:  Encountered exception in validating flowmeter SLI2000: string index out of range. Raw output nan
WARNING: 17:06:24 - main_pipeline.interpreter:  Unexpected error in processing flowmeter SLI2000: 'bool' object is not iterable
WARNING: 17:06:24 - main_pipeline.interpreter:  Encountered exception in validating flowmeter SLS1500: string index out of range. Raw output nan
WARNING: 17:06:24 - main_pipeline.interpreter:  Encountered exception in validating flowmeter SLS1500: string index out of range. Raw output nan
WARNING: 17:06:24 - main_pipeline.interpreter:  Encountered exception in validating flowmeter SLS1500: string index out of range. Raw output nan
WARNING: 17:06:24 - main_pipeline.interpreter:  Encountered exception in validating flowmeter SLS1500: string index out of range. Raw output nan
WARNING: 17:06:24 - main_pipeline.interpreter:  Encountered exception in validating flowmeter SLS1500: string index out of range. Raw output nan
WARNING: 17:06:24 - main_pipeline.interpreter:  Encountered exception in validating flowmeter SLS1500: string index out of range. Raw output nan
WARNING: 17:06:24 - main_pipeline.interpreter:  Encountered exception in validating flowmeter SLS1500: string index out of range. Raw output nan
WARNING: 17:06:24 - main_pipeline.interpreter:  Encountered exception in validating flowmeter SLS1500: string index out of range. Raw output nan
WARNING: 17:06:24 - main_pipeline.interpreter:  Encountered exception in validating flowmeter SLS1500: string index out of range. Raw output nan
WARNING: 17:06:24 - main_pipeline.interpreter:  Encountered exception in validating flowmeter SLS1500: string index out of range. Raw output nan
WARNING: 17:06:24 - main_pipeline.interpreter:  Encountered exception in validating flowmeter SLS1500: string index out of range. Raw output nan
WARNING: 17:06:24 - main_pipeline.interpreter:  Encountered exception in validating flowmeter SLS1500: string index out of range. Raw output nan
WARNING: 17:06:24 - main_pipeline.interpreter:  Encountered exception in validating flowmeter SLS1500: string index out of range. Raw output nan
WARNING: 17:06:24 - main_pipeline.interpreter:  Encountered exception in validating flowmeter SLS1500: string index out of range. Raw output nan
WARNING: 17:06:24 - main_pipeline.interpreter:  Encountered exception in validating flowmeter SLS1500: string index out of range. Raw output nan
WARNING: 17:06:24 - main_pipeline.interpreter:  Unexpected error in processing flowmeter SLS1500: 'bool' object is not iterable
WARNING: 17:06:25 - main_pipeline.interpreter:  Encountered exception in validating flowmeter SLI2000: string index out of range. Raw output nan
WARNING: 17:06:25 - main_pipeline.interpreter:  Encountered exception in validating flowmeter SLI2000: string index out of range. Raw output nan
WARNING: 17:06:25 - main_pipeline.interpreter:  Encountered exception in validating flowmeter SLI2000: string index out of range. Raw output nan
WARNING: 17:06:25 - main_pipeline.interpreter:  Encountered exception in validating flowmeter SLI2000: string index out of range. Raw output nan
WARNING: 17:06:25 - main_pipeline.interpreter:  Encountered exception in validating flowmeter SLI2000: string index out of range. Raw output nan
WARNING: 17:06:25 - main_pipeline.interpreter:  Encountered exception in validating flowmeter SLI2000: string index out of range. Raw output nan
WARNING: 17:06:25 - main_pipeline.interpreter:  Encountered exception in validating flowmeter SLI2000: string index out of range. Raw output nan
WARNING: 17:06:25 - main_pipeline.interpreter:  Encountered exception in validating flowmeter SLI2000: string index out of range. Raw output nan
WARNING: 17:06:25 - main_pipeline.interpreter:  Encountered exception in validating flowmeter SLI2000: string index out of range. Raw output nan
WARNING: 17:06:25 - main_pipeline.interpreter:  Encountered exception in validating flowmeter SLI2000: string index out of range. Raw output nan
WARNING: 17:06:25 - main_pipeline.interpreter:  Encountered exception in validating flowmeter SLI2000: string index out of range. Raw output nan
WARNING: 17:06:25 - main_pipeline.interpreter:  Encountered exception in validating flowmeter SLI2000: string index out of range. Raw output nan
WARNING: 17:06:25 - main_pipeline.interpreter:  Encountered exception in validating flowmeter SLI2000: string index out of range. Raw output nan
WARNING: 17:06:25 - main_pipeline.interpreter:  Encountered exception in validating flowmeter SLI2000: string index out of range. Raw output nan
WARNING: 17:06:25 - main_pipeline.interpreter:  Encountered exception in validating flowmeter SLI2000: string index out of range. Raw output nan
WARNING: 17:06:25 - main_pipeline.interpreter:  Unexpected error in processing flowmeter SLI2000: 'bool' object is not iterable
WARNING: 17:06:25 - main_pipeline.interpreter:  Encountered exception in validating flowmeter SLS1500: string index out of range. Raw output nan
WARNING: 17:06:25 - main_pipeline.interpreter:  Encountered exception in validating flowmeter SLS1500: string index out of range. Raw output nan
WARNING: 17:06:25 - main_pipeline.interpreter:  Encountered exception in validating flowmeter SLS1500: string index out of range. Raw output nan
WARNING: 17:06:25 - main_pipeline.interpreter:  Encountered exception in validating flowmeter SLS1500: string index out of range. Raw output nan
WARNING: 17:06:25 - main_pipeline.interpreter:  Encountered exception in validating flowmeter SLS1500: string index out of range. Raw output nan
WARNING: 17:06:25 - main_pipeline.interpreter:  Encountered exception in validating flowmeter SLS1500: string index out of range. Raw output nan
WARNING: 17:06:25 - main_pipeline.interpreter:  Encountered exception in validating flowmeter SLS1500: string index out of range. Raw output nan
WARNING: 17:06:25 - main_pipeline.interpreter:  Encountered exception in validating flowmeter SLS1500: string index out of range. Raw output nan
WARNING: 17:06:25 - main_pipeline.interpreter:  Encountered exception in validating flowmeter SLS1500: string index out of range. Raw output nan
WARNING: 17:06:25 - main_pipeline.interpreter:  Encountered exception in validating flowmeter SLS1500: string index out of range. Raw output nan
WARNING: 17:06:25 - main_pipeline.interpreter:  Encountered exception in validating flowmeter SLS1500: string index out of range. Raw output nan
WARNING: 17:06:25 - main_pipeline.interpreter:  Encountered exception in validating flowmeter SLS1500: string index out of range. Raw output nan
WARNING: 17:06:25 - main_pipeline.interpreter:  Encountered exception in validating flowmeter SLS1500: string index out of range. Raw output nan
WARNING: 17:06:25 - main_pipeline.interpreter:  Encountered exception in validating flowmeter SLS1500: string index out of range. Raw output nan
WARNING: 17:06:25 - main_pipeline.interpreter:  Encountered exception in validating flowmeter SLS1500: string index out of range. Raw output nan
WARNING: 17:06:25 - main_pipeline.interpreter:  Unexpected error in processing flowmeter SLS1500: 'bool' object is not iterable
INFO: 17:06:25 - main_pipeline.sensor:  Shutting down sensors
INFO: 17:06:25 - sensor_interfaces.sim_instruments:  Abakus measurements stopped
INFO: 17:06:25 - sensor_interfaces.sim_instruments:  Dimetix laser turned off
INFO: 17:06:25 - main_pipeline.sensor:  Finished shutting down sensors
INFO: 17:06:28 - main_pipeline.sensor:  Shutting down sensors
INFO: 17:06:28 - sensor_interfaces.sim_instruments:  Abakus measurements stopped
INFO: 17:06:28 - sensor_interfaces.sim_instruments:  Dimetix laser turned off
INFO: 17:06:28 - main_pipeline.sensor:  Finished shutting down sensors
INFO: 17:24:48 - main_pipeline.sensor:  Couldn't find Picarro at port COM8, shadowing sensor calls with substitute functions
INFO: 17:24:48 - main_pipeline.sensor:  Couldn't find Picarro at port COM7, shadowing sensor calls with substitute functions
WARNING: 17:24:48 - main_pipeline.sensor:  Couldn't find Abakus at port COM4, shadowing sensor calls with substitute functions
WARNING: 17:24:48 - main_pipeline.sensor:  Couldn't find Flowmeter at port COM3 and COM5, shadowing sensor calls with substitute functions
WARNING: 17:24:48 - main_pipeline.sensor:  Couldn't find Dimetix laser at port COM6, shadowing sensor calls with substitute functions
WARNING: 17:24:48 - main_pipeline.sensor:  Couldn't find Bronkhorst at port COM9, shadowing sensor calls with substitute functions
WARNING: 17:24:48 - main_pipeline.sensor:  Couldn't find Melthead at port COM9, shadowing sensor calls with substitute functions
INFO: 17:24:48 - sensor_interfaces.sim_instruments:  Fake hardware, pretending to use serial port COM4 with baud 38400
INFO: 17:24:48 - sensor_interfaces.sim_instruments:  Fake hardware, pretending to use serial port COM3 with baud 115200
INFO: 17:24:48 - sensor_interfaces.sim_instruments:  Fake hardware, pretending to use serial port COM5 with baud 115200
INFO: 17:24:48 - sensor_interfaces.sim_instruments:  Fake hardware, pretending to use serial port COM6 with baud 19200
INFO: 17:24:48 - sensor_interfaces.sim_instruments:  Fake hardware, pretending to use serial port COM8 with baud 19200
INFO: 17:24:48 - sensor_interfaces.sim_instruments:  Fake hardware, pretending to use serial port COM7 with baud 19200
INFO: 17:24:48 - sensor_interfaces.sim_instruments:  Fake hardware, pretending to use serial port COM9 with baud 38400
INFO: 17:24:48 - main_pipeline.sensor:  Sensor class initiated, running from source
INFO: 17:24:48 - main_pipeline.interpreter:  Interpreter class initiated
INFO: 17:24:48 - main_pipeline.writer:  Display class initiated
INFO: 17:24:48 - __main__:  No control inputs for the Picarro Gas
INFO: 17:24:48 - __main__:  No control inputs for the Picarro Water
INFO: 17:24:48 - __main__:  No control inputs for the Laser Distance Sensor
INFO: 17:24:48 - __main__:  No control inputs for the Abakus Particle Counter
INFO: 17:24:48 - __main__:  No control inputs for the Flowmeter
INFO: 17:25:37 - main_pipeline.sensor:  Shutting down sensors
INFO: 17:25:37 - sensor_interfaces.sim_instruments:  Abakus measurements stopped
INFO: 17:25:37 - sensor_interfaces.sim_instruments:  Dimetix laser turned off
INFO: 17:25:37 - main_pipeline.sensor:  Finished shutting down sensors
INFO: 17:39:43 - __main__:  Interpreter class initiated, running from source
INFO: 17:41:05 - __main__:  Interpreter class initiated, running from source
INFO: 17:41:09 - main_pipeline.sensor:  Couldn't find Picarro at port COM8, shadowing sensor calls with substitute functions
INFO: 17:41:09 - main_pipeline.sensor:  Couldn't find Picarro at port COM7, shadowing sensor calls with substitute functions
WARNING: 17:41:09 - main_pipeline.sensor:  Couldn't find Abakus at port COM4, shadowing sensor calls with substitute functions
WARNING: 17:41:09 - main_pipeline.sensor:  Couldn't find Flowmeter at port COM3 and COM5, shadowing sensor calls with substitute functions
WARNING: 17:41:09 - main_pipeline.sensor:  Couldn't find Dimetix laser at port COM6, shadowing sensor calls with substitute functions
WARNING: 17:41:09 - main_pipeline.sensor:  Couldn't find Bronkhorst at port COM9, shadowing sensor calls with substitute functions
WARNING: 17:41:09 - main_pipeline.sensor:  Couldn't find Melthead at port COM9, shadowing sensor calls with substitute functions
INFO: 17:41:09 - sensor_interfaces.sim_instruments:  Fake hardware, pretending to use serial port COM4 with baud 38400
INFO: 17:41:09 - sensor_interfaces.sim_instruments:  Fake hardware, pretending to use serial port COM3 with baud 115200
INFO: 17:41:09 - sensor_interfaces.sim_instruments:  Fake hardware, pretending to use serial port COM5 with baud 115200
INFO: 17:41:09 - sensor_interfaces.sim_instruments:  Fake hardware, pretending to use serial port COM6 with baud 19200
INFO: 17:41:09 - sensor_interfaces.sim_instruments:  Fake hardware, pretending to use serial port COM8 with baud 19200
INFO: 17:41:09 - sensor_interfaces.sim_instruments:  Fake hardware, pretending to use serial port COM7 with baud 19200
INFO: 17:41:09 - sensor_interfaces.sim_instruments:  Fake hardware, pretending to use serial port COM9 with baud 38400
INFO: 17:41:09 - main_pipeline.sensor:  Sensor class initiated, running from source
INFO: 17:41:09 - main_pipeline.interpreter:  Interpreter class initiated, running from source
INFO: 17:41:09 - main_pipeline.writer:  Writer class initiated, running from source
INFO: 17:41:09 - __main__:  No control inputs for the Picarro Gas
INFO: 17:41:09 - __main__:  No control inputs for the Picarro Water
INFO: 17:41:09 - __main__:  No control inputs for the Laser Distance Sensor
INFO: 17:41:09 - __main__:  No control inputs for the Abakus Particle Counter
INFO: 17:41:09 - __main__:  No control inputs for the Flowmeter
INFO: 17:41:38 - main_pipeline.sensor:  Shutting down sensors
INFO: 17:41:38 - sensor_interfaces.sim_instruments:  Abakus measurements stopped
INFO: 17:41:38 - sensor_interfaces.sim_instruments:  Dimetix laser turned off
INFO: 17:41:38 - main_pipeline.sensor:  Finished shutting down sensors
INFO: 17:46:00 - __main__:  Couldn't find Picarro at port COM8, shadowing sensor calls with substitute functions
INFO: 17:46:00 - __main__:  Couldn't find Picarro at port COM7, shadowing sensor calls with substitute functions
WARNING: 17:46:00 - __main__:  Couldn't find Abakus at port COM4, shadowing sensor calls with substitute functions
WARNING: 17:46:00 - __main__:  Couldn't find Flowmeter at port COM3 and COM5, shadowing sensor calls with substitute functions
WARNING: 17:46:00 - __main__:  Couldn't find Dimetix laser at port COM6, shadowing sensor calls with substitute functions
WARNING: 17:46:00 - __main__:  Couldn't find Bronkhorst at port COM9, shadowing sensor calls with substitute functions
WARNING: 17:46:00 - __main__:  Couldn't find Melthead at port COM9, shadowing sensor calls with substitute functions
INFO: 17:46:11 - __main__:  Couldn't find Picarro at port COM8, shadowing sensor calls with substitute functions
INFO: 17:46:11 - __main__:  Couldn't find Picarro at port COM7, shadowing sensor calls with substitute functions
WARNING: 17:46:11 - __main__:  Couldn't find Abakus at port COM4, shadowing sensor calls with substitute functions
WARNING: 17:46:11 - __main__:  Couldn't find Flowmeter at port COM3 and COM5, shadowing sensor calls with substitute functions
WARNING: 17:46:11 - __main__:  Couldn't find Dimetix laser at port COM6, shadowing sensor calls with substitute functions
WARNING: 17:46:11 - __main__:  Couldn't find Bronkhorst at port COM9, shadowing sensor calls with substitute functions
WARNING: 17:46:11 - __main__:  Couldn't find Melthead at port COM9, shadowing sensor calls with substitute functions
INFO: 17:46:37 - __main__:  Couldn't find Picarro at port COM8, shadowing sensor calls with substitute functions
INFO: 17:46:37 - __main__:  Couldn't find Picarro at port COM7, shadowing sensor calls with substitute functions
WARNING: 17:46:37 - __main__:  Couldn't find Abakus at port COM4, shadowing sensor calls with substitute functions
WARNING: 17:46:37 - __main__:  Couldn't find Flowmeter at port COM3 and COM5, shadowing sensor calls with substitute functions
WARNING: 17:46:37 - __main__:  Couldn't find Dimetix laser at port COM6, shadowing sensor calls with substitute functions
WARNING: 17:46:37 - __main__:  Couldn't find Bronkhorst at port COM9, shadowing sensor calls with substitute functions
WARNING: 17:46:37 - __main__:  Couldn't find Melthead at port COM9, shadowing sensor calls with substitute functions
INFO: 17:47:19 - __main__:  Couldn't find Picarro at port COM8, shadowing sensor calls with substitute functions
INFO: 17:47:19 - __main__:  Couldn't find Picarro at port COM7, shadowing sensor calls with substitute functions
WARNING: 17:47:19 - __main__:  Couldn't find Abakus at port COM4, shadowing sensor calls with substitute functions
WARNING: 17:47:19 - __main__:  Couldn't find Flowmeter at port COM3 and COM5, shadowing sensor calls with substitute functions
WARNING: 17:47:19 - __main__:  Couldn't find Dimetix laser at port COM6, shadowing sensor calls with substitute functions
WARNING: 17:47:19 - __main__:  Couldn't find Bronkhorst at port COM9, shadowing sensor calls with substitute functions
WARNING: 17:47:19 - __main__:  Couldn't find Melthead at port COM9, shadowing sensor calls with substitute functions
INFO: 17:47:19 - sensor_interfaces.sim_instruments:  Fake hardware, pretending to use serial port COM4 with baud 38400
INFO: 17:47:19 - sensor_interfaces.sim_instruments:  Fake hardware, pretending to use serial port COM3 with baud 115200
INFO: 17:47:19 - sensor_interfaces.sim_instruments:  Fake hardware, pretending to use serial port COM5 with baud 115200
INFO: 17:47:19 - sensor_interfaces.sim_instruments:  Fake hardware, pretending to use serial port COM6 with baud 19200
INFO: 17:47:19 - sensor_interfaces.sim_instruments:  Fake hardware, pretending to use serial port COM8 with baud 19200
INFO: 17:47:19 - sensor_interfaces.sim_instruments:  Fake hardware, pretending to use serial port COM7 with baud 19200
INFO: 17:47:19 - sensor_interfaces.sim_instruments:  Fake hardware, pretending to use serial port COM9 with baud 38400
INFO: 17:47:19 - __main__:  Sensor class initiated, running from source
INFO: 17:47:19 - __main__:  Shutting down sensors
INFO: 17:47:19 - sensor_interfaces.sim_instruments:  Abakus measurements stopped
INFO: 17:47:19 - sensor_interfaces.sim_instruments:  Dimetix laser turned off
INFO: 17:47:19 - __main__:  Finished shutting down sensors
INFO: 17:47:19 - sensor_interfaces.sim_instruments:  Dimetix laser turned off
INFO: 17:47:19 - sensor_interfaces.sim_instruments:  Abakus measurements stopped
INFO: 17:48:54 - __main__:  Writer class initiated, running from source
INFO: 17:49:27 - __main__:  Writer class initiated, running from source
INFO: 17:50:02 - __main__:  Writer class initiated, running from source
INFO: 17:50:43 - __main__:  Writer class initiated, running from source
INFO: 17:50:47 - __main__:  Writer class initiated, running from source
INFO: 18:20:15 - __main__:  Interpreter class initiated, running from source
INFO: 18:20:20 - main_pipeline.sensor:  Couldn't find Picarro at port COM8, shadowing sensor calls with substitute functions
INFO: 18:20:20 - main_pipeline.sensor:  Couldn't find Picarro at port COM7, shadowing sensor calls with substitute functions
WARNING: 18:20:20 - main_pipeline.sensor:  Couldn't find Abakus at port COM4, shadowing sensor calls with substitute functions
WARNING: 18:20:20 - main_pipeline.sensor:  Couldn't find Flowmeter at port COM3 and COM5, shadowing sensor calls with substitute functions
WARNING: 18:20:20 - main_pipeline.sensor:  Couldn't find Dimetix laser at port COM6, shadowing sensor calls with substitute functions
WARNING: 18:20:20 - main_pipeline.sensor:  Couldn't find Bronkhorst at port COM9, shadowing sensor calls with substitute functions
WARNING: 18:20:20 - main_pipeline.sensor:  Couldn't find Melthead at port COM9, shadowing sensor calls with substitute functions
INFO: 18:20:20 - sensor_interfaces.sim_instruments:  Fake hardware, pretending to use serial port COM4 with baud 38400
INFO: 18:20:20 - sensor_interfaces.sim_instruments:  Fake hardware, pretending to use serial port COM3 with baud 115200
INFO: 18:20:20 - sensor_interfaces.sim_instruments:  Fake hardware, pretending to use serial port COM5 with baud 115200
INFO: 18:20:20 - sensor_interfaces.sim_instruments:  Fake hardware, pretending to use serial port COM6 with baud 19200
INFO: 18:20:20 - sensor_interfaces.sim_instruments:  Fake hardware, pretending to use serial port COM8 with baud 19200
INFO: 18:20:20 - sensor_interfaces.sim_instruments:  Fake hardware, pretending to use serial port COM7 with baud 19200
INFO: 18:20:20 - sensor_interfaces.sim_instruments:  Fake hardware, pretending to use serial port COM9 with baud 38400
INFO: 18:20:20 - main_pipeline.sensor:  Sensor class initiated, running from source
INFO: 18:20:20 - main_pipeline.interpreter:  Interpreter class initiated, running from source
INFO: 18:20:20 - main_pipeline.writer:  Writer class initiated, running from source
INFO: 18:20:20 - __main__:  No control inputs for the Picarro Gas
INFO: 18:20:20 - __main__:  No control inputs for the Picarro Water
INFO: 18:20:20 - __main__:  No control inputs for the Laser Distance Sensor
INFO: 18:20:20 - __main__:  No control inputs for the Abakus Particle Counter
INFO: 18:20:20 - __main__:  No control inputs for the Flowmeter
INFO: 18:20:22 - main_pipeline.sensor:  Initializing sensors
INFO: 18:20:22 - sensor_interfaces.sim_instruments:  Initializing Abakus
INFO: 18:20:22 - sensor_interfaces.sim_instruments:  Abakus initialized
INFO: 18:20:22 - sensor_interfaces.sim_instruments:  Initializing Picarro
INFO: 18:20:22 - sensor_interfaces.sim_instruments:  Initialized Picarro
INFO: 18:20:22 - sensor_interfaces.sim_instruments:  Initializing Picarro
INFO: 18:20:22 - sensor_interfaces.sim_instruments:  Initialized Picarro
INFO: 18:20:22 - sensor_interfaces.sim_instruments:  Initializing Dimetix laser
INFO: 18:20:22 - sensor_interfaces.sim_instruments:  Laser initialized
INFO: 18:20:22 - sensor_interfaces.sim_instruments:  Initializing Bronkhorst
INFO: 18:20:22 - sensor_interfaces.sim_instruments:  Bronkhorst initialized
INFO: 18:20:22 - sensor_interfaces.sim_instruments:  Initializing Melthead
INFO: 18:20:22 - sensor_interfaces.sim_instruments:  Melthead initialized
INFO: 18:20:22 - sensor_interfaces.sim_instruments:  Initializing Flowmeter
INFO: 18:20:22 - sensor_interfaces.sim_instruments:  Flowmeter sli2000 initialized
INFO: 18:20:22 - sensor_interfaces.sim_instruments:  Initializing Flowmeter
INFO: 18:20:22 - sensor_interfaces.sim_instruments:  Flowmeter sls1500 initialized
INFO: 18:20:22 - main_pipeline.sensor:  Finished initializing sensors
WARNING: 18:20:23 - main_pipeline.interpreter:  Encountered exception in validating flowmeter SLI2000: string index out of range. Raw output nan
WARNING: 18:20:23 - main_pipeline.interpreter:  Encountered exception in validating flowmeter SLI2000: string index out of range. Raw output nan
WARNING: 18:20:23 - main_pipeline.interpreter:  Encountered exception in validating flowmeter SLI2000: string index out of range. Raw output nan
WARNING: 18:20:23 - main_pipeline.interpreter:  Encountered exception in validating flowmeter SLI2000: string index out of range. Raw output nan
WARNING: 18:20:23 - main_pipeline.interpreter:  Encountered exception in validating flowmeter SLI2000: string index out of range. Raw output nan
WARNING: 18:20:23 - main_pipeline.interpreter:  Encountered exception in validating flowmeter SLI2000: string index out of range. Raw output nan
WARNING: 18:20:23 - main_pipeline.interpreter:  Encountered exception in validating flowmeter SLI2000: string index out of range. Raw output nan
WARNING: 18:20:23 - main_pipeline.interpreter:  Encountered exception in validating flowmeter SLI2000: string index out of range. Raw output nan
WARNING: 18:20:23 - main_pipeline.interpreter:  Encountered exception in validating flowmeter SLI2000: string index out of range. Raw output nan
WARNING: 18:20:23 - main_pipeline.interpreter:  Encountered exception in validating flowmeter SLI2000: string index out of range. Raw output nan
WARNING: 18:20:23 - main_pipeline.interpreter:  Encountered exception in validating flowmeter SLI2000: string index out of range. Raw output nan
WARNING: 18:20:23 - main_pipeline.interpreter:  Encountered exception in validating flowmeter SLI2000: string index out of range. Raw output nan
WARNING: 18:20:23 - main_pipeline.interpreter:  Encountered exception in validating flowmeter SLI2000: string index out of range. Raw output nan
WARNING: 18:20:23 - main_pipeline.interpreter:  Encountered exception in validating flowmeter SLI2000: string index out of range. Raw output nan
WARNING: 18:20:23 - main_pipeline.interpreter:  Encountered exception in validating flowmeter SLI2000: string index out of range. Raw output nan
WARNING: 18:20:23 - main_pipeline.interpreter:  Encountered exception in validating flowmeter SLS1500: string index out of range. Raw output nan
WARNING: 18:20:23 - main_pipeline.interpreter:  Encountered exception in validating flowmeter SLS1500: string index out of range. Raw output nan
WARNING: 18:20:23 - main_pipeline.interpreter:  Encountered exception in validating flowmeter SLS1500: string index out of range. Raw output nan
WARNING: 18:20:23 - main_pipeline.interpreter:  Encountered exception in validating flowmeter SLS1500: string index out of range. Raw output nan
WARNING: 18:20:23 - main_pipeline.interpreter:  Encountered exception in validating flowmeter SLS1500: string index out of range. Raw output nan
WARNING: 18:20:23 - main_pipeline.interpreter:  Encountered exception in validating flowmeter SLS1500: string index out of range. Raw output nan
WARNING: 18:20:23 - main_pipeline.interpreter:  Encountered exception in validating flowmeter SLS1500: string index out of range. Raw output nan
WARNING: 18:20:23 - main_pipeline.interpreter:  Encountered exception in validating flowmeter SLS1500: string index out of range. Raw output nan
WARNING: 18:20:23 - main_pipeline.interpreter:  Encountered exception in validating flowmeter SLS1500: string index out of range. Raw output nan
WARNING: 18:20:23 - main_pipeline.interpreter:  Encountered exception in validating flowmeter SLS1500: string index out of range. Raw output nan
WARNING: 18:20:23 - main_pipeline.interpreter:  Encountered exception in validating flowmeter SLS1500: string index out of range. Raw output nan
WARNING: 18:20:23 - main_pipeline.interpreter:  Encountered exception in validating flowmeter SLS1500: string index out of range. Raw output nan
WARNING: 18:20:23 - main_pipeline.interpreter:  Encountered exception in validating flowmeter SLS1500: string index out of range. Raw output nan
WARNING: 18:20:23 - main_pipeline.interpreter:  Encountered exception in validating flowmeter SLS1500: string index out of range. Raw output nan
WARNING: 18:20:23 - main_pipeline.interpreter:  Encountered exception in validating flowmeter SLS1500: string index out of range. Raw output nan
WARNING: 18:20:23 - __main__:  Error updating the Picarro Gas buffer timestamp: 'NoneType' object is not subscriptable
WARNING: 18:20:23 - __main__:  Error updating the Picarro Gas buffer data: 'NoneType' object is not subscriptable
WARNING: 18:20:23 - __main__:  Error updating the Picarro Gas buffer data: 'NoneType' object is not subscriptable
WARNING: 18:20:23 - __main__:  Error updating the Picarro Gas buffer data: 'NoneType' object is not subscriptable
WARNING: 18:20:23 - __main__:  Error updating the Picarro Gas buffer data: 'NoneType' object is not subscriptable
WARNING: 18:20:23 - __main__:  Error updating the Picarro Gas buffer data: 'NoneType' object is not subscriptable
WARNING: 18:20:23 - __main__:  Error updating the Picarro Gas buffer data: 'NoneType' object is not subscriptable
WARNING: 18:20:23 - __main__:  Error updating the Picarro Water buffer timestamp: 'NoneType' object is not subscriptable
WARNING: 18:20:23 - __main__:  Error updating the Picarro Water buffer data: 'NoneType' object is not subscriptable
WARNING: 18:20:23 - __main__:  Error updating the Picarro Water buffer data: 'NoneType' object is not subscriptable
WARNING: 18:20:23 - __main__:  Error updating the Picarro Water buffer data: 'NoneType' object is not subscriptable
WARNING: 18:20:23 - __main__:  Error updating the Picarro Water buffer data: 'NoneType' object is not subscriptable
WARNING: 18:20:23 - __main__:  Error updating the Picarro Water buffer data: 'NoneType' object is not subscriptable
WARNING: 18:20:23 - __main__:  Error updating the Picarro Water buffer data: 'NoneType' object is not subscriptable
WARNING: 18:20:23 - __main__:  Error updating the Laser Distance Sensor buffer timestamp: 'NoneType' object is not subscriptable
WARNING: 18:20:23 - __main__:  Error updating the Laser Distance Sensor buffer data: 'NoneType' object is not subscriptable
WARNING: 18:20:23 - __main__:  Error updating the Laser Distance Sensor buffer data: 'NoneType' object is not subscriptable
WARNING: 18:20:23 - __main__:  Error updating the Abakus Particle Counter buffer timestamp: 'NoneType' object is not subscriptable
WARNING: 18:20:23 - __main__:  Error updating the Abakus Particle Counter buffer data: 'NoneType' object is not subscriptable
WARNING: 18:20:23 - __main__:  Error updating the Abakus Particle Counter buffer data: 'NoneType' object is not subscriptable
WARNING: 18:20:23 - __main__:  Error updating the Abakus Particle Counter buffer data: 'NoneType' object is not subscriptable
WARNING: 18:20:23 - __main__:  Error updating the Flowmeter buffer timestamp: 'NoneType' object is not subscriptable
WARNING: 18:20:23 - __main__:  Error updating the Flowmeter buffer data: 'NoneType' object is not subscriptable
WARNING: 18:20:23 - __main__:  Error updating the Flowmeter buffer data: 'NoneType' object is not subscriptable
WARNING: 18:20:23 - __main__:  Error updating the Bronkhorst Pressure buffer timestamp: 'NoneType' object is not subscriptable
WARNING: 18:20:23 - __main__:  Error updating the Bronkhorst Pressure buffer data: 'NoneType' object is not subscriptable
WARNING: 18:20:23 - __main__:  Error updating the Bronkhorst Pressure buffer data: 'NoneType' object is not subscriptable
WARNING: 18:20:23 - __main__:  Error updating the Bronkhorst Pressure buffer data: 'NoneType' object is not subscriptable
WARNING: 18:20:23 - __main__:  Error updating the Bronkhorst Pressure buffer data: 'NoneType' object is not subscriptable
WARNING: 18:20:23 - __main__:  Error updating the Melthead buffer timestamp: 'NoneType' object is not subscriptable
WARNING: 18:20:23 - __main__:  Error updating the Melthead buffer data: 'NoneType' object is not subscriptable
WARNING: 18:20:24 - main_pipeline.interpreter:  Encountered exception in validating flowmeter SLI2000: string index out of range. Raw output nan
WARNING: 18:20:24 - main_pipeline.interpreter:  Encountered exception in validating flowmeter SLI2000: string index out of range. Raw output nan
WARNING: 18:20:24 - main_pipeline.interpreter:  Encountered exception in validating flowmeter SLI2000: string index out of range. Raw output nan
WARNING: 18:20:24 - main_pipeline.interpreter:  Encountered exception in validating flowmeter SLI2000: string index out of range. Raw output nan
WARNING: 18:20:24 - main_pipeline.interpreter:  Encountered exception in validating flowmeter SLI2000: string index out of range. Raw output nan
WARNING: 18:20:24 - main_pipeline.interpreter:  Encountered exception in validating flowmeter SLI2000: string index out of range. Raw output nan
WARNING: 18:20:24 - main_pipeline.interpreter:  Encountered exception in validating flowmeter SLI2000: string index out of range. Raw output nan
WARNING: 18:20:24 - main_pipeline.interpreter:  Encountered exception in validating flowmeter SLI2000: string index out of range. Raw output nan
WARNING: 18:20:24 - main_pipeline.interpreter:  Encountered exception in validating flowmeter SLI2000: string index out of range. Raw output nan
WARNING: 18:20:24 - main_pipeline.interpreter:  Encountered exception in validating flowmeter SLI2000: string index out of range. Raw output nan
WARNING: 18:20:24 - main_pipeline.interpreter:  Encountered exception in validating flowmeter SLI2000: string index out of range. Raw output nan
WARNING: 18:20:24 - main_pipeline.interpreter:  Encountered exception in validating flowmeter SLI2000: string index out of range. Raw output nan
WARNING: 18:20:24 - main_pipeline.interpreter:  Encountered exception in validating flowmeter SLI2000: string index out of range. Raw output nan
WARNING: 18:20:24 - main_pipeline.interpreter:  Encountered exception in validating flowmeter SLI2000: string index out of range. Raw output nan
WARNING: 18:20:24 - main_pipeline.interpreter:  Encountered exception in validating flowmeter SLI2000: string index out of range. Raw output nan
WARNING: 18:20:24 - main_pipeline.interpreter:  Encountered exception in validating flowmeter SLS1500: string index out of range. Raw output nan
WARNING: 18:20:24 - main_pipeline.interpreter:  Encountered exception in validating flowmeter SLS1500: string index out of range. Raw output nan
WARNING: 18:20:24 - main_pipeline.interpreter:  Encountered exception in validating flowmeter SLS1500: string index out of range. Raw output nan
WARNING: 18:20:24 - main_pipeline.interpreter:  Encountered exception in validating flowmeter SLS1500: string index out of range. Raw output nan
WARNING: 18:20:24 - main_pipeline.interpreter:  Encountered exception in validating flowmeter SLS1500: string index out of range. Raw output nan
WARNING: 18:20:24 - main_pipeline.interpreter:  Encountered exception in validating flowmeter SLS1500: string index out of range. Raw output nan
WARNING: 18:20:24 - main_pipeline.interpreter:  Encountered exception in validating flowmeter SLS1500: string index out of range. Raw output nan
WARNING: 18:20:24 - main_pipeline.interpreter:  Encountered exception in validating flowmeter SLS1500: string index out of range. Raw output nan
WARNING: 18:20:24 - main_pipeline.interpreter:  Encountered exception in validating flowmeter SLS1500: string index out of range. Raw output nan
WARNING: 18:20:24 - main_pipeline.interpreter:  Encountered exception in validating flowmeter SLS1500: string index out of range. Raw output nan
WARNING: 18:20:24 - main_pipeline.interpreter:  Encountered exception in validating flowmeter SLS1500: string index out of range. Raw output nan
WARNING: 18:20:24 - main_pipeline.interpreter:  Encountered exception in validating flowmeter SLS1500: string index out of range. Raw output nan
WARNING: 18:20:24 - main_pipeline.interpreter:  Encountered exception in validating flowmeter SLS1500: string index out of range. Raw output nan
WARNING: 18:20:24 - main_pipeline.interpreter:  Encountered exception in validating flowmeter SLS1500: string index out of range. Raw output nan
WARNING: 18:20:24 - main_pipeline.interpreter:  Encountered exception in validating flowmeter SLS1500: string index out of range. Raw output nan
WARNING: 18:20:25 - main_pipeline.interpreter:  Encountered exception in validating flowmeter SLI2000: string index out of range. Raw output nan
WARNING: 18:20:25 - main_pipeline.interpreter:  Encountered exception in validating flowmeter SLI2000: string index out of range. Raw output nan
WARNING: 18:20:25 - main_pipeline.interpreter:  Encountered exception in validating flowmeter SLI2000: string index out of range. Raw output nan
WARNING: 18:20:25 - main_pipeline.interpreter:  Encountered exception in validating flowmeter SLI2000: string index out of range. Raw output nan
WARNING: 18:20:25 - main_pipeline.interpreter:  Encountered exception in validating flowmeter SLI2000: string index out of range. Raw output nan
WARNING: 18:20:25 - main_pipeline.interpreter:  Encountered exception in validating flowmeter SLI2000: string index out of range. Raw output nan
WARNING: 18:20:25 - main_pipeline.interpreter:  Encountered exception in validating flowmeter SLI2000: string index out of range. Raw output nan
WARNING: 18:20:25 - main_pipeline.interpreter:  Encountered exception in validating flowmeter SLI2000: string index out of range. Raw output nan
WARNING: 18:20:25 - main_pipeline.interpreter:  Encountered exception in validating flowmeter SLI2000: string index out of range. Raw output nan
WARNING: 18:20:25 - main_pipeline.interpreter:  Encountered exception in validating flowmeter SLI2000: string index out of range. Raw output nan
WARNING: 18:20:25 - main_pipeline.interpreter:  Encountered exception in validating flowmeter SLI2000: string index out of range. Raw output nan
WARNING: 18:20:25 - main_pipeline.interpreter:  Encountered exception in validating flowmeter SLI2000: string index out of range. Raw output nan
WARNING: 18:20:25 - main_pipeline.interpreter:  Encountered exception in validating flowmeter SLI2000: string index out of range. Raw output nan
WARNING: 18:20:25 - main_pipeline.interpreter:  Encountered exception in validating flowmeter SLI2000: string index out of range. Raw output nan
WARNING: 18:20:25 - main_pipeline.interpreter:  Encountered exception in validating flowmeter SLI2000: string index out of range. Raw output nan
WARNING: 18:20:25 - main_pipeline.interpreter:  Encountered exception in validating flowmeter SLS1500: string index out of range. Raw output nan
WARNING: 18:20:25 - main_pipeline.interpreter:  Encountered exception in validating flowmeter SLS1500: string index out of range. Raw output nan
WARNING: 18:20:25 - main_pipeline.interpreter:  Encountered exception in validating flowmeter SLS1500: string index out of range. Raw output nan
WARNING: 18:20:25 - main_pipeline.interpreter:  Encountered exception in validating flowmeter SLS1500: string index out of range. Raw output nan
WARNING: 18:20:25 - main_pipeline.interpreter:  Encountered exception in validating flowmeter SLS1500: string index out of range. Raw output nan
WARNING: 18:20:25 - main_pipeline.interpreter:  Encountered exception in validating flowmeter SLS1500: string index out of range. Raw output nan
WARNING: 18:20:25 - main_pipeline.interpreter:  Encountered exception in validating flowmeter SLS1500: string index out of range. Raw output nan
WARNING: 18:20:25 - main_pipeline.interpreter:  Encountered exception in validating flowmeter SLS1500: string index out of range. Raw output nan
WARNING: 18:20:25 - main_pipeline.interpreter:  Encountered exception in validating flowmeter SLS1500: string index out of range. Raw output nan
WARNING: 18:20:25 - main_pipeline.interpreter:  Encountered exception in validating flowmeter SLS1500: string index out of range. Raw output nan
WARNING: 18:20:25 - main_pipeline.interpreter:  Encountered exception in validating flowmeter SLS1500: string index out of range. Raw output nan
WARNING: 18:20:25 - main_pipeline.interpreter:  Encountered exception in validating flowmeter SLS1500: string index out of range. Raw output nan
WARNING: 18:20:25 - main_pipeline.interpreter:  Encountered exception in validating flowmeter SLS1500: string index out of range. Raw output nan
WARNING: 18:20:25 - main_pipeline.interpreter:  Encountered exception in validating flowmeter SLS1500: string index out of range. Raw output nan
WARNING: 18:20:25 - main_pipeline.interpreter:  Encountered exception in validating flowmeter SLS1500: string index out of range. Raw output nan
WARNING: 18:20:26 - main_pipeline.interpreter:  Encountered exception in validating flowmeter SLI2000: string index out of range. Raw output nan
WARNING: 18:20:26 - main_pipeline.interpreter:  Encountered exception in validating flowmeter SLI2000: string index out of range. Raw output nan
WARNING: 18:20:26 - main_pipeline.interpreter:  Encountered exception in validating flowmeter SLI2000: string index out of range. Raw output nan
WARNING: 18:20:26 - main_pipeline.interpreter:  Encountered exception in validating flowmeter SLI2000: string index out of range. Raw output nan
WARNING: 18:20:26 - main_pipeline.interpreter:  Encountered exception in validating flowmeter SLI2000: string index out of range. Raw output nan
WARNING: 18:20:26 - main_pipeline.interpreter:  Encountered exception in validating flowmeter SLI2000: string index out of range. Raw output nan
WARNING: 18:20:26 - main_pipeline.interpreter:  Encountered exception in validating flowmeter SLI2000: string index out of range. Raw output nan
WARNING: 18:20:26 - main_pipeline.interpreter:  Encountered exception in validating flowmeter SLI2000: string index out of range. Raw output nan
WARNING: 18:20:26 - main_pipeline.interpreter:  Encountered exception in validating flowmeter SLI2000: string index out of range. Raw output nan
WARNING: 18:20:26 - main_pipeline.interpreter:  Encountered exception in validating flowmeter SLI2000: string index out of range. Raw output nan
WARNING: 18:20:26 - main_pipeline.interpreter:  Encountered exception in validating flowmeter SLI2000: string index out of range. Raw output nan
WARNING: 18:20:26 - main_pipeline.interpreter:  Encountered exception in validating flowmeter SLI2000: string index out of range. Raw output nan
WARNING: 18:20:26 - main_pipeline.interpreter:  Encountered exception in validating flowmeter SLI2000: string index out of range. Raw output nan
WARNING: 18:20:26 - main_pipeline.interpreter:  Encountered exception in validating flowmeter SLI2000: string index out of range. Raw output nan
WARNING: 18:20:26 - main_pipeline.interpreter:  Encountered exception in validating flowmeter SLI2000: string index out of range. Raw output nan
WARNING: 18:20:26 - main_pipeline.interpreter:  Encountered exception in validating flowmeter SLS1500: string index out of range. Raw output nan
WARNING: 18:20:26 - main_pipeline.interpreter:  Encountered exception in validating flowmeter SLS1500: string index out of range. Raw output nan
WARNING: 18:20:26 - main_pipeline.interpreter:  Encountered exception in validating flowmeter SLS1500: string index out of range. Raw output nan
WARNING: 18:20:26 - main_pipeline.interpreter:  Encountered exception in validating flowmeter SLS1500: string index out of range. Raw output nan
WARNING: 18:20:26 - main_pipeline.interpreter:  Encountered exception in validating flowmeter SLS1500: string index out of range. Raw output nan
WARNING: 18:20:26 - main_pipeline.interpreter:  Encountered exception in validating flowmeter SLS1500: string index out of range. Raw output nan
WARNING: 18:20:26 - main_pipeline.interpreter:  Encountered exception in validating flowmeter SLS1500: string index out of range. Raw output nan
WARNING: 18:20:26 - main_pipeline.interpreter:  Encountered exception in validating flowmeter SLS1500: string index out of range. Raw output nan
WARNING: 18:20:26 - main_pipeline.interpreter:  Encountered exception in validating flowmeter SLS1500: string index out of range. Raw output nan
WARNING: 18:20:26 - main_pipeline.interpreter:  Encountered exception in validating flowmeter SLS1500: string index out of range. Raw output nan
WARNING: 18:20:26 - main_pipeline.interpreter:  Encountered exception in validating flowmeter SLS1500: string index out of range. Raw output nan
WARNING: 18:20:26 - main_pipeline.interpreter:  Encountered exception in validating flowmeter SLS1500: string index out of range. Raw output nan
WARNING: 18:20:26 - main_pipeline.interpreter:  Encountered exception in validating flowmeter SLS1500: string index out of range. Raw output nan
WARNING: 18:20:26 - main_pipeline.interpreter:  Encountered exception in validating flowmeter SLS1500: string index out of range. Raw output nan
WARNING: 18:20:26 - main_pipeline.interpreter:  Encountered exception in validating flowmeter SLS1500: string index out of range. Raw output nan
WARNING: 18:20:27 - main_pipeline.interpreter:  Encountered exception in validating flowmeter SLI2000: string index out of range. Raw output nan
WARNING: 18:20:27 - main_pipeline.interpreter:  Encountered exception in validating flowmeter SLI2000: string index out of range. Raw output nan
WARNING: 18:20:27 - main_pipeline.interpreter:  Encountered exception in validating flowmeter SLI2000: string index out of range. Raw output nan
WARNING: 18:20:27 - main_pipeline.interpreter:  Encountered exception in validating flowmeter SLI2000: string index out of range. Raw output nan
WARNING: 18:20:27 - main_pipeline.interpreter:  Encountered exception in validating flowmeter SLI2000: string index out of range. Raw output nan
WARNING: 18:20:27 - main_pipeline.interpreter:  Encountered exception in validating flowmeter SLI2000: string index out of range. Raw output nan
WARNING: 18:20:27 - main_pipeline.interpreter:  Encountered exception in validating flowmeter SLI2000: string index out of range. Raw output nan
WARNING: 18:20:27 - main_pipeline.interpreter:  Encountered exception in validating flowmeter SLI2000: string index out of range. Raw output nan
WARNING: 18:20:27 - main_pipeline.interpreter:  Encountered exception in validating flowmeter SLI2000: string index out of range. Raw output nan
WARNING: 18:20:27 - main_pipeline.interpreter:  Encountered exception in validating flowmeter SLI2000: string index out of range. Raw output nan
WARNING: 18:20:27 - main_pipeline.interpreter:  Encountered exception in validating flowmeter SLI2000: string index out of range. Raw output nan
WARNING: 18:20:27 - main_pipeline.interpreter:  Encountered exception in validating flowmeter SLI2000: string index out of range. Raw output nan
WARNING: 18:20:27 - main_pipeline.interpreter:  Encountered exception in validating flowmeter SLI2000: string index out of range. Raw output nan
WARNING: 18:20:27 - main_pipeline.interpreter:  Encountered exception in validating flowmeter SLI2000: string index out of range. Raw output nan
WARNING: 18:20:27 - main_pipeline.interpreter:  Encountered exception in validating flowmeter SLI2000: string index out of range. Raw output nan
WARNING: 18:20:27 - main_pipeline.interpreter:  Encountered exception in validating flowmeter SLS1500: string index out of range. Raw output nan
WARNING: 18:20:27 - main_pipeline.interpreter:  Encountered exception in validating flowmeter SLS1500: string index out of range. Raw output nan
WARNING: 18:20:27 - main_pipeline.interpreter:  Encountered exception in validating flowmeter SLS1500: string index out of range. Raw output nan
WARNING: 18:20:27 - main_pipeline.interpreter:  Encountered exception in validating flowmeter SLS1500: string index out of range. Raw output nan
WARNING: 18:20:27 - main_pipeline.interpreter:  Encountered exception in validating flowmeter SLS1500: string index out of range. Raw output nan
WARNING: 18:20:27 - main_pipeline.interpreter:  Encountered exception in validating flowmeter SLS1500: string index out of range. Raw output nan
WARNING: 18:20:27 - main_pipeline.interpreter:  Encountered exception in validating flowmeter SLS1500: string index out of range. Raw output nan
WARNING: 18:20:27 - main_pipeline.interpreter:  Encountered exception in validating flowmeter SLS1500: string index out of range. Raw output nan
WARNING: 18:20:27 - main_pipeline.interpreter:  Encountered exception in validating flowmeter SLS1500: string index out of range. Raw output nan
WARNING: 18:20:27 - main_pipeline.interpreter:  Encountered exception in validating flowmeter SLS1500: string index out of range. Raw output nan
WARNING: 18:20:27 - main_pipeline.interpreter:  Encountered exception in validating flowmeter SLS1500: string index out of range. Raw output nan
WARNING: 18:20:27 - main_pipeline.interpreter:  Encountered exception in validating flowmeter SLS1500: string index out of range. Raw output nan
WARNING: 18:20:27 - main_pipeline.interpreter:  Encountered exception in validating flowmeter SLS1500: string index out of range. Raw output nan
WARNING: 18:20:27 - main_pipeline.interpreter:  Encountered exception in validating flowmeter SLS1500: string index out of range. Raw output nan
WARNING: 18:20:27 - main_pipeline.interpreter:  Encountered exception in validating flowmeter SLS1500: string index out of range. Raw output nan
WARNING: 18:20:28 - main_pipeline.interpreter:  Encountered exception in validating flowmeter SLI2000: string index out of range. Raw output nan
WARNING: 18:20:28 - main_pipeline.interpreter:  Encountered exception in validating flowmeter SLI2000: string index out of range. Raw output nan
WARNING: 18:20:28 - main_pipeline.interpreter:  Encountered exception in validating flowmeter SLI2000: string index out of range. Raw output nan
WARNING: 18:20:28 - main_pipeline.interpreter:  Encountered exception in validating flowmeter SLI2000: string index out of range. Raw output nan
WARNING: 18:20:28 - main_pipeline.interpreter:  Encountered exception in validating flowmeter SLI2000: string index out of range. Raw output nan
WARNING: 18:20:28 - main_pipeline.interpreter:  Encountered exception in validating flowmeter SLI2000: string index out of range. Raw output nan
WARNING: 18:20:28 - main_pipeline.interpreter:  Encountered exception in validating flowmeter SLI2000: string index out of range. Raw output nan
WARNING: 18:20:28 - main_pipeline.interpreter:  Encountered exception in validating flowmeter SLI2000: string index out of range. Raw output nan
WARNING: 18:20:28 - main_pipeline.interpreter:  Encountered exception in validating flowmeter SLI2000: string index out of range. Raw output nan
WARNING: 18:20:28 - main_pipeline.interpreter:  Encountered exception in validating flowmeter SLI2000: string index out of range. Raw output nan
WARNING: 18:20:28 - main_pipeline.interpreter:  Encountered exception in validating flowmeter SLI2000: string index out of range. Raw output nan
WARNING: 18:20:28 - main_pipeline.interpreter:  Encountered exception in validating flowmeter SLI2000: string index out of range. Raw output nan
WARNING: 18:20:28 - main_pipeline.interpreter:  Encountered exception in validating flowmeter SLI2000: string index out of range. Raw output nan
WARNING: 18:20:28 - main_pipeline.interpreter:  Encountered exception in validating flowmeter SLI2000: string index out of range. Raw output nan
WARNING: 18:20:28 - main_pipeline.interpreter:  Encountered exception in validating flowmeter SLI2000: string index out of range. Raw output nan
WARNING: 18:20:28 - main_pipeline.interpreter:  Encountered exception in validating flowmeter SLS1500: string index out of range. Raw output nan
WARNING: 18:20:28 - main_pipeline.interpreter:  Encountered exception in validating flowmeter SLS1500: string index out of range. Raw output nan
WARNING: 18:20:28 - main_pipeline.interpreter:  Encountered exception in validating flowmeter SLS1500: string index out of range. Raw output nan
WARNING: 18:20:28 - main_pipeline.interpreter:  Encountered exception in validating flowmeter SLS1500: string index out of range. Raw output nan
WARNING: 18:20:28 - main_pipeline.interpreter:  Encountered exception in validating flowmeter SLS1500: string index out of range. Raw output nan
WARNING: 18:20:28 - main_pipeline.interpreter:  Encountered exception in validating flowmeter SLS1500: string index out of range. Raw output nan
WARNING: 18:20:28 - main_pipeline.interpreter:  Encountered exception in validating flowmeter SLS1500: string index out of range. Raw output nan
WARNING: 18:20:28 - main_pipeline.interpreter:  Encountered exception in validating flowmeter SLS1500: string index out of range. Raw output nan
WARNING: 18:20:28 - main_pipeline.interpreter:  Encountered exception in validating flowmeter SLS1500: string index out of range. Raw output nan
WARNING: 18:20:28 - main_pipeline.interpreter:  Encountered exception in validating flowmeter SLS1500: string index out of range. Raw output nan
WARNING: 18:20:28 - main_pipeline.interpreter:  Encountered exception in validating flowmeter SLS1500: string index out of range. Raw output nan
WARNING: 18:20:28 - main_pipeline.interpreter:  Encountered exception in validating flowmeter SLS1500: string index out of range. Raw output nan
WARNING: 18:20:28 - main_pipeline.interpreter:  Encountered exception in validating flowmeter SLS1500: string index out of range. Raw output nan
WARNING: 18:20:28 - main_pipeline.interpreter:  Encountered exception in validating flowmeter SLS1500: string index out of range. Raw output nan
WARNING: 18:20:28 - main_pipeline.interpreter:  Encountered exception in validating flowmeter SLS1500: string index out of range. Raw output nan
WARNING: 18:20:29 - main_pipeline.interpreter:  Encountered exception in validating flowmeter SLI2000: string index out of range. Raw output nan
WARNING: 18:20:29 - main_pipeline.interpreter:  Encountered exception in validating flowmeter SLI2000: string index out of range. Raw output nan
WARNING: 18:20:29 - main_pipeline.interpreter:  Encountered exception in validating flowmeter SLI2000: string index out of range. Raw output nan
WARNING: 18:20:29 - main_pipeline.interpreter:  Encountered exception in validating flowmeter SLI2000: string index out of range. Raw output nan
WARNING: 18:20:29 - main_pipeline.interpreter:  Encountered exception in validating flowmeter SLI2000: string index out of range. Raw output nan
WARNING: 18:20:29 - main_pipeline.interpreter:  Encountered exception in validating flowmeter SLI2000: string index out of range. Raw output nan
WARNING: 18:20:29 - main_pipeline.interpreter:  Encountered exception in validating flowmeter SLI2000: string index out of range. Raw output nan
WARNING: 18:20:29 - main_pipeline.interpreter:  Encountered exception in validating flowmeter SLI2000: string index out of range. Raw output nan
WARNING: 18:20:29 - main_pipeline.interpreter:  Encountered exception in validating flowmeter SLI2000: string index out of range. Raw output nan
WARNING: 18:20:29 - main_pipeline.interpreter:  Encountered exception in validating flowmeter SLI2000: string index out of range. Raw output nan
WARNING: 18:20:29 - main_pipeline.interpreter:  Encountered exception in validating flowmeter SLI2000: string index out of range. Raw output nan
WARNING: 18:20:29 - main_pipeline.interpreter:  Encountered exception in validating flowmeter SLI2000: string index out of range. Raw output nan
WARNING: 18:20:29 - main_pipeline.interpreter:  Encountered exception in validating flowmeter SLI2000: string index out of range. Raw output nan
WARNING: 18:20:29 - main_pipeline.interpreter:  Encountered exception in validating flowmeter SLI2000: string index out of range. Raw output nan
WARNING: 18:20:29 - main_pipeline.interpreter:  Encountered exception in validating flowmeter SLI2000: string index out of range. Raw output nan
WARNING: 18:20:29 - main_pipeline.interpreter:  Encountered exception in validating flowmeter SLS1500: string index out of range. Raw output nan
WARNING: 18:20:29 - main_pipeline.interpreter:  Encountered exception in validating flowmeter SLS1500: string index out of range. Raw output nan
WARNING: 18:20:29 - main_pipeline.interpreter:  Encountered exception in validating flowmeter SLS1500: string index out of range. Raw output nan
WARNING: 18:20:29 - main_pipeline.interpreter:  Encountered exception in validating flowmeter SLS1500: string index out of range. Raw output nan
WARNING: 18:20:29 - main_pipeline.interpreter:  Encountered exception in validating flowmeter SLS1500: string index out of range. Raw output nan
WARNING: 18:20:29 - main_pipeline.interpreter:  Encountered exception in validating flowmeter SLS1500: string index out of range. Raw output nan
WARNING: 18:20:29 - main_pipeline.interpreter:  Encountered exception in validating flowmeter SLS1500: string index out of range. Raw output nan
WARNING: 18:20:29 - main_pipeline.interpreter:  Encountered exception in validating flowmeter SLS1500: string index out of range. Raw output nan
WARNING: 18:20:29 - main_pipeline.interpreter:  Encountered exception in validating flowmeter SLS1500: string index out of range. Raw output nan
WARNING: 18:20:29 - main_pipeline.interpreter:  Encountered exception in validating flowmeter SLS1500: string index out of range. Raw output nan
WARNING: 18:20:29 - main_pipeline.interpreter:  Encountered exception in validating flowmeter SLS1500: string index out of range. Raw output nan
WARNING: 18:20:29 - main_pipeline.interpreter:  Encountered exception in validating flowmeter SLS1500: string index out of range. Raw output nan
WARNING: 18:20:29 - main_pipeline.interpreter:  Encountered exception in validating flowmeter SLS1500: string index out of range. Raw output nan
WARNING: 18:20:29 - main_pipeline.interpreter:  Encountered exception in validating flowmeter SLS1500: string index out of range. Raw output nan
WARNING: 18:20:29 - main_pipeline.interpreter:  Encountered exception in validating flowmeter SLS1500: string index out of range. Raw output nan
WARNING: 18:20:30 - main_pipeline.interpreter:  Encountered exception in validating flowmeter SLI2000: string index out of range. Raw output nan
WARNING: 18:20:30 - main_pipeline.interpreter:  Encountered exception in validating flowmeter SLI2000: string index out of range. Raw output nan
WARNING: 18:20:30 - main_pipeline.interpreter:  Encountered exception in validating flowmeter SLI2000: string index out of range. Raw output nan
WARNING: 18:20:30 - main_pipeline.interpreter:  Encountered exception in validating flowmeter SLI2000: string index out of range. Raw output nan
WARNING: 18:20:30 - main_pipeline.interpreter:  Encountered exception in validating flowmeter SLI2000: string index out of range. Raw output nan
WARNING: 18:20:30 - main_pipeline.interpreter:  Encountered exception in validating flowmeter SLI2000: string index out of range. Raw output nan
WARNING: 18:20:30 - main_pipeline.interpreter:  Encountered exception in validating flowmeter SLI2000: string index out of range. Raw output nan
WARNING: 18:20:30 - main_pipeline.interpreter:  Encountered exception in validating flowmeter SLI2000: string index out of range. Raw output nan
WARNING: 18:20:30 - main_pipeline.interpreter:  Encountered exception in validating flowmeter SLI2000: string index out of range. Raw output nan
WARNING: 18:20:30 - main_pipeline.interpreter:  Encountered exception in validating flowmeter SLI2000: string index out of range. Raw output nan
WARNING: 18:20:30 - main_pipeline.interpreter:  Encountered exception in validating flowmeter SLI2000: string index out of range. Raw output nan
WARNING: 18:20:30 - main_pipeline.interpreter:  Encountered exception in validating flowmeter SLI2000: string index out of range. Raw output nan
WARNING: 18:20:30 - main_pipeline.interpreter:  Encountered exception in validating flowmeter SLI2000: string index out of range. Raw output nan
WARNING: 18:20:30 - main_pipeline.interpreter:  Encountered exception in validating flowmeter SLI2000: string index out of range. Raw output nan
WARNING: 18:20:30 - main_pipeline.interpreter:  Encountered exception in validating flowmeter SLI2000: string index out of range. Raw output nan
WARNING: 18:20:30 - main_pipeline.interpreter:  Encountered exception in validating flowmeter SLS1500: string index out of range. Raw output nan
WARNING: 18:20:30 - main_pipeline.interpreter:  Encountered exception in validating flowmeter SLS1500: string index out of range. Raw output nan
WARNING: 18:20:30 - main_pipeline.interpreter:  Encountered exception in validating flowmeter SLS1500: string index out of range. Raw output nan
WARNING: 18:20:30 - main_pipeline.interpreter:  Encountered exception in validating flowmeter SLS1500: string index out of range. Raw output nan
WARNING: 18:20:30 - main_pipeline.interpreter:  Encountered exception in validating flowmeter SLS1500: string index out of range. Raw output nan
WARNING: 18:20:30 - main_pipeline.interpreter:  Encountered exception in validating flowmeter SLS1500: string index out of range. Raw output nan
WARNING: 18:20:30 - main_pipeline.interpreter:  Encountered exception in validating flowmeter SLS1500: string index out of range. Raw output nan
WARNING: 18:20:30 - main_pipeline.interpreter:  Encountered exception in validating flowmeter SLS1500: string index out of range. Raw output nan
WARNING: 18:20:30 - main_pipeline.interpreter:  Encountered exception in validating flowmeter SLS1500: string index out of range. Raw output nan
WARNING: 18:20:30 - main_pipeline.interpreter:  Encountered exception in validating flowmeter SLS1500: string index out of range. Raw output nan
WARNING: 18:20:30 - main_pipeline.interpreter:  Encountered exception in validating flowmeter SLS1500: string index out of range. Raw output nan
WARNING: 18:20:30 - main_pipeline.interpreter:  Encountered exception in validating flowmeter SLS1500: string index out of range. Raw output nan
WARNING: 18:20:30 - main_pipeline.interpreter:  Encountered exception in validating flowmeter SLS1500: string index out of range. Raw output nan
WARNING: 18:20:30 - main_pipeline.interpreter:  Encountered exception in validating flowmeter SLS1500: string index out of range. Raw output nan
WARNING: 18:20:30 - main_pipeline.interpreter:  Encountered exception in validating flowmeter SLS1500: string index out of range. Raw output nan
WARNING: 18:20:31 - main_pipeline.interpreter:  Encountered exception in validating flowmeter SLI2000: string index out of range. Raw output nan
WARNING: 18:20:31 - main_pipeline.interpreter:  Encountered exception in validating flowmeter SLI2000: string index out of range. Raw output nan
WARNING: 18:20:31 - main_pipeline.interpreter:  Encountered exception in validating flowmeter SLI2000: string index out of range. Raw output nan
WARNING: 18:20:31 - main_pipeline.interpreter:  Encountered exception in validating flowmeter SLI2000: string index out of range. Raw output nan
WARNING: 18:20:31 - main_pipeline.interpreter:  Encountered exception in validating flowmeter SLI2000: string index out of range. Raw output nan
WARNING: 18:20:31 - main_pipeline.interpreter:  Encountered exception in validating flowmeter SLI2000: string index out of range. Raw output nan
WARNING: 18:20:31 - main_pipeline.interpreter:  Encountered exception in validating flowmeter SLI2000: string index out of range. Raw output nan
WARNING: 18:20:31 - main_pipeline.interpreter:  Encountered exception in validating flowmeter SLI2000: string index out of range. Raw output nan
WARNING: 18:20:31 - main_pipeline.interpreter:  Encountered exception in validating flowmeter SLI2000: string index out of range. Raw output nan
WARNING: 18:20:31 - main_pipeline.interpreter:  Encountered exception in validating flowmeter SLI2000: string index out of range. Raw output nan
WARNING: 18:20:31 - main_pipeline.interpreter:  Encountered exception in validating flowmeter SLI2000: string index out of range. Raw output nan
WARNING: 18:20:31 - main_pipeline.interpreter:  Encountered exception in validating flowmeter SLI2000: string index out of range. Raw output nan
WARNING: 18:20:31 - main_pipeline.interpreter:  Encountered exception in validating flowmeter SLI2000: string index out of range. Raw output nan
WARNING: 18:20:31 - main_pipeline.interpreter:  Encountered exception in validating flowmeter SLI2000: string index out of range. Raw output nan
WARNING: 18:20:31 - main_pipeline.interpreter:  Encountered exception in validating flowmeter SLI2000: string index out of range. Raw output nan
WARNING: 18:20:31 - main_pipeline.interpreter:  Encountered exception in validating flowmeter SLS1500: string index out of range. Raw output nan
WARNING: 18:20:31 - main_pipeline.interpreter:  Encountered exception in validating flowmeter SLS1500: string index out of range. Raw output nan
WARNING: 18:20:31 - main_pipeline.interpreter:  Encountered exception in validating flowmeter SLS1500: string index out of range. Raw output nan
WARNING: 18:20:31 - main_pipeline.interpreter:  Encountered exception in validating flowmeter SLS1500: string index out of range. Raw output nan
WARNING: 18:20:31 - main_pipeline.interpreter:  Encountered exception in validating flowmeter SLS1500: string index out of range. Raw output nan
WARNING: 18:20:31 - main_pipeline.interpreter:  Encountered exception in validating flowmeter SLS1500: string index out of range. Raw output nan
WARNING: 18:20:31 - main_pipeline.interpreter:  Encountered exception in validating flowmeter SLS1500: string index out of range. Raw output nan
WARNING: 18:20:31 - main_pipeline.interpreter:  Encountered exception in validating flowmeter SLS1500: string index out of range. Raw output nan
WARNING: 18:20:31 - main_pipeline.interpreter:  Encountered exception in validating flowmeter SLS1500: string index out of range. Raw output nan
WARNING: 18:20:31 - main_pipeline.interpreter:  Encountered exception in validating flowmeter SLS1500: string index out of range. Raw output nan
WARNING: 18:20:31 - main_pipeline.interpreter:  Encountered exception in validating flowmeter SLS1500: string index out of range. Raw output nan
WARNING: 18:20:31 - main_pipeline.interpreter:  Encountered exception in validating flowmeter SLS1500: string index out of range. Raw output nan
WARNING: 18:20:31 - main_pipeline.interpreter:  Encountered exception in validating flowmeter SLS1500: string index out of range. Raw output nan
WARNING: 18:20:31 - main_pipeline.interpreter:  Encountered exception in validating flowmeter SLS1500: string index out of range. Raw output nan
WARNING: 18:20:31 - main_pipeline.interpreter:  Encountered exception in validating flowmeter SLS1500: string index out of range. Raw output nan
WARNING: 18:20:32 - main_pipeline.interpreter:  Encountered exception in validating flowmeter SLI2000: string index out of range. Raw output nan
WARNING: 18:20:32 - main_pipeline.interpreter:  Encountered exception in validating flowmeter SLI2000: string index out of range. Raw output nan
WARNING: 18:20:32 - main_pipeline.interpreter:  Encountered exception in validating flowmeter SLI2000: string index out of range. Raw output nan
WARNING: 18:20:32 - main_pipeline.interpreter:  Encountered exception in validating flowmeter SLI2000: string index out of range. Raw output nan
WARNING: 18:20:32 - main_pipeline.interpreter:  Encountered exception in validating flowmeter SLI2000: string index out of range. Raw output nan
WARNING: 18:20:32 - main_pipeline.interpreter:  Encountered exception in validating flowmeter SLI2000: string index out of range. Raw output nan
WARNING: 18:20:32 - main_pipeline.interpreter:  Encountered exception in validating flowmeter SLI2000: string index out of range. Raw output nan
WARNING: 18:20:32 - main_pipeline.interpreter:  Encountered exception in validating flowmeter SLI2000: string index out of range. Raw output nan
WARNING: 18:20:32 - main_pipeline.interpreter:  Encountered exception in validating flowmeter SLI2000: string index out of range. Raw output nan
WARNING: 18:20:32 - main_pipeline.interpreter:  Encountered exception in validating flowmeter SLI2000: string index out of range. Raw output nan
WARNING: 18:20:32 - main_pipeline.interpreter:  Encountered exception in validating flowmeter SLI2000: string index out of range. Raw output nan
WARNING: 18:20:32 - main_pipeline.interpreter:  Encountered exception in validating flowmeter SLI2000: string index out of range. Raw output nan
WARNING: 18:20:32 - main_pipeline.interpreter:  Encountered exception in validating flowmeter SLI2000: string index out of range. Raw output nan
WARNING: 18:20:32 - main_pipeline.interpreter:  Encountered exception in validating flowmeter SLI2000: string index out of range. Raw output nan
WARNING: 18:20:32 - main_pipeline.interpreter:  Encountered exception in validating flowmeter SLI2000: string index out of range. Raw output nan
WARNING: 18:20:32 - main_pipeline.interpreter:  Encountered exception in validating flowmeter SLS1500: string index out of range. Raw output nan
WARNING: 18:20:32 - main_pipeline.interpreter:  Encountered exception in validating flowmeter SLS1500: string index out of range. Raw output nan
WARNING: 18:20:32 - main_pipeline.interpreter:  Encountered exception in validating flowmeter SLS1500: string index out of range. Raw output nan
WARNING: 18:20:32 - main_pipeline.interpreter:  Encountered exception in validating flowmeter SLS1500: string index out of range. Raw output nan
WARNING: 18:20:32 - main_pipeline.interpreter:  Encountered exception in validating flowmeter SLS1500: string index out of range. Raw output nan
WARNING: 18:20:32 - main_pipeline.interpreter:  Encountered exception in validating flowmeter SLS1500: string index out of range. Raw output nan
WARNING: 18:20:32 - main_pipeline.interpreter:  Encountered exception in validating flowmeter SLS1500: string index out of range. Raw output nan
WARNING: 18:20:32 - main_pipeline.interpreter:  Encountered exception in validating flowmeter SLS1500: string index out of range. Raw output nan
WARNING: 18:20:32 - main_pipeline.interpreter:  Encountered exception in validating flowmeter SLS1500: string index out of range. Raw output nan
WARNING: 18:20:32 - main_pipeline.interpreter:  Encountered exception in validating flowmeter SLS1500: string index out of range. Raw output nan
WARNING: 18:20:32 - main_pipeline.interpreter:  Encountered exception in validating flowmeter SLS1500: string index out of range. Raw output nan
WARNING: 18:20:32 - main_pipeline.interpreter:  Encountered exception in validating flowmeter SLS1500: string index out of range. Raw output nan
WARNING: 18:20:32 - main_pipeline.interpreter:  Encountered exception in validating flowmeter SLS1500: string index out of range. Raw output nan
WARNING: 18:20:32 - main_pipeline.interpreter:  Encountered exception in validating flowmeter SLS1500: string index out of range. Raw output nan
WARNING: 18:20:32 - main_pipeline.interpreter:  Encountered exception in validating flowmeter SLS1500: string index out of range. Raw output nan
WARNING: 18:20:33 - main_pipeline.interpreter:  Encountered exception in validating flowmeter SLI2000: string index out of range. Raw output nan
WARNING: 18:20:33 - main_pipeline.interpreter:  Encountered exception in validating flowmeter SLI2000: string index out of range. Raw output nan
WARNING: 18:20:33 - main_pipeline.interpreter:  Encountered exception in validating flowmeter SLI2000: string index out of range. Raw output nan
WARNING: 18:20:33 - main_pipeline.interpreter:  Encountered exception in validating flowmeter SLI2000: string index out of range. Raw output nan
WARNING: 18:20:33 - main_pipeline.interpreter:  Encountered exception in validating flowmeter SLI2000: string index out of range. Raw output nan
WARNING: 18:20:33 - main_pipeline.interpreter:  Encountered exception in validating flowmeter SLI2000: string index out of range. Raw output nan
WARNING: 18:20:33 - main_pipeline.interpreter:  Encountered exception in validating flowmeter SLI2000: string index out of range. Raw output nan
WARNING: 18:20:33 - main_pipeline.interpreter:  Encountered exception in validating flowmeter SLI2000: string index out of range. Raw output nan
WARNING: 18:20:33 - main_pipeline.interpreter:  Encountered exception in validating flowmeter SLI2000: string index out of range. Raw output nan
WARNING: 18:20:33 - main_pipeline.interpreter:  Encountered exception in validating flowmeter SLI2000: string index out of range. Raw output nan
WARNING: 18:20:33 - main_pipeline.interpreter:  Encountered exception in validating flowmeter SLI2000: string index out of range. Raw output nan
WARNING: 18:20:33 - main_pipeline.interpreter:  Encountered exception in validating flowmeter SLI2000: string index out of range. Raw output nan
WARNING: 18:20:33 - main_pipeline.interpreter:  Encountered exception in validating flowmeter SLI2000: string index out of range. Raw output nan
WARNING: 18:20:33 - main_pipeline.interpreter:  Encountered exception in validating flowmeter SLI2000: string index out of range. Raw output nan
WARNING: 18:20:33 - main_pipeline.interpreter:  Encountered exception in validating flowmeter SLI2000: string index out of range. Raw output nan
WARNING: 18:20:33 - main_pipeline.interpreter:  Encountered exception in validating flowmeter SLS1500: string index out of range. Raw output nan
WARNING: 18:20:33 - main_pipeline.interpreter:  Encountered exception in validating flowmeter SLS1500: string index out of range. Raw output nan
WARNING: 18:20:33 - main_pipeline.interpreter:  Encountered exception in validating flowmeter SLS1500: string index out of range. Raw output nan
WARNING: 18:20:33 - main_pipeline.interpreter:  Encountered exception in validating flowmeter SLS1500: string index out of range. Raw output nan
WARNING: 18:20:33 - main_pipeline.interpreter:  Encountered exception in validating flowmeter SLS1500: string index out of range. Raw output nan
WARNING: 18:20:33 - main_pipeline.interpreter:  Encountered exception in validating flowmeter SLS1500: string index out of range. Raw output nan
WARNING: 18:20:33 - main_pipeline.interpreter:  Encountered exception in validating flowmeter SLS1500: string index out of range. Raw output nan
WARNING: 18:20:33 - main_pipeline.interpreter:  Encountered exception in validating flowmeter SLS1500: string index out of range. Raw output nan
WARNING: 18:20:33 - main_pipeline.interpreter:  Encountered exception in validating flowmeter SLS1500: string index out of range. Raw output nan
WARNING: 18:20:33 - main_pipeline.interpreter:  Encountered exception in validating flowmeter SLS1500: string index out of range. Raw output nan
WARNING: 18:20:33 - main_pipeline.interpreter:  Encountered exception in validating flowmeter SLS1500: string index out of range. Raw output nan
WARNING: 18:20:33 - main_pipeline.interpreter:  Encountered exception in validating flowmeter SLS1500: string index out of range. Raw output nan
WARNING: 18:20:33 - main_pipeline.interpreter:  Encountered exception in validating flowmeter SLS1500: string index out of range. Raw output nan
WARNING: 18:20:33 - main_pipeline.interpreter:  Encountered exception in validating flowmeter SLS1500: string index out of range. Raw output nan
WARNING: 18:20:33 - main_pipeline.interpreter:  Encountered exception in validating flowmeter SLS1500: string index out of range. Raw output nan
WARNING: 18:20:34 - main_pipeline.interpreter:  Encountered exception in validating flowmeter SLI2000: string index out of range. Raw output nan
WARNING: 18:20:34 - main_pipeline.interpreter:  Encountered exception in validating flowmeter SLI2000: string index out of range. Raw output nan
WARNING: 18:20:34 - main_pipeline.interpreter:  Encountered exception in validating flowmeter SLI2000: string index out of range. Raw output nan
WARNING: 18:20:34 - main_pipeline.interpreter:  Encountered exception in validating flowmeter SLI2000: string index out of range. Raw output nan
WARNING: 18:20:34 - main_pipeline.interpreter:  Encountered exception in validating flowmeter SLI2000: string index out of range. Raw output nan
WARNING: 18:20:34 - main_pipeline.interpreter:  Encountered exception in validating flowmeter SLI2000: string index out of range. Raw output nan
WARNING: 18:20:34 - main_pipeline.interpreter:  Encountered exception in validating flowmeter SLI2000: string index out of range. Raw output nan
WARNING: 18:20:34 - main_pipeline.interpreter:  Encountered exception in validating flowmeter SLI2000: string index out of range. Raw output nan
WARNING: 18:20:34 - main_pipeline.interpreter:  Encountered exception in validating flowmeter SLI2000: string index out of range. Raw output nan
WARNING: 18:20:34 - main_pipeline.interpreter:  Encountered exception in validating flowmeter SLI2000: string index out of range. Raw output nan
WARNING: 18:20:34 - main_pipeline.interpreter:  Encountered exception in validating flowmeter SLI2000: string index out of range. Raw output nan
WARNING: 18:20:34 - main_pipeline.interpreter:  Encountered exception in validating flowmeter SLI2000: string index out of range. Raw output nan
WARNING: 18:20:34 - main_pipeline.interpreter:  Encountered exception in validating flowmeter SLI2000: string index out of range. Raw output nan
WARNING: 18:20:34 - main_pipeline.interpreter:  Encountered exception in validating flowmeter SLI2000: string index out of range. Raw output nan
WARNING: 18:20:34 - main_pipeline.interpreter:  Encountered exception in validating flowmeter SLI2000: string index out of range. Raw output nan
WARNING: 18:20:34 - main_pipeline.interpreter:  Encountered exception in validating flowmeter SLS1500: string index out of range. Raw output nan
WARNING: 18:20:34 - main_pipeline.interpreter:  Encountered exception in validating flowmeter SLS1500: string index out of range. Raw output nan
WARNING: 18:20:34 - main_pipeline.interpreter:  Encountered exception in validating flowmeter SLS1500: string index out of range. Raw output nan
WARNING: 18:20:34 - main_pipeline.interpreter:  Encountered exception in validating flowmeter SLS1500: string index out of range. Raw output nan
WARNING: 18:20:34 - main_pipeline.interpreter:  Encountered exception in validating flowmeter SLS1500: string index out of range. Raw output nan
WARNING: 18:20:34 - main_pipeline.interpreter:  Encountered exception in validating flowmeter SLS1500: string index out of range. Raw output nan
WARNING: 18:20:34 - main_pipeline.interpreter:  Encountered exception in validating flowmeter SLS1500: string index out of range. Raw output nan
WARNING: 18:20:34 - main_pipeline.interpreter:  Encountered exception in validating flowmeter SLS1500: string index out of range. Raw output nan
WARNING: 18:20:34 - main_pipeline.interpreter:  Encountered exception in validating flowmeter SLS1500: string index out of range. Raw output nan
WARNING: 18:20:34 - main_pipeline.interpreter:  Encountered exception in validating flowmeter SLS1500: string index out of range. Raw output nan
WARNING: 18:20:34 - main_pipeline.interpreter:  Encountered exception in validating flowmeter SLS1500: string index out of range. Raw output nan
WARNING: 18:20:34 - main_pipeline.interpreter:  Encountered exception in validating flowmeter SLS1500: string index out of range. Raw output nan
WARNING: 18:20:34 - main_pipeline.interpreter:  Encountered exception in validating flowmeter SLS1500: string index out of range. Raw output nan
WARNING: 18:20:34 - main_pipeline.interpreter:  Encountered exception in validating flowmeter SLS1500: string index out of range. Raw output nan
WARNING: 18:20:34 - main_pipeline.interpreter:  Encountered exception in validating flowmeter SLS1500: string index out of range. Raw output nan
WARNING: 18:20:35 - main_pipeline.interpreter:  Encountered exception in validating flowmeter SLI2000: string index out of range. Raw output nan
WARNING: 18:20:35 - main_pipeline.interpreter:  Encountered exception in validating flowmeter SLI2000: string index out of range. Raw output nan
WARNING: 18:20:35 - main_pipeline.interpreter:  Encountered exception in validating flowmeter SLI2000: string index out of range. Raw output nan
WARNING: 18:20:35 - main_pipeline.interpreter:  Encountered exception in validating flowmeter SLI2000: string index out of range. Raw output nan
WARNING: 18:20:35 - main_pipeline.interpreter:  Encountered exception in validating flowmeter SLI2000: string index out of range. Raw output nan
WARNING: 18:20:35 - main_pipeline.interpreter:  Encountered exception in validating flowmeter SLI2000: string index out of range. Raw output nan
WARNING: 18:20:35 - main_pipeline.interpreter:  Encountered exception in validating flowmeter SLI2000: string index out of range. Raw output nan
WARNING: 18:20:35 - main_pipeline.interpreter:  Encountered exception in validating flowmeter SLI2000: string index out of range. Raw output nan
WARNING: 18:20:35 - main_pipeline.interpreter:  Encountered exception in validating flowmeter SLI2000: string index out of range. Raw output nan
WARNING: 18:20:35 - main_pipeline.interpreter:  Encountered exception in validating flowmeter SLI2000: string index out of range. Raw output nan
WARNING: 18:20:35 - main_pipeline.interpreter:  Encountered exception in validating flowmeter SLI2000: string index out of range. Raw output nan
WARNING: 18:20:35 - main_pipeline.interpreter:  Encountered exception in validating flowmeter SLI2000: string index out of range. Raw output nan
WARNING: 18:20:35 - main_pipeline.interpreter:  Encountered exception in validating flowmeter SLI2000: string index out of range. Raw output nan
WARNING: 18:20:35 - main_pipeline.interpreter:  Encountered exception in validating flowmeter SLI2000: string index out of range. Raw output nan
WARNING: 18:20:35 - main_pipeline.interpreter:  Encountered exception in validating flowmeter SLI2000: string index out of range. Raw output nan
WARNING: 18:20:35 - main_pipeline.interpreter:  Encountered exception in validating flowmeter SLS1500: string index out of range. Raw output nan
WARNING: 18:20:35 - main_pipeline.interpreter:  Encountered exception in validating flowmeter SLS1500: string index out of range. Raw output nan
WARNING: 18:20:35 - main_pipeline.interpreter:  Encountered exception in validating flowmeter SLS1500: string index out of range. Raw output nan
WARNING: 18:20:35 - main_pipeline.interpreter:  Encountered exception in validating flowmeter SLS1500: string index out of range. Raw output nan
WARNING: 18:20:35 - main_pipeline.interpreter:  Encountered exception in validating flowmeter SLS1500: string index out of range. Raw output nan
WARNING: 18:20:35 - main_pipeline.interpreter:  Encountered exception in validating flowmeter SLS1500: string index out of range. Raw output nan
WARNING: 18:20:35 - main_pipeline.interpreter:  Encountered exception in validating flowmeter SLS1500: string index out of range. Raw output nan
WARNING: 18:20:35 - main_pipeline.interpreter:  Encountered exception in validating flowmeter SLS1500: string index out of range. Raw output nan
WARNING: 18:20:35 - main_pipeline.interpreter:  Encountered exception in validating flowmeter SLS1500: string index out of range. Raw output nan
WARNING: 18:20:35 - main_pipeline.interpreter:  Encountered exception in validating flowmeter SLS1500: string index out of range. Raw output nan
WARNING: 18:20:35 - main_pipeline.interpreter:  Encountered exception in validating flowmeter SLS1500: string index out of range. Raw output nan
WARNING: 18:20:35 - main_pipeline.interpreter:  Encountered exception in validating flowmeter SLS1500: string index out of range. Raw output nan
WARNING: 18:20:35 - main_pipeline.interpreter:  Encountered exception in validating flowmeter SLS1500: string index out of range. Raw output nan
WARNING: 18:20:35 - main_pipeline.interpreter:  Encountered exception in validating flowmeter SLS1500: string index out of range. Raw output nan
WARNING: 18:20:35 - main_pipeline.interpreter:  Encountered exception in validating flowmeter SLS1500: string index out of range. Raw output nan
WARNING: 18:20:36 - main_pipeline.interpreter:  Encountered exception in validating flowmeter SLI2000: string index out of range. Raw output nan
WARNING: 18:20:36 - main_pipeline.interpreter:  Encountered exception in validating flowmeter SLI2000: string index out of range. Raw output nan
WARNING: 18:20:36 - main_pipeline.interpreter:  Encountered exception in validating flowmeter SLI2000: string index out of range. Raw output nan
WARNING: 18:20:36 - main_pipeline.interpreter:  Encountered exception in validating flowmeter SLI2000: string index out of range. Raw output nan
WARNING: 18:20:36 - main_pipeline.interpreter:  Encountered exception in validating flowmeter SLI2000: string index out of range. Raw output nan
WARNING: 18:20:36 - main_pipeline.interpreter:  Encountered exception in validating flowmeter SLI2000: string index out of range. Raw output nan
WARNING: 18:20:36 - main_pipeline.interpreter:  Encountered exception in validating flowmeter SLI2000: string index out of range. Raw output nan
WARNING: 18:20:36 - main_pipeline.interpreter:  Encountered exception in validating flowmeter SLI2000: string index out of range. Raw output nan
WARNING: 18:20:36 - main_pipeline.interpreter:  Encountered exception in validating flowmeter SLI2000: string index out of range. Raw output nan
WARNING: 18:20:36 - main_pipeline.interpreter:  Encountered exception in validating flowmeter SLI2000: string index out of range. Raw output nan
WARNING: 18:20:36 - main_pipeline.interpreter:  Encountered exception in validating flowmeter SLI2000: string index out of range. Raw output nan
WARNING: 18:20:36 - main_pipeline.interpreter:  Encountered exception in validating flowmeter SLI2000: string index out of range. Raw output nan
WARNING: 18:20:36 - main_pipeline.interpreter:  Encountered exception in validating flowmeter SLI2000: string index out of range. Raw output nan
WARNING: 18:20:36 - main_pipeline.interpreter:  Encountered exception in validating flowmeter SLI2000: string index out of range. Raw output nan
WARNING: 18:20:36 - main_pipeline.interpreter:  Encountered exception in validating flowmeter SLI2000: string index out of range. Raw output nan
WARNING: 18:20:36 - main_pipeline.interpreter:  Encountered exception in validating flowmeter SLS1500: string index out of range. Raw output nan
WARNING: 18:20:36 - main_pipeline.interpreter:  Encountered exception in validating flowmeter SLS1500: string index out of range. Raw output nan
WARNING: 18:20:36 - main_pipeline.interpreter:  Encountered exception in validating flowmeter SLS1500: string index out of range. Raw output nan
WARNING: 18:20:36 - main_pipeline.interpreter:  Encountered exception in validating flowmeter SLS1500: string index out of range. Raw output nan
WARNING: 18:20:36 - main_pipeline.interpreter:  Encountered exception in validating flowmeter SLS1500: string index out of range. Raw output nan
WARNING: 18:20:36 - main_pipeline.interpreter:  Encountered exception in validating flowmeter SLS1500: string index out of range. Raw output nan
WARNING: 18:20:36 - main_pipeline.interpreter:  Encountered exception in validating flowmeter SLS1500: string index out of range. Raw output nan
WARNING: 18:20:36 - main_pipeline.interpreter:  Encountered exception in validating flowmeter SLS1500: string index out of range. Raw output nan
WARNING: 18:20:36 - main_pipeline.interpreter:  Encountered exception in validating flowmeter SLS1500: string index out of range. Raw output nan
WARNING: 18:20:36 - main_pipeline.interpreter:  Encountered exception in validating flowmeter SLS1500: string index out of range. Raw output nan
WARNING: 18:20:36 - main_pipeline.interpreter:  Encountered exception in validating flowmeter SLS1500: string index out of range. Raw output nan
WARNING: 18:20:36 - main_pipeline.interpreter:  Encountered exception in validating flowmeter SLS1500: string index out of range. Raw output nan
WARNING: 18:20:36 - main_pipeline.interpreter:  Encountered exception in validating flowmeter SLS1500: string index out of range. Raw output nan
WARNING: 18:20:36 - main_pipeline.interpreter:  Encountered exception in validating flowmeter SLS1500: string index out of range. Raw output nan
WARNING: 18:20:36 - main_pipeline.interpreter:  Encountered exception in validating flowmeter SLS1500: string index out of range. Raw output nan
WARNING: 18:20:37 - main_pipeline.interpreter:  Encountered exception in validating flowmeter SLI2000: string index out of range. Raw output nan
WARNING: 18:20:37 - main_pipeline.interpreter:  Encountered exception in validating flowmeter SLI2000: string index out of range. Raw output nan
WARNING: 18:20:37 - main_pipeline.interpreter:  Encountered exception in validating flowmeter SLI2000: string index out of range. Raw output nan
WARNING: 18:20:37 - main_pipeline.interpreter:  Encountered exception in validating flowmeter SLI2000: string index out of range. Raw output nan
WARNING: 18:20:37 - main_pipeline.interpreter:  Encountered exception in validating flowmeter SLI2000: string index out of range. Raw output nan
WARNING: 18:20:37 - main_pipeline.interpreter:  Encountered exception in validating flowmeter SLI2000: string index out of range. Raw output nan
WARNING: 18:20:37 - main_pipeline.interpreter:  Encountered exception in validating flowmeter SLI2000: string index out of range. Raw output nan
WARNING: 18:20:37 - main_pipeline.interpreter:  Encountered exception in validating flowmeter SLI2000: string index out of range. Raw output nan
WARNING: 18:20:37 - main_pipeline.interpreter:  Encountered exception in validating flowmeter SLI2000: string index out of range. Raw output nan
WARNING: 18:20:37 - main_pipeline.interpreter:  Encountered exception in validating flowmeter SLI2000: string index out of range. Raw output nan
WARNING: 18:20:37 - main_pipeline.interpreter:  Encountered exception in validating flowmeter SLI2000: string index out of range. Raw output nan
WARNING: 18:20:37 - main_pipeline.interpreter:  Encountered exception in validating flowmeter SLI2000: string index out of range. Raw output nan
WARNING: 18:20:37 - main_pipeline.interpreter:  Encountered exception in validating flowmeter SLI2000: string index out of range. Raw output nan
WARNING: 18:20:37 - main_pipeline.interpreter:  Encountered exception in validating flowmeter SLI2000: string index out of range. Raw output nan
WARNING: 18:20:37 - main_pipeline.interpreter:  Encountered exception in validating flowmeter SLI2000: string index out of range. Raw output nan
WARNING: 18:20:37 - main_pipeline.interpreter:  Encountered exception in validating flowmeter SLS1500: string index out of range. Raw output nan
WARNING: 18:20:37 - main_pipeline.interpreter:  Encountered exception in validating flowmeter SLS1500: string index out of range. Raw output nan
WARNING: 18:20:37 - main_pipeline.interpreter:  Encountered exception in validating flowmeter SLS1500: string index out of range. Raw output nan
WARNING: 18:20:37 - main_pipeline.interpreter:  Encountered exception in validating flowmeter SLS1500: string index out of range. Raw output nan
WARNING: 18:20:37 - main_pipeline.interpreter:  Encountered exception in validating flowmeter SLS1500: string index out of range. Raw output nan
WARNING: 18:20:37 - main_pipeline.interpreter:  Encountered exception in validating flowmeter SLS1500: string index out of range. Raw output nan
WARNING: 18:20:37 - main_pipeline.interpreter:  Encountered exception in validating flowmeter SLS1500: string index out of range. Raw output nan
WARNING: 18:20:37 - main_pipeline.interpreter:  Encountered exception in validating flowmeter SLS1500: string index out of range. Raw output nan
WARNING: 18:20:37 - main_pipeline.interpreter:  Encountered exception in validating flowmeter SLS1500: string index out of range. Raw output nan
WARNING: 18:20:37 - main_pipeline.interpreter:  Encountered exception in validating flowmeter SLS1500: string index out of range. Raw output nan
WARNING: 18:20:37 - main_pipeline.interpreter:  Encountered exception in validating flowmeter SLS1500: string index out of range. Raw output nan
WARNING: 18:20:37 - main_pipeline.interpreter:  Encountered exception in validating flowmeter SLS1500: string index out of range. Raw output nan
WARNING: 18:20:37 - main_pipeline.interpreter:  Encountered exception in validating flowmeter SLS1500: string index out of range. Raw output nan
WARNING: 18:20:37 - main_pipeline.interpreter:  Encountered exception in validating flowmeter SLS1500: string index out of range. Raw output nan
WARNING: 18:20:37 - main_pipeline.interpreter:  Encountered exception in validating flowmeter SLS1500: string index out of range. Raw output nan
WARNING: 18:20:38 - main_pipeline.interpreter:  Encountered exception in validating flowmeter SLI2000: string index out of range. Raw output nan
WARNING: 18:20:38 - main_pipeline.interpreter:  Encountered exception in validating flowmeter SLI2000: string index out of range. Raw output nan
WARNING: 18:20:38 - main_pipeline.interpreter:  Encountered exception in validating flowmeter SLI2000: string index out of range. Raw output nan
WARNING: 18:20:38 - main_pipeline.interpreter:  Encountered exception in validating flowmeter SLI2000: string index out of range. Raw output nan
WARNING: 18:20:38 - main_pipeline.interpreter:  Encountered exception in validating flowmeter SLI2000: string index out of range. Raw output nan
WARNING: 18:20:38 - main_pipeline.interpreter:  Encountered exception in validating flowmeter SLI2000: string index out of range. Raw output nan
WARNING: 18:20:38 - main_pipeline.interpreter:  Encountered exception in validating flowmeter SLI2000: string index out of range. Raw output nan
WARNING: 18:20:38 - main_pipeline.interpreter:  Encountered exception in validating flowmeter SLI2000: string index out of range. Raw output nan
WARNING: 18:20:38 - main_pipeline.interpreter:  Encountered exception in validating flowmeter SLI2000: string index out of range. Raw output nan
WARNING: 18:20:38 - main_pipeline.interpreter:  Encountered exception in validating flowmeter SLI2000: string index out of range. Raw output nan
WARNING: 18:20:38 - main_pipeline.interpreter:  Encountered exception in validating flowmeter SLI2000: string index out of range. Raw output nan
WARNING: 18:20:38 - main_pipeline.interpreter:  Encountered exception in validating flowmeter SLI2000: string index out of range. Raw output nan
WARNING: 18:20:38 - main_pipeline.interpreter:  Encountered exception in validating flowmeter SLI2000: string index out of range. Raw output nan
WARNING: 18:20:38 - main_pipeline.interpreter:  Encountered exception in validating flowmeter SLI2000: string index out of range. Raw output nan
WARNING: 18:20:38 - main_pipeline.interpreter:  Encountered exception in validating flowmeter SLI2000: string index out of range. Raw output nan
WARNING: 18:20:38 - main_pipeline.interpreter:  Encountered exception in validating flowmeter SLS1500: string index out of range. Raw output nan
WARNING: 18:20:38 - main_pipeline.interpreter:  Encountered exception in validating flowmeter SLS1500: string index out of range. Raw output nan
WARNING: 18:20:38 - main_pipeline.interpreter:  Encountered exception in validating flowmeter SLS1500: string index out of range. Raw output nan
WARNING: 18:20:38 - main_pipeline.interpreter:  Encountered exception in validating flowmeter SLS1500: string index out of range. Raw output nan
WARNING: 18:20:38 - main_pipeline.interpreter:  Encountered exception in validating flowmeter SLS1500: string index out of range. Raw output nan
WARNING: 18:20:38 - main_pipeline.interpreter:  Encountered exception in validating flowmeter SLS1500: string index out of range. Raw output nan
WARNING: 18:20:38 - main_pipeline.interpreter:  Encountered exception in validating flowmeter SLS1500: string index out of range. Raw output nan
WARNING: 18:20:38 - main_pipeline.interpreter:  Encountered exception in validating flowmeter SLS1500: string index out of range. Raw output nan
WARNING: 18:20:38 - main_pipeline.interpreter:  Encountered exception in validating flowmeter SLS1500: string index out of range. Raw output nan
WARNING: 18:20:38 - main_pipeline.interpreter:  Encountered exception in validating flowmeter SLS1500: string index out of range. Raw output nan
WARNING: 18:20:38 - main_pipeline.interpreter:  Encountered exception in validating flowmeter SLS1500: string index out of range. Raw output nan
WARNING: 18:20:38 - main_pipeline.interpreter:  Encountered exception in validating flowmeter SLS1500: string index out of range. Raw output nan
WARNING: 18:20:38 - main_pipeline.interpreter:  Encountered exception in validating flowmeter SLS1500: string index out of range. Raw output nan
WARNING: 18:20:38 - main_pipeline.interpreter:  Encountered exception in validating flowmeter SLS1500: string index out of range. Raw output nan
WARNING: 18:20:38 - main_pipeline.interpreter:  Encountered exception in validating flowmeter SLS1500: string index out of range. Raw output nan
WARNING: 18:20:39 - main_pipeline.interpreter:  Encountered exception in validating flowmeter SLI2000: string index out of range. Raw output nan
WARNING: 18:20:39 - main_pipeline.interpreter:  Encountered exception in validating flowmeter SLI2000: string index out of range. Raw output nan
WARNING: 18:20:39 - main_pipeline.interpreter:  Encountered exception in validating flowmeter SLI2000: string index out of range. Raw output nan
WARNING: 18:20:39 - main_pipeline.interpreter:  Encountered exception in validating flowmeter SLI2000: string index out of range. Raw output nan
WARNING: 18:20:39 - main_pipeline.interpreter:  Encountered exception in validating flowmeter SLI2000: string index out of range. Raw output nan
WARNING: 18:20:39 - main_pipeline.interpreter:  Encountered exception in validating flowmeter SLI2000: string index out of range. Raw output nan
WARNING: 18:20:39 - main_pipeline.interpreter:  Encountered exception in validating flowmeter SLI2000: string index out of range. Raw output nan
WARNING: 18:20:39 - main_pipeline.interpreter:  Encountered exception in validating flowmeter SLI2000: string index out of range. Raw output nan
WARNING: 18:20:39 - main_pipeline.interpreter:  Encountered exception in validating flowmeter SLI2000: string index out of range. Raw output nan
WARNING: 18:20:39 - main_pipeline.interpreter:  Encountered exception in validating flowmeter SLI2000: string index out of range. Raw output nan
WARNING: 18:20:39 - main_pipeline.interpreter:  Encountered exception in validating flowmeter SLI2000: string index out of range. Raw output nan
WARNING: 18:20:39 - main_pipeline.interpreter:  Encountered exception in validating flowmeter SLI2000: string index out of range. Raw output nan
WARNING: 18:20:39 - main_pipeline.interpreter:  Encountered exception in validating flowmeter SLI2000: string index out of range. Raw output nan
WARNING: 18:20:39 - main_pipeline.interpreter:  Encountered exception in validating flowmeter SLI2000: string index out of range. Raw output nan
WARNING: 18:20:39 - main_pipeline.interpreter:  Encountered exception in validating flowmeter SLI2000: string index out of range. Raw output nan
WARNING: 18:20:39 - main_pipeline.interpreter:  Encountered exception in validating flowmeter SLS1500: string index out of range. Raw output nan
WARNING: 18:20:39 - main_pipeline.interpreter:  Encountered exception in validating flowmeter SLS1500: string index out of range. Raw output nan
WARNING: 18:20:39 - main_pipeline.interpreter:  Encountered exception in validating flowmeter SLS1500: string index out of range. Raw output nan
WARNING: 18:20:39 - main_pipeline.interpreter:  Encountered exception in validating flowmeter SLS1500: string index out of range. Raw output nan
WARNING: 18:20:39 - main_pipeline.interpreter:  Encountered exception in validating flowmeter SLS1500: string index out of range. Raw output nan
WARNING: 18:20:39 - main_pipeline.interpreter:  Encountered exception in validating flowmeter SLS1500: string index out of range. Raw output nan
WARNING: 18:20:39 - main_pipeline.interpreter:  Encountered exception in validating flowmeter SLS1500: string index out of range. Raw output nan
WARNING: 18:20:39 - main_pipeline.interpreter:  Encountered exception in validating flowmeter SLS1500: string index out of range. Raw output nan
WARNING: 18:20:39 - main_pipeline.interpreter:  Encountered exception in validating flowmeter SLS1500: string index out of range. Raw output nan
WARNING: 18:20:39 - main_pipeline.interpreter:  Encountered exception in validating flowmeter SLS1500: string index out of range. Raw output nan
WARNING: 18:20:39 - main_pipeline.interpreter:  Encountered exception in validating flowmeter SLS1500: string index out of range. Raw output nan
WARNING: 18:20:39 - main_pipeline.interpreter:  Encountered exception in validating flowmeter SLS1500: string index out of range. Raw output nan
WARNING: 18:20:39 - main_pipeline.interpreter:  Encountered exception in validating flowmeter SLS1500: string index out of range. Raw output nan
WARNING: 18:20:39 - main_pipeline.interpreter:  Encountered exception in validating flowmeter SLS1500: string index out of range. Raw output nan
WARNING: 18:20:39 - main_pipeline.interpreter:  Encountered exception in validating flowmeter SLS1500: string index out of range. Raw output nan
WARNING: 18:20:40 - main_pipeline.interpreter:  Encountered exception in validating flowmeter SLI2000: string index out of range. Raw output nan
WARNING: 18:20:40 - main_pipeline.interpreter:  Encountered exception in validating flowmeter SLI2000: string index out of range. Raw output nan
WARNING: 18:20:40 - main_pipeline.interpreter:  Encountered exception in validating flowmeter SLI2000: string index out of range. Raw output nan
WARNING: 18:20:40 - main_pipeline.interpreter:  Encountered exception in validating flowmeter SLI2000: string index out of range. Raw output nan
WARNING: 18:20:40 - main_pipeline.interpreter:  Encountered exception in validating flowmeter SLI2000: string index out of range. Raw output nan
WARNING: 18:20:40 - main_pipeline.interpreter:  Encountered exception in validating flowmeter SLI2000: string index out of range. Raw output nan
WARNING: 18:20:40 - main_pipeline.interpreter:  Encountered exception in validating flowmeter SLI2000: string index out of range. Raw output nan
WARNING: 18:20:40 - main_pipeline.interpreter:  Encountered exception in validating flowmeter SLI2000: string index out of range. Raw output nan
WARNING: 18:20:40 - main_pipeline.interpreter:  Encountered exception in validating flowmeter SLI2000: string index out of range. Raw output nan
WARNING: 18:20:40 - main_pipeline.interpreter:  Encountered exception in validating flowmeter SLI2000: string index out of range. Raw output nan
WARNING: 18:20:40 - main_pipeline.interpreter:  Encountered exception in validating flowmeter SLI2000: string index out of range. Raw output nan
WARNING: 18:20:40 - main_pipeline.interpreter:  Encountered exception in validating flowmeter SLI2000: string index out of range. Raw output nan
WARNING: 18:20:40 - main_pipeline.interpreter:  Encountered exception in validating flowmeter SLI2000: string index out of range. Raw output nan
WARNING: 18:20:40 - main_pipeline.interpreter:  Encountered exception in validating flowmeter SLI2000: string index out of range. Raw output nan
WARNING: 18:20:40 - main_pipeline.interpreter:  Encountered exception in validating flowmeter SLI2000: string index out of range. Raw output nan
WARNING: 18:20:40 - main_pipeline.interpreter:  Encountered exception in validating flowmeter SLS1500: string index out of range. Raw output nan
WARNING: 18:20:40 - main_pipeline.interpreter:  Encountered exception in validating flowmeter SLS1500: string index out of range. Raw output nan
WARNING: 18:20:40 - main_pipeline.interpreter:  Encountered exception in validating flowmeter SLS1500: string index out of range. Raw output nan
WARNING: 18:20:40 - main_pipeline.interpreter:  Encountered exception in validating flowmeter SLS1500: string index out of range. Raw output nan
WARNING: 18:20:40 - main_pipeline.interpreter:  Encountered exception in validating flowmeter SLS1500: string index out of range. Raw output nan
WARNING: 18:20:40 - main_pipeline.interpreter:  Encountered exception in validating flowmeter SLS1500: string index out of range. Raw output nan
WARNING: 18:20:40 - main_pipeline.interpreter:  Encountered exception in validating flowmeter SLS1500: string index out of range. Raw output nan
WARNING: 18:20:40 - main_pipeline.interpreter:  Encountered exception in validating flowmeter SLS1500: string index out of range. Raw output nan
WARNING: 18:20:40 - main_pipeline.interpreter:  Encountered exception in validating flowmeter SLS1500: string index out of range. Raw output nan
WARNING: 18:20:40 - main_pipeline.interpreter:  Encountered exception in validating flowmeter SLS1500: string index out of range. Raw output nan
WARNING: 18:20:40 - main_pipeline.interpreter:  Encountered exception in validating flowmeter SLS1500: string index out of range. Raw output nan
WARNING: 18:20:40 - main_pipeline.interpreter:  Encountered exception in validating flowmeter SLS1500: string index out of range. Raw output nan
WARNING: 18:20:40 - main_pipeline.interpreter:  Encountered exception in validating flowmeter SLS1500: string index out of range. Raw output nan
WARNING: 18:20:40 - main_pipeline.interpreter:  Encountered exception in validating flowmeter SLS1500: string index out of range. Raw output nan
WARNING: 18:20:40 - main_pipeline.interpreter:  Encountered exception in validating flowmeter SLS1500: string index out of range. Raw output nan
WARNING: 18:20:41 - main_pipeline.interpreter:  Encountered exception in validating flowmeter SLI2000: string index out of range. Raw output nan
WARNING: 18:20:41 - main_pipeline.interpreter:  Encountered exception in validating flowmeter SLI2000: string index out of range. Raw output nan
WARNING: 18:20:41 - main_pipeline.interpreter:  Encountered exception in validating flowmeter SLI2000: string index out of range. Raw output nan
WARNING: 18:20:41 - main_pipeline.interpreter:  Encountered exception in validating flowmeter SLI2000: string index out of range. Raw output nan
WARNING: 18:20:41 - main_pipeline.interpreter:  Encountered exception in validating flowmeter SLI2000: string index out of range. Raw output nan
WARNING: 18:20:41 - main_pipeline.interpreter:  Encountered exception in validating flowmeter SLI2000: string index out of range. Raw output nan
WARNING: 18:20:41 - main_pipeline.interpreter:  Encountered exception in validating flowmeter SLI2000: string index out of range. Raw output nan
WARNING: 18:20:41 - main_pipeline.interpreter:  Encountered exception in validating flowmeter SLI2000: string index out of range. Raw output nan
WARNING: 18:20:41 - main_pipeline.interpreter:  Encountered exception in validating flowmeter SLI2000: string index out of range. Raw output nan
WARNING: 18:20:41 - main_pipeline.interpreter:  Encountered exception in validating flowmeter SLI2000: string index out of range. Raw output nan
WARNING: 18:20:41 - main_pipeline.interpreter:  Encountered exception in validating flowmeter SLI2000: string index out of range. Raw output nan
WARNING: 18:20:41 - main_pipeline.interpreter:  Encountered exception in validating flowmeter SLI2000: string index out of range. Raw output nan
WARNING: 18:20:41 - main_pipeline.interpreter:  Encountered exception in validating flowmeter SLI2000: string index out of range. Raw output nan
WARNING: 18:20:41 - main_pipeline.interpreter:  Encountered exception in validating flowmeter SLI2000: string index out of range. Raw output nan
WARNING: 18:20:41 - main_pipeline.interpreter:  Encountered exception in validating flowmeter SLI2000: string index out of range. Raw output nan
WARNING: 18:20:41 - main_pipeline.interpreter:  Encountered exception in validating flowmeter SLS1500: string index out of range. Raw output nan
WARNING: 18:20:41 - main_pipeline.interpreter:  Encountered exception in validating flowmeter SLS1500: string index out of range. Raw output nan
WARNING: 18:20:41 - main_pipeline.interpreter:  Encountered exception in validating flowmeter SLS1500: string index out of range. Raw output nan
WARNING: 18:20:41 - main_pipeline.interpreter:  Encountered exception in validating flowmeter SLS1500: string index out of range. Raw output nan
WARNING: 18:20:41 - main_pipeline.interpreter:  Encountered exception in validating flowmeter SLS1500: string index out of range. Raw output nan
WARNING: 18:20:41 - main_pipeline.interpreter:  Encountered exception in validating flowmeter SLS1500: string index out of range. Raw output nan
WARNING: 18:20:41 - main_pipeline.interpreter:  Encountered exception in validating flowmeter SLS1500: string index out of range. Raw output nan
WARNING: 18:20:41 - main_pipeline.interpreter:  Encountered exception in validating flowmeter SLS1500: string index out of range. Raw output nan
WARNING: 18:20:41 - main_pipeline.interpreter:  Encountered exception in validating flowmeter SLS1500: string index out of range. Raw output nan
WARNING: 18:20:41 - main_pipeline.interpreter:  Encountered exception in validating flowmeter SLS1500: string index out of range. Raw output nan
WARNING: 18:20:41 - main_pipeline.interpreter:  Encountered exception in validating flowmeter SLS1500: string index out of range. Raw output nan
WARNING: 18:20:41 - main_pipeline.interpreter:  Encountered exception in validating flowmeter SLS1500: string index out of range. Raw output nan
WARNING: 18:20:41 - main_pipeline.interpreter:  Encountered exception in validating flowmeter SLS1500: string index out of range. Raw output nan
WARNING: 18:20:41 - main_pipeline.interpreter:  Encountered exception in validating flowmeter SLS1500: string index out of range. Raw output nan
WARNING: 18:20:41 - main_pipeline.interpreter:  Encountered exception in validating flowmeter SLS1500: string index out of range. Raw output nan
WARNING: 18:20:42 - main_pipeline.interpreter:  Encountered exception in validating flowmeter SLI2000: string index out of range. Raw output nan
WARNING: 18:20:42 - main_pipeline.interpreter:  Encountered exception in validating flowmeter SLI2000: string index out of range. Raw output nan
WARNING: 18:20:42 - main_pipeline.interpreter:  Encountered exception in validating flowmeter SLI2000: string index out of range. Raw output nan
WARNING: 18:20:42 - main_pipeline.interpreter:  Encountered exception in validating flowmeter SLI2000: string index out of range. Raw output nan
WARNING: 18:20:42 - main_pipeline.interpreter:  Encountered exception in validating flowmeter SLI2000: string index out of range. Raw output nan
WARNING: 18:20:42 - main_pipeline.interpreter:  Encountered exception in validating flowmeter SLI2000: string index out of range. Raw output nan
WARNING: 18:20:42 - main_pipeline.interpreter:  Encountered exception in validating flowmeter SLI2000: string index out of range. Raw output nan
WARNING: 18:20:42 - main_pipeline.interpreter:  Encountered exception in validating flowmeter SLI2000: string index out of range. Raw output nan
WARNING: 18:20:42 - main_pipeline.interpreter:  Encountered exception in validating flowmeter SLI2000: string index out of range. Raw output nan
WARNING: 18:20:42 - main_pipeline.interpreter:  Encountered exception in validating flowmeter SLI2000: string index out of range. Raw output nan
WARNING: 18:20:42 - main_pipeline.interpreter:  Encountered exception in validating flowmeter SLI2000: string index out of range. Raw output nan
WARNING: 18:20:42 - main_pipeline.interpreter:  Encountered exception in validating flowmeter SLI2000: string index out of range. Raw output nan
WARNING: 18:20:42 - main_pipeline.interpreter:  Encountered exception in validating flowmeter SLI2000: string index out of range. Raw output nan
WARNING: 18:20:42 - main_pipeline.interpreter:  Encountered exception in validating flowmeter SLI2000: string index out of range. Raw output nan
WARNING: 18:20:42 - main_pipeline.interpreter:  Encountered exception in validating flowmeter SLI2000: string index out of range. Raw output nan
WARNING: 18:20:42 - main_pipeline.interpreter:  Encountered exception in validating flowmeter SLS1500: string index out of range. Raw output nan
WARNING: 18:20:42 - main_pipeline.interpreter:  Encountered exception in validating flowmeter SLS1500: string index out of range. Raw output nan
WARNING: 18:20:42 - main_pipeline.interpreter:  Encountered exception in validating flowmeter SLS1500: string index out of range. Raw output nan
WARNING: 18:20:42 - main_pipeline.interpreter:  Encountered exception in validating flowmeter SLS1500: string index out of range. Raw output nan
WARNING: 18:20:42 - main_pipeline.interpreter:  Encountered exception in validating flowmeter SLS1500: string index out of range. Raw output nan
WARNING: 18:20:42 - main_pipeline.interpreter:  Encountered exception in validating flowmeter SLS1500: string index out of range. Raw output nan
WARNING: 18:20:42 - main_pipeline.interpreter:  Encountered exception in validating flowmeter SLS1500: string index out of range. Raw output nan
WARNING: 18:20:42 - main_pipeline.interpreter:  Encountered exception in validating flowmeter SLS1500: string index out of range. Raw output nan
WARNING: 18:20:42 - main_pipeline.interpreter:  Encountered exception in validating flowmeter SLS1500: string index out of range. Raw output nan
WARNING: 18:20:42 - main_pipeline.interpreter:  Encountered exception in validating flowmeter SLS1500: string index out of range. Raw output nan
WARNING: 18:20:42 - main_pipeline.interpreter:  Encountered exception in validating flowmeter SLS1500: string index out of range. Raw output nan
WARNING: 18:20:42 - main_pipeline.interpreter:  Encountered exception in validating flowmeter SLS1500: string index out of range. Raw output nan
WARNING: 18:20:42 - main_pipeline.interpreter:  Encountered exception in validating flowmeter SLS1500: string index out of range. Raw output nan
WARNING: 18:20:42 - main_pipeline.interpreter:  Encountered exception in validating flowmeter SLS1500: string index out of range. Raw output nan
WARNING: 18:20:42 - main_pipeline.interpreter:  Encountered exception in validating flowmeter SLS1500: string index out of range. Raw output nan
WARNING: 18:20:43 - main_pipeline.interpreter:  Encountered exception in validating flowmeter SLI2000: string index out of range. Raw output nan
WARNING: 18:20:43 - main_pipeline.interpreter:  Encountered exception in validating flowmeter SLI2000: string index out of range. Raw output nan
WARNING: 18:20:43 - main_pipeline.interpreter:  Encountered exception in validating flowmeter SLI2000: string index out of range. Raw output nan
WARNING: 18:20:43 - main_pipeline.interpreter:  Encountered exception in validating flowmeter SLI2000: string index out of range. Raw output nan
WARNING: 18:20:43 - main_pipeline.interpreter:  Encountered exception in validating flowmeter SLI2000: string index out of range. Raw output nan
WARNING: 18:20:43 - main_pipeline.interpreter:  Encountered exception in validating flowmeter SLI2000: string index out of range. Raw output nan
WARNING: 18:20:43 - main_pipeline.interpreter:  Encountered exception in validating flowmeter SLI2000: string index out of range. Raw output nan
WARNING: 18:20:43 - main_pipeline.interpreter:  Encountered exception in validating flowmeter SLI2000: string index out of range. Raw output nan
WARNING: 18:20:43 - main_pipeline.interpreter:  Encountered exception in validating flowmeter SLI2000: string index out of range. Raw output nan
WARNING: 18:20:43 - main_pipeline.interpreter:  Encountered exception in validating flowmeter SLI2000: string index out of range. Raw output nan
WARNING: 18:20:43 - main_pipeline.interpreter:  Encountered exception in validating flowmeter SLI2000: string index out of range. Raw output nan
WARNING: 18:20:43 - main_pipeline.interpreter:  Encountered exception in validating flowmeter SLI2000: string index out of range. Raw output nan
WARNING: 18:20:43 - main_pipeline.interpreter:  Encountered exception in validating flowmeter SLI2000: string index out of range. Raw output nan
WARNING: 18:20:43 - main_pipeline.interpreter:  Encountered exception in validating flowmeter SLI2000: string index out of range. Raw output nan
WARNING: 18:20:43 - main_pipeline.interpreter:  Encountered exception in validating flowmeter SLI2000: string index out of range. Raw output nan
WARNING: 18:20:43 - main_pipeline.interpreter:  Encountered exception in validating flowmeter SLS1500: string index out of range. Raw output nan
WARNING: 18:20:43 - main_pipeline.interpreter:  Encountered exception in validating flowmeter SLS1500: string index out of range. Raw output nan
WARNING: 18:20:43 - main_pipeline.interpreter:  Encountered exception in validating flowmeter SLS1500: string index out of range. Raw output nan
WARNING: 18:20:43 - main_pipeline.interpreter:  Encountered exception in validating flowmeter SLS1500: string index out of range. Raw output nan
WARNING: 18:20:43 - main_pipeline.interpreter:  Encountered exception in validating flowmeter SLS1500: string index out of range. Raw output nan
WARNING: 18:20:43 - main_pipeline.interpreter:  Encountered exception in validating flowmeter SLS1500: string index out of range. Raw output nan
WARNING: 18:20:43 - main_pipeline.interpreter:  Encountered exception in validating flowmeter SLS1500: string index out of range. Raw output nan
WARNING: 18:20:43 - main_pipeline.interpreter:  Encountered exception in validating flowmeter SLS1500: string index out of range. Raw output nan
WARNING: 18:20:43 - main_pipeline.interpreter:  Encountered exception in validating flowmeter SLS1500: string index out of range. Raw output nan
WARNING: 18:20:43 - main_pipeline.interpreter:  Encountered exception in validating flowmeter SLS1500: string index out of range. Raw output nan
WARNING: 18:20:43 - main_pipeline.interpreter:  Encountered exception in validating flowmeter SLS1500: string index out of range. Raw output nan
WARNING: 18:20:43 - main_pipeline.interpreter:  Encountered exception in validating flowmeter SLS1500: string index out of range. Raw output nan
WARNING: 18:20:43 - main_pipeline.interpreter:  Encountered exception in validating flowmeter SLS1500: string index out of range. Raw output nan
WARNING: 18:20:43 - main_pipeline.interpreter:  Encountered exception in validating flowmeter SLS1500: string index out of range. Raw output nan
WARNING: 18:20:43 - main_pipeline.interpreter:  Encountered exception in validating flowmeter SLS1500: string index out of range. Raw output nan
WARNING: 18:20:44 - main_pipeline.interpreter:  Encountered exception in validating flowmeter SLI2000: string index out of range. Raw output nan
WARNING: 18:20:44 - main_pipeline.interpreter:  Encountered exception in validating flowmeter SLI2000: string index out of range. Raw output nan
WARNING: 18:20:44 - main_pipeline.interpreter:  Encountered exception in validating flowmeter SLI2000: string index out of range. Raw output nan
WARNING: 18:20:44 - main_pipeline.interpreter:  Encountered exception in validating flowmeter SLI2000: string index out of range. Raw output nan
WARNING: 18:20:44 - main_pipeline.interpreter:  Encountered exception in validating flowmeter SLI2000: string index out of range. Raw output nan
WARNING: 18:20:44 - main_pipeline.interpreter:  Encountered exception in validating flowmeter SLI2000: string index out of range. Raw output nan
WARNING: 18:20:44 - main_pipeline.interpreter:  Encountered exception in validating flowmeter SLI2000: string index out of range. Raw output nan
WARNING: 18:20:44 - main_pipeline.interpreter:  Encountered exception in validating flowmeter SLI2000: string index out of range. Raw output nan
WARNING: 18:20:44 - main_pipeline.interpreter:  Encountered exception in validating flowmeter SLI2000: string index out of range. Raw output nan
WARNING: 18:20:44 - main_pipeline.interpreter:  Encountered exception in validating flowmeter SLI2000: string index out of range. Raw output nan
WARNING: 18:20:44 - main_pipeline.interpreter:  Encountered exception in validating flowmeter SLI2000: string index out of range. Raw output nan
WARNING: 18:20:44 - main_pipeline.interpreter:  Encountered exception in validating flowmeter SLI2000: string index out of range. Raw output nan
WARNING: 18:20:44 - main_pipeline.interpreter:  Encountered exception in validating flowmeter SLI2000: string index out of range. Raw output nan
WARNING: 18:20:44 - main_pipeline.interpreter:  Encountered exception in validating flowmeter SLI2000: string index out of range. Raw output nan
WARNING: 18:20:44 - main_pipeline.interpreter:  Encountered exception in validating flowmeter SLI2000: string index out of range. Raw output nan
WARNING: 18:20:44 - main_pipeline.interpreter:  Encountered exception in validating flowmeter SLS1500: string index out of range. Raw output nan
WARNING: 18:20:44 - main_pipeline.interpreter:  Encountered exception in validating flowmeter SLS1500: string index out of range. Raw output nan
WARNING: 18:20:44 - main_pipeline.interpreter:  Encountered exception in validating flowmeter SLS1500: string index out of range. Raw output nan
WARNING: 18:20:44 - main_pipeline.interpreter:  Encountered exception in validating flowmeter SLS1500: string index out of range. Raw output nan
WARNING: 18:20:44 - main_pipeline.interpreter:  Encountered exception in validating flowmeter SLS1500: string index out of range. Raw output nan
WARNING: 18:20:44 - main_pipeline.interpreter:  Encountered exception in validating flowmeter SLS1500: string index out of range. Raw output nan
WARNING: 18:20:44 - main_pipeline.interpreter:  Encountered exception in validating flowmeter SLS1500: string index out of range. Raw output nan
WARNING: 18:20:44 - main_pipeline.interpreter:  Encountered exception in validating flowmeter SLS1500: string index out of range. Raw output nan
WARNING: 18:20:44 - main_pipeline.interpreter:  Encountered exception in validating flowmeter SLS1500: string index out of range. Raw output nan
WARNING: 18:20:44 - main_pipeline.interpreter:  Encountered exception in validating flowmeter SLS1500: string index out of range. Raw output nan
WARNING: 18:20:44 - main_pipeline.interpreter:  Encountered exception in validating flowmeter SLS1500: string index out of range. Raw output nan
WARNING: 18:20:44 - main_pipeline.interpreter:  Encountered exception in validating flowmeter SLS1500: string index out of range. Raw output nan
WARNING: 18:20:44 - main_pipeline.interpreter:  Encountered exception in validating flowmeter SLS1500: string index out of range. Raw output nan
WARNING: 18:20:44 - main_pipeline.interpreter:  Encountered exception in validating flowmeter SLS1500: string index out of range. Raw output nan
WARNING: 18:20:44 - main_pipeline.interpreter:  Encountered exception in validating flowmeter SLS1500: string index out of range. Raw output nan
WARNING: 18:20:45 - main_pipeline.interpreter:  Encountered exception in validating flowmeter SLI2000: string index out of range. Raw output nan
WARNING: 18:20:45 - main_pipeline.interpreter:  Encountered exception in validating flowmeter SLI2000: string index out of range. Raw output nan
WARNING: 18:20:45 - main_pipeline.interpreter:  Encountered exception in validating flowmeter SLI2000: string index out of range. Raw output nan
WARNING: 18:20:45 - main_pipeline.interpreter:  Encountered exception in validating flowmeter SLI2000: string index out of range. Raw output nan
WARNING: 18:20:45 - main_pipeline.interpreter:  Encountered exception in validating flowmeter SLI2000: string index out of range. Raw output nan
WARNING: 18:20:45 - main_pipeline.interpreter:  Encountered exception in validating flowmeter SLI2000: string index out of range. Raw output nan
WARNING: 18:20:45 - main_pipeline.interpreter:  Encountered exception in validating flowmeter SLI2000: string index out of range. Raw output nan
WARNING: 18:20:45 - main_pipeline.interpreter:  Encountered exception in validating flowmeter SLI2000: string index out of range. Raw output nan
WARNING: 18:20:45 - main_pipeline.interpreter:  Encountered exception in validating flowmeter SLI2000: string index out of range. Raw output nan
WARNING: 18:20:45 - main_pipeline.interpreter:  Encountered exception in validating flowmeter SLI2000: string index out of range. Raw output nan
WARNING: 18:20:45 - main_pipeline.interpreter:  Encountered exception in validating flowmeter SLI2000: string index out of range. Raw output nan
WARNING: 18:20:45 - main_pipeline.interpreter:  Encountered exception in validating flowmeter SLI2000: string index out of range. Raw output nan
WARNING: 18:20:45 - main_pipeline.interpreter:  Encountered exception in validating flowmeter SLI2000: string index out of range. Raw output nan
WARNING: 18:20:45 - main_pipeline.interpreter:  Encountered exception in validating flowmeter SLI2000: string index out of range. Raw output nan
WARNING: 18:20:45 - main_pipeline.interpreter:  Encountered exception in validating flowmeter SLI2000: string index out of range. Raw output nan
WARNING: 18:20:45 - main_pipeline.interpreter:  Encountered exception in validating flowmeter SLS1500: string index out of range. Raw output nan
WARNING: 18:20:45 - main_pipeline.interpreter:  Encountered exception in validating flowmeter SLS1500: string index out of range. Raw output nan
WARNING: 18:20:45 - main_pipeline.interpreter:  Encountered exception in validating flowmeter SLS1500: string index out of range. Raw output nan
WARNING: 18:20:45 - main_pipeline.interpreter:  Encountered exception in validating flowmeter SLS1500: string index out of range. Raw output nan
WARNING: 18:20:45 - main_pipeline.interpreter:  Encountered exception in validating flowmeter SLS1500: string index out of range. Raw output nan
WARNING: 18:20:45 - main_pipeline.interpreter:  Encountered exception in validating flowmeter SLS1500: string index out of range. Raw output nan
WARNING: 18:20:45 - main_pipeline.interpreter:  Encountered exception in validating flowmeter SLS1500: string index out of range. Raw output nan
WARNING: 18:20:45 - main_pipeline.interpreter:  Encountered exception in validating flowmeter SLS1500: string index out of range. Raw output nan
WARNING: 18:20:45 - main_pipeline.interpreter:  Encountered exception in validating flowmeter SLS1500: string index out of range. Raw output nan
WARNING: 18:20:45 - main_pipeline.interpreter:  Encountered exception in validating flowmeter SLS1500: string index out of range. Raw output nan
WARNING: 18:20:45 - main_pipeline.interpreter:  Encountered exception in validating flowmeter SLS1500: string index out of range. Raw output nan
WARNING: 18:20:45 - main_pipeline.interpreter:  Encountered exception in validating flowmeter SLS1500: string index out of range. Raw output nan
WARNING: 18:20:45 - main_pipeline.interpreter:  Encountered exception in validating flowmeter SLS1500: string index out of range. Raw output nan
WARNING: 18:20:45 - main_pipeline.interpreter:  Encountered exception in validating flowmeter SLS1500: string index out of range. Raw output nan
WARNING: 18:20:45 - main_pipeline.interpreter:  Encountered exception in validating flowmeter SLS1500: string index out of range. Raw output nan
WARNING: 18:20:46 - main_pipeline.interpreter:  Encountered exception in validating flowmeter SLI2000: string index out of range. Raw output nan
WARNING: 18:20:46 - main_pipeline.interpreter:  Encountered exception in validating flowmeter SLI2000: string index out of range. Raw output nan
WARNING: 18:20:46 - main_pipeline.interpreter:  Encountered exception in validating flowmeter SLI2000: string index out of range. Raw output nan
WARNING: 18:20:46 - main_pipeline.interpreter:  Encountered exception in validating flowmeter SLI2000: string index out of range. Raw output nan
WARNING: 18:20:46 - main_pipeline.interpreter:  Encountered exception in validating flowmeter SLI2000: string index out of range. Raw output nan
WARNING: 18:20:46 - main_pipeline.interpreter:  Encountered exception in validating flowmeter SLI2000: string index out of range. Raw output nan
WARNING: 18:20:46 - main_pipeline.interpreter:  Encountered exception in validating flowmeter SLI2000: string index out of range. Raw output nan
WARNING: 18:20:46 - main_pipeline.interpreter:  Encountered exception in validating flowmeter SLI2000: string index out of range. Raw output nan
WARNING: 18:20:46 - main_pipeline.interpreter:  Encountered exception in validating flowmeter SLI2000: string index out of range. Raw output nan
WARNING: 18:20:46 - main_pipeline.interpreter:  Encountered exception in validating flowmeter SLI2000: string index out of range. Raw output nan
WARNING: 18:20:46 - main_pipeline.interpreter:  Encountered exception in validating flowmeter SLI2000: string index out of range. Raw output nan
WARNING: 18:20:46 - main_pipeline.interpreter:  Encountered exception in validating flowmeter SLI2000: string index out of range. Raw output nan
WARNING: 18:20:46 - main_pipeline.interpreter:  Encountered exception in validating flowmeter SLI2000: string index out of range. Raw output nan
WARNING: 18:20:46 - main_pipeline.interpreter:  Encountered exception in validating flowmeter SLI2000: string index out of range. Raw output nan
WARNING: 18:20:46 - main_pipeline.interpreter:  Encountered exception in validating flowmeter SLI2000: string index out of range. Raw output nan
WARNING: 18:20:46 - main_pipeline.interpreter:  Encountered exception in validating flowmeter SLS1500: string index out of range. Raw output nan
WARNING: 18:20:46 - main_pipeline.interpreter:  Encountered exception in validating flowmeter SLS1500: string index out of range. Raw output nan
WARNING: 18:20:46 - main_pipeline.interpreter:  Encountered exception in validating flowmeter SLS1500: string index out of range. Raw output nan
WARNING: 18:20:46 - main_pipeline.interpreter:  Encountered exception in validating flowmeter SLS1500: string index out of range. Raw output nan
WARNING: 18:20:46 - main_pipeline.interpreter:  Encountered exception in validating flowmeter SLS1500: string index out of range. Raw output nan
WARNING: 18:20:46 - main_pipeline.interpreter:  Encountered exception in validating flowmeter SLS1500: string index out of range. Raw output nan
WARNING: 18:20:46 - main_pipeline.interpreter:  Encountered exception in validating flowmeter SLS1500: string index out of range. Raw output nan
WARNING: 18:20:46 - main_pipeline.interpreter:  Encountered exception in validating flowmeter SLS1500: string index out of range. Raw output nan
WARNING: 18:20:46 - main_pipeline.interpreter:  Encountered exception in validating flowmeter SLS1500: string index out of range. Raw output nan
WARNING: 18:20:46 - main_pipeline.interpreter:  Encountered exception in validating flowmeter SLS1500: string index out of range. Raw output nan
WARNING: 18:20:46 - main_pipeline.interpreter:  Encountered exception in validating flowmeter SLS1500: string index out of range. Raw output nan
WARNING: 18:20:46 - main_pipeline.interpreter:  Encountered exception in validating flowmeter SLS1500: string index out of range. Raw output nan
WARNING: 18:20:46 - main_pipeline.interpreter:  Encountered exception in validating flowmeter SLS1500: string index out of range. Raw output nan
WARNING: 18:20:46 - main_pipeline.interpreter:  Encountered exception in validating flowmeter SLS1500: string index out of range. Raw output nan
WARNING: 18:20:46 - main_pipeline.interpreter:  Encountered exception in validating flowmeter SLS1500: string index out of range. Raw output nan
WARNING: 18:20:47 - main_pipeline.interpreter:  Encountered exception in validating flowmeter SLI2000: string index out of range. Raw output nan
WARNING: 18:20:47 - main_pipeline.interpreter:  Encountered exception in validating flowmeter SLI2000: string index out of range. Raw output nan
WARNING: 18:20:47 - main_pipeline.interpreter:  Encountered exception in validating flowmeter SLI2000: string index out of range. Raw output nan
WARNING: 18:20:47 - main_pipeline.interpreter:  Encountered exception in validating flowmeter SLI2000: string index out of range. Raw output nan
WARNING: 18:20:47 - main_pipeline.interpreter:  Encountered exception in validating flowmeter SLI2000: string index out of range. Raw output nan
WARNING: 18:20:47 - main_pipeline.interpreter:  Encountered exception in validating flowmeter SLI2000: string index out of range. Raw output nan
WARNING: 18:20:47 - main_pipeline.interpreter:  Encountered exception in validating flowmeter SLI2000: string index out of range. Raw output nan
WARNING: 18:20:47 - main_pipeline.interpreter:  Encountered exception in validating flowmeter SLI2000: string index out of range. Raw output nan
WARNING: 18:20:47 - main_pipeline.interpreter:  Encountered exception in validating flowmeter SLI2000: string index out of range. Raw output nan
WARNING: 18:20:47 - main_pipeline.interpreter:  Encountered exception in validating flowmeter SLI2000: string index out of range. Raw output nan
WARNING: 18:20:47 - main_pipeline.interpreter:  Encountered exception in validating flowmeter SLI2000: string index out of range. Raw output nan
WARNING: 18:20:47 - main_pipeline.interpreter:  Encountered exception in validating flowmeter SLI2000: string index out of range. Raw output nan
WARNING: 18:20:47 - main_pipeline.interpreter:  Encountered exception in validating flowmeter SLI2000: string index out of range. Raw output nan
WARNING: 18:20:47 - main_pipeline.interpreter:  Encountered exception in validating flowmeter SLI2000: string index out of range. Raw output nan
WARNING: 18:20:47 - main_pipeline.interpreter:  Encountered exception in validating flowmeter SLI2000: string index out of range. Raw output nan
WARNING: 18:20:47 - main_pipeline.interpreter:  Encountered exception in validating flowmeter SLS1500: string index out of range. Raw output nan
WARNING: 18:20:47 - main_pipeline.interpreter:  Encountered exception in validating flowmeter SLS1500: string index out of range. Raw output nan
WARNING: 18:20:47 - main_pipeline.interpreter:  Encountered exception in validating flowmeter SLS1500: string index out of range. Raw output nan
WARNING: 18:20:47 - main_pipeline.interpreter:  Encountered exception in validating flowmeter SLS1500: string index out of range. Raw output nan
WARNING: 18:20:47 - main_pipeline.interpreter:  Encountered exception in validating flowmeter SLS1500: string index out of range. Raw output nan
WARNING: 18:20:47 - main_pipeline.interpreter:  Encountered exception in validating flowmeter SLS1500: string index out of range. Raw output nan
WARNING: 18:20:47 - main_pipeline.interpreter:  Encountered exception in validating flowmeter SLS1500: string index out of range. Raw output nan
WARNING: 18:20:47 - main_pipeline.interpreter:  Encountered exception in validating flowmeter SLS1500: string index out of range. Raw output nan
WARNING: 18:20:47 - main_pipeline.interpreter:  Encountered exception in validating flowmeter SLS1500: string index out of range. Raw output nan
WARNING: 18:20:47 - main_pipeline.interpreter:  Encountered exception in validating flowmeter SLS1500: string index out of range. Raw output nan
WARNING: 18:20:47 - main_pipeline.interpreter:  Encountered exception in validating flowmeter SLS1500: string index out of range. Raw output nan
WARNING: 18:20:47 - main_pipeline.interpreter:  Encountered exception in validating flowmeter SLS1500: string index out of range. Raw output nan
WARNING: 18:20:47 - main_pipeline.interpreter:  Encountered exception in validating flowmeter SLS1500: string index out of range. Raw output nan
WARNING: 18:20:47 - main_pipeline.interpreter:  Encountered exception in validating flowmeter SLS1500: string index out of range. Raw output nan
WARNING: 18:20:47 - main_pipeline.interpreter:  Encountered exception in validating flowmeter SLS1500: string index out of range. Raw output nan
WARNING: 18:20:48 - main_pipeline.interpreter:  Encountered exception in validating flowmeter SLI2000: string index out of range. Raw output nan
WARNING: 18:20:48 - main_pipeline.interpreter:  Encountered exception in validating flowmeter SLI2000: string index out of range. Raw output nan
WARNING: 18:20:48 - main_pipeline.interpreter:  Encountered exception in validating flowmeter SLI2000: string index out of range. Raw output nan
WARNING: 18:20:48 - main_pipeline.interpreter:  Encountered exception in validating flowmeter SLI2000: string index out of range. Raw output nan
WARNING: 18:20:48 - main_pipeline.interpreter:  Encountered exception in validating flowmeter SLI2000: string index out of range. Raw output nan
WARNING: 18:20:48 - main_pipeline.interpreter:  Encountered exception in validating flowmeter SLI2000: string index out of range. Raw output nan
WARNING: 18:20:48 - main_pipeline.interpreter:  Encountered exception in validating flowmeter SLI2000: string index out of range. Raw output nan
WARNING: 18:20:48 - main_pipeline.interpreter:  Encountered exception in validating flowmeter SLI2000: string index out of range. Raw output nan
WARNING: 18:20:48 - main_pipeline.interpreter:  Encountered exception in validating flowmeter SLI2000: string index out of range. Raw output nan
WARNING: 18:20:48 - main_pipeline.interpreter:  Encountered exception in validating flowmeter SLI2000: string index out of range. Raw output nan
WARNING: 18:20:48 - main_pipeline.interpreter:  Encountered exception in validating flowmeter SLI2000: string index out of range. Raw output nan
WARNING: 18:20:48 - main_pipeline.interpreter:  Encountered exception in validating flowmeter SLI2000: string index out of range. Raw output nan
WARNING: 18:20:48 - main_pipeline.interpreter:  Encountered exception in validating flowmeter SLI2000: string index out of range. Raw output nan
WARNING: 18:20:48 - main_pipeline.interpreter:  Encountered exception in validating flowmeter SLI2000: string index out of range. Raw output nan
WARNING: 18:20:48 - main_pipeline.interpreter:  Encountered exception in validating flowmeter SLI2000: string index out of range. Raw output nan
WARNING: 18:20:48 - main_pipeline.interpreter:  Encountered exception in validating flowmeter SLS1500: string index out of range. Raw output nan
WARNING: 18:20:48 - main_pipeline.interpreter:  Encountered exception in validating flowmeter SLS1500: string index out of range. Raw output nan
WARNING: 18:20:48 - main_pipeline.interpreter:  Encountered exception in validating flowmeter SLS1500: string index out of range. Raw output nan
WARNING: 18:20:48 - main_pipeline.interpreter:  Encountered exception in validating flowmeter SLS1500: string index out of range. Raw output nan
WARNING: 18:20:48 - main_pipeline.interpreter:  Encountered exception in validating flowmeter SLS1500: string index out of range. Raw output nan
WARNING: 18:20:48 - main_pipeline.interpreter:  Encountered exception in validating flowmeter SLS1500: string index out of range. Raw output nan
WARNING: 18:20:48 - main_pipeline.interpreter:  Encountered exception in validating flowmeter SLS1500: string index out of range. Raw output nan
WARNING: 18:20:48 - main_pipeline.interpreter:  Encountered exception in validating flowmeter SLS1500: string index out of range. Raw output nan
WARNING: 18:20:48 - main_pipeline.interpreter:  Encountered exception in validating flowmeter SLS1500: string index out of range. Raw output nan
WARNING: 18:20:48 - main_pipeline.interpreter:  Encountered exception in validating flowmeter SLS1500: string index out of range. Raw output nan
WARNING: 18:20:48 - main_pipeline.interpreter:  Encountered exception in validating flowmeter SLS1500: string index out of range. Raw output nan
WARNING: 18:20:48 - main_pipeline.interpreter:  Encountered exception in validating flowmeter SLS1500: string index out of range. Raw output nan
WARNING: 18:20:48 - main_pipeline.interpreter:  Encountered exception in validating flowmeter SLS1500: string index out of range. Raw output nan
WARNING: 18:20:48 - main_pipeline.interpreter:  Encountered exception in validating flowmeter SLS1500: string index out of range. Raw output nan
WARNING: 18:20:48 - main_pipeline.interpreter:  Encountered exception in validating flowmeter SLS1500: string index out of range. Raw output nan
WARNING: 18:20:49 - main_pipeline.interpreter:  Encountered exception in validating flowmeter SLI2000: string index out of range. Raw output nan
WARNING: 18:20:49 - main_pipeline.interpreter:  Encountered exception in validating flowmeter SLI2000: string index out of range. Raw output nan
WARNING: 18:20:49 - main_pipeline.interpreter:  Encountered exception in validating flowmeter SLI2000: string index out of range. Raw output nan
WARNING: 18:20:49 - main_pipeline.interpreter:  Encountered exception in validating flowmeter SLI2000: string index out of range. Raw output nan
WARNING: 18:20:49 - main_pipeline.interpreter:  Encountered exception in validating flowmeter SLI2000: string index out of range. Raw output nan
WARNING: 18:20:49 - main_pipeline.interpreter:  Encountered exception in validating flowmeter SLI2000: string index out of range. Raw output nan
WARNING: 18:20:49 - main_pipeline.interpreter:  Encountered exception in validating flowmeter SLI2000: string index out of range. Raw output nan
WARNING: 18:20:49 - main_pipeline.interpreter:  Encountered exception in validating flowmeter SLI2000: string index out of range. Raw output nan
WARNING: 18:20:49 - main_pipeline.interpreter:  Encountered exception in validating flowmeter SLI2000: string index out of range. Raw output nan
WARNING: 18:20:49 - main_pipeline.interpreter:  Encountered exception in validating flowmeter SLI2000: string index out of range. Raw output nan
WARNING: 18:20:49 - main_pipeline.interpreter:  Encountered exception in validating flowmeter SLI2000: string index out of range. Raw output nan
WARNING: 18:20:49 - main_pipeline.interpreter:  Encountered exception in validating flowmeter SLI2000: string index out of range. Raw output nan
WARNING: 18:20:49 - main_pipeline.interpreter:  Encountered exception in validating flowmeter SLI2000: string index out of range. Raw output nan
WARNING: 18:20:49 - main_pipeline.interpreter:  Encountered exception in validating flowmeter SLI2000: string index out of range. Raw output nan
WARNING: 18:20:49 - main_pipeline.interpreter:  Encountered exception in validating flowmeter SLI2000: string index out of range. Raw output nan
WARNING: 18:20:49 - main_pipeline.interpreter:  Encountered exception in validating flowmeter SLS1500: string index out of range. Raw output nan
WARNING: 18:20:49 - main_pipeline.interpreter:  Encountered exception in validating flowmeter SLS1500: string index out of range. Raw output nan
WARNING: 18:20:49 - main_pipeline.interpreter:  Encountered exception in validating flowmeter SLS1500: string index out of range. Raw output nan
WARNING: 18:20:49 - main_pipeline.interpreter:  Encountered exception in validating flowmeter SLS1500: string index out of range. Raw output nan
WARNING: 18:20:49 - main_pipeline.interpreter:  Encountered exception in validating flowmeter SLS1500: string index out of range. Raw output nan
WARNING: 18:20:49 - main_pipeline.interpreter:  Encountered exception in validating flowmeter SLS1500: string index out of range. Raw output nan
WARNING: 18:20:49 - main_pipeline.interpreter:  Encountered exception in validating flowmeter SLS1500: string index out of range. Raw output nan
WARNING: 18:20:49 - main_pipeline.interpreter:  Encountered exception in validating flowmeter SLS1500: string index out of range. Raw output nan
WARNING: 18:20:49 - main_pipeline.interpreter:  Encountered exception in validating flowmeter SLS1500: string index out of range. Raw output nan
WARNING: 18:20:49 - main_pipeline.interpreter:  Encountered exception in validating flowmeter SLS1500: string index out of range. Raw output nan
WARNING: 18:20:49 - main_pipeline.interpreter:  Encountered exception in validating flowmeter SLS1500: string index out of range. Raw output nan
WARNING: 18:20:49 - main_pipeline.interpreter:  Encountered exception in validating flowmeter SLS1500: string index out of range. Raw output nan
WARNING: 18:20:49 - main_pipeline.interpreter:  Encountered exception in validating flowmeter SLS1500: string index out of range. Raw output nan
WARNING: 18:20:49 - main_pipeline.interpreter:  Encountered exception in validating flowmeter SLS1500: string index out of range. Raw output nan
WARNING: 18:20:49 - main_pipeline.interpreter:  Encountered exception in validating flowmeter SLS1500: string index out of range. Raw output nan
WARNING: 18:20:50 - main_pipeline.interpreter:  Encountered exception in validating flowmeter SLI2000: string index out of range. Raw output nan
WARNING: 18:20:50 - main_pipeline.interpreter:  Encountered exception in validating flowmeter SLI2000: string index out of range. Raw output nan
WARNING: 18:20:50 - main_pipeline.interpreter:  Encountered exception in validating flowmeter SLI2000: string index out of range. Raw output nan
WARNING: 18:20:50 - main_pipeline.interpreter:  Encountered exception in validating flowmeter SLI2000: string index out of range. Raw output nan
WARNING: 18:20:50 - main_pipeline.interpreter:  Encountered exception in validating flowmeter SLI2000: string index out of range. Raw output nan
WARNING: 18:20:50 - main_pipeline.interpreter:  Encountered exception in validating flowmeter SLI2000: string index out of range. Raw output nan
WARNING: 18:20:50 - main_pipeline.interpreter:  Encountered exception in validating flowmeter SLI2000: string index out of range. Raw output nan
WARNING: 18:20:50 - main_pipeline.interpreter:  Encountered exception in validating flowmeter SLI2000: string index out of range. Raw output nan
WARNING: 18:20:50 - main_pipeline.interpreter:  Encountered exception in validating flowmeter SLI2000: string index out of range. Raw output nan
WARNING: 18:20:50 - main_pipeline.interpreter:  Encountered exception in validating flowmeter SLI2000: string index out of range. Raw output nan
WARNING: 18:20:50 - main_pipeline.interpreter:  Encountered exception in validating flowmeter SLI2000: string index out of range. Raw output nan
WARNING: 18:20:50 - main_pipeline.interpreter:  Encountered exception in validating flowmeter SLI2000: string index out of range. Raw output nan
WARNING: 18:20:50 - main_pipeline.interpreter:  Encountered exception in validating flowmeter SLI2000: string index out of range. Raw output nan
WARNING: 18:20:50 - main_pipeline.interpreter:  Encountered exception in validating flowmeter SLI2000: string index out of range. Raw output nan
WARNING: 18:20:50 - main_pipeline.interpreter:  Encountered exception in validating flowmeter SLI2000: string index out of range. Raw output nan
WARNING: 18:20:50 - main_pipeline.interpreter:  Encountered exception in validating flowmeter SLS1500: string index out of range. Raw output nan
WARNING: 18:20:50 - main_pipeline.interpreter:  Encountered exception in validating flowmeter SLS1500: string index out of range. Raw output nan
WARNING: 18:20:50 - main_pipeline.interpreter:  Encountered exception in validating flowmeter SLS1500: string index out of range. Raw output nan
WARNING: 18:20:50 - main_pipeline.interpreter:  Encountered exception in validating flowmeter SLS1500: string index out of range. Raw output nan
WARNING: 18:20:50 - main_pipeline.interpreter:  Encountered exception in validating flowmeter SLS1500: string index out of range. Raw output nan
WARNING: 18:20:50 - main_pipeline.interpreter:  Encountered exception in validating flowmeter SLS1500: string index out of range. Raw output nan
WARNING: 18:20:50 - main_pipeline.interpreter:  Encountered exception in validating flowmeter SLS1500: string index out of range. Raw output nan
WARNING: 18:20:50 - main_pipeline.interpreter:  Encountered exception in validating flowmeter SLS1500: string index out of range. Raw output nan
WARNING: 18:20:50 - main_pipeline.interpreter:  Encountered exception in validating flowmeter SLS1500: string index out of range. Raw output nan
WARNING: 18:20:50 - main_pipeline.interpreter:  Encountered exception in validating flowmeter SLS1500: string index out of range. Raw output nan
WARNING: 18:20:50 - main_pipeline.interpreter:  Encountered exception in validating flowmeter SLS1500: string index out of range. Raw output nan
WARNING: 18:20:50 - main_pipeline.interpreter:  Encountered exception in validating flowmeter SLS1500: string index out of range. Raw output nan
WARNING: 18:20:50 - main_pipeline.interpreter:  Encountered exception in validating flowmeter SLS1500: string index out of range. Raw output nan
WARNING: 18:20:50 - main_pipeline.interpreter:  Encountered exception in validating flowmeter SLS1500: string index out of range. Raw output nan
WARNING: 18:20:50 - main_pipeline.interpreter:  Encountered exception in validating flowmeter SLS1500: string index out of range. Raw output nan
WARNING: 18:20:51 - main_pipeline.interpreter:  Encountered exception in validating flowmeter SLI2000: string index out of range. Raw output nan
WARNING: 18:20:51 - main_pipeline.interpreter:  Encountered exception in validating flowmeter SLI2000: string index out of range. Raw output nan
WARNING: 18:20:51 - main_pipeline.interpreter:  Encountered exception in validating flowmeter SLI2000: string index out of range. Raw output nan
WARNING: 18:20:51 - main_pipeline.interpreter:  Encountered exception in validating flowmeter SLI2000: string index out of range. Raw output nan
WARNING: 18:20:51 - main_pipeline.interpreter:  Encountered exception in validating flowmeter SLI2000: string index out of range. Raw output nan
WARNING: 18:20:51 - main_pipeline.interpreter:  Encountered exception in validating flowmeter SLI2000: string index out of range. Raw output nan
WARNING: 18:20:51 - main_pipeline.interpreter:  Encountered exception in validating flowmeter SLI2000: string index out of range. Raw output nan
WARNING: 18:20:51 - main_pipeline.interpreter:  Encountered exception in validating flowmeter SLI2000: string index out of range. Raw output nan
WARNING: 18:20:51 - main_pipeline.interpreter:  Encountered exception in validating flowmeter SLI2000: string index out of range. Raw output nan
WARNING: 18:20:51 - main_pipeline.interpreter:  Encountered exception in validating flowmeter SLI2000: string index out of range. Raw output nan
WARNING: 18:20:51 - main_pipeline.interpreter:  Encountered exception in validating flowmeter SLI2000: string index out of range. Raw output nan
WARNING: 18:20:51 - main_pipeline.interpreter:  Encountered exception in validating flowmeter SLI2000: string index out of range. Raw output nan
WARNING: 18:20:51 - main_pipeline.interpreter:  Encountered exception in validating flowmeter SLI2000: string index out of range. Raw output nan
WARNING: 18:20:51 - main_pipeline.interpreter:  Encountered exception in validating flowmeter SLI2000: string index out of range. Raw output nan
WARNING: 18:20:51 - main_pipeline.interpreter:  Encountered exception in validating flowmeter SLI2000: string index out of range. Raw output nan
WARNING: 18:20:51 - main_pipeline.interpreter:  Encountered exception in validating flowmeter SLS1500: string index out of range. Raw output nan
WARNING: 18:20:51 - main_pipeline.interpreter:  Encountered exception in validating flowmeter SLS1500: string index out of range. Raw output nan
WARNING: 18:20:51 - main_pipeline.interpreter:  Encountered exception in validating flowmeter SLS1500: string index out of range. Raw output nan
WARNING: 18:20:51 - main_pipeline.interpreter:  Encountered exception in validating flowmeter SLS1500: string index out of range. Raw output nan
WARNING: 18:20:51 - main_pipeline.interpreter:  Encountered exception in validating flowmeter SLS1500: string index out of range. Raw output nan
WARNING: 18:20:51 - main_pipeline.interpreter:  Encountered exception in validating flowmeter SLS1500: string index out of range. Raw output nan
WARNING: 18:20:51 - main_pipeline.interpreter:  Encountered exception in validating flowmeter SLS1500: string index out of range. Raw output nan
WARNING: 18:20:51 - main_pipeline.interpreter:  Encountered exception in validating flowmeter SLS1500: string index out of range. Raw output nan
WARNING: 18:20:51 - main_pipeline.interpreter:  Encountered exception in validating flowmeter SLS1500: string index out of range. Raw output nan
WARNING: 18:20:51 - main_pipeline.interpreter:  Encountered exception in validating flowmeter SLS1500: string index out of range. Raw output nan
WARNING: 18:20:51 - main_pipeline.interpreter:  Encountered exception in validating flowmeter SLS1500: string index out of range. Raw output nan
WARNING: 18:20:51 - main_pipeline.interpreter:  Encountered exception in validating flowmeter SLS1500: string index out of range. Raw output nan
WARNING: 18:20:51 - main_pipeline.interpreter:  Encountered exception in validating flowmeter SLS1500: string index out of range. Raw output nan
WARNING: 18:20:51 - main_pipeline.interpreter:  Encountered exception in validating flowmeter SLS1500: string index out of range. Raw output nan
WARNING: 18:20:51 - main_pipeline.interpreter:  Encountered exception in validating flowmeter SLS1500: string index out of range. Raw output nan
WARNING: 18:20:52 - main_pipeline.interpreter:  Encountered exception in validating flowmeter SLI2000: string index out of range. Raw output nan
WARNING: 18:20:52 - main_pipeline.interpreter:  Encountered exception in validating flowmeter SLI2000: string index out of range. Raw output nan
WARNING: 18:20:52 - main_pipeline.interpreter:  Encountered exception in validating flowmeter SLI2000: string index out of range. Raw output nan
WARNING: 18:20:52 - main_pipeline.interpreter:  Encountered exception in validating flowmeter SLI2000: string index out of range. Raw output nan
WARNING: 18:20:52 - main_pipeline.interpreter:  Encountered exception in validating flowmeter SLI2000: string index out of range. Raw output nan
WARNING: 18:20:52 - main_pipeline.interpreter:  Encountered exception in validating flowmeter SLI2000: string index out of range. Raw output nan
WARNING: 18:20:52 - main_pipeline.interpreter:  Encountered exception in validating flowmeter SLI2000: string index out of range. Raw output nan
WARNING: 18:20:52 - main_pipeline.interpreter:  Encountered exception in validating flowmeter SLI2000: string index out of range. Raw output nan
WARNING: 18:20:52 - main_pipeline.interpreter:  Encountered exception in validating flowmeter SLI2000: string index out of range. Raw output nan
WARNING: 18:20:52 - main_pipeline.interpreter:  Encountered exception in validating flowmeter SLI2000: string index out of range. Raw output nan
WARNING: 18:20:52 - main_pipeline.interpreter:  Encountered exception in validating flowmeter SLI2000: string index out of range. Raw output nan
WARNING: 18:20:52 - main_pipeline.interpreter:  Encountered exception in validating flowmeter SLI2000: string index out of range. Raw output nan
WARNING: 18:20:52 - main_pipeline.interpreter:  Encountered exception in validating flowmeter SLI2000: string index out of range. Raw output nan
WARNING: 18:20:52 - main_pipeline.interpreter:  Encountered exception in validating flowmeter SLI2000: string index out of range. Raw output nan
WARNING: 18:20:52 - main_pipeline.interpreter:  Encountered exception in validating flowmeter SLI2000: string index out of range. Raw output nan
WARNING: 18:20:52 - main_pipeline.interpreter:  Encountered exception in validating flowmeter SLS1500: string index out of range. Raw output nan
WARNING: 18:20:52 - main_pipeline.interpreter:  Encountered exception in validating flowmeter SLS1500: string index out of range. Raw output nan
WARNING: 18:20:52 - main_pipeline.interpreter:  Encountered exception in validating flowmeter SLS1500: string index out of range. Raw output nan
WARNING: 18:20:52 - main_pipeline.interpreter:  Encountered exception in validating flowmeter SLS1500: string index out of range. Raw output nan
WARNING: 18:20:52 - main_pipeline.interpreter:  Encountered exception in validating flowmeter SLS1500: string index out of range. Raw output nan
WARNING: 18:20:52 - main_pipeline.interpreter:  Encountered exception in validating flowmeter SLS1500: string index out of range. Raw output nan
WARNING: 18:20:52 - main_pipeline.interpreter:  Encountered exception in validating flowmeter SLS1500: string index out of range. Raw output nan
WARNING: 18:20:52 - main_pipeline.interpreter:  Encountered exception in validating flowmeter SLS1500: string index out of range. Raw output nan
WARNING: 18:20:52 - main_pipeline.interpreter:  Encountered exception in validating flowmeter SLS1500: string index out of range. Raw output nan
WARNING: 18:20:52 - main_pipeline.interpreter:  Encountered exception in validating flowmeter SLS1500: string index out of range. Raw output nan
WARNING: 18:20:52 - main_pipeline.interpreter:  Encountered exception in validating flowmeter SLS1500: string index out of range. Raw output nan
WARNING: 18:20:52 - main_pipeline.interpreter:  Encountered exception in validating flowmeter SLS1500: string index out of range. Raw output nan
WARNING: 18:20:52 - main_pipeline.interpreter:  Encountered exception in validating flowmeter SLS1500: string index out of range. Raw output nan
WARNING: 18:20:52 - main_pipeline.interpreter:  Encountered exception in validating flowmeter SLS1500: string index out of range. Raw output nan
WARNING: 18:20:52 - main_pipeline.interpreter:  Encountered exception in validating flowmeter SLS1500: string index out of range. Raw output nan
INFO: 18:24:19 - main_pipeline.sensor:  Shutting down sensors
INFO: 18:24:19 - sensor_interfaces.sim_instruments:  Abakus measurements stopped
INFO: 18:24:19 - sensor_interfaces.sim_instruments:  Dimetix laser turned off
INFO: 18:24:19 - main_pipeline.sensor:  Finished shutting down sensors
INFO: 18:24:24 - main_pipeline.sensor:  Couldn't find Picarro at port COM8, shadowing sensor calls with substitute functions
INFO: 18:24:24 - main_pipeline.sensor:  Couldn't find Picarro at port COM7, shadowing sensor calls with substitute functions
WARNING: 18:24:24 - main_pipeline.sensor:  Couldn't find Abakus at port COM4, shadowing sensor calls with substitute functions
WARNING: 18:24:24 - main_pipeline.sensor:  Couldn't find Flowmeter at port COM3 and COM5, shadowing sensor calls with substitute functions
WARNING: 18:24:24 - main_pipeline.sensor:  Couldn't find Dimetix laser at port COM6, shadowing sensor calls with substitute functions
WARNING: 18:24:24 - main_pipeline.sensor:  Couldn't find Bronkhorst at port COM9, shadowing sensor calls with substitute functions
WARNING: 18:24:24 - main_pipeline.sensor:  Couldn't find Melthead at port COM9, shadowing sensor calls with substitute functions
INFO: 18:24:24 - sensor_interfaces.sim_instruments:  Fake hardware, pretending to use serial port COM4 with baud 38400
INFO: 18:24:24 - sensor_interfaces.sim_instruments:  Fake hardware, pretending to use serial port COM3 with baud 115200
INFO: 18:24:24 - sensor_interfaces.sim_instruments:  Fake hardware, pretending to use serial port COM5 with baud 115200
INFO: 18:24:24 - sensor_interfaces.sim_instruments:  Fake hardware, pretending to use serial port COM6 with baud 19200
INFO: 18:24:24 - sensor_interfaces.sim_instruments:  Fake hardware, pretending to use serial port COM8 with baud 19200
INFO: 18:24:24 - sensor_interfaces.sim_instruments:  Fake hardware, pretending to use serial port COM7 with baud 19200
INFO: 18:24:24 - sensor_interfaces.sim_instruments:  Fake hardware, pretending to use serial port COM9 with baud 38400
INFO: 18:24:24 - main_pipeline.sensor:  Sensor class initiated, running from source
INFO: 18:24:24 - main_pipeline.interpreter:  Interpreter class initiated, running from source
INFO: 18:24:24 - main_pipeline.writer:  Writer class initiated, running from source
INFO: 18:24:24 - __main__:  No control inputs for the Picarro Gas
INFO: 18:24:24 - __main__:  No control inputs for the Picarro Water
INFO: 18:24:24 - __main__:  No control inputs for the Laser Distance Sensor
INFO: 18:24:24 - __main__:  No control inputs for the Abakus Particle Counter
INFO: 18:24:24 - __main__:  No control inputs for the Flowmeter
INFO: 18:24:31 - main_pipeline.sensor:  Initializing sensors
INFO: 18:24:31 - sensor_interfaces.sim_instruments:  Initializing Abakus
INFO: 18:24:31 - sensor_interfaces.sim_instruments:  Abakus initialized
INFO: 18:24:31 - sensor_interfaces.sim_instruments:  Initializing Picarro
INFO: 18:24:31 - sensor_interfaces.sim_instruments:  Initialized Picarro
INFO: 18:24:31 - sensor_interfaces.sim_instruments:  Initializing Picarro
INFO: 18:24:31 - sensor_interfaces.sim_instruments:  Initialized Picarro
INFO: 18:24:31 - sensor_interfaces.sim_instruments:  Initializing Dimetix laser
INFO: 18:24:31 - sensor_interfaces.sim_instruments:  Laser initialized
INFO: 18:24:31 - sensor_interfaces.sim_instruments:  Initializing Bronkhorst
INFO: 18:24:31 - sensor_interfaces.sim_instruments:  Bronkhorst initialized
INFO: 18:24:31 - sensor_interfaces.sim_instruments:  Initializing Melthead
INFO: 18:24:31 - sensor_interfaces.sim_instruments:  Melthead initialized
INFO: 18:24:31 - sensor_interfaces.sim_instruments:  Initializing Flowmeter
INFO: 18:24:31 - sensor_interfaces.sim_instruments:  Flowmeter sli2000 initialized
INFO: 18:24:31 - sensor_interfaces.sim_instruments:  Initializing Flowmeter
INFO: 18:24:31 - sensor_interfaces.sim_instruments:  Flowmeter sls1500 initialized
INFO: 18:24:31 - main_pipeline.sensor:  Finished initializing sensors
WARNING: 18:24:43 - main_pipeline.interpreter:  Encountered exception in validating flowmeter SLI2000: string index out of range. Raw output nan
WARNING: 18:24:43 - main_pipeline.interpreter:  Encountered exception in validating flowmeter SLI2000: string index out of range. Raw output nan
WARNING: 18:24:43 - main_pipeline.interpreter:  Encountered exception in validating flowmeter SLI2000: string index out of range. Raw output nan
WARNING: 18:24:43 - main_pipeline.interpreter:  Encountered exception in validating flowmeter SLI2000: string index out of range. Raw output nan
WARNING: 18:24:43 - main_pipeline.interpreter:  Encountered exception in validating flowmeter SLI2000: string index out of range. Raw output nan
WARNING: 18:24:43 - main_pipeline.interpreter:  Encountered exception in validating flowmeter SLI2000: string index out of range. Raw output nan
WARNING: 18:24:43 - main_pipeline.interpreter:  Encountered exception in validating flowmeter SLI2000: string index out of range. Raw output nan
WARNING: 18:24:43 - main_pipeline.interpreter:  Encountered exception in validating flowmeter SLI2000: string index out of range. Raw output nan
WARNING: 18:24:43 - main_pipeline.interpreter:  Encountered exception in validating flowmeter SLI2000: string index out of range. Raw output nan
WARNING: 18:24:43 - main_pipeline.interpreter:  Encountered exception in validating flowmeter SLI2000: string index out of range. Raw output nan
WARNING: 18:24:43 - main_pipeline.interpreter:  Encountered exception in validating flowmeter SLI2000: string index out of range. Raw output nan
WARNING: 18:24:43 - main_pipeline.interpreter:  Encountered exception in validating flowmeter SLI2000: string index out of range. Raw output nan
WARNING: 18:24:43 - main_pipeline.interpreter:  Encountered exception in validating flowmeter SLI2000: string index out of range. Raw output nan
WARNING: 18:24:43 - main_pipeline.interpreter:  Encountered exception in validating flowmeter SLI2000: string index out of range. Raw output nan
WARNING: 18:24:43 - main_pipeline.interpreter:  Encountered exception in validating flowmeter SLI2000: string index out of range. Raw output nan
WARNING: 18:24:43 - main_pipeline.interpreter:  Encountered exception in validating flowmeter SLS1500: string index out of range. Raw output nan
WARNING: 18:24:43 - main_pipeline.interpreter:  Encountered exception in validating flowmeter SLS1500: string index out of range. Raw output nan
WARNING: 18:24:43 - main_pipeline.interpreter:  Encountered exception in validating flowmeter SLS1500: string index out of range. Raw output nan
WARNING: 18:24:43 - main_pipeline.interpreter:  Encountered exception in validating flowmeter SLS1500: string index out of range. Raw output nan
WARNING: 18:24:43 - main_pipeline.interpreter:  Encountered exception in validating flowmeter SLS1500: string index out of range. Raw output nan
WARNING: 18:24:43 - main_pipeline.interpreter:  Encountered exception in validating flowmeter SLS1500: string index out of range. Raw output nan
WARNING: 18:24:43 - main_pipeline.interpreter:  Encountered exception in validating flowmeter SLS1500: string index out of range. Raw output nan
WARNING: 18:24:43 - main_pipeline.interpreter:  Encountered exception in validating flowmeter SLS1500: string index out of range. Raw output nan
WARNING: 18:24:43 - main_pipeline.interpreter:  Encountered exception in validating flowmeter SLS1500: string index out of range. Raw output nan
WARNING: 18:24:43 - main_pipeline.interpreter:  Encountered exception in validating flowmeter SLS1500: string index out of range. Raw output nan
WARNING: 18:24:43 - main_pipeline.interpreter:  Encountered exception in validating flowmeter SLS1500: string index out of range. Raw output nan
WARNING: 18:24:43 - main_pipeline.interpreter:  Encountered exception in validating flowmeter SLS1500: string index out of range. Raw output nan
WARNING: 18:24:43 - main_pipeline.interpreter:  Encountered exception in validating flowmeter SLS1500: string index out of range. Raw output nan
WARNING: 18:24:43 - main_pipeline.interpreter:  Encountered exception in validating flowmeter SLS1500: string index out of range. Raw output nan
WARNING: 18:24:43 - main_pipeline.interpreter:  Encountered exception in validating flowmeter SLS1500: string index out of range. Raw output nan
WARNING: 18:24:43 - __main__:  Error updating the Picarro Gas buffer timestamp: 'NoneType' object is not subscriptable
WARNING: 18:24:43 - __main__:  Error updating the Picarro Gas buffer data: 'NoneType' object is not subscriptable
WARNING: 18:24:43 - __main__:  Error updating the Picarro Gas buffer data: 'NoneType' object is not subscriptable
WARNING: 18:24:43 - __main__:  Error updating the Picarro Gas buffer data: 'NoneType' object is not subscriptable
WARNING: 18:24:43 - __main__:  Error updating the Picarro Gas buffer data: 'NoneType' object is not subscriptable
WARNING: 18:24:43 - __main__:  Error updating the Picarro Gas buffer data: 'NoneType' object is not subscriptable
WARNING: 18:24:43 - __main__:  Error updating the Picarro Gas buffer data: 'NoneType' object is not subscriptable
WARNING: 18:24:43 - __main__:  Error updating the Picarro Water buffer timestamp: 'NoneType' object is not subscriptable
WARNING: 18:24:43 - __main__:  Error updating the Picarro Water buffer data: 'NoneType' object is not subscriptable
WARNING: 18:24:43 - __main__:  Error updating the Picarro Water buffer data: 'NoneType' object is not subscriptable
WARNING: 18:24:43 - __main__:  Error updating the Picarro Water buffer data: 'NoneType' object is not subscriptable
WARNING: 18:24:43 - __main__:  Error updating the Picarro Water buffer data: 'NoneType' object is not subscriptable
WARNING: 18:24:43 - __main__:  Error updating the Picarro Water buffer data: 'NoneType' object is not subscriptable
WARNING: 18:24:43 - __main__:  Error updating the Picarro Water buffer data: 'NoneType' object is not subscriptable
WARNING: 18:24:43 - __main__:  Error updating the Laser Distance Sensor buffer timestamp: 'NoneType' object is not subscriptable
WARNING: 18:24:43 - __main__:  Error updating the Laser Distance Sensor buffer data: 'NoneType' object is not subscriptable
WARNING: 18:24:43 - __main__:  Error updating the Laser Distance Sensor buffer data: 'NoneType' object is not subscriptable
WARNING: 18:24:43 - __main__:  Error updating the Abakus Particle Counter buffer timestamp: 'NoneType' object is not subscriptable
WARNING: 18:24:43 - __main__:  Error updating the Abakus Particle Counter buffer data: 'NoneType' object is not subscriptable
WARNING: 18:24:43 - __main__:  Error updating the Abakus Particle Counter buffer data: 'NoneType' object is not subscriptable
WARNING: 18:24:43 - __main__:  Error updating the Abakus Particle Counter buffer data: 'NoneType' object is not subscriptable
WARNING: 18:24:43 - __main__:  Error updating the Flowmeter buffer timestamp: 'NoneType' object is not subscriptable
WARNING: 18:24:43 - __main__:  Error updating the Flowmeter buffer data: 'NoneType' object is not subscriptable
WARNING: 18:24:43 - __main__:  Error updating the Flowmeter buffer data: 'NoneType' object is not subscriptable
WARNING: 18:24:43 - __main__:  Error updating the Bronkhorst Pressure buffer timestamp: 'NoneType' object is not subscriptable
WARNING: 18:24:43 - __main__:  Error updating the Bronkhorst Pressure buffer data: 'NoneType' object is not subscriptable
WARNING: 18:24:43 - __main__:  Error updating the Bronkhorst Pressure buffer data: 'NoneType' object is not subscriptable
WARNING: 18:24:43 - __main__:  Error updating the Bronkhorst Pressure buffer data: 'NoneType' object is not subscriptable
WARNING: 18:24:43 - __main__:  Error updating the Bronkhorst Pressure buffer data: 'NoneType' object is not subscriptable
WARNING: 18:24:43 - __main__:  Error updating the Melthead buffer timestamp: 'NoneType' object is not subscriptable
WARNING: 18:24:43 - __main__:  Error updating the Melthead buffer data: 'NoneType' object is not subscriptable
WARNING: 18:24:44 - main_pipeline.interpreter:  Encountered exception in validating flowmeter SLI2000: string index out of range. Raw output nan
WARNING: 18:24:44 - main_pipeline.interpreter:  Encountered exception in validating flowmeter SLI2000: string index out of range. Raw output nan
WARNING: 18:24:44 - main_pipeline.interpreter:  Encountered exception in validating flowmeter SLI2000: string index out of range. Raw output nan
WARNING: 18:24:44 - main_pipeline.interpreter:  Encountered exception in validating flowmeter SLI2000: string index out of range. Raw output nan
WARNING: 18:24:44 - main_pipeline.interpreter:  Encountered exception in validating flowmeter SLI2000: string index out of range. Raw output nan
WARNING: 18:24:44 - main_pipeline.interpreter:  Encountered exception in validating flowmeter SLI2000: string index out of range. Raw output nan
WARNING: 18:24:44 - main_pipeline.interpreter:  Encountered exception in validating flowmeter SLI2000: string index out of range. Raw output nan
WARNING: 18:24:44 - main_pipeline.interpreter:  Encountered exception in validating flowmeter SLI2000: string index out of range. Raw output nan
WARNING: 18:24:44 - main_pipeline.interpreter:  Encountered exception in validating flowmeter SLI2000: string index out of range. Raw output nan
WARNING: 18:24:44 - main_pipeline.interpreter:  Encountered exception in validating flowmeter SLI2000: string index out of range. Raw output nan
WARNING: 18:24:44 - main_pipeline.interpreter:  Encountered exception in validating flowmeter SLI2000: string index out of range. Raw output nan
WARNING: 18:24:44 - main_pipeline.interpreter:  Encountered exception in validating flowmeter SLI2000: string index out of range. Raw output nan
WARNING: 18:24:44 - main_pipeline.interpreter:  Encountered exception in validating flowmeter SLI2000: string index out of range. Raw output nan
WARNING: 18:24:44 - main_pipeline.interpreter:  Encountered exception in validating flowmeter SLI2000: string index out of range. Raw output nan
WARNING: 18:24:44 - main_pipeline.interpreter:  Encountered exception in validating flowmeter SLI2000: string index out of range. Raw output nan
WARNING: 18:24:44 - main_pipeline.interpreter:  Encountered exception in validating flowmeter SLS1500: string index out of range. Raw output nan
WARNING: 18:24:44 - main_pipeline.interpreter:  Encountered exception in validating flowmeter SLS1500: string index out of range. Raw output nan
WARNING: 18:24:44 - main_pipeline.interpreter:  Encountered exception in validating flowmeter SLS1500: string index out of range. Raw output nan
WARNING: 18:24:44 - main_pipeline.interpreter:  Encountered exception in validating flowmeter SLS1500: string index out of range. Raw output nan
WARNING: 18:24:44 - main_pipeline.interpreter:  Encountered exception in validating flowmeter SLS1500: string index out of range. Raw output nan
WARNING: 18:24:44 - main_pipeline.interpreter:  Encountered exception in validating flowmeter SLS1500: string index out of range. Raw output nan
WARNING: 18:24:44 - main_pipeline.interpreter:  Encountered exception in validating flowmeter SLS1500: string index out of range. Raw output nan
WARNING: 18:24:44 - main_pipeline.interpreter:  Encountered exception in validating flowmeter SLS1500: string index out of range. Raw output nan
WARNING: 18:24:44 - main_pipeline.interpreter:  Encountered exception in validating flowmeter SLS1500: string index out of range. Raw output nan
WARNING: 18:24:44 - main_pipeline.interpreter:  Encountered exception in validating flowmeter SLS1500: string index out of range. Raw output nan
WARNING: 18:24:44 - main_pipeline.interpreter:  Encountered exception in validating flowmeter SLS1500: string index out of range. Raw output nan
WARNING: 18:24:44 - main_pipeline.interpreter:  Encountered exception in validating flowmeter SLS1500: string index out of range. Raw output nan
WARNING: 18:24:44 - main_pipeline.interpreter:  Encountered exception in validating flowmeter SLS1500: string index out of range. Raw output nan
WARNING: 18:24:44 - main_pipeline.interpreter:  Encountered exception in validating flowmeter SLS1500: string index out of range. Raw output nan
WARNING: 18:24:44 - main_pipeline.interpreter:  Encountered exception in validating flowmeter SLS1500: string index out of range. Raw output nan
WARNING: 18:24:45 - main_pipeline.interpreter:  Encountered exception in validating flowmeter SLI2000: string index out of range. Raw output nan
WARNING: 18:24:45 - main_pipeline.interpreter:  Encountered exception in validating flowmeter SLI2000: string index out of range. Raw output nan
WARNING: 18:24:45 - main_pipeline.interpreter:  Encountered exception in validating flowmeter SLI2000: string index out of range. Raw output nan
WARNING: 18:24:45 - main_pipeline.interpreter:  Encountered exception in validating flowmeter SLI2000: string index out of range. Raw output nan
WARNING: 18:24:45 - main_pipeline.interpreter:  Encountered exception in validating flowmeter SLI2000: string index out of range. Raw output nan
WARNING: 18:24:45 - main_pipeline.interpreter:  Encountered exception in validating flowmeter SLI2000: string index out of range. Raw output nan
WARNING: 18:24:45 - main_pipeline.interpreter:  Encountered exception in validating flowmeter SLI2000: string index out of range. Raw output nan
WARNING: 18:24:45 - main_pipeline.interpreter:  Encountered exception in validating flowmeter SLI2000: string index out of range. Raw output nan
WARNING: 18:24:45 - main_pipeline.interpreter:  Encountered exception in validating flowmeter SLI2000: string index out of range. Raw output nan
WARNING: 18:24:45 - main_pipeline.interpreter:  Encountered exception in validating flowmeter SLI2000: string index out of range. Raw output nan
WARNING: 18:24:45 - main_pipeline.interpreter:  Encountered exception in validating flowmeter SLI2000: string index out of range. Raw output nan
WARNING: 18:24:45 - main_pipeline.interpreter:  Encountered exception in validating flowmeter SLI2000: string index out of range. Raw output nan
WARNING: 18:24:45 - main_pipeline.interpreter:  Encountered exception in validating flowmeter SLI2000: string index out of range. Raw output nan
WARNING: 18:24:45 - main_pipeline.interpreter:  Encountered exception in validating flowmeter SLI2000: string index out of range. Raw output nan
WARNING: 18:24:45 - main_pipeline.interpreter:  Encountered exception in validating flowmeter SLI2000: string index out of range. Raw output nan
WARNING: 18:24:45 - main_pipeline.interpreter:  Encountered exception in validating flowmeter SLS1500: string index out of range. Raw output nan
WARNING: 18:24:45 - main_pipeline.interpreter:  Encountered exception in validating flowmeter SLS1500: string index out of range. Raw output nan
WARNING: 18:24:45 - main_pipeline.interpreter:  Encountered exception in validating flowmeter SLS1500: string index out of range. Raw output nan
WARNING: 18:24:45 - main_pipeline.interpreter:  Encountered exception in validating flowmeter SLS1500: string index out of range. Raw output nan
WARNING: 18:24:45 - main_pipeline.interpreter:  Encountered exception in validating flowmeter SLS1500: string index out of range. Raw output nan
WARNING: 18:24:45 - main_pipeline.interpreter:  Encountered exception in validating flowmeter SLS1500: string index out of range. Raw output nan
WARNING: 18:24:45 - main_pipeline.interpreter:  Encountered exception in validating flowmeter SLS1500: string index out of range. Raw output nan
WARNING: 18:24:45 - main_pipeline.interpreter:  Encountered exception in validating flowmeter SLS1500: string index out of range. Raw output nan
WARNING: 18:24:45 - main_pipeline.interpreter:  Encountered exception in validating flowmeter SLS1500: string index out of range. Raw output nan
WARNING: 18:24:45 - main_pipeline.interpreter:  Encountered exception in validating flowmeter SLS1500: string index out of range. Raw output nan
WARNING: 18:24:45 - main_pipeline.interpreter:  Encountered exception in validating flowmeter SLS1500: string index out of range. Raw output nan
WARNING: 18:24:45 - main_pipeline.interpreter:  Encountered exception in validating flowmeter SLS1500: string index out of range. Raw output nan
WARNING: 18:24:45 - main_pipeline.interpreter:  Encountered exception in validating flowmeter SLS1500: string index out of range. Raw output nan
WARNING: 18:24:45 - main_pipeline.interpreter:  Encountered exception in validating flowmeter SLS1500: string index out of range. Raw output nan
WARNING: 18:24:45 - main_pipeline.interpreter:  Encountered exception in validating flowmeter SLS1500: string index out of range. Raw output nan
WARNING: 18:24:46 - main_pipeline.interpreter:  Encountered exception in validating flowmeter SLI2000: string index out of range. Raw output nan
WARNING: 18:24:46 - main_pipeline.interpreter:  Encountered exception in validating flowmeter SLI2000: string index out of range. Raw output nan
WARNING: 18:24:46 - main_pipeline.interpreter:  Encountered exception in validating flowmeter SLI2000: string index out of range. Raw output nan
WARNING: 18:24:46 - main_pipeline.interpreter:  Encountered exception in validating flowmeter SLI2000: string index out of range. Raw output nan
WARNING: 18:24:46 - main_pipeline.interpreter:  Encountered exception in validating flowmeter SLI2000: string index out of range. Raw output nan
WARNING: 18:24:46 - main_pipeline.interpreter:  Encountered exception in validating flowmeter SLI2000: string index out of range. Raw output nan
WARNING: 18:24:46 - main_pipeline.interpreter:  Encountered exception in validating flowmeter SLI2000: string index out of range. Raw output nan
WARNING: 18:24:46 - main_pipeline.interpreter:  Encountered exception in validating flowmeter SLI2000: string index out of range. Raw output nan
WARNING: 18:24:46 - main_pipeline.interpreter:  Encountered exception in validating flowmeter SLI2000: string index out of range. Raw output nan
WARNING: 18:24:46 - main_pipeline.interpreter:  Encountered exception in validating flowmeter SLI2000: string index out of range. Raw output nan
WARNING: 18:24:46 - main_pipeline.interpreter:  Encountered exception in validating flowmeter SLI2000: string index out of range. Raw output nan
WARNING: 18:24:46 - main_pipeline.interpreter:  Encountered exception in validating flowmeter SLI2000: string index out of range. Raw output nan
WARNING: 18:24:46 - main_pipeline.interpreter:  Encountered exception in validating flowmeter SLI2000: string index out of range. Raw output nan
WARNING: 18:24:46 - main_pipeline.interpreter:  Encountered exception in validating flowmeter SLI2000: string index out of range. Raw output nan
WARNING: 18:24:46 - main_pipeline.interpreter:  Encountered exception in validating flowmeter SLI2000: string index out of range. Raw output nan
WARNING: 18:24:46 - main_pipeline.interpreter:  Encountered exception in validating flowmeter SLS1500: string index out of range. Raw output nan
WARNING: 18:24:46 - main_pipeline.interpreter:  Encountered exception in validating flowmeter SLS1500: string index out of range. Raw output nan
WARNING: 18:24:46 - main_pipeline.interpreter:  Encountered exception in validating flowmeter SLS1500: string index out of range. Raw output nan
WARNING: 18:24:46 - main_pipeline.interpreter:  Encountered exception in validating flowmeter SLS1500: string index out of range. Raw output nan
WARNING: 18:24:46 - main_pipeline.interpreter:  Encountered exception in validating flowmeter SLS1500: string index out of range. Raw output nan
WARNING: 18:24:46 - main_pipeline.interpreter:  Encountered exception in validating flowmeter SLS1500: string index out of range. Raw output nan
WARNING: 18:24:46 - main_pipeline.interpreter:  Encountered exception in validating flowmeter SLS1500: string index out of range. Raw output nan
WARNING: 18:24:46 - main_pipeline.interpreter:  Encountered exception in validating flowmeter SLS1500: string index out of range. Raw output nan
WARNING: 18:24:46 - main_pipeline.interpreter:  Encountered exception in validating flowmeter SLS1500: string index out of range. Raw output nan
WARNING: 18:24:46 - main_pipeline.interpreter:  Encountered exception in validating flowmeter SLS1500: string index out of range. Raw output nan
WARNING: 18:24:46 - main_pipeline.interpreter:  Encountered exception in validating flowmeter SLS1500: string index out of range. Raw output nan
WARNING: 18:24:46 - main_pipeline.interpreter:  Encountered exception in validating flowmeter SLS1500: string index out of range. Raw output nan
WARNING: 18:24:46 - main_pipeline.interpreter:  Encountered exception in validating flowmeter SLS1500: string index out of range. Raw output nan
WARNING: 18:24:46 - main_pipeline.interpreter:  Encountered exception in validating flowmeter SLS1500: string index out of range. Raw output nan
WARNING: 18:24:46 - main_pipeline.interpreter:  Encountered exception in validating flowmeter SLS1500: string index out of range. Raw output nan
INFO: 18:27:10 - main_pipeline.sensor:  Shutting down sensors
INFO: 18:27:10 - sensor_interfaces.sim_instruments:  Abakus measurements stopped
INFO: 18:27:10 - sensor_interfaces.sim_instruments:  Dimetix laser turned off
INFO: 18:27:10 - main_pipeline.sensor:  Finished shutting down sensors
INFO: 18:27:33 - main_pipeline.sensor:  Couldn't find Picarro at port COM8, shadowing sensor calls with substitute functions
INFO: 18:27:33 - main_pipeline.sensor:  Couldn't find Picarro at port COM7, shadowing sensor calls with substitute functions
WARNING: 18:27:33 - main_pipeline.sensor:  Couldn't find Abakus at port COM4, shadowing sensor calls with substitute functions
WARNING: 18:27:33 - main_pipeline.sensor:  Couldn't find Flowmeter at port COM3 and COM5, shadowing sensor calls with substitute functions
WARNING: 18:27:33 - main_pipeline.sensor:  Couldn't find Dimetix laser at port COM6, shadowing sensor calls with substitute functions
WARNING: 18:27:33 - main_pipeline.sensor:  Couldn't find Bronkhorst at port COM9, shadowing sensor calls with substitute functions
WARNING: 18:27:33 - main_pipeline.sensor:  Couldn't find Melthead at port COM9, shadowing sensor calls with substitute functions
INFO: 18:27:33 - sensor_interfaces.sim_instruments:  Fake hardware, pretending to use serial port COM4 with baud 38400
INFO: 18:27:33 - sensor_interfaces.sim_instruments:  Fake hardware, pretending to use serial port COM3 with baud 115200
INFO: 18:27:33 - sensor_interfaces.sim_instruments:  Fake hardware, pretending to use serial port COM5 with baud 115200
INFO: 18:27:33 - sensor_interfaces.sim_instruments:  Fake hardware, pretending to use serial port COM6 with baud 19200
INFO: 18:27:33 - sensor_interfaces.sim_instruments:  Fake hardware, pretending to use serial port COM8 with baud 19200
INFO: 18:27:33 - sensor_interfaces.sim_instruments:  Fake hardware, pretending to use serial port COM7 with baud 19200
INFO: 18:27:33 - sensor_interfaces.sim_instruments:  Fake hardware, pretending to use serial port COM9 with baud 38400
INFO: 18:27:33 - main_pipeline.sensor:  Sensor class initiated, running from source
INFO: 18:27:33 - main_pipeline.interpreter:  Interpreter class initiated, running from source
INFO: 18:27:33 - main_pipeline.writer:  Writer class initiated, running from source
INFO: 18:27:33 - __main__:  No control inputs for the Picarro Gas
INFO: 18:27:33 - __main__:  No control inputs for the Picarro Water
INFO: 18:27:33 - __main__:  No control inputs for the Laser Distance Sensor
INFO: 18:27:33 - __main__:  No control inputs for the Abakus Particle Counter
INFO: 18:27:33 - __main__:  No control inputs for the Flowmeter
INFO: 18:27:35 - main_pipeline.sensor:  Initializing sensors
INFO: 18:27:35 - sensor_interfaces.sim_instruments:  Initializing Abakus
INFO: 18:27:35 - sensor_interfaces.sim_instruments:  Abakus initialized
INFO: 18:27:35 - sensor_interfaces.sim_instruments:  Initializing Picarro
INFO: 18:27:35 - sensor_interfaces.sim_instruments:  Initialized Picarro
INFO: 18:27:35 - sensor_interfaces.sim_instruments:  Initializing Picarro
INFO: 18:27:35 - sensor_interfaces.sim_instruments:  Initialized Picarro
INFO: 18:27:35 - sensor_interfaces.sim_instruments:  Initializing Dimetix laser
INFO: 18:27:35 - sensor_interfaces.sim_instruments:  Laser initialized
INFO: 18:27:35 - sensor_interfaces.sim_instruments:  Initializing Bronkhorst
INFO: 18:27:35 - sensor_interfaces.sim_instruments:  Bronkhorst initialized
INFO: 18:27:35 - sensor_interfaces.sim_instruments:  Initializing Melthead
INFO: 18:27:35 - sensor_interfaces.sim_instruments:  Melthead initialized
INFO: 18:27:35 - sensor_interfaces.sim_instruments:  Initializing Flowmeter
INFO: 18:27:35 - sensor_interfaces.sim_instruments:  Flowmeter sli2000 initialized
INFO: 18:27:35 - sensor_interfaces.sim_instruments:  Initializing Flowmeter
INFO: 18:27:35 - sensor_interfaces.sim_instruments:  Flowmeter sls1500 initialized
INFO: 18:27:35 - main_pipeline.sensor:  Finished initializing sensors
INFO: 18:29:30 - main_pipeline.sensor:  Shutting down sensors
INFO: 18:29:30 - sensor_interfaces.sim_instruments:  Abakus measurements stopped
INFO: 18:29:30 - sensor_interfaces.sim_instruments:  Dimetix laser turned off
INFO: 18:29:30 - main_pipeline.sensor:  Finished shutting down sensors
INFO: 18:31:41 - main_pipeline.sensor:  Couldn't find Picarro at port COM8, shadowing sensor calls with substitute functions
INFO: 18:31:41 - main_pipeline.sensor:  Couldn't find Picarro at port COM7, shadowing sensor calls with substitute functions
WARNING: 18:31:41 - main_pipeline.sensor:  Couldn't find Abakus at port COM4, shadowing sensor calls with substitute functions
WARNING: 18:31:41 - main_pipeline.sensor:  Couldn't find Flowmeter at port COM3 and COM5, shadowing sensor calls with substitute functions
WARNING: 18:31:41 - main_pipeline.sensor:  Couldn't find Dimetix laser at port COM6, shadowing sensor calls with substitute functions
WARNING: 18:31:41 - main_pipeline.sensor:  Couldn't find Bronkhorst at port COM9, shadowing sensor calls with substitute functions
WARNING: 18:31:41 - main_pipeline.sensor:  Couldn't find Melthead at port COM9, shadowing sensor calls with substitute functions
INFO: 18:31:41 - sensor_interfaces.sim_instruments:  Fake hardware, pretending to use serial port COM4 with baud 38400
INFO: 18:31:41 - sensor_interfaces.sim_instruments:  Fake hardware, pretending to use serial port COM3 with baud 115200
INFO: 18:31:41 - sensor_interfaces.sim_instruments:  Fake hardware, pretending to use serial port COM5 with baud 115200
INFO: 18:31:41 - sensor_interfaces.sim_instruments:  Fake hardware, pretending to use serial port COM6 with baud 19200
INFO: 18:31:41 - sensor_interfaces.sim_instruments:  Fake hardware, pretending to use serial port COM8 with baud 19200
INFO: 18:31:41 - sensor_interfaces.sim_instruments:  Fake hardware, pretending to use serial port COM7 with baud 19200
INFO: 18:31:41 - sensor_interfaces.sim_instruments:  Fake hardware, pretending to use serial port COM9 with baud 38400
INFO: 18:31:41 - main_pipeline.sensor:  Sensor class initiated, running from source
INFO: 18:31:41 - main_pipeline.interpreter:  Interpreter class initiated, running from source
INFO: 18:31:41 - main_pipeline.writer:  Writer class initiated, running from source
INFO: 18:31:41 - __main__:  No control inputs for the Picarro Gas
INFO: 18:31:41 - __main__:  No control inputs for the Picarro Water
INFO: 18:31:41 - __main__:  No control inputs for the Laser Distance Sensor
INFO: 18:31:41 - __main__:  No control inputs for the Abakus Particle Counter
INFO: 18:31:41 - __main__:  No control inputs for the Flowmeter
INFO: 18:31:43 - main_pipeline.sensor:  Initializing sensors
INFO: 18:31:43 - sensor_interfaces.sim_instruments:  Initializing Abakus
INFO: 18:31:43 - sensor_interfaces.sim_instruments:  Abakus initialized
INFO: 18:31:43 - sensor_interfaces.sim_instruments:  Initializing Picarro
INFO: 18:31:43 - sensor_interfaces.sim_instruments:  Initialized Picarro
INFO: 18:31:43 - sensor_interfaces.sim_instruments:  Initializing Picarro
INFO: 18:31:43 - sensor_interfaces.sim_instruments:  Initialized Picarro
INFO: 18:31:43 - sensor_interfaces.sim_instruments:  Initializing Dimetix laser
INFO: 18:31:43 - sensor_interfaces.sim_instruments:  Laser initialized
INFO: 18:31:43 - sensor_interfaces.sim_instruments:  Initializing Bronkhorst
INFO: 18:31:43 - sensor_interfaces.sim_instruments:  Bronkhorst initialized
INFO: 18:31:43 - sensor_interfaces.sim_instruments:  Initializing Melthead
INFO: 18:31:43 - sensor_interfaces.sim_instruments:  Melthead initialized
INFO: 18:31:43 - sensor_interfaces.sim_instruments:  Initializing Flowmeter
INFO: 18:31:43 - sensor_interfaces.sim_instruments:  Flowmeter sli2000 initialized
INFO: 18:31:43 - sensor_interfaces.sim_instruments:  Initializing Flowmeter
INFO: 18:31:43 - sensor_interfaces.sim_instruments:  Flowmeter sls1500 initialized
INFO: 18:31:43 - main_pipeline.sensor:  Finished initializing sensors
INFO: 18:31:56 - __main__:  Started data collection
INFO: 18:32:08 - __main__:  Stopped data collection
INFO: 18:32:12 - main_pipeline.sensor:  Shutting down sensors
INFO: 18:32:12 - sensor_interfaces.sim_instruments:  Abakus measurements stopped
INFO: 18:32:12 - sensor_interfaces.sim_instruments:  Dimetix laser turned off
INFO: 18:32:12 - main_pipeline.sensor:  Finished shutting down sensors
INFO: 18:32:21 - main_pipeline.sensor:  Shutting down sensors
INFO: 18:32:21 - sensor_interfaces.sim_instruments:  Abakus measurements stopped
INFO: 18:32:21 - sensor_interfaces.sim_instruments:  Dimetix laser turned off
INFO: 18:32:21 - main_pipeline.sensor:  Finished shutting down sensors
INFO: 19:06:07 - main_pipeline.sensor:  Couldn't find Picarro at port COM8, shadowing sensor calls with substitute functions
INFO: 19:06:07 - main_pipeline.sensor:  Couldn't find Picarro at port COM7, shadowing sensor calls with substitute functions
WARNING: 19:06:07 - main_pipeline.sensor:  Couldn't find Abakus at port COM4, shadowing sensor calls with substitute functions
WARNING: 19:06:07 - main_pipeline.sensor:  Couldn't find Flowmeter at port COM3 and COM5, shadowing sensor calls with substitute functions
WARNING: 19:06:07 - main_pipeline.sensor:  Couldn't find Dimetix laser at port COM6, shadowing sensor calls with substitute functions
WARNING: 19:06:07 - main_pipeline.sensor:  Couldn't find Bronkhorst at port COM9, shadowing sensor calls with substitute functions
WARNING: 19:06:07 - main_pipeline.sensor:  Couldn't find Melthead at port COM9, shadowing sensor calls with substitute functions
INFO: 19:06:07 - sensor_interfaces.sim_instruments:  Fake hardware, pretending to use serial port COM4 with baud 38400
INFO: 19:06:07 - sensor_interfaces.sim_instruments:  Fake hardware, pretending to use serial port COM3 with baud 115200
INFO: 19:06:07 - sensor_interfaces.sim_instruments:  Fake hardware, pretending to use serial port COM5 with baud 115200
INFO: 19:06:07 - sensor_interfaces.sim_instruments:  Fake hardware, pretending to use serial port COM6 with baud 19200
INFO: 19:06:07 - sensor_interfaces.sim_instruments:  Fake hardware, pretending to use serial port COM8 with baud 19200
INFO: 19:06:07 - sensor_interfaces.sim_instruments:  Fake hardware, pretending to use serial port COM7 with baud 19200
INFO: 19:06:07 - sensor_interfaces.sim_instruments:  Fake hardware, pretending to use serial port COM9 with baud 38400
INFO: 19:06:07 - main_pipeline.sensor:  Sensor class initiated, running from source
INFO: 19:06:07 - main_pipeline.interpreter:  Interpreter class initiated, running from source
INFO: 19:06:07 - main_pipeline.writer:  Writer class initiated, running from source
INFO: 19:06:07 - __main__:  No control inputs for the Picarro Gas
INFO: 19:06:07 - __main__:  No control inputs for the Picarro Water
INFO: 19:06:07 - __main__:  No control inputs for the Laser Distance Sensor
INFO: 19:06:07 - __main__:  No control inputs for the Abakus Particle Counter
INFO: 19:06:07 - __main__:  No control inputs for the Flowmeter
INFO: 19:06:10 - main_pipeline.sensor:  Initializing sensors
INFO: 19:06:10 - sensor_interfaces.sim_instruments:  Initializing Abakus
INFO: 19:06:10 - sensor_interfaces.sim_instruments:  Abakus initialized
INFO: 19:06:10 - sensor_interfaces.sim_instruments:  Initializing Picarro
INFO: 19:06:10 - sensor_interfaces.sim_instruments:  Initialized Picarro
INFO: 19:06:10 - sensor_interfaces.sim_instruments:  Initializing Picarro
INFO: 19:06:10 - sensor_interfaces.sim_instruments:  Initialized Picarro
INFO: 19:06:10 - sensor_interfaces.sim_instruments:  Initializing Dimetix laser
INFO: 19:06:10 - sensor_interfaces.sim_instruments:  Laser initialized
INFO: 19:06:10 - sensor_interfaces.sim_instruments:  Initializing Bronkhorst
INFO: 19:06:10 - sensor_interfaces.sim_instruments:  Bronkhorst initialized
INFO: 19:06:10 - sensor_interfaces.sim_instruments:  Initializing Melthead
INFO: 19:06:10 - sensor_interfaces.sim_instruments:  Melthead initialized
INFO: 19:06:10 - sensor_interfaces.sim_instruments:  Initializing Flowmeter
INFO: 19:06:10 - sensor_interfaces.sim_instruments:  Flowmeter sli2000 initialized
INFO: 19:06:10 - sensor_interfaces.sim_instruments:  Initializing Flowmeter
INFO: 19:06:10 - sensor_interfaces.sim_instruments:  Flowmeter sls1500 initialized
INFO: 19:06:10 - main_pipeline.sensor:  Finished initializing sensors
INFO: 19:06:10 - __main__:  Started data collection
INFO: 19:06:20 - __main__:  Stopped data collection
INFO: 19:06:52 - main_pipeline.sensor:  Shutting down sensors
INFO: 19:06:52 - sensor_interfaces.sim_instruments:  Abakus measurements stopped
INFO: 19:06:52 - sensor_interfaces.sim_instruments:  Dimetix laser turned off
INFO: 19:06:52 - main_pipeline.sensor:  Finished shutting down sensors
INFO: 19:06:55 - main_pipeline.sensor:  Shutting down sensors
INFO: 19:06:55 - sensor_interfaces.sim_instruments:  Abakus measurements stopped
INFO: 19:06:55 - sensor_interfaces.sim_instruments:  Dimetix laser turned off
INFO: 19:06:55 - main_pipeline.sensor:  Finished shutting down sensors
