INFO: 10:09:40 - main_pipeline.sensor:  Couldn't find Picarro at port COM9, shadowing sensor calls with substitute functions
INFO: 10:09:40 - main_pipeline.sensor:  Successfully connected to port COM4, using real Abakus hardware
INFO: 10:09:41 - main_pipeline.sensor:  Successfully connected to port COM3 and COM5, using real Flowmeter hardware
INFO: 10:09:41 - main_pipeline.sensor:  Successfully connected to port COM6, using real Dimetix hardware
INFO: 10:09:41 - main_pipeline.sensor:  Successfully connected to port COM7, using real Bronkhorst hardware
INFO: 10:09:41 - sensor_interfaces.abakus_interface:  Connected to serial port COM4 with baud 38400
INFO: 10:09:41 - sensor_interfaces.flowmeter_interface:  Connected to serial port COM3 with baud 115200
INFO: 10:09:41 - sensor_interfaces.flowmeter_interface:  Connected to serial port COM5 with baud 115200
INFO: 10:09:41 - sensor_interfaces.laser_interface:  Connected to serial port COM6 with baud 19200
INFO: 10:09:41 - sensor_interfaces.sim_instruments:  Fake hardware, pretending to use serial port COM9 with baud 19200
INFO: 10:09:41 - sensor_interfaces.bronkhorst_interface:  Connected to serial port COM7 with baud 38400
INFO: 10:09:41 - main_pipeline.sensor:  Sensor class initiated
INFO: 10:09:41 - main_pipeline.interpreter:  Interpreter class initiated
INFO: 10:09:41 - main_pipeline.writer:  Display class initiated
INFO: 10:10:04 - main_pipeline.sensor:  Shutting down sensors
INFO: 10:10:04 - sensor_interfaces.abakus_interface:  Abakus measurements stopped
INFO: 10:10:04 - sensor_interfaces.laser_interface:  Dimetix laser turned off
INFO: 10:10:04 - main_pipeline.sensor:  Finished shutting down sensors
INFO: 10:16:30 - main_pipeline.sensor:  Couldn't find Picarro at port COM9, shadowing sensor calls with substitute functions
INFO: 10:16:30 - main_pipeline.sensor:  Successfully connected to port COM4, using real Abakus hardware
INFO: 10:16:30 - main_pipeline.sensor:  Successfully connected to port COM3 and COM5, using real Flowmeter hardware
INFO: 10:16:30 - main_pipeline.sensor:  Successfully connected to port COM6, using real Dimetix hardware
INFO: 10:16:30 - main_pipeline.sensor:  Successfully connected to port COM7, using real Bronkhorst hardware
INFO: 10:16:30 - sensor_interfaces.abakus_interface:  Connected to serial port COM4 with baud 38400
INFO: 10:16:30 - sensor_interfaces.flowmeter_interface:  Connected to serial port COM3 with baud 115200
INFO: 10:16:30 - sensor_interfaces.flowmeter_interface:  Connected to serial port COM5 with baud 115200
INFO: 10:16:30 - sensor_interfaces.laser_interface:  Connected to serial port COM6 with baud 19200
INFO: 10:16:30 - sensor_interfaces.sim_instruments:  Fake hardware, pretending to use serial port COM9 with baud 19200
INFO: 10:16:31 - sensor_interfaces.bronkhorst_interface:  Connected to serial port COM7 with baud 38400
INFO: 10:16:31 - main_pipeline.sensor:  Sensor class initiated
INFO: 10:16:31 - main_pipeline.interpreter:  Interpreter class initiated
INFO: 10:16:31 - main_pipeline.writer:  Display class initiated
INFO: 10:17:00 - main_pipeline.sensor:  Initializing sensors
INFO: 10:17:00 - sensor_interfaces.abakus_interface:  Initializing Abakus
INFO: 10:17:00 - sensor_interfaces.abakus_interface:  Abakus measurements started
INFO: 10:17:00 - sensor_interfaces.abakus_interface:  Initialization attempt 1/10
INFO: 10:17:01 - sensor_interfaces.abakus_interface:  Initialization attempt 2/10
INFO: 10:17:01 - sensor_interfaces.abakus_interface:  Initialization attempt 3/10
INFO: 10:17:01 - sensor_interfaces.abakus_interface:  Abakus initialized
INFO: 10:17:01 - sensor_interfaces.sim_instruments:  Initializing Picarro
INFO: 10:17:01 - sensor_interfaces.sim_instruments:  Initialized Picarro
INFO: 10:17:01 - sensor_interfaces.laser_interface:  Dimetix laser turned on
INFO: 10:17:01 - sensor_interfaces.laser_interface:  Laser distance initialization attempt 1/10
INFO: 10:17:01 - sensor_interfaces.laser_interface:  Laser distance initialized
INFO: 10:17:01 - sensor_interfaces.laser_interface:  Laser temperature initialization attempt 1/10
INFO: 10:17:01 - sensor_interfaces.laser_interface:  Laser temperature initialized
INFO: 10:17:01 - sensor_interfaces.bronkhorst_interface:  Initialization attempt 1/10
INFO: 10:17:02 - sensor_interfaces.bronkhorst_interface:  Bronkhorst initialized
INFO: 10:17:02 - sensor_interfaces.flowmeter_interface:  Flowmeter measurements started
INFO: 10:17:02 - sensor_interfaces.flowmeter_interface:  Initialization attempt 1/10
INFO: 10:17:05 - sensor_interfaces.flowmeter_interface:  Initialization attempt 2/10
INFO: 10:17:05 - sensor_interfaces.flowmeter_interface:  Flowmeter sli2000 initialized
INFO: 10:17:05 - sensor_interfaces.flowmeter_interface:  Flowmeter measurements started
INFO: 10:17:05 - sensor_interfaces.flowmeter_interface:  Initialization attempt 1/10
INFO: 10:17:09 - sensor_interfaces.flowmeter_interface:  Initialization attempt 2/10
INFO: 10:17:09 - sensor_interfaces.flowmeter_interface:  Flowmeter sls1500 initialized
INFO: 10:17:09 - main_pipeline.sensor:  Finished initializing sensors
WARNING: 10:17:18 - main_pipeline.interpreter:  Error in extracting time and data from Abakus reading: cannot unpack non-iterable NoneType object. Probably not a tuple. Not updating measurement
WARNING: 10:17:18 - main_pipeline.interpreter:  Error in extracting time and data from flowmeter SLI2000 reading: cannot unpack non-iterable NoneType object. Probably not a tuple. Not updating measurement
WARNING: 10:17:18 - main_pipeline.interpreter:  Error in extracting time and data from flowmeter SLS1500 reading: cannot unpack non-iterable NoneType object. Probably not a tuple. Not updating measurement
WARNING: 10:17:18 - main_pipeline.interpreter:  Error in extracting time and data from laser reading: cannot unpack non-iterable NoneType object. Probably not a tuple. Not updating measurement
WARNING: 10:17:19 - __main__:  Error updating the Picarro Gas buffer timestamp: 'NoneType' object is not subscriptable
WARNING: 10:17:19 - __main__:  Error updating the Picarro Gas buffer data: 'NoneType' object is not subscriptable
WARNING: 10:17:19 - __main__:  Error updating the Picarro Gas buffer data: 'NoneType' object is not subscriptable
WARNING: 10:17:19 - __main__:  Error updating the Picarro Gas buffer data: 'NoneType' object is not subscriptable
WARNING: 10:17:19 - __main__:  Error updating the Picarro Gas buffer data: 'NoneType' object is not subscriptable
WARNING: 10:17:19 - __main__:  Error updating the Laser Distance Sensor buffer timestamp: 'NoneType' object is not subscriptable
WARNING: 10:17:19 - __main__:  Error updating the Laser Distance Sensor buffer data: 'NoneType' object is not subscriptable
WARNING: 10:17:19 - __main__:  Error updating the Laser Distance Sensor buffer data: 'NoneType' object is not subscriptable
WARNING: 10:17:19 - __main__:  Error updating the Abakus Particle Counter buffer timestamp: 'NoneType' object is not subscriptable
WARNING: 10:17:19 - __main__:  Error updating the Abakus Particle Counter buffer data: 'NoneType' object is not subscriptable
WARNING: 10:17:19 - __main__:  Error updating the Flowmeter buffer timestamp: 'NoneType' object is not subscriptable
WARNING: 10:17:19 - __main__:  Error updating the Flowmeter buffer data: 'NoneType' object is not subscriptable
WARNING: 10:17:19 - __main__:  Error updating the Flowmeter buffer data: 'NoneType' object is not subscriptable
WARNING: 10:17:19 - __main__:  Error updating the Bronkhorst Pressure buffer timestamp: 'NoneType' object is not subscriptable
WARNING: 10:17:19 - __main__:  Error updating the Bronkhorst Pressure buffer data: 'NoneType' object is not subscriptable
WARNING: 10:17:19 - __main__:  Error updating the Bronkhorst Pressure buffer data: 'NoneType' object is not subscriptable
WARNING: 10:17:19 - __main__:  Error updating the Bronkhorst Pressure buffer data: 'NoneType' object is not subscriptable
WARNING: 10:17:19 - __main__:  Error updating the Bronkhorst Pressure buffer data: 'NoneType' object is not subscriptable
INFO: 10:18:25 - main_pipeline.sensor:  Shutting down sensors
INFO: 10:18:25 - sensor_interfaces.abakus_interface:  Abakus measurements stopped
INFO: 10:18:25 - sensor_interfaces.laser_interface:  Dimetix laser turned off
INFO: 10:18:25 - main_pipeline.sensor:  Finished shutting down sensors
INFO: 10:18:35 - main_pipeline.sensor:  Shutting down sensors
INFO: 10:18:35 - sensor_interfaces.abakus_interface:  Abakus measurements stopped
INFO: 10:18:35 - sensor_interfaces.laser_interface:  Dimetix laser turned off
INFO: 10:18:35 - main_pipeline.sensor:  Finished shutting down sensors
INFO: 21:45:24 - main_pipeline.sensor:  Couldn't find Picarro at port /dev/ttyUSB0, shadowing sensor calls with substitute functions
WARNING: 21:45:24 - main_pipeline.sensor:  Couldn't find Abakus at port /dev/ttyUSB0, shadowing sensor calls with substitute functions
WARNING: 21:45:24 - main_pipeline.sensor:  Couldn't find Flowmeter at port /dev/ttyUSB0 and /dev/ttyUSB0, shadowing sensor calls with substitute functions
WARNING: 21:45:24 - main_pipeline.sensor:  Couldn't find Dimetix laser at port /dev/ttyUSB0, shadowing sensor calls with substitute functions
WARNING: 21:45:24 - main_pipeline.sensor:  Couldn't find Bronkhorst at port /dev/ttyUSB0, shadowing sensor calls with substitute functions
INFO: 21:45:24 - sensor_interfaces.sim_instruments:  Fake hardware, pretending to use serial port /dev/ttyUSB0 with baud 38400
INFO: 21:45:24 - sensor_interfaces.sim_instruments:  Fake hardware, pretending to use serial port /dev/ttyUSB0 with baud 115200
INFO: 21:45:24 - sensor_interfaces.sim_instruments:  Fake hardware, pretending to use serial port /dev/ttyUSB0 with baud 115200
INFO: 21:45:24 - sensor_interfaces.sim_instruments:  Fake hardware, pretending to use serial port /dev/ttyUSB0 with baud 19200
INFO: 21:45:24 - sensor_interfaces.sim_instruments:  Fake hardware, pretending to use serial port /dev/ttyUSB0 with baud 19200
INFO: 21:45:24 - sensor_interfaces.sim_instruments:  Fake hardware, pretending to use serial port /dev/ttyUSB0 with baud 38400
INFO: 21:45:24 - main_pipeline.sensor:  Sensor class initiated
INFO: 21:45:24 - main_pipeline.interpreter:  Interpreter class initiated
INFO: 21:45:24 - main_pipeline.writer:  Display class initiated
INFO: 21:45:52 - main_pipeline.sensor:  Couldn't find Picarro at port /dev/ttyUSB0, shadowing sensor calls with substitute functions
WARNING: 21:45:52 - main_pipeline.sensor:  Couldn't find Abakus at port /dev/ttyUSB0, shadowing sensor calls with substitute functions
WARNING: 21:45:52 - main_pipeline.sensor:  Couldn't find Flowmeter at port /dev/ttyUSB0 and /dev/ttyUSB0, shadowing sensor calls with substitute functions
WARNING: 21:45:52 - main_pipeline.sensor:  Couldn't find Dimetix laser at port /dev/ttyUSB0, shadowing sensor calls with substitute functions
WARNING: 21:45:52 - main_pipeline.sensor:  Couldn't find Bronkhorst at port /dev/ttyUSB0, shadowing sensor calls with substitute functions
INFO: 21:45:52 - sensor_interfaces.sim_instruments:  Fake hardware, pretending to use serial port /dev/ttyUSB0 with baud 38400
INFO: 21:45:52 - sensor_interfaces.sim_instruments:  Fake hardware, pretending to use serial port /dev/ttyUSB0 with baud 115200
INFO: 21:45:52 - sensor_interfaces.sim_instruments:  Fake hardware, pretending to use serial port /dev/ttyUSB0 with baud 115200
INFO: 21:45:52 - sensor_interfaces.sim_instruments:  Fake hardware, pretending to use serial port /dev/ttyUSB0 with baud 19200
INFO: 21:45:52 - sensor_interfaces.sim_instruments:  Fake hardware, pretending to use serial port /dev/ttyUSB0 with baud 19200
INFO: 21:45:52 - sensor_interfaces.sim_instruments:  Fake hardware, pretending to use serial port /dev/ttyUSB0 with baud 38400
INFO: 21:45:52 - main_pipeline.sensor:  Sensor class initiated
INFO: 21:45:52 - main_pipeline.interpreter:  Interpreter class initiated
INFO: 21:45:52 - main_pipeline.writer:  Display class initiated
INFO: 21:45:54 - main_pipeline.sensor:  Initializing sensors
INFO: 21:45:54 - sensor_interfaces.sim_instruments:  Initializing Abakus
INFO: 21:45:54 - sensor_interfaces.sim_instruments:  Abakus initialized
INFO: 21:45:54 - sensor_interfaces.sim_instruments:  Initializing Picarro
INFO: 21:45:54 - sensor_interfaces.sim_instruments:  Initialized Picarro
INFO: 21:45:54 - sensor_interfaces.sim_instruments:  Initializing Dimetix laser
INFO: 21:45:54 - sensor_interfaces.sim_instruments:  Laser initialized
INFO: 21:45:54 - sensor_interfaces.sim_instruments:  Initializing Bronkhorst
INFO: 21:45:54 - sensor_interfaces.sim_instruments:  Bronkhorst initialized
INFO: 21:45:54 - sensor_interfaces.sim_instruments:  Initializing Flowmeter
INFO: 21:45:54 - sensor_interfaces.sim_instruments:  Flowmeter sli2000 initialized
INFO: 21:45:54 - sensor_interfaces.sim_instruments:  Initializing Flowmeter
INFO: 21:45:54 - sensor_interfaces.sim_instruments:  Flowmeter sls1500 initialized
INFO: 21:45:54 - main_pipeline.sensor:  Finished initializing sensors
WARNING: 21:45:54 - main_pipeline.interpreter:  Encountered exception in validating flowmeter SLI2000: string index out of range. Raw output nan
WARNING: 21:45:54 - main_pipeline.interpreter:  Encountered exception in validating flowmeter SLI2000: string index out of range. Raw output nan
WARNING: 21:45:54 - main_pipeline.interpreter:  Encountered exception in validating flowmeter SLI2000: string index out of range. Raw output nan
WARNING: 21:45:54 - main_pipeline.interpreter:  Encountered exception in validating flowmeter SLI2000: string index out of range. Raw output nan
WARNING: 21:45:54 - main_pipeline.interpreter:  Encountered exception in validating flowmeter SLI2000: string index out of range. Raw output nan
WARNING: 21:45:54 - main_pipeline.interpreter:  Encountered exception in validating flowmeter SLI2000: string index out of range. Raw output nan
WARNING: 21:45:54 - main_pipeline.interpreter:  Encountered exception in validating flowmeter SLI2000: string index out of range. Raw output nan
WARNING: 21:45:54 - main_pipeline.interpreter:  Encountered exception in validating flowmeter SLI2000: string index out of range. Raw output nan
WARNING: 21:45:54 - main_pipeline.interpreter:  Encountered exception in validating flowmeter SLI2000: string index out of range. Raw output nan
WARNING: 21:45:54 - main_pipeline.interpreter:  Encountered exception in validating flowmeter SLI2000: string index out of range. Raw output nan
WARNING: 21:45:54 - main_pipeline.interpreter:  Encountered exception in validating flowmeter SLI2000: string index out of range. Raw output nan
WARNING: 21:45:54 - main_pipeline.interpreter:  Encountered exception in validating flowmeter SLI2000: string index out of range. Raw output nan
WARNING: 21:45:54 - main_pipeline.interpreter:  Encountered exception in validating flowmeter SLI2000: string index out of range. Raw output nan
WARNING: 21:45:54 - main_pipeline.interpreter:  Encountered exception in validating flowmeter SLI2000: string index out of range. Raw output nan
WARNING: 21:45:54 - main_pipeline.interpreter:  Encountered exception in validating flowmeter SLI2000: string index out of range. Raw output nan
WARNING: 21:45:54 - main_pipeline.interpreter:  Encountered exception in validating flowmeter SLS1500: string index out of range. Raw output nan
WARNING: 21:45:54 - main_pipeline.interpreter:  Encountered exception in validating flowmeter SLS1500: string index out of range. Raw output nan
WARNING: 21:45:54 - main_pipeline.interpreter:  Encountered exception in validating flowmeter SLS1500: string index out of range. Raw output nan
WARNING: 21:45:54 - main_pipeline.interpreter:  Encountered exception in validating flowmeter SLS1500: string index out of range. Raw output nan
WARNING: 21:45:54 - main_pipeline.interpreter:  Encountered exception in validating flowmeter SLS1500: string index out of range. Raw output nan
WARNING: 21:45:54 - main_pipeline.interpreter:  Encountered exception in validating flowmeter SLS1500: string index out of range. Raw output nan
WARNING: 21:45:54 - main_pipeline.interpreter:  Encountered exception in validating flowmeter SLS1500: string index out of range. Raw output nan
WARNING: 21:45:54 - main_pipeline.interpreter:  Encountered exception in validating flowmeter SLS1500: string index out of range. Raw output nan
WARNING: 21:45:54 - main_pipeline.interpreter:  Encountered exception in validating flowmeter SLS1500: string index out of range. Raw output nan
WARNING: 21:45:54 - main_pipeline.interpreter:  Encountered exception in validating flowmeter SLS1500: string index out of range. Raw output nan
WARNING: 21:45:54 - main_pipeline.interpreter:  Encountered exception in validating flowmeter SLS1500: string index out of range. Raw output nan
WARNING: 21:45:54 - main_pipeline.interpreter:  Encountered exception in validating flowmeter SLS1500: string index out of range. Raw output nan
WARNING: 21:45:54 - main_pipeline.interpreter:  Encountered exception in validating flowmeter SLS1500: string index out of range. Raw output nan
WARNING: 21:45:54 - main_pipeline.interpreter:  Encountered exception in validating flowmeter SLS1500: string index out of range. Raw output nan
WARNING: 21:45:54 - main_pipeline.interpreter:  Encountered exception in validating flowmeter SLS1500: string index out of range. Raw output nan
WARNING: 21:45:54 - __main__:  Error updating the Picarro Gas buffer timestamp: 'NoneType' object is not subscriptable
WARNING: 21:45:54 - __main__:  Error updating the Picarro Gas buffer data: 'NoneType' object is not subscriptable
WARNING: 21:45:54 - __main__:  Error updating the Picarro Gas buffer data: 'NoneType' object is not subscriptable
WARNING: 21:45:54 - __main__:  Error updating the Picarro Gas buffer data: 'NoneType' object is not subscriptable
WARNING: 21:45:54 - __main__:  Error updating the Picarro Gas buffer data: 'NoneType' object is not subscriptable
WARNING: 21:45:54 - __main__:  Error updating the Laser Distance Sensor buffer timestamp: 'NoneType' object is not subscriptable
WARNING: 21:45:54 - __main__:  Error updating the Laser Distance Sensor buffer data: 'NoneType' object is not subscriptable
WARNING: 21:45:54 - __main__:  Error updating the Laser Distance Sensor buffer data: 'NoneType' object is not subscriptable
WARNING: 21:45:54 - __main__:  Error updating the Abakus Particle Counter buffer timestamp: 'NoneType' object is not subscriptable
WARNING: 21:45:54 - __main__:  Error updating the Abakus Particle Counter buffer data: 'NoneType' object is not subscriptable
WARNING: 21:45:54 - __main__:  Error updating the Flowmeter buffer timestamp: 'NoneType' object is not subscriptable
WARNING: 21:45:54 - __main__:  Error updating the Flowmeter buffer data: 'NoneType' object is not subscriptable
WARNING: 21:45:54 - __main__:  Error updating the Flowmeter buffer data: 'NoneType' object is not subscriptable
WARNING: 21:45:54 - __main__:  Error updating the Bronkhorst Pressure buffer timestamp: 'NoneType' object is not subscriptable
WARNING: 21:45:54 - __main__:  Error updating the Bronkhorst Pressure buffer data: 'NoneType' object is not subscriptable
WARNING: 21:45:54 - __main__:  Error updating the Bronkhorst Pressure buffer data: 'NoneType' object is not subscriptable
WARNING: 21:45:54 - __main__:  Error updating the Bronkhorst Pressure buffer data: 'NoneType' object is not subscriptable
WARNING: 21:45:54 - __main__:  Error updating the Bronkhorst Pressure buffer data: 'NoneType' object is not subscriptable
WARNING: 21:45:55 - main_pipeline.interpreter:  Encountered exception in validating flowmeter SLI2000: string index out of range. Raw output nan
WARNING: 21:45:55 - main_pipeline.interpreter:  Encountered exception in validating flowmeter SLI2000: string index out of range. Raw output nan
WARNING: 21:45:55 - main_pipeline.interpreter:  Encountered exception in validating flowmeter SLI2000: string index out of range. Raw output nan
WARNING: 21:45:55 - main_pipeline.interpreter:  Encountered exception in validating flowmeter SLI2000: string index out of range. Raw output nan
WARNING: 21:45:55 - main_pipeline.interpreter:  Encountered exception in validating flowmeter SLI2000: string index out of range. Raw output nan
WARNING: 21:45:55 - main_pipeline.interpreter:  Encountered exception in validating flowmeter SLI2000: string index out of range. Raw output nan
WARNING: 21:45:55 - main_pipeline.interpreter:  Encountered exception in validating flowmeter SLI2000: string index out of range. Raw output nan
WARNING: 21:45:55 - main_pipeline.interpreter:  Encountered exception in validating flowmeter SLI2000: string index out of range. Raw output nan
WARNING: 21:45:55 - main_pipeline.interpreter:  Encountered exception in validating flowmeter SLI2000: string index out of range. Raw output nan
WARNING: 21:45:55 - main_pipeline.interpreter:  Encountered exception in validating flowmeter SLI2000: string index out of range. Raw output nan
WARNING: 21:45:55 - main_pipeline.interpreter:  Encountered exception in validating flowmeter SLI2000: string index out of range. Raw output nan
WARNING: 21:45:55 - main_pipeline.interpreter:  Encountered exception in validating flowmeter SLI2000: string index out of range. Raw output nan
WARNING: 21:45:55 - main_pipeline.interpreter:  Encountered exception in validating flowmeter SLI2000: string index out of range. Raw output nan
WARNING: 21:45:55 - main_pipeline.interpreter:  Encountered exception in validating flowmeter SLI2000: string index out of range. Raw output nan
WARNING: 21:45:55 - main_pipeline.interpreter:  Encountered exception in validating flowmeter SLI2000: string index out of range. Raw output nan
WARNING: 21:45:55 - main_pipeline.interpreter:  Encountered exception in validating flowmeter SLS1500: string index out of range. Raw output nan
WARNING: 21:45:55 - main_pipeline.interpreter:  Encountered exception in validating flowmeter SLS1500: string index out of range. Raw output nan
WARNING: 21:45:55 - main_pipeline.interpreter:  Encountered exception in validating flowmeter SLS1500: string index out of range. Raw output nan
WARNING: 21:45:55 - main_pipeline.interpreter:  Encountered exception in validating flowmeter SLS1500: string index out of range. Raw output nan
WARNING: 21:45:55 - main_pipeline.interpreter:  Encountered exception in validating flowmeter SLS1500: string index out of range. Raw output nan
WARNING: 21:45:55 - main_pipeline.interpreter:  Encountered exception in validating flowmeter SLS1500: string index out of range. Raw output nan
WARNING: 21:45:55 - main_pipeline.interpreter:  Encountered exception in validating flowmeter SLS1500: string index out of range. Raw output nan
WARNING: 21:45:55 - main_pipeline.interpreter:  Encountered exception in validating flowmeter SLS1500: string index out of range. Raw output nan
WARNING: 21:45:55 - main_pipeline.interpreter:  Encountered exception in validating flowmeter SLS1500: string index out of range. Raw output nan
WARNING: 21:45:55 - main_pipeline.interpreter:  Encountered exception in validating flowmeter SLS1500: string index out of range. Raw output nan
WARNING: 21:45:55 - main_pipeline.interpreter:  Encountered exception in validating flowmeter SLS1500: string index out of range. Raw output nan
WARNING: 21:45:55 - main_pipeline.interpreter:  Encountered exception in validating flowmeter SLS1500: string index out of range. Raw output nan
WARNING: 21:45:55 - main_pipeline.interpreter:  Encountered exception in validating flowmeter SLS1500: string index out of range. Raw output nan
WARNING: 21:45:55 - main_pipeline.interpreter:  Encountered exception in validating flowmeter SLS1500: string index out of range. Raw output nan
WARNING: 21:45:55 - main_pipeline.interpreter:  Encountered exception in validating flowmeter SLS1500: string index out of range. Raw output nan
WARNING: 21:45:55 - __main__:  Error updating the Picarro Gas buffer timestamp: 'NoneType' object is not subscriptable
WARNING: 21:45:55 - __main__:  Error updating the Picarro Gas buffer data: 'NoneType' object is not subscriptable
WARNING: 21:45:55 - __main__:  Error updating the Picarro Gas buffer data: 'NoneType' object is not subscriptable
WARNING: 21:45:55 - __main__:  Error updating the Picarro Gas buffer data: 'NoneType' object is not subscriptable
WARNING: 21:45:55 - __main__:  Error updating the Picarro Gas buffer data: 'NoneType' object is not subscriptable
WARNING: 21:45:55 - __main__:  Error updating the Laser Distance Sensor buffer timestamp: 'NoneType' object is not subscriptable
WARNING: 21:45:55 - __main__:  Error updating the Laser Distance Sensor buffer data: 'NoneType' object is not subscriptable
WARNING: 21:45:55 - __main__:  Error updating the Laser Distance Sensor buffer data: 'NoneType' object is not subscriptable
WARNING: 21:45:55 - __main__:  Error updating the Abakus Particle Counter buffer timestamp: 'NoneType' object is not subscriptable
WARNING: 21:45:55 - __main__:  Error updating the Abakus Particle Counter buffer data: 'NoneType' object is not subscriptable
WARNING: 21:45:55 - __main__:  Error updating the Flowmeter buffer timestamp: 'NoneType' object is not subscriptable
WARNING: 21:45:55 - __main__:  Error updating the Flowmeter buffer data: 'NoneType' object is not subscriptable
WARNING: 21:45:55 - __main__:  Error updating the Flowmeter buffer data: 'NoneType' object is not subscriptable
WARNING: 21:45:55 - __main__:  Error updating the Bronkhorst Pressure buffer timestamp: 'NoneType' object is not subscriptable
WARNING: 21:45:55 - __main__:  Error updating the Bronkhorst Pressure buffer data: 'NoneType' object is not subscriptable
WARNING: 21:45:55 - __main__:  Error updating the Bronkhorst Pressure buffer data: 'NoneType' object is not subscriptable
WARNING: 21:45:55 - __main__:  Error updating the Bronkhorst Pressure buffer data: 'NoneType' object is not subscriptable
WARNING: 21:45:55 - __main__:  Error updating the Bronkhorst Pressure buffer data: 'NoneType' object is not subscriptable
WARNING: 21:45:57 - main_pipeline.interpreter:  Encountered exception in validating flowmeter SLI2000: string index out of range. Raw output nan
WARNING: 21:45:57 - main_pipeline.interpreter:  Encountered exception in validating flowmeter SLI2000: string index out of range. Raw output nan
WARNING: 21:45:57 - main_pipeline.interpreter:  Encountered exception in validating flowmeter SLI2000: string index out of range. Raw output nan
WARNING: 21:45:57 - main_pipeline.interpreter:  Encountered exception in validating flowmeter SLI2000: string index out of range. Raw output nan
WARNING: 21:45:57 - main_pipeline.interpreter:  Encountered exception in validating flowmeter SLI2000: string index out of range. Raw output nan
WARNING: 21:45:57 - main_pipeline.interpreter:  Encountered exception in validating flowmeter SLI2000: string index out of range. Raw output nan
WARNING: 21:45:57 - main_pipeline.interpreter:  Encountered exception in validating flowmeter SLI2000: string index out of range. Raw output nan
WARNING: 21:45:57 - main_pipeline.interpreter:  Encountered exception in validating flowmeter SLI2000: string index out of range. Raw output nan
WARNING: 21:45:57 - main_pipeline.interpreter:  Encountered exception in validating flowmeter SLI2000: string index out of range. Raw output nan
WARNING: 21:45:57 - main_pipeline.interpreter:  Encountered exception in validating flowmeter SLI2000: string index out of range. Raw output nan
WARNING: 21:45:57 - main_pipeline.interpreter:  Encountered exception in validating flowmeter SLI2000: string index out of range. Raw output nan
WARNING: 21:45:57 - main_pipeline.interpreter:  Encountered exception in validating flowmeter SLI2000: string index out of range. Raw output nan
WARNING: 21:45:57 - main_pipeline.interpreter:  Encountered exception in validating flowmeter SLI2000: string index out of range. Raw output nan
WARNING: 21:45:57 - main_pipeline.interpreter:  Encountered exception in validating flowmeter SLI2000: string index out of range. Raw output nan
WARNING: 21:45:57 - main_pipeline.interpreter:  Encountered exception in validating flowmeter SLI2000: string index out of range. Raw output nan
WARNING: 21:45:57 - main_pipeline.interpreter:  Encountered exception in validating flowmeter SLS1500: string index out of range. Raw output nan
WARNING: 21:45:57 - main_pipeline.interpreter:  Encountered exception in validating flowmeter SLS1500: string index out of range. Raw output nan
WARNING: 21:45:57 - main_pipeline.interpreter:  Encountered exception in validating flowmeter SLS1500: string index out of range. Raw output nan
WARNING: 21:45:57 - main_pipeline.interpreter:  Encountered exception in validating flowmeter SLS1500: string index out of range. Raw output nan
WARNING: 21:45:57 - main_pipeline.interpreter:  Encountered exception in validating flowmeter SLS1500: string index out of range. Raw output nan
WARNING: 21:45:57 - main_pipeline.interpreter:  Encountered exception in validating flowmeter SLS1500: string index out of range. Raw output nan
WARNING: 21:45:57 - main_pipeline.interpreter:  Encountered exception in validating flowmeter SLS1500: string index out of range. Raw output nan
WARNING: 21:45:57 - main_pipeline.interpreter:  Encountered exception in validating flowmeter SLS1500: string index out of range. Raw output nan
WARNING: 21:45:57 - main_pipeline.interpreter:  Encountered exception in validating flowmeter SLS1500: string index out of range. Raw output nan
WARNING: 21:45:57 - main_pipeline.interpreter:  Encountered exception in validating flowmeter SLS1500: string index out of range. Raw output nan
WARNING: 21:45:57 - main_pipeline.interpreter:  Encountered exception in validating flowmeter SLS1500: string index out of range. Raw output nan
WARNING: 21:45:57 - main_pipeline.interpreter:  Encountered exception in validating flowmeter SLS1500: string index out of range. Raw output nan
WARNING: 21:45:57 - main_pipeline.interpreter:  Encountered exception in validating flowmeter SLS1500: string index out of range. Raw output nan
WARNING: 21:45:57 - main_pipeline.interpreter:  Encountered exception in validating flowmeter SLS1500: string index out of range. Raw output nan
WARNING: 21:45:57 - main_pipeline.interpreter:  Encountered exception in validating flowmeter SLS1500: string index out of range. Raw output nan
WARNING: 21:45:57 - __main__:  Error updating the Picarro Gas buffer timestamp: 'NoneType' object is not subscriptable
WARNING: 21:45:57 - __main__:  Error updating the Picarro Gas buffer data: 'NoneType' object is not subscriptable
WARNING: 21:45:57 - __main__:  Error updating the Picarro Gas buffer data: 'NoneType' object is not subscriptable
WARNING: 21:45:57 - __main__:  Error updating the Picarro Gas buffer data: 'NoneType' object is not subscriptable
WARNING: 21:45:57 - __main__:  Error updating the Picarro Gas buffer data: 'NoneType' object is not subscriptable
WARNING: 21:45:57 - __main__:  Error updating the Laser Distance Sensor buffer timestamp: 'NoneType' object is not subscriptable
WARNING: 21:45:57 - __main__:  Error updating the Laser Distance Sensor buffer data: 'NoneType' object is not subscriptable
WARNING: 21:45:57 - __main__:  Error updating the Laser Distance Sensor buffer data: 'NoneType' object is not subscriptable
WARNING: 21:45:57 - __main__:  Error updating the Abakus Particle Counter buffer timestamp: 'NoneType' object is not subscriptable
WARNING: 21:45:57 - __main__:  Error updating the Abakus Particle Counter buffer data: 'NoneType' object is not subscriptable
WARNING: 21:45:57 - __main__:  Error updating the Flowmeter buffer timestamp: 'NoneType' object is not subscriptable
WARNING: 21:45:57 - __main__:  Error updating the Flowmeter buffer data: 'NoneType' object is not subscriptable
WARNING: 21:45:57 - __main__:  Error updating the Flowmeter buffer data: 'NoneType' object is not subscriptable
WARNING: 21:45:57 - __main__:  Error updating the Bronkhorst Pressure buffer timestamp: 'NoneType' object is not subscriptable
WARNING: 21:45:57 - __main__:  Error updating the Bronkhorst Pressure buffer data: 'NoneType' object is not subscriptable
WARNING: 21:45:57 - __main__:  Error updating the Bronkhorst Pressure buffer data: 'NoneType' object is not subscriptable
WARNING: 21:45:57 - __main__:  Error updating the Bronkhorst Pressure buffer data: 'NoneType' object is not subscriptable
WARNING: 21:45:57 - __main__:  Error updating the Bronkhorst Pressure buffer data: 'NoneType' object is not subscriptable
WARNING: 21:45:58 - main_pipeline.interpreter:  Encountered exception in validating flowmeter SLI2000: string index out of range. Raw output nan
WARNING: 21:45:58 - main_pipeline.interpreter:  Encountered exception in validating flowmeter SLI2000: string index out of range. Raw output nan
WARNING: 21:45:58 - main_pipeline.interpreter:  Encountered exception in validating flowmeter SLI2000: string index out of range. Raw output nan
WARNING: 21:45:58 - main_pipeline.interpreter:  Encountered exception in validating flowmeter SLI2000: string index out of range. Raw output nan
WARNING: 21:45:58 - main_pipeline.interpreter:  Encountered exception in validating flowmeter SLI2000: string index out of range. Raw output nan
WARNING: 21:45:58 - main_pipeline.interpreter:  Encountered exception in validating flowmeter SLI2000: string index out of range. Raw output nan
WARNING: 21:45:58 - main_pipeline.interpreter:  Encountered exception in validating flowmeter SLI2000: string index out of range. Raw output nan
WARNING: 21:45:58 - main_pipeline.interpreter:  Encountered exception in validating flowmeter SLI2000: string index out of range. Raw output nan
WARNING: 21:45:58 - main_pipeline.interpreter:  Encountered exception in validating flowmeter SLI2000: string index out of range. Raw output nan
WARNING: 21:45:58 - main_pipeline.interpreter:  Encountered exception in validating flowmeter SLI2000: string index out of range. Raw output nan
WARNING: 21:45:58 - main_pipeline.interpreter:  Encountered exception in validating flowmeter SLI2000: string index out of range. Raw output nan
WARNING: 21:45:58 - main_pipeline.interpreter:  Encountered exception in validating flowmeter SLI2000: string index out of range. Raw output nan
WARNING: 21:45:58 - main_pipeline.interpreter:  Encountered exception in validating flowmeter SLI2000: string index out of range. Raw output nan
WARNING: 21:45:58 - main_pipeline.interpreter:  Encountered exception in validating flowmeter SLI2000: string index out of range. Raw output nan
WARNING: 21:45:58 - main_pipeline.interpreter:  Encountered exception in validating flowmeter SLI2000: string index out of range. Raw output nan
WARNING: 21:45:58 - main_pipeline.interpreter:  Encountered exception in validating flowmeter SLS1500: string index out of range. Raw output nan
WARNING: 21:45:58 - main_pipeline.interpreter:  Encountered exception in validating flowmeter SLS1500: string index out of range. Raw output nan
WARNING: 21:45:58 - main_pipeline.interpreter:  Encountered exception in validating flowmeter SLS1500: string index out of range. Raw output nan
WARNING: 21:45:58 - main_pipeline.interpreter:  Encountered exception in validating flowmeter SLS1500: string index out of range. Raw output nan
WARNING: 21:45:58 - main_pipeline.interpreter:  Encountered exception in validating flowmeter SLS1500: string index out of range. Raw output nan
WARNING: 21:45:58 - main_pipeline.interpreter:  Encountered exception in validating flowmeter SLS1500: string index out of range. Raw output nan
WARNING: 21:45:58 - main_pipeline.interpreter:  Encountered exception in validating flowmeter SLS1500: string index out of range. Raw output nan
WARNING: 21:45:58 - main_pipeline.interpreter:  Encountered exception in validating flowmeter SLS1500: string index out of range. Raw output nan
WARNING: 21:45:58 - main_pipeline.interpreter:  Encountered exception in validating flowmeter SLS1500: string index out of range. Raw output nan
WARNING: 21:45:58 - main_pipeline.interpreter:  Encountered exception in validating flowmeter SLS1500: string index out of range. Raw output nan
WARNING: 21:45:58 - main_pipeline.interpreter:  Encountered exception in validating flowmeter SLS1500: string index out of range. Raw output nan
WARNING: 21:45:58 - main_pipeline.interpreter:  Encountered exception in validating flowmeter SLS1500: string index out of range. Raw output nan
WARNING: 21:45:58 - main_pipeline.interpreter:  Encountered exception in validating flowmeter SLS1500: string index out of range. Raw output nan
WARNING: 21:45:58 - main_pipeline.interpreter:  Encountered exception in validating flowmeter SLS1500: string index out of range. Raw output nan
WARNING: 21:45:58 - main_pipeline.interpreter:  Encountered exception in validating flowmeter SLS1500: string index out of range. Raw output nan
WARNING: 21:45:58 - __main__:  Error updating the Picarro Gas buffer timestamp: 'NoneType' object is not subscriptable
WARNING: 21:45:58 - __main__:  Error updating the Picarro Gas buffer data: 'NoneType' object is not subscriptable
WARNING: 21:45:58 - __main__:  Error updating the Picarro Gas buffer data: 'NoneType' object is not subscriptable
WARNING: 21:45:58 - __main__:  Error updating the Picarro Gas buffer data: 'NoneType' object is not subscriptable
WARNING: 21:45:58 - __main__:  Error updating the Picarro Gas buffer data: 'NoneType' object is not subscriptable
WARNING: 21:45:58 - __main__:  Error updating the Laser Distance Sensor buffer timestamp: 'NoneType' object is not subscriptable
WARNING: 21:45:58 - __main__:  Error updating the Laser Distance Sensor buffer data: 'NoneType' object is not subscriptable
WARNING: 21:45:58 - __main__:  Error updating the Laser Distance Sensor buffer data: 'NoneType' object is not subscriptable
WARNING: 21:45:58 - __main__:  Error updating the Abakus Particle Counter buffer timestamp: 'NoneType' object is not subscriptable
WARNING: 21:45:58 - __main__:  Error updating the Abakus Particle Counter buffer data: 'NoneType' object is not subscriptable
WARNING: 21:45:58 - __main__:  Error updating the Flowmeter buffer timestamp: 'NoneType' object is not subscriptable
WARNING: 21:45:58 - __main__:  Error updating the Flowmeter buffer data: 'NoneType' object is not subscriptable
WARNING: 21:45:58 - __main__:  Error updating the Flowmeter buffer data: 'NoneType' object is not subscriptable
WARNING: 21:45:58 - __main__:  Error updating the Bronkhorst Pressure buffer timestamp: 'NoneType' object is not subscriptable
WARNING: 21:45:58 - __main__:  Error updating the Bronkhorst Pressure buffer data: 'NoneType' object is not subscriptable
WARNING: 21:45:58 - __main__:  Error updating the Bronkhorst Pressure buffer data: 'NoneType' object is not subscriptable
WARNING: 21:45:58 - __main__:  Error updating the Bronkhorst Pressure buffer data: 'NoneType' object is not subscriptable
WARNING: 21:45:58 - __main__:  Error updating the Bronkhorst Pressure buffer data: 'NoneType' object is not subscriptable
WARNING: 21:45:59 - main_pipeline.interpreter:  Encountered exception in validating flowmeter SLI2000: string index out of range. Raw output nan
WARNING: 21:45:59 - main_pipeline.interpreter:  Encountered exception in validating flowmeter SLI2000: string index out of range. Raw output nan
WARNING: 21:45:59 - main_pipeline.interpreter:  Encountered exception in validating flowmeter SLI2000: string index out of range. Raw output nan
WARNING: 21:45:59 - main_pipeline.interpreter:  Encountered exception in validating flowmeter SLI2000: string index out of range. Raw output nan
WARNING: 21:45:59 - main_pipeline.interpreter:  Encountered exception in validating flowmeter SLI2000: string index out of range. Raw output nan
WARNING: 21:45:59 - main_pipeline.interpreter:  Encountered exception in validating flowmeter SLI2000: string index out of range. Raw output nan
WARNING: 21:45:59 - main_pipeline.interpreter:  Encountered exception in validating flowmeter SLI2000: string index out of range. Raw output nan
WARNING: 21:45:59 - main_pipeline.interpreter:  Encountered exception in validating flowmeter SLI2000: string index out of range. Raw output nan
WARNING: 21:45:59 - main_pipeline.interpreter:  Encountered exception in validating flowmeter SLI2000: string index out of range. Raw output nan
WARNING: 21:45:59 - main_pipeline.interpreter:  Encountered exception in validating flowmeter SLI2000: string index out of range. Raw output nan
WARNING: 21:45:59 - main_pipeline.interpreter:  Encountered exception in validating flowmeter SLI2000: string index out of range. Raw output nan
WARNING: 21:45:59 - main_pipeline.interpreter:  Encountered exception in validating flowmeter SLI2000: string index out of range. Raw output nan
WARNING: 21:45:59 - main_pipeline.interpreter:  Encountered exception in validating flowmeter SLI2000: string index out of range. Raw output nan
WARNING: 21:45:59 - main_pipeline.interpreter:  Encountered exception in validating flowmeter SLI2000: string index out of range. Raw output nan
WARNING: 21:45:59 - main_pipeline.interpreter:  Encountered exception in validating flowmeter SLI2000: string index out of range. Raw output nan
WARNING: 21:45:59 - main_pipeline.interpreter:  Encountered exception in validating flowmeter SLS1500: string index out of range. Raw output nan
WARNING: 21:45:59 - main_pipeline.interpreter:  Encountered exception in validating flowmeter SLS1500: string index out of range. Raw output nan
WARNING: 21:45:59 - main_pipeline.interpreter:  Encountered exception in validating flowmeter SLS1500: string index out of range. Raw output nan
WARNING: 21:45:59 - main_pipeline.interpreter:  Encountered exception in validating flowmeter SLS1500: string index out of range. Raw output nan
WARNING: 21:45:59 - main_pipeline.interpreter:  Encountered exception in validating flowmeter SLS1500: string index out of range. Raw output nan
WARNING: 21:45:59 - main_pipeline.interpreter:  Encountered exception in validating flowmeter SLS1500: string index out of range. Raw output nan
WARNING: 21:45:59 - main_pipeline.interpreter:  Encountered exception in validating flowmeter SLS1500: string index out of range. Raw output nan
WARNING: 21:45:59 - main_pipeline.interpreter:  Encountered exception in validating flowmeter SLS1500: string index out of range. Raw output nan
WARNING: 21:45:59 - main_pipeline.interpreter:  Encountered exception in validating flowmeter SLS1500: string index out of range. Raw output nan
WARNING: 21:45:59 - main_pipeline.interpreter:  Encountered exception in validating flowmeter SLS1500: string index out of range. Raw output nan
WARNING: 21:45:59 - main_pipeline.interpreter:  Encountered exception in validating flowmeter SLS1500: string index out of range. Raw output nan
WARNING: 21:45:59 - main_pipeline.interpreter:  Encountered exception in validating flowmeter SLS1500: string index out of range. Raw output nan
WARNING: 21:45:59 - main_pipeline.interpreter:  Encountered exception in validating flowmeter SLS1500: string index out of range. Raw output nan
WARNING: 21:45:59 - main_pipeline.interpreter:  Encountered exception in validating flowmeter SLS1500: string index out of range. Raw output nan
WARNING: 21:45:59 - main_pipeline.interpreter:  Encountered exception in validating flowmeter SLS1500: string index out of range. Raw output nan
WARNING: 21:45:59 - __main__:  Error updating the Picarro Gas buffer timestamp: 'NoneType' object is not subscriptable
WARNING: 21:45:59 - __main__:  Error updating the Picarro Gas buffer data: 'NoneType' object is not subscriptable
WARNING: 21:45:59 - __main__:  Error updating the Picarro Gas buffer data: 'NoneType' object is not subscriptable
WARNING: 21:45:59 - __main__:  Error updating the Picarro Gas buffer data: 'NoneType' object is not subscriptable
WARNING: 21:45:59 - __main__:  Error updating the Picarro Gas buffer data: 'NoneType' object is not subscriptable
WARNING: 21:45:59 - __main__:  Error updating the Laser Distance Sensor buffer timestamp: 'NoneType' object is not subscriptable
WARNING: 21:45:59 - __main__:  Error updating the Laser Distance Sensor buffer data: 'NoneType' object is not subscriptable
WARNING: 21:45:59 - __main__:  Error updating the Laser Distance Sensor buffer data: 'NoneType' object is not subscriptable
WARNING: 21:45:59 - __main__:  Error updating the Abakus Particle Counter buffer timestamp: 'NoneType' object is not subscriptable
WARNING: 21:45:59 - __main__:  Error updating the Abakus Particle Counter buffer data: 'NoneType' object is not subscriptable
WARNING: 21:45:59 - __main__:  Error updating the Flowmeter buffer timestamp: 'NoneType' object is not subscriptable
WARNING: 21:45:59 - __main__:  Error updating the Flowmeter buffer data: 'NoneType' object is not subscriptable
WARNING: 21:45:59 - __main__:  Error updating the Flowmeter buffer data: 'NoneType' object is not subscriptable
WARNING: 21:45:59 - __main__:  Error updating the Bronkhorst Pressure buffer timestamp: 'NoneType' object is not subscriptable
WARNING: 21:45:59 - __main__:  Error updating the Bronkhorst Pressure buffer data: 'NoneType' object is not subscriptable
WARNING: 21:45:59 - __main__:  Error updating the Bronkhorst Pressure buffer data: 'NoneType' object is not subscriptable
WARNING: 21:45:59 - __main__:  Error updating the Bronkhorst Pressure buffer data: 'NoneType' object is not subscriptable
WARNING: 21:45:59 - __main__:  Error updating the Bronkhorst Pressure buffer data: 'NoneType' object is not subscriptable
WARNING: 21:46:00 - main_pipeline.interpreter:  Encountered exception in validating flowmeter SLI2000: string index out of range. Raw output nan
WARNING: 21:46:00 - main_pipeline.interpreter:  Encountered exception in validating flowmeter SLI2000: string index out of range. Raw output nan
WARNING: 21:46:00 - main_pipeline.interpreter:  Encountered exception in validating flowmeter SLI2000: string index out of range. Raw output nan
WARNING: 21:46:00 - main_pipeline.interpreter:  Encountered exception in validating flowmeter SLI2000: string index out of range. Raw output nan
WARNING: 21:46:00 - main_pipeline.interpreter:  Encountered exception in validating flowmeter SLI2000: string index out of range. Raw output nan
WARNING: 21:46:00 - main_pipeline.interpreter:  Encountered exception in validating flowmeter SLI2000: string index out of range. Raw output nan
WARNING: 21:46:00 - main_pipeline.interpreter:  Encountered exception in validating flowmeter SLI2000: string index out of range. Raw output nan
WARNING: 21:46:00 - main_pipeline.interpreter:  Encountered exception in validating flowmeter SLI2000: string index out of range. Raw output nan
WARNING: 21:46:00 - main_pipeline.interpreter:  Encountered exception in validating flowmeter SLI2000: string index out of range. Raw output nan
WARNING: 21:46:00 - main_pipeline.interpreter:  Encountered exception in validating flowmeter SLI2000: string index out of range. Raw output nan
WARNING: 21:46:00 - main_pipeline.interpreter:  Encountered exception in validating flowmeter SLI2000: string index out of range. Raw output nan
WARNING: 21:46:00 - main_pipeline.interpreter:  Encountered exception in validating flowmeter SLI2000: string index out of range. Raw output nan
WARNING: 21:46:00 - main_pipeline.interpreter:  Encountered exception in validating flowmeter SLI2000: string index out of range. Raw output nan
WARNING: 21:46:00 - main_pipeline.interpreter:  Encountered exception in validating flowmeter SLI2000: string index out of range. Raw output nan
WARNING: 21:46:00 - main_pipeline.interpreter:  Encountered exception in validating flowmeter SLI2000: string index out of range. Raw output nan
WARNING: 21:46:00 - main_pipeline.interpreter:  Encountered exception in validating flowmeter SLS1500: string index out of range. Raw output nan
WARNING: 21:46:00 - main_pipeline.interpreter:  Encountered exception in validating flowmeter SLS1500: string index out of range. Raw output nan
WARNING: 21:46:00 - main_pipeline.interpreter:  Encountered exception in validating flowmeter SLS1500: string index out of range. Raw output nan
WARNING: 21:46:00 - main_pipeline.interpreter:  Encountered exception in validating flowmeter SLS1500: string index out of range. Raw output nan
WARNING: 21:46:00 - main_pipeline.interpreter:  Encountered exception in validating flowmeter SLS1500: string index out of range. Raw output nan
WARNING: 21:46:00 - main_pipeline.interpreter:  Encountered exception in validating flowmeter SLS1500: string index out of range. Raw output nan
WARNING: 21:46:00 - main_pipeline.interpreter:  Encountered exception in validating flowmeter SLS1500: string index out of range. Raw output nan
WARNING: 21:46:00 - main_pipeline.interpreter:  Encountered exception in validating flowmeter SLS1500: string index out of range. Raw output nan
WARNING: 21:46:00 - main_pipeline.interpreter:  Encountered exception in validating flowmeter SLS1500: string index out of range. Raw output nan
WARNING: 21:46:00 - main_pipeline.interpreter:  Encountered exception in validating flowmeter SLS1500: string index out of range. Raw output nan
WARNING: 21:46:00 - main_pipeline.interpreter:  Encountered exception in validating flowmeter SLS1500: string index out of range. Raw output nan
WARNING: 21:46:00 - main_pipeline.interpreter:  Encountered exception in validating flowmeter SLS1500: string index out of range. Raw output nan
WARNING: 21:46:00 - main_pipeline.interpreter:  Encountered exception in validating flowmeter SLS1500: string index out of range. Raw output nan
WARNING: 21:46:00 - main_pipeline.interpreter:  Encountered exception in validating flowmeter SLS1500: string index out of range. Raw output nan
WARNING: 21:46:00 - main_pipeline.interpreter:  Encountered exception in validating flowmeter SLS1500: string index out of range. Raw output nan
WARNING: 21:46:00 - __main__:  Error updating the Picarro Gas buffer timestamp: 'NoneType' object is not subscriptable
WARNING: 21:46:00 - __main__:  Error updating the Picarro Gas buffer data: 'NoneType' object is not subscriptable
WARNING: 21:46:00 - __main__:  Error updating the Picarro Gas buffer data: 'NoneType' object is not subscriptable
WARNING: 21:46:00 - __main__:  Error updating the Picarro Gas buffer data: 'NoneType' object is not subscriptable
WARNING: 21:46:00 - __main__:  Error updating the Picarro Gas buffer data: 'NoneType' object is not subscriptable
WARNING: 21:46:00 - __main__:  Error updating the Laser Distance Sensor buffer timestamp: 'NoneType' object is not subscriptable
WARNING: 21:46:00 - __main__:  Error updating the Laser Distance Sensor buffer data: 'NoneType' object is not subscriptable
WARNING: 21:46:00 - __main__:  Error updating the Laser Distance Sensor buffer data: 'NoneType' object is not subscriptable
WARNING: 21:46:00 - __main__:  Error updating the Abakus Particle Counter buffer timestamp: 'NoneType' object is not subscriptable
WARNING: 21:46:00 - __main__:  Error updating the Abakus Particle Counter buffer data: 'NoneType' object is not subscriptable
WARNING: 21:46:00 - __main__:  Error updating the Flowmeter buffer timestamp: 'NoneType' object is not subscriptable
WARNING: 21:46:00 - __main__:  Error updating the Flowmeter buffer data: 'NoneType' object is not subscriptable
WARNING: 21:46:00 - __main__:  Error updating the Flowmeter buffer data: 'NoneType' object is not subscriptable
WARNING: 21:46:00 - __main__:  Error updating the Bronkhorst Pressure buffer timestamp: 'NoneType' object is not subscriptable
WARNING: 21:46:00 - __main__:  Error updating the Bronkhorst Pressure buffer data: 'NoneType' object is not subscriptable
WARNING: 21:46:00 - __main__:  Error updating the Bronkhorst Pressure buffer data: 'NoneType' object is not subscriptable
WARNING: 21:46:00 - __main__:  Error updating the Bronkhorst Pressure buffer data: 'NoneType' object is not subscriptable
WARNING: 21:46:00 - __main__:  Error updating the Bronkhorst Pressure buffer data: 'NoneType' object is not subscriptable
WARNING: 21:46:01 - main_pipeline.interpreter:  Encountered exception in validating flowmeter SLI2000: string index out of range. Raw output nan
WARNING: 21:46:01 - main_pipeline.interpreter:  Encountered exception in validating flowmeter SLI2000: string index out of range. Raw output nan
WARNING: 21:46:01 - main_pipeline.interpreter:  Encountered exception in validating flowmeter SLI2000: string index out of range. Raw output nan
WARNING: 21:46:01 - main_pipeline.interpreter:  Encountered exception in validating flowmeter SLI2000: string index out of range. Raw output nan
WARNING: 21:46:01 - main_pipeline.interpreter:  Encountered exception in validating flowmeter SLI2000: string index out of range. Raw output nan
WARNING: 21:46:01 - main_pipeline.interpreter:  Encountered exception in validating flowmeter SLI2000: string index out of range. Raw output nan
WARNING: 21:46:01 - main_pipeline.interpreter:  Encountered exception in validating flowmeter SLI2000: string index out of range. Raw output nan
WARNING: 21:46:01 - main_pipeline.interpreter:  Encountered exception in validating flowmeter SLI2000: string index out of range. Raw output nan
WARNING: 21:46:01 - main_pipeline.interpreter:  Encountered exception in validating flowmeter SLI2000: string index out of range. Raw output nan
WARNING: 21:46:01 - main_pipeline.interpreter:  Encountered exception in validating flowmeter SLI2000: string index out of range. Raw output nan
WARNING: 21:46:01 - main_pipeline.interpreter:  Encountered exception in validating flowmeter SLI2000: string index out of range. Raw output nan
WARNING: 21:46:01 - main_pipeline.interpreter:  Encountered exception in validating flowmeter SLI2000: string index out of range. Raw output nan
WARNING: 21:46:01 - main_pipeline.interpreter:  Encountered exception in validating flowmeter SLI2000: string index out of range. Raw output nan
WARNING: 21:46:01 - main_pipeline.interpreter:  Encountered exception in validating flowmeter SLI2000: string index out of range. Raw output nan
WARNING: 21:46:01 - main_pipeline.interpreter:  Encountered exception in validating flowmeter SLI2000: string index out of range. Raw output nan
WARNING: 21:46:01 - main_pipeline.interpreter:  Encountered exception in validating flowmeter SLS1500: string index out of range. Raw output nan
WARNING: 21:46:01 - main_pipeline.interpreter:  Encountered exception in validating flowmeter SLS1500: string index out of range. Raw output nan
WARNING: 21:46:01 - main_pipeline.interpreter:  Encountered exception in validating flowmeter SLS1500: string index out of range. Raw output nan
WARNING: 21:46:01 - main_pipeline.interpreter:  Encountered exception in validating flowmeter SLS1500: string index out of range. Raw output nan
WARNING: 21:46:01 - main_pipeline.interpreter:  Encountered exception in validating flowmeter SLS1500: string index out of range. Raw output nan
WARNING: 21:46:01 - main_pipeline.interpreter:  Encountered exception in validating flowmeter SLS1500: string index out of range. Raw output nan
WARNING: 21:46:01 - main_pipeline.interpreter:  Encountered exception in validating flowmeter SLS1500: string index out of range. Raw output nan
WARNING: 21:46:01 - main_pipeline.interpreter:  Encountered exception in validating flowmeter SLS1500: string index out of range. Raw output nan
WARNING: 21:46:01 - main_pipeline.interpreter:  Encountered exception in validating flowmeter SLS1500: string index out of range. Raw output nan
WARNING: 21:46:01 - main_pipeline.interpreter:  Encountered exception in validating flowmeter SLS1500: string index out of range. Raw output nan
WARNING: 21:46:01 - main_pipeline.interpreter:  Encountered exception in validating flowmeter SLS1500: string index out of range. Raw output nan
WARNING: 21:46:01 - main_pipeline.interpreter:  Encountered exception in validating flowmeter SLS1500: string index out of range. Raw output nan
WARNING: 21:46:01 - main_pipeline.interpreter:  Encountered exception in validating flowmeter SLS1500: string index out of range. Raw output nan
WARNING: 21:46:01 - main_pipeline.interpreter:  Encountered exception in validating flowmeter SLS1500: string index out of range. Raw output nan
WARNING: 21:46:01 - main_pipeline.interpreter:  Encountered exception in validating flowmeter SLS1500: string index out of range. Raw output nan
WARNING: 21:46:01 - __main__:  Error updating the Picarro Gas buffer timestamp: 'NoneType' object is not subscriptable
WARNING: 21:46:01 - __main__:  Error updating the Picarro Gas buffer data: 'NoneType' object is not subscriptable
WARNING: 21:46:01 - __main__:  Error updating the Picarro Gas buffer data: 'NoneType' object is not subscriptable
WARNING: 21:46:01 - __main__:  Error updating the Picarro Gas buffer data: 'NoneType' object is not subscriptable
WARNING: 21:46:01 - __main__:  Error updating the Picarro Gas buffer data: 'NoneType' object is not subscriptable
WARNING: 21:46:01 - __main__:  Error updating the Laser Distance Sensor buffer timestamp: 'NoneType' object is not subscriptable
WARNING: 21:46:01 - __main__:  Error updating the Laser Distance Sensor buffer data: 'NoneType' object is not subscriptable
WARNING: 21:46:01 - __main__:  Error updating the Laser Distance Sensor buffer data: 'NoneType' object is not subscriptable
WARNING: 21:46:01 - __main__:  Error updating the Abakus Particle Counter buffer timestamp: 'NoneType' object is not subscriptable
WARNING: 21:46:01 - __main__:  Error updating the Abakus Particle Counter buffer data: 'NoneType' object is not subscriptable
WARNING: 21:46:01 - __main__:  Error updating the Flowmeter buffer timestamp: 'NoneType' object is not subscriptable
WARNING: 21:46:01 - __main__:  Error updating the Flowmeter buffer data: 'NoneType' object is not subscriptable
WARNING: 21:46:01 - __main__:  Error updating the Flowmeter buffer data: 'NoneType' object is not subscriptable
WARNING: 21:46:01 - __main__:  Error updating the Bronkhorst Pressure buffer timestamp: 'NoneType' object is not subscriptable
WARNING: 21:46:01 - __main__:  Error updating the Bronkhorst Pressure buffer data: 'NoneType' object is not subscriptable
WARNING: 21:46:01 - __main__:  Error updating the Bronkhorst Pressure buffer data: 'NoneType' object is not subscriptable
WARNING: 21:46:01 - __main__:  Error updating the Bronkhorst Pressure buffer data: 'NoneType' object is not subscriptable
WARNING: 21:46:01 - __main__:  Error updating the Bronkhorst Pressure buffer data: 'NoneType' object is not subscriptable
WARNING: 21:46:02 - main_pipeline.interpreter:  Encountered exception in validating flowmeter SLI2000: string index out of range. Raw output nan
WARNING: 21:46:02 - main_pipeline.interpreter:  Encountered exception in validating flowmeter SLI2000: string index out of range. Raw output nan
WARNING: 21:46:02 - main_pipeline.interpreter:  Encountered exception in validating flowmeter SLI2000: string index out of range. Raw output nan
WARNING: 21:46:02 - main_pipeline.interpreter:  Encountered exception in validating flowmeter SLI2000: string index out of range. Raw output nan
WARNING: 21:46:02 - main_pipeline.interpreter:  Encountered exception in validating flowmeter SLI2000: string index out of range. Raw output nan
WARNING: 21:46:02 - main_pipeline.interpreter:  Encountered exception in validating flowmeter SLI2000: string index out of range. Raw output nan
WARNING: 21:46:02 - main_pipeline.interpreter:  Encountered exception in validating flowmeter SLI2000: string index out of range. Raw output nan
WARNING: 21:46:02 - main_pipeline.interpreter:  Encountered exception in validating flowmeter SLI2000: string index out of range. Raw output nan
WARNING: 21:46:02 - main_pipeline.interpreter:  Encountered exception in validating flowmeter SLI2000: string index out of range. Raw output nan
WARNING: 21:46:02 - main_pipeline.interpreter:  Encountered exception in validating flowmeter SLI2000: string index out of range. Raw output nan
WARNING: 21:46:02 - main_pipeline.interpreter:  Encountered exception in validating flowmeter SLI2000: string index out of range. Raw output nan
WARNING: 21:46:02 - main_pipeline.interpreter:  Encountered exception in validating flowmeter SLI2000: string index out of range. Raw output nan
WARNING: 21:46:02 - main_pipeline.interpreter:  Encountered exception in validating flowmeter SLI2000: string index out of range. Raw output nan
WARNING: 21:46:02 - main_pipeline.interpreter:  Encountered exception in validating flowmeter SLI2000: string index out of range. Raw output nan
WARNING: 21:46:02 - main_pipeline.interpreter:  Encountered exception in validating flowmeter SLI2000: string index out of range. Raw output nan
WARNING: 21:46:02 - main_pipeline.interpreter:  Encountered exception in validating flowmeter SLS1500: string index out of range. Raw output nan
WARNING: 21:46:02 - main_pipeline.interpreter:  Encountered exception in validating flowmeter SLS1500: string index out of range. Raw output nan
WARNING: 21:46:02 - main_pipeline.interpreter:  Encountered exception in validating flowmeter SLS1500: string index out of range. Raw output nan
WARNING: 21:46:02 - main_pipeline.interpreter:  Encountered exception in validating flowmeter SLS1500: string index out of range. Raw output nan
WARNING: 21:46:02 - main_pipeline.interpreter:  Encountered exception in validating flowmeter SLS1500: string index out of range. Raw output nan
WARNING: 21:46:02 - main_pipeline.interpreter:  Encountered exception in validating flowmeter SLS1500: string index out of range. Raw output nan
WARNING: 21:46:02 - main_pipeline.interpreter:  Encountered exception in validating flowmeter SLS1500: string index out of range. Raw output nan
WARNING: 21:46:02 - main_pipeline.interpreter:  Encountered exception in validating flowmeter SLS1500: string index out of range. Raw output nan
WARNING: 21:46:02 - main_pipeline.interpreter:  Encountered exception in validating flowmeter SLS1500: string index out of range. Raw output nan
WARNING: 21:46:02 - main_pipeline.interpreter:  Encountered exception in validating flowmeter SLS1500: string index out of range. Raw output nan
WARNING: 21:46:02 - main_pipeline.interpreter:  Encountered exception in validating flowmeter SLS1500: string index out of range. Raw output nan
WARNING: 21:46:02 - main_pipeline.interpreter:  Encountered exception in validating flowmeter SLS1500: string index out of range. Raw output nan
WARNING: 21:46:02 - main_pipeline.interpreter:  Encountered exception in validating flowmeter SLS1500: string index out of range. Raw output nan
WARNING: 21:46:02 - main_pipeline.interpreter:  Encountered exception in validating flowmeter SLS1500: string index out of range. Raw output nan
WARNING: 21:46:02 - main_pipeline.interpreter:  Encountered exception in validating flowmeter SLS1500: string index out of range. Raw output nan
WARNING: 21:46:02 - __main__:  Error updating the Picarro Gas buffer timestamp: 'NoneType' object is not subscriptable
WARNING: 21:46:02 - __main__:  Error updating the Picarro Gas buffer data: 'NoneType' object is not subscriptable
WARNING: 21:46:02 - __main__:  Error updating the Picarro Gas buffer data: 'NoneType' object is not subscriptable
WARNING: 21:46:02 - __main__:  Error updating the Picarro Gas buffer data: 'NoneType' object is not subscriptable
WARNING: 21:46:02 - __main__:  Error updating the Picarro Gas buffer data: 'NoneType' object is not subscriptable
WARNING: 21:46:02 - __main__:  Error updating the Laser Distance Sensor buffer timestamp: 'NoneType' object is not subscriptable
WARNING: 21:46:02 - __main__:  Error updating the Laser Distance Sensor buffer data: 'NoneType' object is not subscriptable
WARNING: 21:46:02 - __main__:  Error updating the Laser Distance Sensor buffer data: 'NoneType' object is not subscriptable
WARNING: 21:46:02 - __main__:  Error updating the Abakus Particle Counter buffer timestamp: 'NoneType' object is not subscriptable
WARNING: 21:46:02 - __main__:  Error updating the Abakus Particle Counter buffer data: 'NoneType' object is not subscriptable
WARNING: 21:46:02 - __main__:  Error updating the Flowmeter buffer timestamp: 'NoneType' object is not subscriptable
WARNING: 21:46:02 - __main__:  Error updating the Flowmeter buffer data: 'NoneType' object is not subscriptable
WARNING: 21:46:02 - __main__:  Error updating the Flowmeter buffer data: 'NoneType' object is not subscriptable
WARNING: 21:46:02 - __main__:  Error updating the Bronkhorst Pressure buffer timestamp: 'NoneType' object is not subscriptable
WARNING: 21:46:02 - __main__:  Error updating the Bronkhorst Pressure buffer data: 'NoneType' object is not subscriptable
WARNING: 21:46:02 - __main__:  Error updating the Bronkhorst Pressure buffer data: 'NoneType' object is not subscriptable
WARNING: 21:46:02 - __main__:  Error updating the Bronkhorst Pressure buffer data: 'NoneType' object is not subscriptable
WARNING: 21:46:02 - __main__:  Error updating the Bronkhorst Pressure buffer data: 'NoneType' object is not subscriptable
WARNING: 21:46:03 - main_pipeline.interpreter:  Encountered exception in validating flowmeter SLI2000: string index out of range. Raw output nan
WARNING: 21:46:03 - main_pipeline.interpreter:  Encountered exception in validating flowmeter SLI2000: string index out of range. Raw output nan
WARNING: 21:46:03 - main_pipeline.interpreter:  Encountered exception in validating flowmeter SLI2000: string index out of range. Raw output nan
WARNING: 21:46:03 - main_pipeline.interpreter:  Encountered exception in validating flowmeter SLI2000: string index out of range. Raw output nan
WARNING: 21:46:03 - main_pipeline.interpreter:  Encountered exception in validating flowmeter SLI2000: string index out of range. Raw output nan
WARNING: 21:46:03 - main_pipeline.interpreter:  Encountered exception in validating flowmeter SLI2000: string index out of range. Raw output nan
WARNING: 21:46:03 - main_pipeline.interpreter:  Encountered exception in validating flowmeter SLI2000: string index out of range. Raw output nan
WARNING: 21:46:03 - main_pipeline.interpreter:  Encountered exception in validating flowmeter SLI2000: string index out of range. Raw output nan
WARNING: 21:46:03 - main_pipeline.interpreter:  Encountered exception in validating flowmeter SLI2000: string index out of range. Raw output nan
WARNING: 21:46:03 - main_pipeline.interpreter:  Encountered exception in validating flowmeter SLI2000: string index out of range. Raw output nan
WARNING: 21:46:03 - main_pipeline.interpreter:  Encountered exception in validating flowmeter SLI2000: string index out of range. Raw output nan
WARNING: 21:46:03 - main_pipeline.interpreter:  Encountered exception in validating flowmeter SLI2000: string index out of range. Raw output nan
WARNING: 21:46:03 - main_pipeline.interpreter:  Encountered exception in validating flowmeter SLI2000: string index out of range. Raw output nan
WARNING: 21:46:03 - main_pipeline.interpreter:  Encountered exception in validating flowmeter SLI2000: string index out of range. Raw output nan
WARNING: 21:46:03 - main_pipeline.interpreter:  Encountered exception in validating flowmeter SLI2000: string index out of range. Raw output nan
WARNING: 21:46:03 - main_pipeline.interpreter:  Encountered exception in validating flowmeter SLS1500: string index out of range. Raw output nan
WARNING: 21:46:03 - main_pipeline.interpreter:  Encountered exception in validating flowmeter SLS1500: string index out of range. Raw output nan
WARNING: 21:46:03 - main_pipeline.interpreter:  Encountered exception in validating flowmeter SLS1500: string index out of range. Raw output nan
WARNING: 21:46:03 - main_pipeline.interpreter:  Encountered exception in validating flowmeter SLS1500: string index out of range. Raw output nan
WARNING: 21:46:03 - main_pipeline.interpreter:  Encountered exception in validating flowmeter SLS1500: string index out of range. Raw output nan
WARNING: 21:46:03 - main_pipeline.interpreter:  Encountered exception in validating flowmeter SLS1500: string index out of range. Raw output nan
WARNING: 21:46:03 - main_pipeline.interpreter:  Encountered exception in validating flowmeter SLS1500: string index out of range. Raw output nan
WARNING: 21:46:03 - main_pipeline.interpreter:  Encountered exception in validating flowmeter SLS1500: string index out of range. Raw output nan
WARNING: 21:46:03 - main_pipeline.interpreter:  Encountered exception in validating flowmeter SLS1500: string index out of range. Raw output nan
WARNING: 21:46:03 - main_pipeline.interpreter:  Encountered exception in validating flowmeter SLS1500: string index out of range. Raw output nan
WARNING: 21:46:03 - main_pipeline.interpreter:  Encountered exception in validating flowmeter SLS1500: string index out of range. Raw output nan
WARNING: 21:46:03 - main_pipeline.interpreter:  Encountered exception in validating flowmeter SLS1500: string index out of range. Raw output nan
WARNING: 21:46:03 - main_pipeline.interpreter:  Encountered exception in validating flowmeter SLS1500: string index out of range. Raw output nan
WARNING: 21:46:03 - main_pipeline.interpreter:  Encountered exception in validating flowmeter SLS1500: string index out of range. Raw output nan
WARNING: 21:46:03 - main_pipeline.interpreter:  Encountered exception in validating flowmeter SLS1500: string index out of range. Raw output nan
WARNING: 21:46:03 - __main__:  Error updating the Picarro Gas buffer timestamp: 'NoneType' object is not subscriptable
WARNING: 21:46:03 - __main__:  Error updating the Picarro Gas buffer data: 'NoneType' object is not subscriptable
WARNING: 21:46:03 - __main__:  Error updating the Picarro Gas buffer data: 'NoneType' object is not subscriptable
WARNING: 21:46:03 - __main__:  Error updating the Picarro Gas buffer data: 'NoneType' object is not subscriptable
WARNING: 21:46:03 - __main__:  Error updating the Picarro Gas buffer data: 'NoneType' object is not subscriptable
WARNING: 21:46:03 - __main__:  Error updating the Laser Distance Sensor buffer timestamp: 'NoneType' object is not subscriptable
WARNING: 21:46:03 - __main__:  Error updating the Laser Distance Sensor buffer data: 'NoneType' object is not subscriptable
WARNING: 21:46:03 - __main__:  Error updating the Laser Distance Sensor buffer data: 'NoneType' object is not subscriptable
WARNING: 21:46:03 - __main__:  Error updating the Abakus Particle Counter buffer timestamp: 'NoneType' object is not subscriptable
WARNING: 21:46:03 - __main__:  Error updating the Abakus Particle Counter buffer data: 'NoneType' object is not subscriptable
WARNING: 21:46:03 - __main__:  Error updating the Flowmeter buffer timestamp: 'NoneType' object is not subscriptable
WARNING: 21:46:03 - __main__:  Error updating the Flowmeter buffer data: 'NoneType' object is not subscriptable
WARNING: 21:46:03 - __main__:  Error updating the Flowmeter buffer data: 'NoneType' object is not subscriptable
WARNING: 21:46:03 - __main__:  Error updating the Bronkhorst Pressure buffer timestamp: 'NoneType' object is not subscriptable
WARNING: 21:46:03 - __main__:  Error updating the Bronkhorst Pressure buffer data: 'NoneType' object is not subscriptable
WARNING: 21:46:03 - __main__:  Error updating the Bronkhorst Pressure buffer data: 'NoneType' object is not subscriptable
WARNING: 21:46:03 - __main__:  Error updating the Bronkhorst Pressure buffer data: 'NoneType' object is not subscriptable
WARNING: 21:46:03 - __main__:  Error updating the Bronkhorst Pressure buffer data: 'NoneType' object is not subscriptable
INFO: 21:46:04 - main_pipeline.sensor:  Shutting down sensors
INFO: 21:46:04 - sensor_interfaces.sim_instruments:  Abakus measurements stopped
INFO: 21:46:04 - sensor_interfaces.sim_instruments:  Dimetix laser turned off
INFO: 21:46:04 - main_pipeline.sensor:  Finished shutting down sensors
INFO: 21:46:08 - main_pipeline.sensor:  Shutting down sensors
INFO: 21:46:08 - sensor_interfaces.sim_instruments:  Abakus measurements stopped
INFO: 21:46:08 - sensor_interfaces.sim_instruments:  Dimetix laser turned off
INFO: 21:46:08 - main_pipeline.sensor:  Finished shutting down sensors
INFO: 21:46:13 - main_pipeline.sensor:  Couldn't find Picarro at port /dev/ttyUSB0, shadowing sensor calls with substitute functions
WARNING: 21:46:13 - main_pipeline.sensor:  Couldn't find Abakus at port /dev/ttyUSB0, shadowing sensor calls with substitute functions
WARNING: 21:46:13 - main_pipeline.sensor:  Couldn't find Flowmeter at port /dev/ttyUSB0 and /dev/ttyUSB0, shadowing sensor calls with substitute functions
WARNING: 21:46:13 - main_pipeline.sensor:  Couldn't find Dimetix laser at port /dev/ttyUSB0, shadowing sensor calls with substitute functions
WARNING: 21:46:13 - main_pipeline.sensor:  Couldn't find Bronkhorst at port /dev/ttyUSB0, shadowing sensor calls with substitute functions
INFO: 21:46:13 - sensor_interfaces.sim_instruments:  Fake hardware, pretending to use serial port /dev/ttyUSB0 with baud 38400
INFO: 21:46:13 - sensor_interfaces.sim_instruments:  Fake hardware, pretending to use serial port /dev/ttyUSB0 with baud 115200
INFO: 21:46:13 - sensor_interfaces.sim_instruments:  Fake hardware, pretending to use serial port /dev/ttyUSB0 with baud 115200
INFO: 21:46:13 - sensor_interfaces.sim_instruments:  Fake hardware, pretending to use serial port /dev/ttyUSB0 with baud 19200
INFO: 21:46:13 - sensor_interfaces.sim_instruments:  Fake hardware, pretending to use serial port /dev/ttyUSB0 with baud 19200
INFO: 21:46:13 - sensor_interfaces.sim_instruments:  Fake hardware, pretending to use serial port /dev/ttyUSB0 with baud 38400
INFO: 21:46:13 - main_pipeline.sensor:  Sensor class initiated
INFO: 21:46:13 - main_pipeline.interpreter:  Interpreter class initiated
INFO: 21:46:13 - main_pipeline.writer:  Display class initiated
INFO: 21:46:15 - main_pipeline.sensor:  Initializing sensors
INFO: 21:46:15 - sensor_interfaces.sim_instruments:  Initializing Abakus
INFO: 21:46:15 - sensor_interfaces.sim_instruments:  Abakus initialized
INFO: 21:46:15 - sensor_interfaces.sim_instruments:  Initializing Picarro
INFO: 21:46:15 - sensor_interfaces.sim_instruments:  Initialized Picarro
INFO: 21:46:15 - sensor_interfaces.sim_instruments:  Initializing Dimetix laser
INFO: 21:46:15 - sensor_interfaces.sim_instruments:  Laser initialized
INFO: 21:46:15 - sensor_interfaces.sim_instruments:  Initializing Bronkhorst
INFO: 21:46:15 - sensor_interfaces.sim_instruments:  Bronkhorst initialized
INFO: 21:46:15 - sensor_interfaces.sim_instruments:  Initializing Flowmeter
INFO: 21:46:15 - sensor_interfaces.sim_instruments:  Flowmeter sli2000 initialized
INFO: 21:46:15 - sensor_interfaces.sim_instruments:  Initializing Flowmeter
INFO: 21:46:15 - sensor_interfaces.sim_instruments:  Flowmeter sls1500 initialized
INFO: 21:46:15 - main_pipeline.sensor:  Finished initializing sensors
INFO: 21:46:37 - main_pipeline.sensor:  Shutting down sensors
INFO: 21:46:37 - sensor_interfaces.sim_instruments:  Abakus measurements stopped
INFO: 21:46:37 - sensor_interfaces.sim_instruments:  Dimetix laser turned off
INFO: 21:46:37 - main_pipeline.sensor:  Finished shutting down sensors
INFO: 21:55:03 - main_pipeline.sensor:  Couldn't find Picarro at port /dev/ttyUSB0, shadowing sensor calls with substitute functions
WARNING: 21:55:03 - main_pipeline.sensor:  Couldn't find Abakus at port /dev/ttyUSB0, shadowing sensor calls with substitute functions
WARNING: 21:55:03 - main_pipeline.sensor:  Couldn't find Flowmeter at port /dev/ttyUSB0 and /dev/ttyUSB0, shadowing sensor calls with substitute functions
WARNING: 21:55:03 - main_pipeline.sensor:  Couldn't find Dimetix laser at port /dev/ttyUSB0, shadowing sensor calls with substitute functions
WARNING: 21:55:03 - main_pipeline.sensor:  Couldn't find Bronkhorst at port /dev/ttyUSB0, shadowing sensor calls with substitute functions
INFO: 21:55:03 - sensor_interfaces.sim_instruments:  Fake hardware, pretending to use serial port /dev/ttyUSB0 with baud 38400
INFO: 21:55:03 - sensor_interfaces.sim_instruments:  Fake hardware, pretending to use serial port /dev/ttyUSB0 with baud 115200
INFO: 21:55:03 - sensor_interfaces.sim_instruments:  Fake hardware, pretending to use serial port /dev/ttyUSB0 with baud 115200
INFO: 21:55:03 - sensor_interfaces.sim_instruments:  Fake hardware, pretending to use serial port /dev/ttyUSB0 with baud 19200
INFO: 21:55:03 - sensor_interfaces.sim_instruments:  Fake hardware, pretending to use serial port /dev/ttyUSB0 with baud 19200
INFO: 21:55:03 - sensor_interfaces.sim_instruments:  Fake hardware, pretending to use serial port /dev/ttyUSB0 with baud 38400
INFO: 21:55:03 - main_pipeline.sensor:  Sensor class initiated
INFO: 21:55:03 - main_pipeline.interpreter:  Interpreter class initiated
INFO: 21:55:03 - main_pipeline.writer:  Display class initiated
INFO: 21:55:07 - main_pipeline.sensor:  Initializing sensors
INFO: 21:55:07 - sensor_interfaces.sim_instruments:  Initializing Abakus
INFO: 21:55:07 - sensor_interfaces.sim_instruments:  Abakus initialized
INFO: 21:55:07 - sensor_interfaces.sim_instruments:  Initializing Picarro
INFO: 21:55:07 - sensor_interfaces.sim_instruments:  Initialized Picarro
INFO: 21:55:07 - sensor_interfaces.sim_instruments:  Initializing Dimetix laser
INFO: 21:55:07 - sensor_interfaces.sim_instruments:  Laser initialized
INFO: 21:55:07 - sensor_interfaces.sim_instruments:  Initializing Bronkhorst
INFO: 21:55:07 - sensor_interfaces.sim_instruments:  Bronkhorst initialized
INFO: 21:55:07 - sensor_interfaces.sim_instruments:  Initializing Flowmeter
INFO: 21:55:07 - sensor_interfaces.sim_instruments:  Flowmeter sli2000 initialized
INFO: 21:55:07 - sensor_interfaces.sim_instruments:  Initializing Flowmeter
INFO: 21:55:07 - sensor_interfaces.sim_instruments:  Flowmeter sls1500 initialized
INFO: 21:55:07 - main_pipeline.sensor:  Finished initializing sensors
WARNING: 21:55:10 - main_pipeline.interpreter:  Encountered exception in validating flowmeter SLI2000: string index out of range. Raw output nan
WARNING: 21:55:10 - main_pipeline.interpreter:  Encountered exception in validating flowmeter SLI2000: string index out of range. Raw output nan
WARNING: 21:55:10 - main_pipeline.interpreter:  Encountered exception in validating flowmeter SLI2000: string index out of range. Raw output nan
WARNING: 21:55:10 - main_pipeline.interpreter:  Encountered exception in validating flowmeter SLI2000: string index out of range. Raw output nan
WARNING: 21:55:10 - main_pipeline.interpreter:  Encountered exception in validating flowmeter SLI2000: string index out of range. Raw output nan
WARNING: 21:55:10 - main_pipeline.interpreter:  Encountered exception in validating flowmeter SLI2000: string index out of range. Raw output nan
WARNING: 21:55:10 - main_pipeline.interpreter:  Encountered exception in validating flowmeter SLI2000: string index out of range. Raw output nan
WARNING: 21:55:10 - main_pipeline.interpreter:  Encountered exception in validating flowmeter SLI2000: string index out of range. Raw output nan
WARNING: 21:55:10 - main_pipeline.interpreter:  Encountered exception in validating flowmeter SLI2000: string index out of range. Raw output nan
WARNING: 21:55:10 - main_pipeline.interpreter:  Encountered exception in validating flowmeter SLI2000: string index out of range. Raw output nan
WARNING: 21:55:10 - main_pipeline.interpreter:  Encountered exception in validating flowmeter SLI2000: string index out of range. Raw output nan
WARNING: 21:55:10 - main_pipeline.interpreter:  Encountered exception in validating flowmeter SLI2000: string index out of range. Raw output nan
WARNING: 21:55:10 - main_pipeline.interpreter:  Encountered exception in validating flowmeter SLI2000: string index out of range. Raw output nan
WARNING: 21:55:10 - main_pipeline.interpreter:  Encountered exception in validating flowmeter SLI2000: string index out of range. Raw output nan
WARNING: 21:55:10 - main_pipeline.interpreter:  Encountered exception in validating flowmeter SLI2000: string index out of range. Raw output nan
WARNING: 21:55:10 - main_pipeline.interpreter:  Encountered exception in validating flowmeter SLS1500: string index out of range. Raw output nan
WARNING: 21:55:10 - main_pipeline.interpreter:  Encountered exception in validating flowmeter SLS1500: string index out of range. Raw output nan
WARNING: 21:55:10 - main_pipeline.interpreter:  Encountered exception in validating flowmeter SLS1500: string index out of range. Raw output nan
WARNING: 21:55:10 - main_pipeline.interpreter:  Encountered exception in validating flowmeter SLS1500: string index out of range. Raw output nan
WARNING: 21:55:10 - main_pipeline.interpreter:  Encountered exception in validating flowmeter SLS1500: string index out of range. Raw output nan
WARNING: 21:55:10 - main_pipeline.interpreter:  Encountered exception in validating flowmeter SLS1500: string index out of range. Raw output nan
WARNING: 21:55:10 - main_pipeline.interpreter:  Encountered exception in validating flowmeter SLS1500: string index out of range. Raw output nan
WARNING: 21:55:10 - main_pipeline.interpreter:  Encountered exception in validating flowmeter SLS1500: string index out of range. Raw output nan
WARNING: 21:55:10 - main_pipeline.interpreter:  Encountered exception in validating flowmeter SLS1500: string index out of range. Raw output nan
WARNING: 21:55:10 - main_pipeline.interpreter:  Encountered exception in validating flowmeter SLS1500: string index out of range. Raw output nan
WARNING: 21:55:10 - main_pipeline.interpreter:  Encountered exception in validating flowmeter SLS1500: string index out of range. Raw output nan
WARNING: 21:55:10 - main_pipeline.interpreter:  Encountered exception in validating flowmeter SLS1500: string index out of range. Raw output nan
WARNING: 21:55:10 - main_pipeline.interpreter:  Encountered exception in validating flowmeter SLS1500: string index out of range. Raw output nan
WARNING: 21:55:10 - main_pipeline.interpreter:  Encountered exception in validating flowmeter SLS1500: string index out of range. Raw output nan
WARNING: 21:55:10 - main_pipeline.interpreter:  Encountered exception in validating flowmeter SLS1500: string index out of range. Raw output nan
WARNING: 21:55:10 - __main__:  Error updating the Picarro Gas buffer timestamp: 'NoneType' object is not subscriptable
WARNING: 21:55:10 - __main__:  Error updating the Picarro Gas buffer data: 'NoneType' object is not subscriptable
WARNING: 21:55:10 - __main__:  Error updating the Picarro Gas buffer data: 'NoneType' object is not subscriptable
WARNING: 21:55:10 - __main__:  Error updating the Picarro Gas buffer data: 'NoneType' object is not subscriptable
WARNING: 21:55:10 - __main__:  Error updating the Picarro Gas buffer data: 'NoneType' object is not subscriptable
WARNING: 21:55:10 - __main__:  Error updating the Laser Distance Sensor buffer timestamp: 'NoneType' object is not subscriptable
WARNING: 21:55:10 - __main__:  Error updating the Laser Distance Sensor buffer data: 'NoneType' object is not subscriptable
WARNING: 21:55:10 - __main__:  Error updating the Laser Distance Sensor buffer data: 'NoneType' object is not subscriptable
WARNING: 21:55:10 - __main__:  Error updating the Abakus Particle Counter buffer timestamp: 'NoneType' object is not subscriptable
WARNING: 21:55:10 - __main__:  Error updating the Abakus Particle Counter buffer data: 'NoneType' object is not subscriptable
WARNING: 21:55:10 - __main__:  Error updating the Flowmeter buffer timestamp: 'NoneType' object is not subscriptable
WARNING: 21:55:10 - __main__:  Error updating the Flowmeter buffer data: 'NoneType' object is not subscriptable
WARNING: 21:55:10 - __main__:  Error updating the Flowmeter buffer data: 'NoneType' object is not subscriptable
WARNING: 21:55:10 - __main__:  Error updating the Bronkhorst Pressure buffer timestamp: 'NoneType' object is not subscriptable
WARNING: 21:55:10 - __main__:  Error updating the Bronkhorst Pressure buffer data: 'NoneType' object is not subscriptable
WARNING: 21:55:10 - __main__:  Error updating the Bronkhorst Pressure buffer data: 'NoneType' object is not subscriptable
WARNING: 21:55:10 - __main__:  Error updating the Bronkhorst Pressure buffer data: 'NoneType' object is not subscriptable
WARNING: 21:55:10 - __main__:  Error updating the Bronkhorst Pressure buffer data: 'NoneType' object is not subscriptable
WARNING: 21:55:11 - main_pipeline.interpreter:  Encountered exception in validating flowmeter SLI2000: string index out of range. Raw output nan
WARNING: 21:55:11 - main_pipeline.interpreter:  Encountered exception in validating flowmeter SLI2000: string index out of range. Raw output nan
WARNING: 21:55:11 - main_pipeline.interpreter:  Encountered exception in validating flowmeter SLI2000: string index out of range. Raw output nan
WARNING: 21:55:11 - main_pipeline.interpreter:  Encountered exception in validating flowmeter SLI2000: string index out of range. Raw output nan
WARNING: 21:55:11 - main_pipeline.interpreter:  Encountered exception in validating flowmeter SLI2000: string index out of range. Raw output nan
WARNING: 21:55:11 - main_pipeline.interpreter:  Encountered exception in validating flowmeter SLI2000: string index out of range. Raw output nan
WARNING: 21:55:11 - main_pipeline.interpreter:  Encountered exception in validating flowmeter SLI2000: string index out of range. Raw output nan
WARNING: 21:55:11 - main_pipeline.interpreter:  Encountered exception in validating flowmeter SLI2000: string index out of range. Raw output nan
WARNING: 21:55:11 - main_pipeline.interpreter:  Encountered exception in validating flowmeter SLI2000: string index out of range. Raw output nan
WARNING: 21:55:11 - main_pipeline.interpreter:  Encountered exception in validating flowmeter SLI2000: string index out of range. Raw output nan
WARNING: 21:55:11 - main_pipeline.interpreter:  Encountered exception in validating flowmeter SLI2000: string index out of range. Raw output nan
WARNING: 21:55:11 - main_pipeline.interpreter:  Encountered exception in validating flowmeter SLI2000: string index out of range. Raw output nan
WARNING: 21:55:11 - main_pipeline.interpreter:  Encountered exception in validating flowmeter SLI2000: string index out of range. Raw output nan
WARNING: 21:55:11 - main_pipeline.interpreter:  Encountered exception in validating flowmeter SLI2000: string index out of range. Raw output nan
WARNING: 21:55:11 - main_pipeline.interpreter:  Encountered exception in validating flowmeter SLI2000: string index out of range. Raw output nan
WARNING: 21:55:11 - main_pipeline.interpreter:  Encountered exception in validating flowmeter SLS1500: string index out of range. Raw output nan
WARNING: 21:55:11 - main_pipeline.interpreter:  Encountered exception in validating flowmeter SLS1500: string index out of range. Raw output nan
WARNING: 21:55:11 - main_pipeline.interpreter:  Encountered exception in validating flowmeter SLS1500: string index out of range. Raw output nan
WARNING: 21:55:11 - main_pipeline.interpreter:  Encountered exception in validating flowmeter SLS1500: string index out of range. Raw output nan
WARNING: 21:55:11 - main_pipeline.interpreter:  Encountered exception in validating flowmeter SLS1500: string index out of range. Raw output nan
WARNING: 21:55:11 - main_pipeline.interpreter:  Encountered exception in validating flowmeter SLS1500: string index out of range. Raw output nan
WARNING: 21:55:11 - main_pipeline.interpreter:  Encountered exception in validating flowmeter SLS1500: string index out of range. Raw output nan
WARNING: 21:55:11 - main_pipeline.interpreter:  Encountered exception in validating flowmeter SLS1500: string index out of range. Raw output nan
WARNING: 21:55:11 - main_pipeline.interpreter:  Encountered exception in validating flowmeter SLS1500: string index out of range. Raw output nan
WARNING: 21:55:11 - main_pipeline.interpreter:  Encountered exception in validating flowmeter SLS1500: string index out of range. Raw output nan
WARNING: 21:55:11 - main_pipeline.interpreter:  Encountered exception in validating flowmeter SLS1500: string index out of range. Raw output nan
WARNING: 21:55:11 - main_pipeline.interpreter:  Encountered exception in validating flowmeter SLS1500: string index out of range. Raw output nan
WARNING: 21:55:11 - main_pipeline.interpreter:  Encountered exception in validating flowmeter SLS1500: string index out of range. Raw output nan
WARNING: 21:55:11 - main_pipeline.interpreter:  Encountered exception in validating flowmeter SLS1500: string index out of range. Raw output nan
WARNING: 21:55:11 - main_pipeline.interpreter:  Encountered exception in validating flowmeter SLS1500: string index out of range. Raw output nan
WARNING: 21:55:11 - __main__:  Error updating the Picarro Gas buffer timestamp: 'NoneType' object is not subscriptable
WARNING: 21:55:11 - __main__:  Error updating the Picarro Gas buffer data: 'NoneType' object is not subscriptable
WARNING: 21:55:11 - __main__:  Error updating the Picarro Gas buffer data: 'NoneType' object is not subscriptable
WARNING: 21:55:11 - __main__:  Error updating the Picarro Gas buffer data: 'NoneType' object is not subscriptable
WARNING: 21:55:11 - __main__:  Error updating the Picarro Gas buffer data: 'NoneType' object is not subscriptable
WARNING: 21:55:11 - __main__:  Error updating the Laser Distance Sensor buffer timestamp: 'NoneType' object is not subscriptable
WARNING: 21:55:11 - __main__:  Error updating the Laser Distance Sensor buffer data: 'NoneType' object is not subscriptable
WARNING: 21:55:11 - __main__:  Error updating the Laser Distance Sensor buffer data: 'NoneType' object is not subscriptable
WARNING: 21:55:11 - __main__:  Error updating the Abakus Particle Counter buffer timestamp: 'NoneType' object is not subscriptable
WARNING: 21:55:11 - __main__:  Error updating the Abakus Particle Counter buffer data: 'NoneType' object is not subscriptable
WARNING: 21:55:11 - __main__:  Error updating the Flowmeter buffer timestamp: 'NoneType' object is not subscriptable
WARNING: 21:55:11 - __main__:  Error updating the Flowmeter buffer data: 'NoneType' object is not subscriptable
WARNING: 21:55:11 - __main__:  Error updating the Flowmeter buffer data: 'NoneType' object is not subscriptable
WARNING: 21:55:11 - __main__:  Error updating the Bronkhorst Pressure buffer timestamp: 'NoneType' object is not subscriptable
WARNING: 21:55:11 - __main__:  Error updating the Bronkhorst Pressure buffer data: 'NoneType' object is not subscriptable
WARNING: 21:55:11 - __main__:  Error updating the Bronkhorst Pressure buffer data: 'NoneType' object is not subscriptable
WARNING: 21:55:11 - __main__:  Error updating the Bronkhorst Pressure buffer data: 'NoneType' object is not subscriptable
WARNING: 21:55:11 - __main__:  Error updating the Bronkhorst Pressure buffer data: 'NoneType' object is not subscriptable
WARNING: 21:55:12 - main_pipeline.interpreter:  Encountered exception in validating flowmeter SLI2000: string index out of range. Raw output nan
WARNING: 21:55:12 - main_pipeline.interpreter:  Encountered exception in validating flowmeter SLI2000: string index out of range. Raw output nan
WARNING: 21:55:12 - main_pipeline.interpreter:  Encountered exception in validating flowmeter SLI2000: string index out of range. Raw output nan
WARNING: 21:55:12 - main_pipeline.interpreter:  Encountered exception in validating flowmeter SLI2000: string index out of range. Raw output nan
WARNING: 21:55:12 - main_pipeline.interpreter:  Encountered exception in validating flowmeter SLI2000: string index out of range. Raw output nan
WARNING: 21:55:12 - main_pipeline.interpreter:  Encountered exception in validating flowmeter SLI2000: string index out of range. Raw output nan
WARNING: 21:55:12 - main_pipeline.interpreter:  Encountered exception in validating flowmeter SLI2000: string index out of range. Raw output nan
WARNING: 21:55:12 - main_pipeline.interpreter:  Encountered exception in validating flowmeter SLI2000: string index out of range. Raw output nan
WARNING: 21:55:12 - main_pipeline.interpreter:  Encountered exception in validating flowmeter SLI2000: string index out of range. Raw output nan
WARNING: 21:55:12 - main_pipeline.interpreter:  Encountered exception in validating flowmeter SLI2000: string index out of range. Raw output nan
WARNING: 21:55:12 - main_pipeline.interpreter:  Encountered exception in validating flowmeter SLI2000: string index out of range. Raw output nan
WARNING: 21:55:12 - main_pipeline.interpreter:  Encountered exception in validating flowmeter SLI2000: string index out of range. Raw output nan
WARNING: 21:55:12 - main_pipeline.interpreter:  Encountered exception in validating flowmeter SLI2000: string index out of range. Raw output nan
WARNING: 21:55:12 - main_pipeline.interpreter:  Encountered exception in validating flowmeter SLI2000: string index out of range. Raw output nan
WARNING: 21:55:12 - main_pipeline.interpreter:  Encountered exception in validating flowmeter SLI2000: string index out of range. Raw output nan
WARNING: 21:55:12 - main_pipeline.interpreter:  Encountered exception in validating flowmeter SLS1500: string index out of range. Raw output nan
WARNING: 21:55:12 - main_pipeline.interpreter:  Encountered exception in validating flowmeter SLS1500: string index out of range. Raw output nan
WARNING: 21:55:12 - main_pipeline.interpreter:  Encountered exception in validating flowmeter SLS1500: string index out of range. Raw output nan
WARNING: 21:55:12 - main_pipeline.interpreter:  Encountered exception in validating flowmeter SLS1500: string index out of range. Raw output nan
WARNING: 21:55:12 - main_pipeline.interpreter:  Encountered exception in validating flowmeter SLS1500: string index out of range. Raw output nan
WARNING: 21:55:12 - main_pipeline.interpreter:  Encountered exception in validating flowmeter SLS1500: string index out of range. Raw output nan
WARNING: 21:55:12 - main_pipeline.interpreter:  Encountered exception in validating flowmeter SLS1500: string index out of range. Raw output nan
WARNING: 21:55:12 - main_pipeline.interpreter:  Encountered exception in validating flowmeter SLS1500: string index out of range. Raw output nan
WARNING: 21:55:12 - main_pipeline.interpreter:  Encountered exception in validating flowmeter SLS1500: string index out of range. Raw output nan
WARNING: 21:55:12 - main_pipeline.interpreter:  Encountered exception in validating flowmeter SLS1500: string index out of range. Raw output nan
WARNING: 21:55:12 - main_pipeline.interpreter:  Encountered exception in validating flowmeter SLS1500: string index out of range. Raw output nan
WARNING: 21:55:12 - main_pipeline.interpreter:  Encountered exception in validating flowmeter SLS1500: string index out of range. Raw output nan
WARNING: 21:55:12 - main_pipeline.interpreter:  Encountered exception in validating flowmeter SLS1500: string index out of range. Raw output nan
WARNING: 21:55:12 - main_pipeline.interpreter:  Encountered exception in validating flowmeter SLS1500: string index out of range. Raw output nan
WARNING: 21:55:12 - main_pipeline.interpreter:  Encountered exception in validating flowmeter SLS1500: string index out of range. Raw output nan
WARNING: 21:55:12 - __main__:  Error updating the Picarro Gas buffer timestamp: 'NoneType' object is not subscriptable
WARNING: 21:55:12 - __main__:  Error updating the Picarro Gas buffer data: 'NoneType' object is not subscriptable
WARNING: 21:55:12 - __main__:  Error updating the Picarro Gas buffer data: 'NoneType' object is not subscriptable
WARNING: 21:55:12 - __main__:  Error updating the Picarro Gas buffer data: 'NoneType' object is not subscriptable
WARNING: 21:55:12 - __main__:  Error updating the Picarro Gas buffer data: 'NoneType' object is not subscriptable
WARNING: 21:55:12 - __main__:  Error updating the Laser Distance Sensor buffer timestamp: 'NoneType' object is not subscriptable
WARNING: 21:55:12 - __main__:  Error updating the Laser Distance Sensor buffer data: 'NoneType' object is not subscriptable
WARNING: 21:55:12 - __main__:  Error updating the Laser Distance Sensor buffer data: 'NoneType' object is not subscriptable
WARNING: 21:55:12 - __main__:  Error updating the Abakus Particle Counter buffer timestamp: 'NoneType' object is not subscriptable
WARNING: 21:55:12 - __main__:  Error updating the Abakus Particle Counter buffer data: 'NoneType' object is not subscriptable
WARNING: 21:55:12 - __main__:  Error updating the Flowmeter buffer timestamp: 'NoneType' object is not subscriptable
WARNING: 21:55:12 - __main__:  Error updating the Flowmeter buffer data: 'NoneType' object is not subscriptable
WARNING: 21:55:12 - __main__:  Error updating the Flowmeter buffer data: 'NoneType' object is not subscriptable
WARNING: 21:55:12 - __main__:  Error updating the Bronkhorst Pressure buffer timestamp: 'NoneType' object is not subscriptable
WARNING: 21:55:12 - __main__:  Error updating the Bronkhorst Pressure buffer data: 'NoneType' object is not subscriptable
WARNING: 21:55:12 - __main__:  Error updating the Bronkhorst Pressure buffer data: 'NoneType' object is not subscriptable
WARNING: 21:55:12 - __main__:  Error updating the Bronkhorst Pressure buffer data: 'NoneType' object is not subscriptable
WARNING: 21:55:12 - __main__:  Error updating the Bronkhorst Pressure buffer data: 'NoneType' object is not subscriptable
WARNING: 21:55:13 - main_pipeline.interpreter:  Encountered exception in validating flowmeter SLI2000: string index out of range. Raw output nan
WARNING: 21:55:13 - main_pipeline.interpreter:  Encountered exception in validating flowmeter SLI2000: string index out of range. Raw output nan
WARNING: 21:55:13 - main_pipeline.interpreter:  Encountered exception in validating flowmeter SLI2000: string index out of range. Raw output nan
WARNING: 21:55:13 - main_pipeline.interpreter:  Encountered exception in validating flowmeter SLI2000: string index out of range. Raw output nan
WARNING: 21:55:13 - main_pipeline.interpreter:  Encountered exception in validating flowmeter SLI2000: string index out of range. Raw output nan
WARNING: 21:55:13 - main_pipeline.interpreter:  Encountered exception in validating flowmeter SLI2000: string index out of range. Raw output nan
WARNING: 21:55:13 - main_pipeline.interpreter:  Encountered exception in validating flowmeter SLI2000: string index out of range. Raw output nan
WARNING: 21:55:13 - main_pipeline.interpreter:  Encountered exception in validating flowmeter SLI2000: string index out of range. Raw output nan
WARNING: 21:55:13 - main_pipeline.interpreter:  Encountered exception in validating flowmeter SLI2000: string index out of range. Raw output nan
WARNING: 21:55:13 - main_pipeline.interpreter:  Encountered exception in validating flowmeter SLI2000: string index out of range. Raw output nan
WARNING: 21:55:13 - main_pipeline.interpreter:  Encountered exception in validating flowmeter SLI2000: string index out of range. Raw output nan
WARNING: 21:55:13 - main_pipeline.interpreter:  Encountered exception in validating flowmeter SLI2000: string index out of range. Raw output nan
WARNING: 21:55:13 - main_pipeline.interpreter:  Encountered exception in validating flowmeter SLI2000: string index out of range. Raw output nan
WARNING: 21:55:13 - main_pipeline.interpreter:  Encountered exception in validating flowmeter SLI2000: string index out of range. Raw output nan
WARNING: 21:55:13 - main_pipeline.interpreter:  Encountered exception in validating flowmeter SLI2000: string index out of range. Raw output nan
WARNING: 21:55:13 - main_pipeline.interpreter:  Encountered exception in validating flowmeter SLS1500: string index out of range. Raw output nan
WARNING: 21:55:13 - main_pipeline.interpreter:  Encountered exception in validating flowmeter SLS1500: string index out of range. Raw output nan
WARNING: 21:55:13 - main_pipeline.interpreter:  Encountered exception in validating flowmeter SLS1500: string index out of range. Raw output nan
WARNING: 21:55:13 - main_pipeline.interpreter:  Encountered exception in validating flowmeter SLS1500: string index out of range. Raw output nan
WARNING: 21:55:13 - main_pipeline.interpreter:  Encountered exception in validating flowmeter SLS1500: string index out of range. Raw output nan
WARNING: 21:55:13 - main_pipeline.interpreter:  Encountered exception in validating flowmeter SLS1500: string index out of range. Raw output nan
WARNING: 21:55:13 - main_pipeline.interpreter:  Encountered exception in validating flowmeter SLS1500: string index out of range. Raw output nan
WARNING: 21:55:13 - main_pipeline.interpreter:  Encountered exception in validating flowmeter SLS1500: string index out of range. Raw output nan
WARNING: 21:55:13 - main_pipeline.interpreter:  Encountered exception in validating flowmeter SLS1500: string index out of range. Raw output nan
WARNING: 21:55:13 - main_pipeline.interpreter:  Encountered exception in validating flowmeter SLS1500: string index out of range. Raw output nan
WARNING: 21:55:13 - main_pipeline.interpreter:  Encountered exception in validating flowmeter SLS1500: string index out of range. Raw output nan
WARNING: 21:55:13 - main_pipeline.interpreter:  Encountered exception in validating flowmeter SLS1500: string index out of range. Raw output nan
WARNING: 21:55:13 - main_pipeline.interpreter:  Encountered exception in validating flowmeter SLS1500: string index out of range. Raw output nan
WARNING: 21:55:13 - main_pipeline.interpreter:  Encountered exception in validating flowmeter SLS1500: string index out of range. Raw output nan
WARNING: 21:55:13 - main_pipeline.interpreter:  Encountered exception in validating flowmeter SLS1500: string index out of range. Raw output nan
WARNING: 21:55:13 - __main__:  Error updating the Picarro Gas buffer timestamp: 'NoneType' object is not subscriptable
WARNING: 21:55:13 - __main__:  Error updating the Picarro Gas buffer data: 'NoneType' object is not subscriptable
WARNING: 21:55:13 - __main__:  Error updating the Picarro Gas buffer data: 'NoneType' object is not subscriptable
WARNING: 21:55:13 - __main__:  Error updating the Picarro Gas buffer data: 'NoneType' object is not subscriptable
WARNING: 21:55:13 - __main__:  Error updating the Picarro Gas buffer data: 'NoneType' object is not subscriptable
WARNING: 21:55:13 - __main__:  Error updating the Laser Distance Sensor buffer timestamp: 'NoneType' object is not subscriptable
WARNING: 21:55:13 - __main__:  Error updating the Laser Distance Sensor buffer data: 'NoneType' object is not subscriptable
WARNING: 21:55:13 - __main__:  Error updating the Laser Distance Sensor buffer data: 'NoneType' object is not subscriptable
WARNING: 21:55:13 - __main__:  Error updating the Abakus Particle Counter buffer timestamp: 'NoneType' object is not subscriptable
WARNING: 21:55:13 - __main__:  Error updating the Abakus Particle Counter buffer data: 'NoneType' object is not subscriptable
WARNING: 21:55:13 - __main__:  Error updating the Flowmeter buffer timestamp: 'NoneType' object is not subscriptable
WARNING: 21:55:13 - __main__:  Error updating the Flowmeter buffer data: 'NoneType' object is not subscriptable
WARNING: 21:55:13 - __main__:  Error updating the Flowmeter buffer data: 'NoneType' object is not subscriptable
WARNING: 21:55:13 - __main__:  Error updating the Bronkhorst Pressure buffer timestamp: 'NoneType' object is not subscriptable
WARNING: 21:55:13 - __main__:  Error updating the Bronkhorst Pressure buffer data: 'NoneType' object is not subscriptable
WARNING: 21:55:13 - __main__:  Error updating the Bronkhorst Pressure buffer data: 'NoneType' object is not subscriptable
WARNING: 21:55:13 - __main__:  Error updating the Bronkhorst Pressure buffer data: 'NoneType' object is not subscriptable
WARNING: 21:55:13 - __main__:  Error updating the Bronkhorst Pressure buffer data: 'NoneType' object is not subscriptable
WARNING: 21:55:14 - main_pipeline.interpreter:  Encountered exception in validating flowmeter SLI2000: string index out of range. Raw output nan
WARNING: 21:55:14 - main_pipeline.interpreter:  Encountered exception in validating flowmeter SLI2000: string index out of range. Raw output nan
WARNING: 21:55:14 - main_pipeline.interpreter:  Encountered exception in validating flowmeter SLI2000: string index out of range. Raw output nan
WARNING: 21:55:14 - main_pipeline.interpreter:  Encountered exception in validating flowmeter SLI2000: string index out of range. Raw output nan
WARNING: 21:55:14 - main_pipeline.interpreter:  Encountered exception in validating flowmeter SLI2000: string index out of range. Raw output nan
WARNING: 21:55:14 - main_pipeline.interpreter:  Encountered exception in validating flowmeter SLI2000: string index out of range. Raw output nan
WARNING: 21:55:14 - main_pipeline.interpreter:  Encountered exception in validating flowmeter SLI2000: string index out of range. Raw output nan
WARNING: 21:55:14 - main_pipeline.interpreter:  Encountered exception in validating flowmeter SLI2000: string index out of range. Raw output nan
WARNING: 21:55:14 - main_pipeline.interpreter:  Encountered exception in validating flowmeter SLI2000: string index out of range. Raw output nan
WARNING: 21:55:14 - main_pipeline.interpreter:  Encountered exception in validating flowmeter SLI2000: string index out of range. Raw output nan
WARNING: 21:55:14 - main_pipeline.interpreter:  Encountered exception in validating flowmeter SLI2000: string index out of range. Raw output nan
WARNING: 21:55:14 - main_pipeline.interpreter:  Encountered exception in validating flowmeter SLI2000: string index out of range. Raw output nan
WARNING: 21:55:14 - main_pipeline.interpreter:  Encountered exception in validating flowmeter SLI2000: string index out of range. Raw output nan
WARNING: 21:55:14 - main_pipeline.interpreter:  Encountered exception in validating flowmeter SLI2000: string index out of range. Raw output nan
WARNING: 21:55:14 - main_pipeline.interpreter:  Encountered exception in validating flowmeter SLI2000: string index out of range. Raw output nan
WARNING: 21:55:14 - main_pipeline.interpreter:  Encountered exception in validating flowmeter SLS1500: string index out of range. Raw output nan
WARNING: 21:55:14 - main_pipeline.interpreter:  Encountered exception in validating flowmeter SLS1500: string index out of range. Raw output nan
WARNING: 21:55:14 - main_pipeline.interpreter:  Encountered exception in validating flowmeter SLS1500: string index out of range. Raw output nan
WARNING: 21:55:14 - main_pipeline.interpreter:  Encountered exception in validating flowmeter SLS1500: string index out of range. Raw output nan
WARNING: 21:55:14 - main_pipeline.interpreter:  Encountered exception in validating flowmeter SLS1500: string index out of range. Raw output nan
WARNING: 21:55:14 - main_pipeline.interpreter:  Encountered exception in validating flowmeter SLS1500: string index out of range. Raw output nan
WARNING: 21:55:14 - main_pipeline.interpreter:  Encountered exception in validating flowmeter SLS1500: string index out of range. Raw output nan
WARNING: 21:55:14 - main_pipeline.interpreter:  Encountered exception in validating flowmeter SLS1500: string index out of range. Raw output nan
WARNING: 21:55:14 - main_pipeline.interpreter:  Encountered exception in validating flowmeter SLS1500: string index out of range. Raw output nan
WARNING: 21:55:14 - main_pipeline.interpreter:  Encountered exception in validating flowmeter SLS1500: string index out of range. Raw output nan
WARNING: 21:55:14 - main_pipeline.interpreter:  Encountered exception in validating flowmeter SLS1500: string index out of range. Raw output nan
WARNING: 21:55:14 - main_pipeline.interpreter:  Encountered exception in validating flowmeter SLS1500: string index out of range. Raw output nan
WARNING: 21:55:14 - main_pipeline.interpreter:  Encountered exception in validating flowmeter SLS1500: string index out of range. Raw output nan
WARNING: 21:55:14 - main_pipeline.interpreter:  Encountered exception in validating flowmeter SLS1500: string index out of range. Raw output nan
WARNING: 21:55:14 - main_pipeline.interpreter:  Encountered exception in validating flowmeter SLS1500: string index out of range. Raw output nan
WARNING: 21:55:14 - __main__:  Error updating the Picarro Gas buffer timestamp: 'NoneType' object is not subscriptable
WARNING: 21:55:14 - __main__:  Error updating the Picarro Gas buffer data: 'NoneType' object is not subscriptable
WARNING: 21:55:14 - __main__:  Error updating the Picarro Gas buffer data: 'NoneType' object is not subscriptable
WARNING: 21:55:14 - __main__:  Error updating the Picarro Gas buffer data: 'NoneType' object is not subscriptable
WARNING: 21:55:14 - __main__:  Error updating the Picarro Gas buffer data: 'NoneType' object is not subscriptable
WARNING: 21:55:14 - __main__:  Error updating the Laser Distance Sensor buffer timestamp: 'NoneType' object is not subscriptable
WARNING: 21:55:14 - __main__:  Error updating the Laser Distance Sensor buffer data: 'NoneType' object is not subscriptable
WARNING: 21:55:14 - __main__:  Error updating the Laser Distance Sensor buffer data: 'NoneType' object is not subscriptable
WARNING: 21:55:14 - __main__:  Error updating the Abakus Particle Counter buffer timestamp: 'NoneType' object is not subscriptable
WARNING: 21:55:14 - __main__:  Error updating the Abakus Particle Counter buffer data: 'NoneType' object is not subscriptable
WARNING: 21:55:14 - __main__:  Error updating the Flowmeter buffer timestamp: 'NoneType' object is not subscriptable
WARNING: 21:55:14 - __main__:  Error updating the Flowmeter buffer data: 'NoneType' object is not subscriptable
WARNING: 21:55:14 - __main__:  Error updating the Flowmeter buffer data: 'NoneType' object is not subscriptable
WARNING: 21:55:14 - __main__:  Error updating the Bronkhorst Pressure buffer timestamp: 'NoneType' object is not subscriptable
WARNING: 21:55:14 - __main__:  Error updating the Bronkhorst Pressure buffer data: 'NoneType' object is not subscriptable
WARNING: 21:55:14 - __main__:  Error updating the Bronkhorst Pressure buffer data: 'NoneType' object is not subscriptable
WARNING: 21:55:14 - __main__:  Error updating the Bronkhorst Pressure buffer data: 'NoneType' object is not subscriptable
WARNING: 21:55:14 - __main__:  Error updating the Bronkhorst Pressure buffer data: 'NoneType' object is not subscriptable
WARNING: 21:55:15 - main_pipeline.interpreter:  Encountered exception in validating flowmeter SLI2000: string index out of range. Raw output nan
WARNING: 21:55:15 - main_pipeline.interpreter:  Encountered exception in validating flowmeter SLI2000: string index out of range. Raw output nan
WARNING: 21:55:15 - main_pipeline.interpreter:  Encountered exception in validating flowmeter SLI2000: string index out of range. Raw output nan
WARNING: 21:55:15 - main_pipeline.interpreter:  Encountered exception in validating flowmeter SLI2000: string index out of range. Raw output nan
WARNING: 21:55:15 - main_pipeline.interpreter:  Encountered exception in validating flowmeter SLI2000: string index out of range. Raw output nan
WARNING: 21:55:15 - main_pipeline.interpreter:  Encountered exception in validating flowmeter SLI2000: string index out of range. Raw output nan
WARNING: 21:55:15 - main_pipeline.interpreter:  Encountered exception in validating flowmeter SLI2000: string index out of range. Raw output nan
WARNING: 21:55:15 - main_pipeline.interpreter:  Encountered exception in validating flowmeter SLI2000: string index out of range. Raw output nan
WARNING: 21:55:15 - main_pipeline.interpreter:  Encountered exception in validating flowmeter SLI2000: string index out of range. Raw output nan
WARNING: 21:55:15 - main_pipeline.interpreter:  Encountered exception in validating flowmeter SLI2000: string index out of range. Raw output nan
WARNING: 21:55:15 - main_pipeline.interpreter:  Encountered exception in validating flowmeter SLI2000: string index out of range. Raw output nan
WARNING: 21:55:15 - main_pipeline.interpreter:  Encountered exception in validating flowmeter SLI2000: string index out of range. Raw output nan
WARNING: 21:55:15 - main_pipeline.interpreter:  Encountered exception in validating flowmeter SLI2000: string index out of range. Raw output nan
WARNING: 21:55:15 - main_pipeline.interpreter:  Encountered exception in validating flowmeter SLI2000: string index out of range. Raw output nan
WARNING: 21:55:15 - main_pipeline.interpreter:  Encountered exception in validating flowmeter SLI2000: string index out of range. Raw output nan
WARNING: 21:55:15 - main_pipeline.interpreter:  Encountered exception in validating flowmeter SLS1500: string index out of range. Raw output nan
WARNING: 21:55:15 - main_pipeline.interpreter:  Encountered exception in validating flowmeter SLS1500: string index out of range. Raw output nan
WARNING: 21:55:15 - main_pipeline.interpreter:  Encountered exception in validating flowmeter SLS1500: string index out of range. Raw output nan
WARNING: 21:55:15 - main_pipeline.interpreter:  Encountered exception in validating flowmeter SLS1500: string index out of range. Raw output nan
WARNING: 21:55:15 - main_pipeline.interpreter:  Encountered exception in validating flowmeter SLS1500: string index out of range. Raw output nan
WARNING: 21:55:15 - main_pipeline.interpreter:  Encountered exception in validating flowmeter SLS1500: string index out of range. Raw output nan
WARNING: 21:55:15 - main_pipeline.interpreter:  Encountered exception in validating flowmeter SLS1500: string index out of range. Raw output nan
WARNING: 21:55:15 - main_pipeline.interpreter:  Encountered exception in validating flowmeter SLS1500: string index out of range. Raw output nan
WARNING: 21:55:15 - main_pipeline.interpreter:  Encountered exception in validating flowmeter SLS1500: string index out of range. Raw output nan
WARNING: 21:55:15 - main_pipeline.interpreter:  Encountered exception in validating flowmeter SLS1500: string index out of range. Raw output nan
WARNING: 21:55:15 - main_pipeline.interpreter:  Encountered exception in validating flowmeter SLS1500: string index out of range. Raw output nan
WARNING: 21:55:15 - main_pipeline.interpreter:  Encountered exception in validating flowmeter SLS1500: string index out of range. Raw output nan
WARNING: 21:55:15 - main_pipeline.interpreter:  Encountered exception in validating flowmeter SLS1500: string index out of range. Raw output nan
WARNING: 21:55:15 - main_pipeline.interpreter:  Encountered exception in validating flowmeter SLS1500: string index out of range. Raw output nan
WARNING: 21:55:15 - main_pipeline.interpreter:  Encountered exception in validating flowmeter SLS1500: string index out of range. Raw output nan
WARNING: 21:55:15 - __main__:  Error updating the Picarro Gas buffer timestamp: 'NoneType' object is not subscriptable
WARNING: 21:55:15 - __main__:  Error updating the Picarro Gas buffer data: 'NoneType' object is not subscriptable
WARNING: 21:55:15 - __main__:  Error updating the Picarro Gas buffer data: 'NoneType' object is not subscriptable
WARNING: 21:55:15 - __main__:  Error updating the Picarro Gas buffer data: 'NoneType' object is not subscriptable
WARNING: 21:55:15 - __main__:  Error updating the Picarro Gas buffer data: 'NoneType' object is not subscriptable
WARNING: 21:55:15 - __main__:  Error updating the Laser Distance Sensor buffer timestamp: 'NoneType' object is not subscriptable
WARNING: 21:55:15 - __main__:  Error updating the Laser Distance Sensor buffer data: 'NoneType' object is not subscriptable
WARNING: 21:55:15 - __main__:  Error updating the Laser Distance Sensor buffer data: 'NoneType' object is not subscriptable
WARNING: 21:55:15 - __main__:  Error updating the Abakus Particle Counter buffer timestamp: 'NoneType' object is not subscriptable
WARNING: 21:55:15 - __main__:  Error updating the Abakus Particle Counter buffer data: 'NoneType' object is not subscriptable
WARNING: 21:55:15 - __main__:  Error updating the Flowmeter buffer timestamp: 'NoneType' object is not subscriptable
WARNING: 21:55:15 - __main__:  Error updating the Flowmeter buffer data: 'NoneType' object is not subscriptable
WARNING: 21:55:15 - __main__:  Error updating the Flowmeter buffer data: 'NoneType' object is not subscriptable
WARNING: 21:55:15 - __main__:  Error updating the Bronkhorst Pressure buffer timestamp: 'NoneType' object is not subscriptable
WARNING: 21:55:15 - __main__:  Error updating the Bronkhorst Pressure buffer data: 'NoneType' object is not subscriptable
WARNING: 21:55:15 - __main__:  Error updating the Bronkhorst Pressure buffer data: 'NoneType' object is not subscriptable
WARNING: 21:55:15 - __main__:  Error updating the Bronkhorst Pressure buffer data: 'NoneType' object is not subscriptable
WARNING: 21:55:15 - __main__:  Error updating the Bronkhorst Pressure buffer data: 'NoneType' object is not subscriptable
WARNING: 21:55:16 - main_pipeline.interpreter:  Encountered exception in validating flowmeter SLI2000: string index out of range. Raw output nan
WARNING: 21:55:16 - main_pipeline.interpreter:  Encountered exception in validating flowmeter SLI2000: string index out of range. Raw output nan
WARNING: 21:55:16 - main_pipeline.interpreter:  Encountered exception in validating flowmeter SLI2000: string index out of range. Raw output nan
WARNING: 21:55:16 - main_pipeline.interpreter:  Encountered exception in validating flowmeter SLI2000: string index out of range. Raw output nan
WARNING: 21:55:16 - main_pipeline.interpreter:  Encountered exception in validating flowmeter SLI2000: string index out of range. Raw output nan
WARNING: 21:55:16 - main_pipeline.interpreter:  Encountered exception in validating flowmeter SLI2000: string index out of range. Raw output nan
WARNING: 21:55:16 - main_pipeline.interpreter:  Encountered exception in validating flowmeter SLI2000: string index out of range. Raw output nan
WARNING: 21:55:16 - main_pipeline.interpreter:  Encountered exception in validating flowmeter SLI2000: string index out of range. Raw output nan
WARNING: 21:55:16 - main_pipeline.interpreter:  Encountered exception in validating flowmeter SLI2000: string index out of range. Raw output nan
WARNING: 21:55:16 - main_pipeline.interpreter:  Encountered exception in validating flowmeter SLI2000: string index out of range. Raw output nan
WARNING: 21:55:16 - main_pipeline.interpreter:  Encountered exception in validating flowmeter SLI2000: string index out of range. Raw output nan
WARNING: 21:55:16 - main_pipeline.interpreter:  Encountered exception in validating flowmeter SLI2000: string index out of range. Raw output nan
WARNING: 21:55:16 - main_pipeline.interpreter:  Encountered exception in validating flowmeter SLI2000: string index out of range. Raw output nan
WARNING: 21:55:16 - main_pipeline.interpreter:  Encountered exception in validating flowmeter SLI2000: string index out of range. Raw output nan
WARNING: 21:55:16 - main_pipeline.interpreter:  Encountered exception in validating flowmeter SLI2000: string index out of range. Raw output nan
WARNING: 21:55:16 - main_pipeline.interpreter:  Encountered exception in validating flowmeter SLS1500: string index out of range. Raw output nan
WARNING: 21:55:16 - main_pipeline.interpreter:  Encountered exception in validating flowmeter SLS1500: string index out of range. Raw output nan
WARNING: 21:55:16 - main_pipeline.interpreter:  Encountered exception in validating flowmeter SLS1500: string index out of range. Raw output nan
WARNING: 21:55:16 - main_pipeline.interpreter:  Encountered exception in validating flowmeter SLS1500: string index out of range. Raw output nan
WARNING: 21:55:16 - main_pipeline.interpreter:  Encountered exception in validating flowmeter SLS1500: string index out of range. Raw output nan
WARNING: 21:55:16 - main_pipeline.interpreter:  Encountered exception in validating flowmeter SLS1500: string index out of range. Raw output nan
WARNING: 21:55:16 - main_pipeline.interpreter:  Encountered exception in validating flowmeter SLS1500: string index out of range. Raw output nan
WARNING: 21:55:16 - main_pipeline.interpreter:  Encountered exception in validating flowmeter SLS1500: string index out of range. Raw output nan
WARNING: 21:55:16 - main_pipeline.interpreter:  Encountered exception in validating flowmeter SLS1500: string index out of range. Raw output nan
WARNING: 21:55:16 - main_pipeline.interpreter:  Encountered exception in validating flowmeter SLS1500: string index out of range. Raw output nan
WARNING: 21:55:16 - main_pipeline.interpreter:  Encountered exception in validating flowmeter SLS1500: string index out of range. Raw output nan
WARNING: 21:55:16 - main_pipeline.interpreter:  Encountered exception in validating flowmeter SLS1500: string index out of range. Raw output nan
WARNING: 21:55:16 - main_pipeline.interpreter:  Encountered exception in validating flowmeter SLS1500: string index out of range. Raw output nan
WARNING: 21:55:16 - main_pipeline.interpreter:  Encountered exception in validating flowmeter SLS1500: string index out of range. Raw output nan
WARNING: 21:55:16 - main_pipeline.interpreter:  Encountered exception in validating flowmeter SLS1500: string index out of range. Raw output nan
WARNING: 21:55:16 - __main__:  Error updating the Picarro Gas buffer timestamp: 'NoneType' object is not subscriptable
WARNING: 21:55:16 - __main__:  Error updating the Picarro Gas buffer data: 'NoneType' object is not subscriptable
WARNING: 21:55:16 - __main__:  Error updating the Picarro Gas buffer data: 'NoneType' object is not subscriptable
WARNING: 21:55:16 - __main__:  Error updating the Picarro Gas buffer data: 'NoneType' object is not subscriptable
WARNING: 21:55:16 - __main__:  Error updating the Picarro Gas buffer data: 'NoneType' object is not subscriptable
WARNING: 21:55:16 - __main__:  Error updating the Laser Distance Sensor buffer timestamp: 'NoneType' object is not subscriptable
WARNING: 21:55:16 - __main__:  Error updating the Laser Distance Sensor buffer data: 'NoneType' object is not subscriptable
WARNING: 21:55:16 - __main__:  Error updating the Laser Distance Sensor buffer data: 'NoneType' object is not subscriptable
WARNING: 21:55:16 - __main__:  Error updating the Abakus Particle Counter buffer timestamp: 'NoneType' object is not subscriptable
WARNING: 21:55:16 - __main__:  Error updating the Abakus Particle Counter buffer data: 'NoneType' object is not subscriptable
WARNING: 21:55:16 - __main__:  Error updating the Flowmeter buffer timestamp: 'NoneType' object is not subscriptable
WARNING: 21:55:16 - __main__:  Error updating the Flowmeter buffer data: 'NoneType' object is not subscriptable
WARNING: 21:55:16 - __main__:  Error updating the Flowmeter buffer data: 'NoneType' object is not subscriptable
WARNING: 21:55:16 - __main__:  Error updating the Bronkhorst Pressure buffer timestamp: 'NoneType' object is not subscriptable
WARNING: 21:55:16 - __main__:  Error updating the Bronkhorst Pressure buffer data: 'NoneType' object is not subscriptable
WARNING: 21:55:16 - __main__:  Error updating the Bronkhorst Pressure buffer data: 'NoneType' object is not subscriptable
WARNING: 21:55:16 - __main__:  Error updating the Bronkhorst Pressure buffer data: 'NoneType' object is not subscriptable
WARNING: 21:55:16 - __main__:  Error updating the Bronkhorst Pressure buffer data: 'NoneType' object is not subscriptable
WARNING: 21:55:17 - main_pipeline.interpreter:  Encountered exception in validating flowmeter SLI2000: string index out of range. Raw output nan
WARNING: 21:55:17 - main_pipeline.interpreter:  Encountered exception in validating flowmeter SLI2000: string index out of range. Raw output nan
WARNING: 21:55:17 - main_pipeline.interpreter:  Encountered exception in validating flowmeter SLI2000: string index out of range. Raw output nan
WARNING: 21:55:17 - main_pipeline.interpreter:  Encountered exception in validating flowmeter SLI2000: string index out of range. Raw output nan
WARNING: 21:55:17 - main_pipeline.interpreter:  Encountered exception in validating flowmeter SLI2000: string index out of range. Raw output nan
WARNING: 21:55:17 - main_pipeline.interpreter:  Encountered exception in validating flowmeter SLI2000: string index out of range. Raw output nan
WARNING: 21:55:17 - main_pipeline.interpreter:  Encountered exception in validating flowmeter SLI2000: string index out of range. Raw output nan
WARNING: 21:55:17 - main_pipeline.interpreter:  Encountered exception in validating flowmeter SLI2000: string index out of range. Raw output nan
WARNING: 21:55:17 - main_pipeline.interpreter:  Encountered exception in validating flowmeter SLI2000: string index out of range. Raw output nan
WARNING: 21:55:17 - main_pipeline.interpreter:  Encountered exception in validating flowmeter SLI2000: string index out of range. Raw output nan
WARNING: 21:55:17 - main_pipeline.interpreter:  Encountered exception in validating flowmeter SLI2000: string index out of range. Raw output nan
WARNING: 21:55:17 - main_pipeline.interpreter:  Encountered exception in validating flowmeter SLI2000: string index out of range. Raw output nan
WARNING: 21:55:17 - main_pipeline.interpreter:  Encountered exception in validating flowmeter SLI2000: string index out of range. Raw output nan
WARNING: 21:55:17 - main_pipeline.interpreter:  Encountered exception in validating flowmeter SLI2000: string index out of range. Raw output nan
WARNING: 21:55:17 - main_pipeline.interpreter:  Encountered exception in validating flowmeter SLI2000: string index out of range. Raw output nan
WARNING: 21:55:17 - main_pipeline.interpreter:  Encountered exception in validating flowmeter SLS1500: string index out of range. Raw output nan
WARNING: 21:55:17 - main_pipeline.interpreter:  Encountered exception in validating flowmeter SLS1500: string index out of range. Raw output nan
WARNING: 21:55:17 - main_pipeline.interpreter:  Encountered exception in validating flowmeter SLS1500: string index out of range. Raw output nan
WARNING: 21:55:17 - main_pipeline.interpreter:  Encountered exception in validating flowmeter SLS1500: string index out of range. Raw output nan
WARNING: 21:55:17 - main_pipeline.interpreter:  Encountered exception in validating flowmeter SLS1500: string index out of range. Raw output nan
WARNING: 21:55:17 - main_pipeline.interpreter:  Encountered exception in validating flowmeter SLS1500: string index out of range. Raw output nan
WARNING: 21:55:17 - main_pipeline.interpreter:  Encountered exception in validating flowmeter SLS1500: string index out of range. Raw output nan
WARNING: 21:55:17 - main_pipeline.interpreter:  Encountered exception in validating flowmeter SLS1500: string index out of range. Raw output nan
WARNING: 21:55:17 - main_pipeline.interpreter:  Encountered exception in validating flowmeter SLS1500: string index out of range. Raw output nan
WARNING: 21:55:17 - main_pipeline.interpreter:  Encountered exception in validating flowmeter SLS1500: string index out of range. Raw output nan
WARNING: 21:55:17 - main_pipeline.interpreter:  Encountered exception in validating flowmeter SLS1500: string index out of range. Raw output nan
WARNING: 21:55:17 - main_pipeline.interpreter:  Encountered exception in validating flowmeter SLS1500: string index out of range. Raw output nan
WARNING: 21:55:17 - main_pipeline.interpreter:  Encountered exception in validating flowmeter SLS1500: string index out of range. Raw output nan
WARNING: 21:55:17 - main_pipeline.interpreter:  Encountered exception in validating flowmeter SLS1500: string index out of range. Raw output nan
WARNING: 21:55:17 - main_pipeline.interpreter:  Encountered exception in validating flowmeter SLS1500: string index out of range. Raw output nan
WARNING: 21:55:17 - __main__:  Error updating the Picarro Gas buffer timestamp: 'NoneType' object is not subscriptable
WARNING: 21:55:17 - __main__:  Error updating the Picarro Gas buffer data: 'NoneType' object is not subscriptable
WARNING: 21:55:17 - __main__:  Error updating the Picarro Gas buffer data: 'NoneType' object is not subscriptable
WARNING: 21:55:17 - __main__:  Error updating the Picarro Gas buffer data: 'NoneType' object is not subscriptable
WARNING: 21:55:17 - __main__:  Error updating the Picarro Gas buffer data: 'NoneType' object is not subscriptable
WARNING: 21:55:17 - __main__:  Error updating the Laser Distance Sensor buffer timestamp: 'NoneType' object is not subscriptable
WARNING: 21:55:17 - __main__:  Error updating the Laser Distance Sensor buffer data: 'NoneType' object is not subscriptable
WARNING: 21:55:17 - __main__:  Error updating the Laser Distance Sensor buffer data: 'NoneType' object is not subscriptable
WARNING: 21:55:17 - __main__:  Error updating the Abakus Particle Counter buffer timestamp: 'NoneType' object is not subscriptable
WARNING: 21:55:17 - __main__:  Error updating the Abakus Particle Counter buffer data: 'NoneType' object is not subscriptable
WARNING: 21:55:17 - __main__:  Error updating the Flowmeter buffer timestamp: 'NoneType' object is not subscriptable
WARNING: 21:55:17 - __main__:  Error updating the Flowmeter buffer data: 'NoneType' object is not subscriptable
WARNING: 21:55:17 - __main__:  Error updating the Flowmeter buffer data: 'NoneType' object is not subscriptable
WARNING: 21:55:17 - __main__:  Error updating the Bronkhorst Pressure buffer timestamp: 'NoneType' object is not subscriptable
WARNING: 21:55:17 - __main__:  Error updating the Bronkhorst Pressure buffer data: 'NoneType' object is not subscriptable
WARNING: 21:55:17 - __main__:  Error updating the Bronkhorst Pressure buffer data: 'NoneType' object is not subscriptable
WARNING: 21:55:17 - __main__:  Error updating the Bronkhorst Pressure buffer data: 'NoneType' object is not subscriptable
WARNING: 21:55:17 - __main__:  Error updating the Bronkhorst Pressure buffer data: 'NoneType' object is not subscriptable
INFO: 21:55:21 - main_pipeline.sensor:  Shutting down sensors
INFO: 21:55:21 - sensor_interfaces.sim_instruments:  Abakus measurements stopped
INFO: 21:55:21 - sensor_interfaces.sim_instruments:  Dimetix laser turned off
INFO: 21:55:21 - main_pipeline.sensor:  Finished shutting down sensors
INFO: 21:55:30 - main_pipeline.sensor:  Couldn't find Picarro at port /dev/ttyUSB0, shadowing sensor calls with substitute functions
WARNING: 21:55:30 - main_pipeline.sensor:  Couldn't find Abakus at port /dev/ttyUSB0, shadowing sensor calls with substitute functions
WARNING: 21:55:30 - main_pipeline.sensor:  Couldn't find Flowmeter at port /dev/ttyUSB0 and /dev/ttyUSB0, shadowing sensor calls with substitute functions
WARNING: 21:55:30 - main_pipeline.sensor:  Couldn't find Dimetix laser at port /dev/ttyUSB0, shadowing sensor calls with substitute functions
WARNING: 21:55:30 - main_pipeline.sensor:  Couldn't find Bronkhorst at port /dev/ttyUSB0, shadowing sensor calls with substitute functions
INFO: 21:55:30 - sensor_interfaces.sim_instruments:  Fake hardware, pretending to use serial port /dev/ttyUSB0 with baud 38400
INFO: 21:55:30 - sensor_interfaces.sim_instruments:  Fake hardware, pretending to use serial port /dev/ttyUSB0 with baud 115200
INFO: 21:55:30 - sensor_interfaces.sim_instruments:  Fake hardware, pretending to use serial port /dev/ttyUSB0 with baud 115200
INFO: 21:55:30 - sensor_interfaces.sim_instruments:  Fake hardware, pretending to use serial port /dev/ttyUSB0 with baud 19200
INFO: 21:55:30 - sensor_interfaces.sim_instruments:  Fake hardware, pretending to use serial port /dev/ttyUSB0 with baud 19200
INFO: 21:55:30 - sensor_interfaces.sim_instruments:  Fake hardware, pretending to use serial port /dev/ttyUSB0 with baud 38400
INFO: 21:55:30 - main_pipeline.sensor:  Sensor class initiated
INFO: 21:55:30 - main_pipeline.interpreter:  Interpreter class initiated
INFO: 21:55:30 - main_pipeline.writer:  Display class initiated
INFO: 21:55:32 - main_pipeline.sensor:  Initializing sensors
INFO: 21:55:32 - sensor_interfaces.sim_instruments:  Initializing Abakus
INFO: 21:55:32 - sensor_interfaces.sim_instruments:  Abakus initialized
INFO: 21:55:32 - sensor_interfaces.sim_instruments:  Initializing Picarro
INFO: 21:55:32 - sensor_interfaces.sim_instruments:  Initialized Picarro
INFO: 21:55:32 - sensor_interfaces.sim_instruments:  Initializing Dimetix laser
INFO: 21:55:32 - sensor_interfaces.sim_instruments:  Laser initialized
INFO: 21:55:32 - sensor_interfaces.sim_instruments:  Initializing Bronkhorst
INFO: 21:55:32 - sensor_interfaces.sim_instruments:  Bronkhorst initialized
INFO: 21:55:32 - sensor_interfaces.sim_instruments:  Initializing Flowmeter
INFO: 21:55:32 - sensor_interfaces.sim_instruments:  Flowmeter sli2000 initialized
INFO: 21:55:32 - sensor_interfaces.sim_instruments:  Initializing Flowmeter
INFO: 21:55:32 - sensor_interfaces.sim_instruments:  Flowmeter sls1500 initialized
INFO: 21:55:32 - main_pipeline.sensor:  Finished initializing sensors
INFO: 21:55:45 - main_pipeline.sensor:  Shutting down sensors
INFO: 21:55:45 - sensor_interfaces.sim_instruments:  Abakus measurements stopped
INFO: 21:55:45 - sensor_interfaces.sim_instruments:  Dimetix laser turned off
INFO: 21:55:45 - main_pipeline.sensor:  Finished shutting down sensors
INFO: 21:55:49 - main_pipeline.sensor:  Shutting down sensors
INFO: 21:55:49 - sensor_interfaces.sim_instruments:  Abakus measurements stopped
INFO: 21:55:49 - sensor_interfaces.sim_instruments:  Dimetix laser turned off
INFO: 21:55:49 - main_pipeline.sensor:  Finished shutting down sensors
INFO: 21:59:06 - main_pipeline.sensor:  Couldn't find Picarro at port /dev/ttyUSB0, shadowing sensor calls with substitute functions
WARNING: 21:59:06 - main_pipeline.sensor:  Couldn't find Abakus at port /dev/ttyUSB0, shadowing sensor calls with substitute functions
WARNING: 21:59:06 - main_pipeline.sensor:  Couldn't find Flowmeter at port /dev/ttyUSB0 and /dev/ttyUSB0, shadowing sensor calls with substitute functions
WARNING: 21:59:06 - main_pipeline.sensor:  Couldn't find Dimetix laser at port /dev/ttyUSB0, shadowing sensor calls with substitute functions
WARNING: 21:59:06 - main_pipeline.sensor:  Couldn't find Bronkhorst at port /dev/ttyUSB0, shadowing sensor calls with substitute functions
INFO: 21:59:06 - sensor_interfaces.sim_instruments:  Fake hardware, pretending to use serial port /dev/ttyUSB0 with baud 38400
INFO: 21:59:06 - sensor_interfaces.sim_instruments:  Fake hardware, pretending to use serial port /dev/ttyUSB0 with baud 115200
INFO: 21:59:06 - sensor_interfaces.sim_instruments:  Fake hardware, pretending to use serial port /dev/ttyUSB0 with baud 115200
INFO: 21:59:06 - sensor_interfaces.sim_instruments:  Fake hardware, pretending to use serial port /dev/ttyUSB0 with baud 19200
INFO: 21:59:06 - sensor_interfaces.sim_instruments:  Fake hardware, pretending to use serial port /dev/ttyUSB0 with baud 19200
INFO: 21:59:06 - sensor_interfaces.sim_instruments:  Fake hardware, pretending to use serial port /dev/ttyUSB0 with baud 38400
INFO: 21:59:06 - main_pipeline.sensor:  Sensor class initiated
INFO: 21:59:06 - main_pipeline.interpreter:  Interpreter class initiated
INFO: 21:59:06 - main_pipeline.writer:  Display class initiated
INFO: 21:59:08 - main_pipeline.sensor:  Initializing sensors
INFO: 21:59:08 - sensor_interfaces.sim_instruments:  Initializing Abakus
INFO: 21:59:08 - sensor_interfaces.sim_instruments:  Abakus initialized
INFO: 21:59:08 - sensor_interfaces.sim_instruments:  Initializing Picarro
INFO: 21:59:08 - sensor_interfaces.sim_instruments:  Initialized Picarro
INFO: 21:59:08 - sensor_interfaces.sim_instruments:  Initializing Dimetix laser
INFO: 21:59:08 - sensor_interfaces.sim_instruments:  Laser initialized
INFO: 21:59:08 - sensor_interfaces.sim_instruments:  Initializing Bronkhorst
INFO: 21:59:08 - sensor_interfaces.sim_instruments:  Bronkhorst initialized
INFO: 21:59:08 - sensor_interfaces.sim_instruments:  Initializing Flowmeter
INFO: 21:59:08 - sensor_interfaces.sim_instruments:  Flowmeter sli2000 initialized
INFO: 21:59:08 - sensor_interfaces.sim_instruments:  Initializing Flowmeter
INFO: 21:59:08 - sensor_interfaces.sim_instruments:  Flowmeter sls1500 initialized
INFO: 21:59:08 - main_pipeline.sensor:  Finished initializing sensors
INFO: 21:59:27 - main_pipeline.sensor:  Shutting down sensors
INFO: 21:59:27 - sensor_interfaces.sim_instruments:  Abakus measurements stopped
INFO: 21:59:27 - sensor_interfaces.sim_instruments:  Dimetix laser turned off
INFO: 21:59:27 - main_pipeline.sensor:  Finished shutting down sensors
INFO: 22:00:11 - main_pipeline.sensor:  Couldn't find Picarro at port /dev/ttyUSB0, shadowing sensor calls with substitute functions
WARNING: 22:00:11 - main_pipeline.sensor:  Couldn't find Abakus at port /dev/ttyUSB0, shadowing sensor calls with substitute functions
WARNING: 22:00:11 - main_pipeline.sensor:  Couldn't find Flowmeter at port /dev/ttyUSB0 and /dev/ttyUSB0, shadowing sensor calls with substitute functions
WARNING: 22:00:11 - main_pipeline.sensor:  Couldn't find Dimetix laser at port /dev/ttyUSB0, shadowing sensor calls with substitute functions
WARNING: 22:00:11 - main_pipeline.sensor:  Couldn't find Bronkhorst at port /dev/ttyUSB0, shadowing sensor calls with substitute functions
INFO: 22:00:11 - sensor_interfaces.sim_instruments:  Fake hardware, pretending to use serial port /dev/ttyUSB0 with baud 38400
INFO: 22:00:11 - sensor_interfaces.sim_instruments:  Fake hardware, pretending to use serial port /dev/ttyUSB0 with baud 115200
INFO: 22:00:11 - sensor_interfaces.sim_instruments:  Fake hardware, pretending to use serial port /dev/ttyUSB0 with baud 115200
INFO: 22:00:11 - sensor_interfaces.sim_instruments:  Fake hardware, pretending to use serial port /dev/ttyUSB0 with baud 19200
INFO: 22:00:11 - sensor_interfaces.sim_instruments:  Fake hardware, pretending to use serial port /dev/ttyUSB0 with baud 19200
INFO: 22:00:11 - sensor_interfaces.sim_instruments:  Fake hardware, pretending to use serial port /dev/ttyUSB0 with baud 38400
INFO: 22:00:11 - main_pipeline.sensor:  Sensor class initiated
INFO: 22:00:11 - main_pipeline.interpreter:  Interpreter class initiated
INFO: 22:00:11 - main_pipeline.writer:  Display class initiated
INFO: 22:00:13 - main_pipeline.sensor:  Initializing sensors
INFO: 22:00:13 - sensor_interfaces.sim_instruments:  Initializing Abakus
INFO: 22:00:13 - sensor_interfaces.sim_instruments:  Abakus initialized
INFO: 22:00:13 - sensor_interfaces.sim_instruments:  Initializing Picarro
INFO: 22:00:13 - sensor_interfaces.sim_instruments:  Initialized Picarro
INFO: 22:00:13 - sensor_interfaces.sim_instruments:  Initializing Dimetix laser
INFO: 22:00:13 - sensor_interfaces.sim_instruments:  Laser initialized
INFO: 22:00:13 - sensor_interfaces.sim_instruments:  Initializing Bronkhorst
INFO: 22:00:13 - sensor_interfaces.sim_instruments:  Bronkhorst initialized
INFO: 22:00:13 - sensor_interfaces.sim_instruments:  Initializing Flowmeter
INFO: 22:00:13 - sensor_interfaces.sim_instruments:  Flowmeter sli2000 initialized
INFO: 22:00:13 - sensor_interfaces.sim_instruments:  Initializing Flowmeter
INFO: 22:00:13 - sensor_interfaces.sim_instruments:  Flowmeter sls1500 initialized
INFO: 22:00:13 - main_pipeline.sensor:  Finished initializing sensors
INFO: 22:00:41 - main_pipeline.sensor:  Shutting down sensors
INFO: 22:00:41 - sensor_interfaces.sim_instruments:  Abakus measurements stopped
INFO: 22:00:41 - sensor_interfaces.sim_instruments:  Dimetix laser turned off
INFO: 22:00:41 - main_pipeline.sensor:  Finished shutting down sensors
INFO: 22:00:51 - main_pipeline.sensor:  Couldn't find Picarro at port /dev/ttyUSB0, shadowing sensor calls with substitute functions
WARNING: 22:00:51 - main_pipeline.sensor:  Couldn't find Abakus at port /dev/ttyUSB0, shadowing sensor calls with substitute functions
WARNING: 22:00:51 - main_pipeline.sensor:  Couldn't find Flowmeter at port /dev/ttyUSB0 and /dev/ttyUSB0, shadowing sensor calls with substitute functions
WARNING: 22:00:51 - main_pipeline.sensor:  Couldn't find Dimetix laser at port /dev/ttyUSB0, shadowing sensor calls with substitute functions
WARNING: 22:00:51 - main_pipeline.sensor:  Couldn't find Bronkhorst at port /dev/ttyUSB0, shadowing sensor calls with substitute functions
INFO: 22:00:51 - sensor_interfaces.sim_instruments:  Fake hardware, pretending to use serial port /dev/ttyUSB0 with baud 38400
INFO: 22:00:51 - sensor_interfaces.sim_instruments:  Fake hardware, pretending to use serial port /dev/ttyUSB0 with baud 115200
INFO: 22:00:51 - sensor_interfaces.sim_instruments:  Fake hardware, pretending to use serial port /dev/ttyUSB0 with baud 115200
INFO: 22:00:51 - sensor_interfaces.sim_instruments:  Fake hardware, pretending to use serial port /dev/ttyUSB0 with baud 19200
INFO: 22:00:51 - sensor_interfaces.sim_instruments:  Fake hardware, pretending to use serial port /dev/ttyUSB0 with baud 19200
INFO: 22:00:51 - sensor_interfaces.sim_instruments:  Fake hardware, pretending to use serial port /dev/ttyUSB0 with baud 38400
INFO: 22:00:51 - main_pipeline.sensor:  Sensor class initiated
INFO: 22:00:51 - main_pipeline.interpreter:  Interpreter class initiated
INFO: 22:00:51 - main_pipeline.writer:  Display class initiated
INFO: 22:00:54 - main_pipeline.sensor:  Initializing sensors
INFO: 22:00:54 - sensor_interfaces.sim_instruments:  Initializing Abakus
INFO: 22:00:54 - sensor_interfaces.sim_instruments:  Abakus initialized
INFO: 22:00:54 - sensor_interfaces.sim_instruments:  Initializing Picarro
INFO: 22:00:54 - sensor_interfaces.sim_instruments:  Initialized Picarro
INFO: 22:00:54 - sensor_interfaces.sim_instruments:  Initializing Dimetix laser
INFO: 22:00:54 - sensor_interfaces.sim_instruments:  Laser initialized
INFO: 22:00:54 - sensor_interfaces.sim_instruments:  Initializing Bronkhorst
INFO: 22:00:54 - sensor_interfaces.sim_instruments:  Bronkhorst initialized
INFO: 22:00:54 - sensor_interfaces.sim_instruments:  Initializing Flowmeter
INFO: 22:00:54 - sensor_interfaces.sim_instruments:  Flowmeter sli2000 initialized
INFO: 22:00:54 - sensor_interfaces.sim_instruments:  Initializing Flowmeter
INFO: 22:00:54 - sensor_interfaces.sim_instruments:  Flowmeter sls1500 initialized
INFO: 22:00:54 - main_pipeline.sensor:  Finished initializing sensors
WARNING: 22:00:55 - main_pipeline.interpreter:  Encountered exception in validating flowmeter SLI2000: string index out of range. Raw output nan
WARNING: 22:00:55 - main_pipeline.interpreter:  Encountered exception in validating flowmeter SLI2000: string index out of range. Raw output nan
WARNING: 22:00:55 - main_pipeline.interpreter:  Encountered exception in validating flowmeter SLI2000: string index out of range. Raw output nan
WARNING: 22:00:55 - main_pipeline.interpreter:  Encountered exception in validating flowmeter SLI2000: string index out of range. Raw output nan
WARNING: 22:00:55 - main_pipeline.interpreter:  Encountered exception in validating flowmeter SLI2000: string index out of range. Raw output nan
WARNING: 22:00:55 - main_pipeline.interpreter:  Encountered exception in validating flowmeter SLI2000: string index out of range. Raw output nan
WARNING: 22:00:55 - main_pipeline.interpreter:  Encountered exception in validating flowmeter SLI2000: string index out of range. Raw output nan
WARNING: 22:00:55 - main_pipeline.interpreter:  Encountered exception in validating flowmeter SLI2000: string index out of range. Raw output nan
WARNING: 22:00:55 - main_pipeline.interpreter:  Encountered exception in validating flowmeter SLI2000: string index out of range. Raw output nan
WARNING: 22:00:55 - main_pipeline.interpreter:  Encountered exception in validating flowmeter SLI2000: string index out of range. Raw output nan
WARNING: 22:00:55 - main_pipeline.interpreter:  Encountered exception in validating flowmeter SLI2000: string index out of range. Raw output nan
WARNING: 22:00:55 - main_pipeline.interpreter:  Encountered exception in validating flowmeter SLI2000: string index out of range. Raw output nan
WARNING: 22:00:55 - main_pipeline.interpreter:  Encountered exception in validating flowmeter SLI2000: string index out of range. Raw output nan
WARNING: 22:00:55 - main_pipeline.interpreter:  Encountered exception in validating flowmeter SLI2000: string index out of range. Raw output nan
WARNING: 22:00:55 - main_pipeline.interpreter:  Encountered exception in validating flowmeter SLI2000: string index out of range. Raw output nan
WARNING: 22:00:55 - main_pipeline.interpreter:  Encountered exception in validating flowmeter SLS1500: string index out of range. Raw output nan
WARNING: 22:00:55 - main_pipeline.interpreter:  Encountered exception in validating flowmeter SLS1500: string index out of range. Raw output nan
WARNING: 22:00:55 - main_pipeline.interpreter:  Encountered exception in validating flowmeter SLS1500: string index out of range. Raw output nan
WARNING: 22:00:55 - main_pipeline.interpreter:  Encountered exception in validating flowmeter SLS1500: string index out of range. Raw output nan
WARNING: 22:00:55 - main_pipeline.interpreter:  Encountered exception in validating flowmeter SLS1500: string index out of range. Raw output nan
WARNING: 22:00:55 - main_pipeline.interpreter:  Encountered exception in validating flowmeter SLS1500: string index out of range. Raw output nan
WARNING: 22:00:55 - main_pipeline.interpreter:  Encountered exception in validating flowmeter SLS1500: string index out of range. Raw output nan
WARNING: 22:00:55 - main_pipeline.interpreter:  Encountered exception in validating flowmeter SLS1500: string index out of range. Raw output nan
WARNING: 22:00:55 - main_pipeline.interpreter:  Encountered exception in validating flowmeter SLS1500: string index out of range. Raw output nan
WARNING: 22:00:55 - main_pipeline.interpreter:  Encountered exception in validating flowmeter SLS1500: string index out of range. Raw output nan
WARNING: 22:00:55 - main_pipeline.interpreter:  Encountered exception in validating flowmeter SLS1500: string index out of range. Raw output nan
WARNING: 22:00:55 - main_pipeline.interpreter:  Encountered exception in validating flowmeter SLS1500: string index out of range. Raw output nan
WARNING: 22:00:55 - main_pipeline.interpreter:  Encountered exception in validating flowmeter SLS1500: string index out of range. Raw output nan
WARNING: 22:00:55 - main_pipeline.interpreter:  Encountered exception in validating flowmeter SLS1500: string index out of range. Raw output nan
WARNING: 22:00:55 - main_pipeline.interpreter:  Encountered exception in validating flowmeter SLS1500: string index out of range. Raw output nan
WARNING: 22:00:55 - main_pipeline.interpreter:  Unexpected exception in processing picarro GAS data: could not convert string to float: 'a'. Not updating measurement
WARNING: 22:00:55 - __main__:  Error updating the Picarro Gas buffer timestamp: 'NoneType' object is not subscriptable
WARNING: 22:00:55 - __main__:  Error updating the Picarro Gas buffer data: 'NoneType' object is not subscriptable
WARNING: 22:00:55 - __main__:  Error updating the Picarro Gas buffer data: 'NoneType' object is not subscriptable
WARNING: 22:00:55 - __main__:  Error updating the Picarro Gas buffer data: 'NoneType' object is not subscriptable
WARNING: 22:00:55 - __main__:  Error updating the Picarro Gas buffer data: 'NoneType' object is not subscriptable
WARNING: 22:00:55 - __main__:  Error updating the Laser Distance Sensor buffer timestamp: 'NoneType' object is not subscriptable
WARNING: 22:00:55 - __main__:  Error updating the Laser Distance Sensor buffer data: 'NoneType' object is not subscriptable
WARNING: 22:00:55 - __main__:  Error updating the Laser Distance Sensor buffer data: 'NoneType' object is not subscriptable
WARNING: 22:00:55 - __main__:  Error updating the Abakus Particle Counter buffer timestamp: 'NoneType' object is not subscriptable
WARNING: 22:00:55 - __main__:  Error updating the Abakus Particle Counter buffer data: 'NoneType' object is not subscriptable
WARNING: 22:00:55 - __main__:  Error updating the Flowmeter buffer timestamp: 'NoneType' object is not subscriptable
WARNING: 22:00:55 - __main__:  Error updating the Flowmeter buffer data: 'NoneType' object is not subscriptable
WARNING: 22:00:55 - __main__:  Error updating the Flowmeter buffer data: 'NoneType' object is not subscriptable
WARNING: 22:00:55 - __main__:  Error updating the Bronkhorst Pressure buffer timestamp: 'NoneType' object is not subscriptable
WARNING: 22:00:55 - __main__:  Error updating the Bronkhorst Pressure buffer data: 'NoneType' object is not subscriptable
WARNING: 22:00:55 - __main__:  Error updating the Bronkhorst Pressure buffer data: 'NoneType' object is not subscriptable
WARNING: 22:00:55 - __main__:  Error updating the Bronkhorst Pressure buffer data: 'NoneType' object is not subscriptable
WARNING: 22:00:55 - __main__:  Error updating the Bronkhorst Pressure buffer data: 'NoneType' object is not subscriptable
WARNING: 22:00:56 - main_pipeline.interpreter:  Encountered exception in validating flowmeter SLI2000: string index out of range. Raw output nan
WARNING: 22:00:56 - main_pipeline.interpreter:  Encountered exception in validating flowmeter SLI2000: string index out of range. Raw output nan
WARNING: 22:00:56 - main_pipeline.interpreter:  Encountered exception in validating flowmeter SLI2000: string index out of range. Raw output nan
WARNING: 22:00:56 - main_pipeline.interpreter:  Encountered exception in validating flowmeter SLI2000: string index out of range. Raw output nan
WARNING: 22:00:56 - main_pipeline.interpreter:  Encountered exception in validating flowmeter SLI2000: string index out of range. Raw output nan
WARNING: 22:00:56 - main_pipeline.interpreter:  Encountered exception in validating flowmeter SLI2000: string index out of range. Raw output nan
WARNING: 22:00:56 - main_pipeline.interpreter:  Encountered exception in validating flowmeter SLI2000: string index out of range. Raw output nan
WARNING: 22:00:56 - main_pipeline.interpreter:  Encountered exception in validating flowmeter SLI2000: string index out of range. Raw output nan
WARNING: 22:00:56 - main_pipeline.interpreter:  Encountered exception in validating flowmeter SLI2000: string index out of range. Raw output nan
WARNING: 22:00:56 - main_pipeline.interpreter:  Encountered exception in validating flowmeter SLI2000: string index out of range. Raw output nan
WARNING: 22:00:56 - main_pipeline.interpreter:  Encountered exception in validating flowmeter SLI2000: string index out of range. Raw output nan
WARNING: 22:00:56 - main_pipeline.interpreter:  Encountered exception in validating flowmeter SLI2000: string index out of range. Raw output nan
WARNING: 22:00:56 - main_pipeline.interpreter:  Encountered exception in validating flowmeter SLI2000: string index out of range. Raw output nan
WARNING: 22:00:56 - main_pipeline.interpreter:  Encountered exception in validating flowmeter SLI2000: string index out of range. Raw output nan
WARNING: 22:00:56 - main_pipeline.interpreter:  Encountered exception in validating flowmeter SLI2000: string index out of range. Raw output nan
WARNING: 22:00:56 - main_pipeline.interpreter:  Encountered exception in validating flowmeter SLS1500: string index out of range. Raw output nan
WARNING: 22:00:56 - main_pipeline.interpreter:  Encountered exception in validating flowmeter SLS1500: string index out of range. Raw output nan
WARNING: 22:00:56 - main_pipeline.interpreter:  Encountered exception in validating flowmeter SLS1500: string index out of range. Raw output nan
WARNING: 22:00:56 - main_pipeline.interpreter:  Encountered exception in validating flowmeter SLS1500: string index out of range. Raw output nan
WARNING: 22:00:56 - main_pipeline.interpreter:  Encountered exception in validating flowmeter SLS1500: string index out of range. Raw output nan
WARNING: 22:00:56 - main_pipeline.interpreter:  Encountered exception in validating flowmeter SLS1500: string index out of range. Raw output nan
WARNING: 22:00:56 - main_pipeline.interpreter:  Encountered exception in validating flowmeter SLS1500: string index out of range. Raw output nan
WARNING: 22:00:56 - main_pipeline.interpreter:  Encountered exception in validating flowmeter SLS1500: string index out of range. Raw output nan
WARNING: 22:00:56 - main_pipeline.interpreter:  Encountered exception in validating flowmeter SLS1500: string index out of range. Raw output nan
WARNING: 22:00:56 - main_pipeline.interpreter:  Encountered exception in validating flowmeter SLS1500: string index out of range. Raw output nan
WARNING: 22:00:56 - main_pipeline.interpreter:  Encountered exception in validating flowmeter SLS1500: string index out of range. Raw output nan
WARNING: 22:00:56 - main_pipeline.interpreter:  Encountered exception in validating flowmeter SLS1500: string index out of range. Raw output nan
WARNING: 22:00:56 - main_pipeline.interpreter:  Encountered exception in validating flowmeter SLS1500: string index out of range. Raw output nan
WARNING: 22:00:56 - main_pipeline.interpreter:  Encountered exception in validating flowmeter SLS1500: string index out of range. Raw output nan
WARNING: 22:00:56 - main_pipeline.interpreter:  Encountered exception in validating flowmeter SLS1500: string index out of range. Raw output nan
WARNING: 22:00:56 - main_pipeline.interpreter:  Unexpected exception in processing picarro GAS data: could not convert string to float: 'a'. Not updating measurement
WARNING: 22:00:56 - __main__:  Error updating the Picarro Gas buffer timestamp: 'NoneType' object is not subscriptable
WARNING: 22:00:56 - __main__:  Error updating the Picarro Gas buffer data: 'NoneType' object is not subscriptable
WARNING: 22:00:56 - __main__:  Error updating the Picarro Gas buffer data: 'NoneType' object is not subscriptable
WARNING: 22:00:56 - __main__:  Error updating the Picarro Gas buffer data: 'NoneType' object is not subscriptable
WARNING: 22:00:56 - __main__:  Error updating the Picarro Gas buffer data: 'NoneType' object is not subscriptable
WARNING: 22:00:56 - __main__:  Error updating the Laser Distance Sensor buffer timestamp: 'NoneType' object is not subscriptable
WARNING: 22:00:56 - __main__:  Error updating the Laser Distance Sensor buffer data: 'NoneType' object is not subscriptable
WARNING: 22:00:56 - __main__:  Error updating the Laser Distance Sensor buffer data: 'NoneType' object is not subscriptable
WARNING: 22:00:56 - __main__:  Error updating the Abakus Particle Counter buffer timestamp: 'NoneType' object is not subscriptable
WARNING: 22:00:56 - __main__:  Error updating the Abakus Particle Counter buffer data: 'NoneType' object is not subscriptable
WARNING: 22:00:56 - __main__:  Error updating the Flowmeter buffer timestamp: 'NoneType' object is not subscriptable
WARNING: 22:00:56 - __main__:  Error updating the Flowmeter buffer data: 'NoneType' object is not subscriptable
WARNING: 22:00:56 - __main__:  Error updating the Flowmeter buffer data: 'NoneType' object is not subscriptable
WARNING: 22:00:56 - __main__:  Error updating the Bronkhorst Pressure buffer timestamp: 'NoneType' object is not subscriptable
WARNING: 22:00:56 - __main__:  Error updating the Bronkhorst Pressure buffer data: 'NoneType' object is not subscriptable
WARNING: 22:00:56 - __main__:  Error updating the Bronkhorst Pressure buffer data: 'NoneType' object is not subscriptable
WARNING: 22:00:56 - __main__:  Error updating the Bronkhorst Pressure buffer data: 'NoneType' object is not subscriptable
WARNING: 22:00:56 - __main__:  Error updating the Bronkhorst Pressure buffer data: 'NoneType' object is not subscriptable
WARNING: 22:00:57 - main_pipeline.interpreter:  Encountered exception in validating flowmeter SLI2000: string index out of range. Raw output nan
WARNING: 22:00:57 - main_pipeline.interpreter:  Encountered exception in validating flowmeter SLI2000: string index out of range. Raw output nan
WARNING: 22:00:57 - main_pipeline.interpreter:  Encountered exception in validating flowmeter SLI2000: string index out of range. Raw output nan
WARNING: 22:00:57 - main_pipeline.interpreter:  Encountered exception in validating flowmeter SLI2000: string index out of range. Raw output nan
WARNING: 22:00:57 - main_pipeline.interpreter:  Encountered exception in validating flowmeter SLI2000: string index out of range. Raw output nan
WARNING: 22:00:57 - main_pipeline.interpreter:  Encountered exception in validating flowmeter SLI2000: string index out of range. Raw output nan
WARNING: 22:00:57 - main_pipeline.interpreter:  Encountered exception in validating flowmeter SLI2000: string index out of range. Raw output nan
WARNING: 22:00:57 - main_pipeline.interpreter:  Encountered exception in validating flowmeter SLI2000: string index out of range. Raw output nan
WARNING: 22:00:57 - main_pipeline.interpreter:  Encountered exception in validating flowmeter SLI2000: string index out of range. Raw output nan
WARNING: 22:00:57 - main_pipeline.interpreter:  Encountered exception in validating flowmeter SLI2000: string index out of range. Raw output nan
WARNING: 22:00:57 - main_pipeline.interpreter:  Encountered exception in validating flowmeter SLI2000: string index out of range. Raw output nan
WARNING: 22:00:57 - main_pipeline.interpreter:  Encountered exception in validating flowmeter SLI2000: string index out of range. Raw output nan
WARNING: 22:00:57 - main_pipeline.interpreter:  Encountered exception in validating flowmeter SLI2000: string index out of range. Raw output nan
WARNING: 22:00:57 - main_pipeline.interpreter:  Encountered exception in validating flowmeter SLI2000: string index out of range. Raw output nan
WARNING: 22:00:57 - main_pipeline.interpreter:  Encountered exception in validating flowmeter SLI2000: string index out of range. Raw output nan
WARNING: 22:00:57 - main_pipeline.interpreter:  Encountered exception in validating flowmeter SLS1500: string index out of range. Raw output nan
WARNING: 22:00:57 - main_pipeline.interpreter:  Encountered exception in validating flowmeter SLS1500: string index out of range. Raw output nan
WARNING: 22:00:57 - main_pipeline.interpreter:  Encountered exception in validating flowmeter SLS1500: string index out of range. Raw output nan
WARNING: 22:00:57 - main_pipeline.interpreter:  Encountered exception in validating flowmeter SLS1500: string index out of range. Raw output nan
WARNING: 22:00:57 - main_pipeline.interpreter:  Encountered exception in validating flowmeter SLS1500: string index out of range. Raw output nan
WARNING: 22:00:57 - main_pipeline.interpreter:  Encountered exception in validating flowmeter SLS1500: string index out of range. Raw output nan
WARNING: 22:00:57 - main_pipeline.interpreter:  Encountered exception in validating flowmeter SLS1500: string index out of range. Raw output nan
WARNING: 22:00:57 - main_pipeline.interpreter:  Encountered exception in validating flowmeter SLS1500: string index out of range. Raw output nan
WARNING: 22:00:57 - main_pipeline.interpreter:  Encountered exception in validating flowmeter SLS1500: string index out of range. Raw output nan
WARNING: 22:00:57 - main_pipeline.interpreter:  Encountered exception in validating flowmeter SLS1500: string index out of range. Raw output nan
WARNING: 22:00:57 - main_pipeline.interpreter:  Encountered exception in validating flowmeter SLS1500: string index out of range. Raw output nan
WARNING: 22:00:57 - main_pipeline.interpreter:  Encountered exception in validating flowmeter SLS1500: string index out of range. Raw output nan
WARNING: 22:00:57 - main_pipeline.interpreter:  Encountered exception in validating flowmeter SLS1500: string index out of range. Raw output nan
WARNING: 22:00:57 - main_pipeline.interpreter:  Encountered exception in validating flowmeter SLS1500: string index out of range. Raw output nan
WARNING: 22:00:57 - main_pipeline.interpreter:  Encountered exception in validating flowmeter SLS1500: string index out of range. Raw output nan
WARNING: 22:00:57 - main_pipeline.interpreter:  Unexpected exception in processing picarro GAS data: could not convert string to float: 'a'. Not updating measurement
WARNING: 22:00:57 - __main__:  Error updating the Picarro Gas buffer timestamp: 'NoneType' object is not subscriptable
WARNING: 22:00:57 - __main__:  Error updating the Picarro Gas buffer data: 'NoneType' object is not subscriptable
WARNING: 22:00:57 - __main__:  Error updating the Picarro Gas buffer data: 'NoneType' object is not subscriptable
WARNING: 22:00:57 - __main__:  Error updating the Picarro Gas buffer data: 'NoneType' object is not subscriptable
WARNING: 22:00:57 - __main__:  Error updating the Picarro Gas buffer data: 'NoneType' object is not subscriptable
WARNING: 22:00:57 - __main__:  Error updating the Laser Distance Sensor buffer timestamp: 'NoneType' object is not subscriptable
WARNING: 22:00:57 - __main__:  Error updating the Laser Distance Sensor buffer data: 'NoneType' object is not subscriptable
WARNING: 22:00:57 - __main__:  Error updating the Laser Distance Sensor buffer data: 'NoneType' object is not subscriptable
WARNING: 22:00:57 - __main__:  Error updating the Abakus Particle Counter buffer timestamp: 'NoneType' object is not subscriptable
WARNING: 22:00:57 - __main__:  Error updating the Abakus Particle Counter buffer data: 'NoneType' object is not subscriptable
WARNING: 22:00:57 - __main__:  Error updating the Flowmeter buffer timestamp: 'NoneType' object is not subscriptable
WARNING: 22:00:57 - __main__:  Error updating the Flowmeter buffer data: 'NoneType' object is not subscriptable
WARNING: 22:00:57 - __main__:  Error updating the Flowmeter buffer data: 'NoneType' object is not subscriptable
WARNING: 22:00:57 - __main__:  Error updating the Bronkhorst Pressure buffer timestamp: 'NoneType' object is not subscriptable
WARNING: 22:00:57 - __main__:  Error updating the Bronkhorst Pressure buffer data: 'NoneType' object is not subscriptable
WARNING: 22:00:57 - __main__:  Error updating the Bronkhorst Pressure buffer data: 'NoneType' object is not subscriptable
WARNING: 22:00:57 - __main__:  Error updating the Bronkhorst Pressure buffer data: 'NoneType' object is not subscriptable
WARNING: 22:00:57 - __main__:  Error updating the Bronkhorst Pressure buffer data: 'NoneType' object is not subscriptable
WARNING: 22:00:58 - main_pipeline.interpreter:  Encountered exception in validating flowmeter SLI2000: string index out of range. Raw output nan
WARNING: 22:00:58 - main_pipeline.interpreter:  Encountered exception in validating flowmeter SLI2000: string index out of range. Raw output nan
WARNING: 22:00:58 - main_pipeline.interpreter:  Encountered exception in validating flowmeter SLI2000: string index out of range. Raw output nan
WARNING: 22:00:58 - main_pipeline.interpreter:  Encountered exception in validating flowmeter SLI2000: string index out of range. Raw output nan
WARNING: 22:00:58 - main_pipeline.interpreter:  Encountered exception in validating flowmeter SLI2000: string index out of range. Raw output nan
WARNING: 22:00:58 - main_pipeline.interpreter:  Encountered exception in validating flowmeter SLI2000: string index out of range. Raw output nan
WARNING: 22:00:58 - main_pipeline.interpreter:  Encountered exception in validating flowmeter SLI2000: string index out of range. Raw output nan
WARNING: 22:00:58 - main_pipeline.interpreter:  Encountered exception in validating flowmeter SLI2000: string index out of range. Raw output nan
WARNING: 22:00:58 - main_pipeline.interpreter:  Encountered exception in validating flowmeter SLI2000: string index out of range. Raw output nan
WARNING: 22:00:58 - main_pipeline.interpreter:  Encountered exception in validating flowmeter SLI2000: string index out of range. Raw output nan
WARNING: 22:00:58 - main_pipeline.interpreter:  Encountered exception in validating flowmeter SLI2000: string index out of range. Raw output nan
WARNING: 22:00:58 - main_pipeline.interpreter:  Encountered exception in validating flowmeter SLI2000: string index out of range. Raw output nan
WARNING: 22:00:58 - main_pipeline.interpreter:  Encountered exception in validating flowmeter SLI2000: string index out of range. Raw output nan
WARNING: 22:00:58 - main_pipeline.interpreter:  Encountered exception in validating flowmeter SLI2000: string index out of range. Raw output nan
WARNING: 22:00:58 - main_pipeline.interpreter:  Encountered exception in validating flowmeter SLI2000: string index out of range. Raw output nan
WARNING: 22:00:58 - main_pipeline.interpreter:  Encountered exception in validating flowmeter SLS1500: string index out of range. Raw output nan
WARNING: 22:00:58 - main_pipeline.interpreter:  Encountered exception in validating flowmeter SLS1500: string index out of range. Raw output nan
WARNING: 22:00:58 - main_pipeline.interpreter:  Encountered exception in validating flowmeter SLS1500: string index out of range. Raw output nan
WARNING: 22:00:58 - main_pipeline.interpreter:  Encountered exception in validating flowmeter SLS1500: string index out of range. Raw output nan
WARNING: 22:00:58 - main_pipeline.interpreter:  Encountered exception in validating flowmeter SLS1500: string index out of range. Raw output nan
WARNING: 22:00:58 - main_pipeline.interpreter:  Encountered exception in validating flowmeter SLS1500: string index out of range. Raw output nan
WARNING: 22:00:58 - main_pipeline.interpreter:  Encountered exception in validating flowmeter SLS1500: string index out of range. Raw output nan
WARNING: 22:00:58 - main_pipeline.interpreter:  Encountered exception in validating flowmeter SLS1500: string index out of range. Raw output nan
WARNING: 22:00:58 - main_pipeline.interpreter:  Encountered exception in validating flowmeter SLS1500: string index out of range. Raw output nan
WARNING: 22:00:58 - main_pipeline.interpreter:  Encountered exception in validating flowmeter SLS1500: string index out of range. Raw output nan
WARNING: 22:00:58 - main_pipeline.interpreter:  Encountered exception in validating flowmeter SLS1500: string index out of range. Raw output nan
WARNING: 22:00:58 - main_pipeline.interpreter:  Encountered exception in validating flowmeter SLS1500: string index out of range. Raw output nan
WARNING: 22:00:58 - main_pipeline.interpreter:  Encountered exception in validating flowmeter SLS1500: string index out of range. Raw output nan
WARNING: 22:00:58 - main_pipeline.interpreter:  Encountered exception in validating flowmeter SLS1500: string index out of range. Raw output nan
WARNING: 22:00:58 - main_pipeline.interpreter:  Encountered exception in validating flowmeter SLS1500: string index out of range. Raw output nan
WARNING: 22:00:58 - main_pipeline.interpreter:  Unexpected exception in processing picarro GAS data: could not convert string to float: 'a'. Not updating measurement
WARNING: 22:00:58 - __main__:  Error updating the Picarro Gas buffer timestamp: 'NoneType' object is not subscriptable
WARNING: 22:00:58 - __main__:  Error updating the Picarro Gas buffer data: 'NoneType' object is not subscriptable
WARNING: 22:00:58 - __main__:  Error updating the Picarro Gas buffer data: 'NoneType' object is not subscriptable
WARNING: 22:00:58 - __main__:  Error updating the Picarro Gas buffer data: 'NoneType' object is not subscriptable
WARNING: 22:00:58 - __main__:  Error updating the Picarro Gas buffer data: 'NoneType' object is not subscriptable
WARNING: 22:00:58 - __main__:  Error updating the Laser Distance Sensor buffer timestamp: 'NoneType' object is not subscriptable
WARNING: 22:00:58 - __main__:  Error updating the Laser Distance Sensor buffer data: 'NoneType' object is not subscriptable
WARNING: 22:00:58 - __main__:  Error updating the Laser Distance Sensor buffer data: 'NoneType' object is not subscriptable
WARNING: 22:00:58 - __main__:  Error updating the Abakus Particle Counter buffer timestamp: 'NoneType' object is not subscriptable
WARNING: 22:00:58 - __main__:  Error updating the Abakus Particle Counter buffer data: 'NoneType' object is not subscriptable
WARNING: 22:00:58 - __main__:  Error updating the Flowmeter buffer timestamp: 'NoneType' object is not subscriptable
WARNING: 22:00:58 - __main__:  Error updating the Flowmeter buffer data: 'NoneType' object is not subscriptable
WARNING: 22:00:58 - __main__:  Error updating the Flowmeter buffer data: 'NoneType' object is not subscriptable
WARNING: 22:00:58 - __main__:  Error updating the Bronkhorst Pressure buffer timestamp: 'NoneType' object is not subscriptable
WARNING: 22:00:58 - __main__:  Error updating the Bronkhorst Pressure buffer data: 'NoneType' object is not subscriptable
WARNING: 22:00:58 - __main__:  Error updating the Bronkhorst Pressure buffer data: 'NoneType' object is not subscriptable
WARNING: 22:00:58 - __main__:  Error updating the Bronkhorst Pressure buffer data: 'NoneType' object is not subscriptable
WARNING: 22:00:58 - __main__:  Error updating the Bronkhorst Pressure buffer data: 'NoneType' object is not subscriptable
WARNING: 22:00:59 - main_pipeline.interpreter:  Encountered exception in validating flowmeter SLI2000: string index out of range. Raw output nan
WARNING: 22:00:59 - main_pipeline.interpreter:  Encountered exception in validating flowmeter SLI2000: string index out of range. Raw output nan
WARNING: 22:00:59 - main_pipeline.interpreter:  Encountered exception in validating flowmeter SLI2000: string index out of range. Raw output nan
WARNING: 22:00:59 - main_pipeline.interpreter:  Encountered exception in validating flowmeter SLI2000: string index out of range. Raw output nan
WARNING: 22:00:59 - main_pipeline.interpreter:  Encountered exception in validating flowmeter SLI2000: string index out of range. Raw output nan
WARNING: 22:00:59 - main_pipeline.interpreter:  Encountered exception in validating flowmeter SLI2000: string index out of range. Raw output nan
WARNING: 22:00:59 - main_pipeline.interpreter:  Encountered exception in validating flowmeter SLI2000: string index out of range. Raw output nan
WARNING: 22:00:59 - main_pipeline.interpreter:  Encountered exception in validating flowmeter SLI2000: string index out of range. Raw output nan
WARNING: 22:00:59 - main_pipeline.interpreter:  Encountered exception in validating flowmeter SLI2000: string index out of range. Raw output nan
WARNING: 22:00:59 - main_pipeline.interpreter:  Encountered exception in validating flowmeter SLI2000: string index out of range. Raw output nan
WARNING: 22:00:59 - main_pipeline.interpreter:  Encountered exception in validating flowmeter SLI2000: string index out of range. Raw output nan
WARNING: 22:00:59 - main_pipeline.interpreter:  Encountered exception in validating flowmeter SLI2000: string index out of range. Raw output nan
WARNING: 22:00:59 - main_pipeline.interpreter:  Encountered exception in validating flowmeter SLI2000: string index out of range. Raw output nan
WARNING: 22:00:59 - main_pipeline.interpreter:  Encountered exception in validating flowmeter SLI2000: string index out of range. Raw output nan
WARNING: 22:00:59 - main_pipeline.interpreter:  Encountered exception in validating flowmeter SLI2000: string index out of range. Raw output nan
WARNING: 22:00:59 - main_pipeline.interpreter:  Encountered exception in validating flowmeter SLS1500: string index out of range. Raw output nan
WARNING: 22:00:59 - main_pipeline.interpreter:  Encountered exception in validating flowmeter SLS1500: string index out of range. Raw output nan
WARNING: 22:00:59 - main_pipeline.interpreter:  Encountered exception in validating flowmeter SLS1500: string index out of range. Raw output nan
WARNING: 22:00:59 - main_pipeline.interpreter:  Encountered exception in validating flowmeter SLS1500: string index out of range. Raw output nan
WARNING: 22:00:59 - main_pipeline.interpreter:  Encountered exception in validating flowmeter SLS1500: string index out of range. Raw output nan
WARNING: 22:00:59 - main_pipeline.interpreter:  Encountered exception in validating flowmeter SLS1500: string index out of range. Raw output nan
WARNING: 22:00:59 - main_pipeline.interpreter:  Encountered exception in validating flowmeter SLS1500: string index out of range. Raw output nan
WARNING: 22:00:59 - main_pipeline.interpreter:  Encountered exception in validating flowmeter SLS1500: string index out of range. Raw output nan
WARNING: 22:00:59 - main_pipeline.interpreter:  Encountered exception in validating flowmeter SLS1500: string index out of range. Raw output nan
WARNING: 22:00:59 - main_pipeline.interpreter:  Encountered exception in validating flowmeter SLS1500: string index out of range. Raw output nan
WARNING: 22:00:59 - main_pipeline.interpreter:  Encountered exception in validating flowmeter SLS1500: string index out of range. Raw output nan
WARNING: 22:00:59 - main_pipeline.interpreter:  Encountered exception in validating flowmeter SLS1500: string index out of range. Raw output nan
WARNING: 22:00:59 - main_pipeline.interpreter:  Encountered exception in validating flowmeter SLS1500: string index out of range. Raw output nan
WARNING: 22:00:59 - main_pipeline.interpreter:  Encountered exception in validating flowmeter SLS1500: string index out of range. Raw output nan
WARNING: 22:00:59 - main_pipeline.interpreter:  Encountered exception in validating flowmeter SLS1500: string index out of range. Raw output nan
WARNING: 22:00:59 - main_pipeline.interpreter:  Unexpected exception in processing picarro GAS data: could not convert string to float: 'a'. Not updating measurement
WARNING: 22:00:59 - __main__:  Error updating the Picarro Gas buffer timestamp: 'NoneType' object is not subscriptable
WARNING: 22:00:59 - __main__:  Error updating the Picarro Gas buffer data: 'NoneType' object is not subscriptable
WARNING: 22:00:59 - __main__:  Error updating the Picarro Gas buffer data: 'NoneType' object is not subscriptable
WARNING: 22:00:59 - __main__:  Error updating the Picarro Gas buffer data: 'NoneType' object is not subscriptable
WARNING: 22:00:59 - __main__:  Error updating the Picarro Gas buffer data: 'NoneType' object is not subscriptable
WARNING: 22:00:59 - __main__:  Error updating the Laser Distance Sensor buffer timestamp: 'NoneType' object is not subscriptable
WARNING: 22:00:59 - __main__:  Error updating the Laser Distance Sensor buffer data: 'NoneType' object is not subscriptable
WARNING: 22:00:59 - __main__:  Error updating the Laser Distance Sensor buffer data: 'NoneType' object is not subscriptable
WARNING: 22:00:59 - __main__:  Error updating the Abakus Particle Counter buffer timestamp: 'NoneType' object is not subscriptable
WARNING: 22:00:59 - __main__:  Error updating the Abakus Particle Counter buffer data: 'NoneType' object is not subscriptable
WARNING: 22:00:59 - __main__:  Error updating the Flowmeter buffer timestamp: 'NoneType' object is not subscriptable
WARNING: 22:00:59 - __main__:  Error updating the Flowmeter buffer data: 'NoneType' object is not subscriptable
WARNING: 22:00:59 - __main__:  Error updating the Flowmeter buffer data: 'NoneType' object is not subscriptable
WARNING: 22:00:59 - __main__:  Error updating the Bronkhorst Pressure buffer timestamp: 'NoneType' object is not subscriptable
WARNING: 22:00:59 - __main__:  Error updating the Bronkhorst Pressure buffer data: 'NoneType' object is not subscriptable
WARNING: 22:00:59 - __main__:  Error updating the Bronkhorst Pressure buffer data: 'NoneType' object is not subscriptable
WARNING: 22:00:59 - __main__:  Error updating the Bronkhorst Pressure buffer data: 'NoneType' object is not subscriptable
WARNING: 22:00:59 - __main__:  Error updating the Bronkhorst Pressure buffer data: 'NoneType' object is not subscriptable
WARNING: 22:01:00 - main_pipeline.interpreter:  Encountered exception in validating flowmeter SLI2000: string index out of range. Raw output nan
WARNING: 22:01:00 - main_pipeline.interpreter:  Encountered exception in validating flowmeter SLI2000: string index out of range. Raw output nan
WARNING: 22:01:00 - main_pipeline.interpreter:  Encountered exception in validating flowmeter SLI2000: string index out of range. Raw output nan
WARNING: 22:01:00 - main_pipeline.interpreter:  Encountered exception in validating flowmeter SLI2000: string index out of range. Raw output nan
WARNING: 22:01:00 - main_pipeline.interpreter:  Encountered exception in validating flowmeter SLI2000: string index out of range. Raw output nan
WARNING: 22:01:00 - main_pipeline.interpreter:  Encountered exception in validating flowmeter SLI2000: string index out of range. Raw output nan
WARNING: 22:01:00 - main_pipeline.interpreter:  Encountered exception in validating flowmeter SLI2000: string index out of range. Raw output nan
WARNING: 22:01:00 - main_pipeline.interpreter:  Encountered exception in validating flowmeter SLI2000: string index out of range. Raw output nan
WARNING: 22:01:00 - main_pipeline.interpreter:  Encountered exception in validating flowmeter SLI2000: string index out of range. Raw output nan
WARNING: 22:01:00 - main_pipeline.interpreter:  Encountered exception in validating flowmeter SLI2000: string index out of range. Raw output nan
WARNING: 22:01:00 - main_pipeline.interpreter:  Encountered exception in validating flowmeter SLI2000: string index out of range. Raw output nan
WARNING: 22:01:00 - main_pipeline.interpreter:  Encountered exception in validating flowmeter SLI2000: string index out of range. Raw output nan
WARNING: 22:01:00 - main_pipeline.interpreter:  Encountered exception in validating flowmeter SLI2000: string index out of range. Raw output nan
WARNING: 22:01:00 - main_pipeline.interpreter:  Encountered exception in validating flowmeter SLI2000: string index out of range. Raw output nan
WARNING: 22:01:00 - main_pipeline.interpreter:  Encountered exception in validating flowmeter SLI2000: string index out of range. Raw output nan
WARNING: 22:01:00 - main_pipeline.interpreter:  Encountered exception in validating flowmeter SLS1500: string index out of range. Raw output nan
WARNING: 22:01:00 - main_pipeline.interpreter:  Encountered exception in validating flowmeter SLS1500: string index out of range. Raw output nan
WARNING: 22:01:00 - main_pipeline.interpreter:  Encountered exception in validating flowmeter SLS1500: string index out of range. Raw output nan
WARNING: 22:01:00 - main_pipeline.interpreter:  Encountered exception in validating flowmeter SLS1500: string index out of range. Raw output nan
WARNING: 22:01:00 - main_pipeline.interpreter:  Encountered exception in validating flowmeter SLS1500: string index out of range. Raw output nan
WARNING: 22:01:00 - main_pipeline.interpreter:  Encountered exception in validating flowmeter SLS1500: string index out of range. Raw output nan
WARNING: 22:01:00 - main_pipeline.interpreter:  Encountered exception in validating flowmeter SLS1500: string index out of range. Raw output nan
WARNING: 22:01:00 - main_pipeline.interpreter:  Encountered exception in validating flowmeter SLS1500: string index out of range. Raw output nan
WARNING: 22:01:00 - main_pipeline.interpreter:  Encountered exception in validating flowmeter SLS1500: string index out of range. Raw output nan
WARNING: 22:01:00 - main_pipeline.interpreter:  Encountered exception in validating flowmeter SLS1500: string index out of range. Raw output nan
WARNING: 22:01:00 - main_pipeline.interpreter:  Encountered exception in validating flowmeter SLS1500: string index out of range. Raw output nan
WARNING: 22:01:00 - main_pipeline.interpreter:  Encountered exception in validating flowmeter SLS1500: string index out of range. Raw output nan
WARNING: 22:01:00 - main_pipeline.interpreter:  Encountered exception in validating flowmeter SLS1500: string index out of range. Raw output nan
WARNING: 22:01:00 - main_pipeline.interpreter:  Encountered exception in validating flowmeter SLS1500: string index out of range. Raw output nan
WARNING: 22:01:00 - main_pipeline.interpreter:  Encountered exception in validating flowmeter SLS1500: string index out of range. Raw output nan
WARNING: 22:01:00 - main_pipeline.interpreter:  Unexpected exception in processing picarro GAS data: could not convert string to float: 'a'. Not updating measurement
WARNING: 22:01:00 - __main__:  Error updating the Picarro Gas buffer timestamp: 'NoneType' object is not subscriptable
WARNING: 22:01:00 - __main__:  Error updating the Picarro Gas buffer data: 'NoneType' object is not subscriptable
WARNING: 22:01:00 - __main__:  Error updating the Picarro Gas buffer data: 'NoneType' object is not subscriptable
WARNING: 22:01:00 - __main__:  Error updating the Picarro Gas buffer data: 'NoneType' object is not subscriptable
WARNING: 22:01:00 - __main__:  Error updating the Picarro Gas buffer data: 'NoneType' object is not subscriptable
WARNING: 22:01:00 - __main__:  Error updating the Laser Distance Sensor buffer timestamp: 'NoneType' object is not subscriptable
WARNING: 22:01:00 - __main__:  Error updating the Laser Distance Sensor buffer data: 'NoneType' object is not subscriptable
WARNING: 22:01:00 - __main__:  Error updating the Laser Distance Sensor buffer data: 'NoneType' object is not subscriptable
WARNING: 22:01:00 - __main__:  Error updating the Abakus Particle Counter buffer timestamp: 'NoneType' object is not subscriptable
WARNING: 22:01:00 - __main__:  Error updating the Abakus Particle Counter buffer data: 'NoneType' object is not subscriptable
WARNING: 22:01:00 - __main__:  Error updating the Flowmeter buffer timestamp: 'NoneType' object is not subscriptable
WARNING: 22:01:00 - __main__:  Error updating the Flowmeter buffer data: 'NoneType' object is not subscriptable
WARNING: 22:01:00 - __main__:  Error updating the Flowmeter buffer data: 'NoneType' object is not subscriptable
WARNING: 22:01:00 - __main__:  Error updating the Bronkhorst Pressure buffer timestamp: 'NoneType' object is not subscriptable
WARNING: 22:01:00 - __main__:  Error updating the Bronkhorst Pressure buffer data: 'NoneType' object is not subscriptable
WARNING: 22:01:00 - __main__:  Error updating the Bronkhorst Pressure buffer data: 'NoneType' object is not subscriptable
WARNING: 22:01:00 - __main__:  Error updating the Bronkhorst Pressure buffer data: 'NoneType' object is not subscriptable
WARNING: 22:01:00 - __main__:  Error updating the Bronkhorst Pressure buffer data: 'NoneType' object is not subscriptable
WARNING: 22:01:01 - main_pipeline.interpreter:  Encountered exception in validating flowmeter SLI2000: string index out of range. Raw output nan
WARNING: 22:01:01 - main_pipeline.interpreter:  Encountered exception in validating flowmeter SLI2000: string index out of range. Raw output nan
WARNING: 22:01:01 - main_pipeline.interpreter:  Encountered exception in validating flowmeter SLI2000: string index out of range. Raw output nan
WARNING: 22:01:01 - main_pipeline.interpreter:  Encountered exception in validating flowmeter SLI2000: string index out of range. Raw output nan
WARNING: 22:01:01 - main_pipeline.interpreter:  Encountered exception in validating flowmeter SLI2000: string index out of range. Raw output nan
WARNING: 22:01:01 - main_pipeline.interpreter:  Encountered exception in validating flowmeter SLI2000: string index out of range. Raw output nan
WARNING: 22:01:01 - main_pipeline.interpreter:  Encountered exception in validating flowmeter SLI2000: string index out of range. Raw output nan
WARNING: 22:01:01 - main_pipeline.interpreter:  Encountered exception in validating flowmeter SLI2000: string index out of range. Raw output nan
WARNING: 22:01:01 - main_pipeline.interpreter:  Encountered exception in validating flowmeter SLI2000: string index out of range. Raw output nan
WARNING: 22:01:01 - main_pipeline.interpreter:  Encountered exception in validating flowmeter SLI2000: string index out of range. Raw output nan
WARNING: 22:01:01 - main_pipeline.interpreter:  Encountered exception in validating flowmeter SLI2000: string index out of range. Raw output nan
WARNING: 22:01:01 - main_pipeline.interpreter:  Encountered exception in validating flowmeter SLI2000: string index out of range. Raw output nan
WARNING: 22:01:01 - main_pipeline.interpreter:  Encountered exception in validating flowmeter SLI2000: string index out of range. Raw output nan
WARNING: 22:01:01 - main_pipeline.interpreter:  Encountered exception in validating flowmeter SLI2000: string index out of range. Raw output nan
WARNING: 22:01:01 - main_pipeline.interpreter:  Encountered exception in validating flowmeter SLI2000: string index out of range. Raw output nan
WARNING: 22:01:01 - main_pipeline.interpreter:  Encountered exception in validating flowmeter SLS1500: string index out of range. Raw output nan
WARNING: 22:01:01 - main_pipeline.interpreter:  Encountered exception in validating flowmeter SLS1500: string index out of range. Raw output nan
WARNING: 22:01:01 - main_pipeline.interpreter:  Encountered exception in validating flowmeter SLS1500: string index out of range. Raw output nan
WARNING: 22:01:01 - main_pipeline.interpreter:  Encountered exception in validating flowmeter SLS1500: string index out of range. Raw output nan
WARNING: 22:01:01 - main_pipeline.interpreter:  Encountered exception in validating flowmeter SLS1500: string index out of range. Raw output nan
WARNING: 22:01:01 - main_pipeline.interpreter:  Encountered exception in validating flowmeter SLS1500: string index out of range. Raw output nan
WARNING: 22:01:01 - main_pipeline.interpreter:  Encountered exception in validating flowmeter SLS1500: string index out of range. Raw output nan
WARNING: 22:01:01 - main_pipeline.interpreter:  Encountered exception in validating flowmeter SLS1500: string index out of range. Raw output nan
WARNING: 22:01:01 - main_pipeline.interpreter:  Encountered exception in validating flowmeter SLS1500: string index out of range. Raw output nan
WARNING: 22:01:01 - main_pipeline.interpreter:  Encountered exception in validating flowmeter SLS1500: string index out of range. Raw output nan
WARNING: 22:01:01 - main_pipeline.interpreter:  Encountered exception in validating flowmeter SLS1500: string index out of range. Raw output nan
WARNING: 22:01:01 - main_pipeline.interpreter:  Encountered exception in validating flowmeter SLS1500: string index out of range. Raw output nan
WARNING: 22:01:01 - main_pipeline.interpreter:  Encountered exception in validating flowmeter SLS1500: string index out of range. Raw output nan
WARNING: 22:01:01 - main_pipeline.interpreter:  Encountered exception in validating flowmeter SLS1500: string index out of range. Raw output nan
WARNING: 22:01:01 - main_pipeline.interpreter:  Encountered exception in validating flowmeter SLS1500: string index out of range. Raw output nan
WARNING: 22:01:01 - main_pipeline.interpreter:  Unexpected exception in processing picarro GAS data: could not convert string to float: 'a'. Not updating measurement
WARNING: 22:01:01 - __main__:  Error updating the Picarro Gas buffer timestamp: 'NoneType' object is not subscriptable
WARNING: 22:01:01 - __main__:  Error updating the Picarro Gas buffer data: 'NoneType' object is not subscriptable
WARNING: 22:01:01 - __main__:  Error updating the Picarro Gas buffer data: 'NoneType' object is not subscriptable
WARNING: 22:01:01 - __main__:  Error updating the Picarro Gas buffer data: 'NoneType' object is not subscriptable
WARNING: 22:01:01 - __main__:  Error updating the Picarro Gas buffer data: 'NoneType' object is not subscriptable
WARNING: 22:01:01 - __main__:  Error updating the Laser Distance Sensor buffer timestamp: 'NoneType' object is not subscriptable
WARNING: 22:01:01 - __main__:  Error updating the Laser Distance Sensor buffer data: 'NoneType' object is not subscriptable
WARNING: 22:01:01 - __main__:  Error updating the Laser Distance Sensor buffer data: 'NoneType' object is not subscriptable
WARNING: 22:01:01 - __main__:  Error updating the Abakus Particle Counter buffer timestamp: 'NoneType' object is not subscriptable
WARNING: 22:01:01 - __main__:  Error updating the Abakus Particle Counter buffer data: 'NoneType' object is not subscriptable
WARNING: 22:01:01 - __main__:  Error updating the Flowmeter buffer timestamp: 'NoneType' object is not subscriptable
WARNING: 22:01:01 - __main__:  Error updating the Flowmeter buffer data: 'NoneType' object is not subscriptable
WARNING: 22:01:01 - __main__:  Error updating the Flowmeter buffer data: 'NoneType' object is not subscriptable
WARNING: 22:01:01 - __main__:  Error updating the Bronkhorst Pressure buffer timestamp: 'NoneType' object is not subscriptable
WARNING: 22:01:01 - __main__:  Error updating the Bronkhorst Pressure buffer data: 'NoneType' object is not subscriptable
WARNING: 22:01:01 - __main__:  Error updating the Bronkhorst Pressure buffer data: 'NoneType' object is not subscriptable
WARNING: 22:01:01 - __main__:  Error updating the Bronkhorst Pressure buffer data: 'NoneType' object is not subscriptable
WARNING: 22:01:01 - __main__:  Error updating the Bronkhorst Pressure buffer data: 'NoneType' object is not subscriptable
WARNING: 22:01:02 - main_pipeline.interpreter:  Encountered exception in validating flowmeter SLI2000: string index out of range. Raw output nan
WARNING: 22:01:02 - main_pipeline.interpreter:  Encountered exception in validating flowmeter SLI2000: string index out of range. Raw output nan
WARNING: 22:01:02 - main_pipeline.interpreter:  Encountered exception in validating flowmeter SLI2000: string index out of range. Raw output nan
WARNING: 22:01:02 - main_pipeline.interpreter:  Encountered exception in validating flowmeter SLI2000: string index out of range. Raw output nan
WARNING: 22:01:02 - main_pipeline.interpreter:  Encountered exception in validating flowmeter SLI2000: string index out of range. Raw output nan
WARNING: 22:01:02 - main_pipeline.interpreter:  Encountered exception in validating flowmeter SLI2000: string index out of range. Raw output nan
WARNING: 22:01:02 - main_pipeline.interpreter:  Encountered exception in validating flowmeter SLI2000: string index out of range. Raw output nan
WARNING: 22:01:02 - main_pipeline.interpreter:  Encountered exception in validating flowmeter SLI2000: string index out of range. Raw output nan
WARNING: 22:01:02 - main_pipeline.interpreter:  Encountered exception in validating flowmeter SLI2000: string index out of range. Raw output nan
WARNING: 22:01:02 - main_pipeline.interpreter:  Encountered exception in validating flowmeter SLI2000: string index out of range. Raw output nan
WARNING: 22:01:02 - main_pipeline.interpreter:  Encountered exception in validating flowmeter SLI2000: string index out of range. Raw output nan
WARNING: 22:01:02 - main_pipeline.interpreter:  Encountered exception in validating flowmeter SLI2000: string index out of range. Raw output nan
WARNING: 22:01:02 - main_pipeline.interpreter:  Encountered exception in validating flowmeter SLI2000: string index out of range. Raw output nan
WARNING: 22:01:02 - main_pipeline.interpreter:  Encountered exception in validating flowmeter SLI2000: string index out of range. Raw output nan
WARNING: 22:01:02 - main_pipeline.interpreter:  Encountered exception in validating flowmeter SLI2000: string index out of range. Raw output nan
WARNING: 22:01:02 - main_pipeline.interpreter:  Encountered exception in validating flowmeter SLS1500: string index out of range. Raw output nan
WARNING: 22:01:02 - main_pipeline.interpreter:  Encountered exception in validating flowmeter SLS1500: string index out of range. Raw output nan
WARNING: 22:01:02 - main_pipeline.interpreter:  Encountered exception in validating flowmeter SLS1500: string index out of range. Raw output nan
WARNING: 22:01:02 - main_pipeline.interpreter:  Encountered exception in validating flowmeter SLS1500: string index out of range. Raw output nan
WARNING: 22:01:02 - main_pipeline.interpreter:  Encountered exception in validating flowmeter SLS1500: string index out of range. Raw output nan
WARNING: 22:01:02 - main_pipeline.interpreter:  Encountered exception in validating flowmeter SLS1500: string index out of range. Raw output nan
WARNING: 22:01:02 - main_pipeline.interpreter:  Encountered exception in validating flowmeter SLS1500: string index out of range. Raw output nan
WARNING: 22:01:02 - main_pipeline.interpreter:  Encountered exception in validating flowmeter SLS1500: string index out of range. Raw output nan
WARNING: 22:01:02 - main_pipeline.interpreter:  Encountered exception in validating flowmeter SLS1500: string index out of range. Raw output nan
WARNING: 22:01:02 - main_pipeline.interpreter:  Encountered exception in validating flowmeter SLS1500: string index out of range. Raw output nan
WARNING: 22:01:02 - main_pipeline.interpreter:  Encountered exception in validating flowmeter SLS1500: string index out of range. Raw output nan
WARNING: 22:01:02 - main_pipeline.interpreter:  Encountered exception in validating flowmeter SLS1500: string index out of range. Raw output nan
WARNING: 22:01:02 - main_pipeline.interpreter:  Encountered exception in validating flowmeter SLS1500: string index out of range. Raw output nan
WARNING: 22:01:02 - main_pipeline.interpreter:  Encountered exception in validating flowmeter SLS1500: string index out of range. Raw output nan
WARNING: 22:01:02 - main_pipeline.interpreter:  Encountered exception in validating flowmeter SLS1500: string index out of range. Raw output nan
WARNING: 22:01:02 - main_pipeline.interpreter:  Unexpected exception in processing picarro GAS data: could not convert string to float: 'a'. Not updating measurement
WARNING: 22:01:02 - __main__:  Error updating the Picarro Gas buffer timestamp: 'NoneType' object is not subscriptable
WARNING: 22:01:02 - __main__:  Error updating the Picarro Gas buffer data: 'NoneType' object is not subscriptable
WARNING: 22:01:02 - __main__:  Error updating the Picarro Gas buffer data: 'NoneType' object is not subscriptable
WARNING: 22:01:02 - __main__:  Error updating the Picarro Gas buffer data: 'NoneType' object is not subscriptable
WARNING: 22:01:02 - __main__:  Error updating the Picarro Gas buffer data: 'NoneType' object is not subscriptable
WARNING: 22:01:02 - __main__:  Error updating the Laser Distance Sensor buffer timestamp: 'NoneType' object is not subscriptable
WARNING: 22:01:02 - __main__:  Error updating the Laser Distance Sensor buffer data: 'NoneType' object is not subscriptable
WARNING: 22:01:02 - __main__:  Error updating the Laser Distance Sensor buffer data: 'NoneType' object is not subscriptable
WARNING: 22:01:02 - __main__:  Error updating the Abakus Particle Counter buffer timestamp: 'NoneType' object is not subscriptable
WARNING: 22:01:02 - __main__:  Error updating the Abakus Particle Counter buffer data: 'NoneType' object is not subscriptable
WARNING: 22:01:02 - __main__:  Error updating the Flowmeter buffer timestamp: 'NoneType' object is not subscriptable
WARNING: 22:01:02 - __main__:  Error updating the Flowmeter buffer data: 'NoneType' object is not subscriptable
WARNING: 22:01:02 - __main__:  Error updating the Flowmeter buffer data: 'NoneType' object is not subscriptable
WARNING: 22:01:02 - __main__:  Error updating the Bronkhorst Pressure buffer timestamp: 'NoneType' object is not subscriptable
WARNING: 22:01:02 - __main__:  Error updating the Bronkhorst Pressure buffer data: 'NoneType' object is not subscriptable
WARNING: 22:01:02 - __main__:  Error updating the Bronkhorst Pressure buffer data: 'NoneType' object is not subscriptable
WARNING: 22:01:02 - __main__:  Error updating the Bronkhorst Pressure buffer data: 'NoneType' object is not subscriptable
WARNING: 22:01:02 - __main__:  Error updating the Bronkhorst Pressure buffer data: 'NoneType' object is not subscriptable
INFO: 22:01:08 - main_pipeline.sensor:  Shutting down sensors
INFO: 22:01:08 - sensor_interfaces.sim_instruments:  Abakus measurements stopped
INFO: 22:01:08 - sensor_interfaces.sim_instruments:  Dimetix laser turned off
INFO: 22:01:08 - main_pipeline.sensor:  Finished shutting down sensors
