INFO: 11:19:47 - main_pipeline.sensor:  Couldn't find Picarro at port COM9, shadowing sensor calls with substitute functions
INFO: 11:19:47 - main_pipeline.sensor:  Successfully connected to port COM4, using real Abakus hardware
WARNING: 11:19:47 - main_pipeline.sensor:  Couldn't find Flowmeter at port COM9 and COM9, shadowing sensor calls with substitute functions
INFO: 11:19:47 - main_pipeline.sensor:  Successfully connected to port COM6, using real Dimetix hardware
WARNING: 11:19:47 - main_pipeline.sensor:  Couldn't find Bronkhorst at port COM9, shadowing sensor calls with substitute functions
INFO: 11:19:47 - sensor_interfaces.abakus_interface:  Connected to serial port COM4 with baud 38400
INFO: 11:19:47 - sensor_interfaces.sim_instruments:  Fake hardware, pretending to use serial port COM9 with baud 115200
INFO: 11:19:47 - sensor_interfaces.sim_instruments:  Fake hardware, pretending to use serial port COM9 with baud 115200
INFO: 11:19:47 - sensor_interfaces.laser_interface:  Connected to serial port COM6 with baud 19200
INFO: 11:19:47 - sensor_interfaces.sim_instruments:  Fake hardware, pretending to use serial port COM9 with baud 19200
INFO: 11:19:47 - sensor_interfaces.sim_instruments:  Fake hardware, pretending to use serial port COM9 with baud 38400
INFO: 11:19:47 - main_pipeline.sensor:  Sensor class initiated
INFO: 11:19:47 - main_pipeline.interpreter:  Interpreter class initiated
INFO: 11:19:47 - main_pipeline.writer:  Display class initiated
INFO: 11:19:55 - main_pipeline.sensor:  Initializing sensors
INFO: 11:19:55 - sensor_interfaces.abakus_interface:  Initializing Abakus
INFO: 11:19:55 - sensor_interfaces.abakus_interface:  Abakus measurements started
INFO: 11:19:55 - sensor_interfaces.abakus_interface:  Initialization attempt 1/10
INFO: 11:19:56 - sensor_interfaces.abakus_interface:  Initialization attempt 2/10
INFO: 11:19:56 - sensor_interfaces.abakus_interface:  Initialization attempt 3/10
INFO: 11:19:56 - sensor_interfaces.abakus_interface:  Abakus initialized
INFO: 11:19:56 - sensor_interfaces.sim_instruments:  Initializing Picarro
INFO: 11:19:56 - sensor_interfaces.sim_instruments:  Initialized Picarro
INFO: 11:19:56 - sensor_interfaces.laser_interface:  Dimetix laser turned on
INFO: 11:19:56 - sensor_interfaces.laser_interface:  Laser distance initialization attempt 1/10
INFO: 11:19:56 - sensor_interfaces.laser_interface:  Laser distance initialized
INFO: 11:19:56 - sensor_interfaces.laser_interface:  Laser temperature initialization attempt 1/10
INFO: 11:19:56 - sensor_interfaces.laser_interface:  Laser temperature initialized
INFO: 11:19:56 - sensor_interfaces.sim_instruments:  Initializing Bronkhorst
INFO: 11:19:56 - sensor_interfaces.sim_instruments:  Bronkhorst initialized
INFO: 11:19:56 - sensor_interfaces.sim_instruments:  Initializing Flowmeter
INFO: 11:19:56 - sensor_interfaces.sim_instruments:  Flowmeter sli2000 initialized
INFO: 11:19:56 - sensor_interfaces.sim_instruments:  Initializing Flowmeter
INFO: 11:19:56 - sensor_interfaces.sim_instruments:  Flowmeter sls1500 initialized
INFO: 11:19:56 - main_pipeline.sensor:  Finished initializing sensors
INFO: 11:20:46 - main_pipeline.sensor:  Shutting down sensors
INFO: 11:20:46 - sensor_interfaces.abakus_interface:  Abakus measurements stopped
INFO: 11:20:46 - sensor_interfaces.laser_interface:  Dimetix laser turned off
INFO: 11:20:46 - main_pipeline.sensor:  Finished shutting down sensors
INFO: 11:21:12 - main_pipeline.sensor:  Couldn't find Picarro at port COM9, shadowing sensor calls with substitute functions
INFO: 11:21:12 - main_pipeline.sensor:  Successfully connected to port COM4, using real Abakus hardware
INFO: 11:21:13 - main_pipeline.sensor:  Successfully connected to port COM3 and COM5, using real Flowmeter hardware
INFO: 11:21:13 - main_pipeline.sensor:  Successfully connected to port COM6, using real Dimetix hardware
INFO: 11:21:13 - main_pipeline.sensor:  Successfully connected to port COM7, using real Bronkhorst hardware
INFO: 11:21:13 - sensor_interfaces.abakus_interface:  Connected to serial port COM4 with baud 38400
INFO: 11:21:13 - sensor_interfaces.flowmeter_interface:  Connected to serial port COM3 with baud 115200
INFO: 11:21:13 - sensor_interfaces.flowmeter_interface:  Connected to serial port COM5 with baud 115200
INFO: 11:21:13 - sensor_interfaces.laser_interface:  Connected to serial port COM6 with baud 19200
INFO: 11:21:13 - sensor_interfaces.sim_instruments:  Fake hardware, pretending to use serial port COM9 with baud 19200
INFO: 11:21:13 - sensor_interfaces.bronkhorst_interface:  Connected to serial port COM7 with baud 38400
INFO: 11:21:13 - main_pipeline.sensor:  Sensor class initiated
INFO: 11:21:13 - main_pipeline.interpreter:  Interpreter class initiated
INFO: 11:21:13 - main_pipeline.writer:  Display class initiated
INFO: 11:21:31 - main_pipeline.sensor:  Initializing sensors
INFO: 11:21:31 - sensor_interfaces.abakus_interface:  Initializing Abakus
INFO: 11:21:31 - sensor_interfaces.abakus_interface:  Abakus measurements started
INFO: 11:21:31 - sensor_interfaces.abakus_interface:  Initialization attempt 1/10
INFO: 11:21:31 - sensor_interfaces.abakus_interface:  Initialization attempt 2/10
INFO: 11:21:31 - sensor_interfaces.abakus_interface:  Initialization attempt 3/10
INFO: 11:21:32 - sensor_interfaces.abakus_interface:  Abakus initialized
INFO: 11:21:32 - sensor_interfaces.sim_instruments:  Initializing Picarro
INFO: 11:21:32 - sensor_interfaces.sim_instruments:  Initialized Picarro
INFO: 11:21:32 - sensor_interfaces.laser_interface:  Dimetix laser turned on
INFO: 11:21:32 - sensor_interfaces.laser_interface:  Laser distance initialization attempt 1/10
INFO: 11:21:32 - sensor_interfaces.laser_interface:  Laser distance initialized
INFO: 11:21:32 - sensor_interfaces.laser_interface:  Laser temperature initialization attempt 1/10
INFO: 11:21:32 - sensor_interfaces.laser_interface:  Laser temperature initialized
INFO: 11:21:32 - sensor_interfaces.bronkhorst_interface:  Initialization attempt 1/10
INFO: 11:21:34 - sensor_interfaces.bronkhorst_interface:  Initialization attempt 2/10
INFO: 11:21:36 - sensor_interfaces.bronkhorst_interface:  Initialization attempt 3/10
INFO: 11:21:38 - sensor_interfaces.bronkhorst_interface:  Initialization attempt 4/10
INFO: 11:21:40 - sensor_interfaces.bronkhorst_interface:  Initialization attempt 5/10
INFO: 11:21:42 - sensor_interfaces.bronkhorst_interface:  Initialization attempt 6/10
INFO: 11:21:44 - sensor_interfaces.bronkhorst_interface:  Initialization attempt 7/10
INFO: 11:21:46 - sensor_interfaces.bronkhorst_interface:  Initialization attempt 8/10
INFO: 11:21:48 - sensor_interfaces.bronkhorst_interface:  Initialization attempt 9/10
INFO: 11:21:50 - sensor_interfaces.bronkhorst_interface:  Initialization attempt 10/10
WARNING: 11:21:52 - sensor_interfaces.bronkhorst_interface:  Bronkhorst failed to initialize after 10 attempts
INFO: 11:21:52 - sensor_interfaces.flowmeter_interface:  Flowmeter measurements started
INFO: 11:21:52 - sensor_interfaces.flowmeter_interface:  Initialization attempt 1/10
INFO: 11:21:55 - sensor_interfaces.flowmeter_interface:  Initialization attempt 2/10
INFO: 11:21:55 - sensor_interfaces.flowmeter_interface:  Flowmeter sli2000 initialized
INFO: 11:21:55 - sensor_interfaces.flowmeter_interface:  Flowmeter measurements started
INFO: 11:21:55 - sensor_interfaces.flowmeter_interface:  Initialization attempt 1/10
INFO: 11:21:59 - sensor_interfaces.flowmeter_interface:  Initialization attempt 2/10
INFO: 11:21:59 - sensor_interfaces.flowmeter_interface:  Flowmeter sls1500 initialized
INFO: 11:21:59 - main_pipeline.sensor:  Finished initializing sensors
INFO: 11:23:32 - main_pipeline.sensor:  Shutting down sensors
INFO: 11:23:32 - sensor_interfaces.abakus_interface:  Abakus measurements stopped
INFO: 11:23:32 - sensor_interfaces.laser_interface:  Dimetix laser turned off
INFO: 11:23:32 - main_pipeline.sensor:  Finished shutting down sensors
INFO: 11:23:41 - main_pipeline.sensor:  Shutting down sensors
INFO: 11:23:41 - sensor_interfaces.abakus_interface:  Abakus measurements stopped
INFO: 11:23:41 - sensor_interfaces.laser_interface:  Dimetix laser turned off
INFO: 11:23:41 - main_pipeline.sensor:  Finished shutting down sensors
INFO: 14:52:24 - main_pipeline.sensor:  Couldn't find Picarro at port COM9, shadowing sensor calls with substitute functions
INFO: 14:52:24 - main_pipeline.sensor:  Successfully connected to port COM4, using real Abakus hardware
INFO: 14:52:24 - main_pipeline.sensor:  Successfully connected to port COM3 and COM5, using real Flowmeter hardware
INFO: 14:52:25 - main_pipeline.sensor:  Successfully connected to port COM6, using real Dimetix hardware
INFO: 14:52:25 - main_pipeline.sensor:  Successfully connected to port COM7, using real Bronkhorst hardware
INFO: 14:52:25 - sensor_interfaces.abakus_interface:  Connected to serial port COM4 with baud 38400
INFO: 14:52:25 - sensor_interfaces.flowmeter_interface:  Connected to serial port COM3 with baud 115200
INFO: 14:52:25 - sensor_interfaces.flowmeter_interface:  Connected to serial port COM5 with baud 115200
INFO: 14:52:25 - sensor_interfaces.laser_interface:  Connected to serial port COM6 with baud 19200
INFO: 14:52:25 - sensor_interfaces.sim_instruments:  Fake hardware, pretending to use serial port COM9 with baud 19200
INFO: 14:52:25 - sensor_interfaces.bronkhorst_interface:  Connected to serial port COM7 with baud 38400
INFO: 14:52:25 - main_pipeline.sensor:  Sensor class initiated
INFO: 14:52:25 - main_pipeline.interpreter:  Interpreter class initiated
INFO: 14:52:25 - main_pipeline.writer:  Display class initiated
INFO: 14:52:28 - main_pipeline.sensor:  Initializing sensors
INFO: 14:52:28 - sensor_interfaces.abakus_interface:  Initializing Abakus
INFO: 14:52:28 - sensor_interfaces.abakus_interface:  Abakus measurements started
INFO: 14:52:28 - sensor_interfaces.abakus_interface:  Initialization attempt 1/10
INFO: 14:52:29 - sensor_interfaces.abakus_interface:  Initialization attempt 2/10
INFO: 14:52:29 - sensor_interfaces.abakus_interface:  Initialization attempt 3/10
INFO: 14:52:29 - sensor_interfaces.abakus_interface:  Abakus initialized
INFO: 14:52:29 - sensor_interfaces.sim_instruments:  Initializing Picarro
INFO: 14:52:29 - sensor_interfaces.sim_instruments:  Initialized Picarro
INFO: 14:52:29 - sensor_interfaces.laser_interface:  Dimetix laser turned on
INFO: 14:52:29 - sensor_interfaces.laser_interface:  Laser distance initialization attempt 1/10
INFO: 14:52:29 - sensor_interfaces.laser_interface:  Laser distance initialized
INFO: 14:52:29 - sensor_interfaces.laser_interface:  Laser temperature initialization attempt 1/10
INFO: 14:52:29 - sensor_interfaces.laser_interface:  Laser temperature initialized
INFO: 14:52:29 - sensor_interfaces.bronkhorst_interface:  Initialization attempt 1/10
INFO: 14:52:31 - sensor_interfaces.bronkhorst_interface:  Initialization attempt 2/10
INFO: 14:52:33 - sensor_interfaces.bronkhorst_interface:  Initialization attempt 3/10
INFO: 14:52:35 - sensor_interfaces.bronkhorst_interface:  Initialization attempt 4/10
INFO: 14:52:37 - sensor_interfaces.bronkhorst_interface:  Initialization attempt 5/10
INFO: 14:52:39 - sensor_interfaces.bronkhorst_interface:  Initialization attempt 6/10
INFO: 14:52:41 - sensor_interfaces.bronkhorst_interface:  Initialization attempt 7/10
INFO: 14:52:43 - sensor_interfaces.bronkhorst_interface:  Initialization attempt 8/10
INFO: 14:52:45 - sensor_interfaces.bronkhorst_interface:  Initialization attempt 9/10
INFO: 14:52:47 - sensor_interfaces.bronkhorst_interface:  Initialization attempt 10/10
WARNING: 14:52:49 - sensor_interfaces.bronkhorst_interface:  Bronkhorst failed to initialize after 10 attempts
INFO: 14:52:49 - sensor_interfaces.flowmeter_interface:  Flowmeter measurements started
INFO: 14:52:49 - sensor_interfaces.flowmeter_interface:  Initialization attempt 1/10
INFO: 14:52:52 - sensor_interfaces.flowmeter_interface:  Initialization attempt 2/10
INFO: 14:52:52 - sensor_interfaces.flowmeter_interface:  Flowmeter sli2000 initialized
INFO: 14:52:52 - sensor_interfaces.flowmeter_interface:  Flowmeter measurements started
INFO: 14:52:52 - sensor_interfaces.flowmeter_interface:  Initialization attempt 1/10
INFO: 14:52:55 - sensor_interfaces.flowmeter_interface:  Initialization attempt 2/10
INFO: 14:52:55 - sensor_interfaces.flowmeter_interface:  Flowmeter sls1500 initialized
INFO: 14:52:55 - main_pipeline.sensor:  Finished initializing sensors
INFO: 14:53:00 - main_pipeline.sensor:  Shutting down sensors
INFO: 14:53:00 - sensor_interfaces.abakus_interface:  Abakus measurements stopped
INFO: 14:53:00 - sensor_interfaces.laser_interface:  Dimetix laser turned off
INFO: 14:53:00 - main_pipeline.sensor:  Finished shutting down sensors
INFO: 14:53:03 - main_pipeline.sensor:  Shutting down sensors
INFO: 14:53:03 - sensor_interfaces.abakus_interface:  Abakus measurements stopped
INFO: 14:53:04 - sensor_interfaces.laser_interface:  Dimetix laser turned off
INFO: 14:53:04 - main_pipeline.sensor:  Finished shutting down sensors
INFO: 14:53:21 - main_pipeline.sensor:  Successfully connected to port COM8, using real Picarro Gas hardware
INFO: 14:53:22 - main_pipeline.sensor:  Successfully connected to port COM4, using real Abakus hardware
INFO: 14:53:22 - main_pipeline.sensor:  Successfully connected to port COM3 and COM5, using real Flowmeter hardware
INFO: 14:53:22 - main_pipeline.sensor:  Successfully connected to port COM6, using real Dimetix hardware
INFO: 14:53:22 - main_pipeline.sensor:  Successfully connected to port COM7, using real Bronkhorst hardware
INFO: 14:53:22 - sensor_interfaces.abakus_interface:  Connected to serial port COM4 with baud 38400
INFO: 14:53:22 - sensor_interfaces.flowmeter_interface:  Connected to serial port COM3 with baud 115200
INFO: 14:53:22 - sensor_interfaces.flowmeter_interface:  Connected to serial port COM5 with baud 115200
INFO: 14:53:22 - sensor_interfaces.laser_interface:  Connected to serial port COM6 with baud 19200
INFO: 14:53:22 - sensor_interfaces.bronkhorst_interface:  Connected to serial port COM7 with baud 38400
INFO: 14:53:22 - main_pipeline.sensor:  Sensor class initiated
INFO: 14:53:22 - main_pipeline.interpreter:  Interpreter class initiated
INFO: 14:53:22 - main_pipeline.writer:  Display class initiated
INFO: 14:53:26 - main_pipeline.sensor:  Initializing sensors
INFO: 14:53:26 - sensor_interfaces.abakus_interface:  Initializing Abakus
INFO: 14:53:26 - sensor_interfaces.abakus_interface:  Abakus measurements started
INFO: 14:53:26 - sensor_interfaces.abakus_interface:  Initialization attempt 1/10
INFO: 14:53:26 - sensor_interfaces.abakus_interface:  Initialization attempt 2/10
INFO: 14:53:26 - sensor_interfaces.abakus_interface:  Initialization attempt 3/10
INFO: 14:53:27 - sensor_interfaces.abakus_interface:  Abakus initialized
INFO: 14:54:27 - main_pipeline.sensor:  Initializing sensors
INFO: 14:54:27 - sensor_interfaces.abakus_interface:  Initializing Abakus
INFO: 14:54:27 - sensor_interfaces.abakus_interface:  Abakus measurements started
INFO: 14:54:27 - sensor_interfaces.abakus_interface:  Initialization attempt 1/10
INFO: 14:54:27 - sensor_interfaces.abakus_interface:  Abakus initialized
INFO: 14:54:36 - main_pipeline.sensor:  Shutting down sensors
INFO: 14:54:36 - sensor_interfaces.abakus_interface:  Abakus measurements stopped
INFO: 14:54:36 - sensor_interfaces.laser_interface:  Dimetix laser turned off
INFO: 14:54:36 - main_pipeline.sensor:  Finished shutting down sensors
INFO: 14:55:07 - main_pipeline.sensor:  Successfully connected to port COM8, using real Picarro Gas hardware
INFO: 14:55:07 - main_pipeline.sensor:  Successfully connected to port COM4, using real Abakus hardware
INFO: 14:55:07 - main_pipeline.sensor:  Successfully connected to port COM3 and COM5, using real Flowmeter hardware
INFO: 14:55:07 - main_pipeline.sensor:  Successfully connected to port COM6, using real Dimetix hardware
INFO: 14:55:07 - main_pipeline.sensor:  Successfully connected to port COM7, using real Bronkhorst hardware
INFO: 14:55:07 - sensor_interfaces.abakus_interface:  Connected to serial port COM4 with baud 38400
INFO: 14:55:07 - sensor_interfaces.flowmeter_interface:  Connected to serial port COM3 with baud 115200
INFO: 14:55:07 - sensor_interfaces.flowmeter_interface:  Connected to serial port COM5 with baud 115200
INFO: 14:55:07 - sensor_interfaces.laser_interface:  Connected to serial port COM6 with baud 19200
INFO: 14:55:07 - sensor_interfaces.bronkhorst_interface:  Connected to serial port COM7 with baud 38400
INFO: 14:55:07 - main_pipeline.sensor:  Sensor class initiated
INFO: 14:55:07 - main_pipeline.interpreter:  Interpreter class initiated
INFO: 14:55:07 - main_pipeline.writer:  Display class initiated
INFO: 14:55:10 - main_pipeline.sensor:  Initializing sensors
INFO: 14:55:10 - sensor_interfaces.abakus_interface:  Initializing Abakus
INFO: 14:55:10 - sensor_interfaces.abakus_interface:  Abakus measurements started
INFO: 14:55:10 - sensor_interfaces.abakus_interface:  Initialization attempt 1/10
INFO: 14:55:10 - sensor_interfaces.abakus_interface:  Initialization attempt 2/10
INFO: 14:55:10 - sensor_interfaces.abakus_interface:  Initialization attempt 3/10
INFO: 14:55:11 - sensor_interfaces.abakus_interface:  Abakus initialized
INFO: 14:55:12 - sensor_interfaces.laser_interface:  Dimetix laser turned on
INFO: 14:55:12 - sensor_interfaces.laser_interface:  Laser distance initialization attempt 1/10
INFO: 14:55:12 - sensor_interfaces.laser_interface:  Laser distance initialized
INFO: 14:55:12 - sensor_interfaces.laser_interface:  Laser temperature initialization attempt 1/10
INFO: 14:55:12 - sensor_interfaces.laser_interface:  Laser temperature initialized
INFO: 14:55:12 - sensor_interfaces.bronkhorst_interface:  Initialization attempt 1/10
INFO: 14:55:14 - sensor_interfaces.bronkhorst_interface:  Initialization attempt 2/10
INFO: 14:55:16 - sensor_interfaces.bronkhorst_interface:  Initialization attempt 3/10
INFO: 14:55:18 - sensor_interfaces.bronkhorst_interface:  Initialization attempt 4/10
INFO: 14:55:20 - sensor_interfaces.bronkhorst_interface:  Initialization attempt 5/10
INFO: 14:55:22 - sensor_interfaces.bronkhorst_interface:  Initialization attempt 6/10
INFO: 14:55:24 - sensor_interfaces.bronkhorst_interface:  Initialization attempt 7/10
INFO: 14:55:26 - sensor_interfaces.bronkhorst_interface:  Initialization attempt 8/10
INFO: 14:55:28 - sensor_interfaces.bronkhorst_interface:  Initialization attempt 9/10
INFO: 14:55:30 - sensor_interfaces.bronkhorst_interface:  Initialization attempt 10/10
WARNING: 14:55:32 - sensor_interfaces.bronkhorst_interface:  Bronkhorst failed to initialize after 10 attempts
INFO: 14:55:32 - sensor_interfaces.flowmeter_interface:  Flowmeter measurements started
INFO: 14:55:32 - sensor_interfaces.flowmeter_interface:  Initialization attempt 1/10
INFO: 14:55:35 - sensor_interfaces.flowmeter_interface:  Initialization attempt 2/10
INFO: 14:55:35 - sensor_interfaces.flowmeter_interface:  Flowmeter sli2000 initialized
INFO: 14:55:35 - sensor_interfaces.flowmeter_interface:  Flowmeter measurements started
INFO: 14:55:35 - sensor_interfaces.flowmeter_interface:  Initialization attempt 1/10
INFO: 14:55:39 - sensor_interfaces.flowmeter_interface:  Initialization attempt 2/10
INFO: 14:55:39 - sensor_interfaces.flowmeter_interface:  Flowmeter sls1500 initialized
INFO: 14:55:39 - main_pipeline.sensor:  Finished initializing sensors
INFO: 14:56:01 - main_pipeline.sensor:  Shutting down sensors
INFO: 14:56:01 - sensor_interfaces.abakus_interface:  Abakus measurements stopped
INFO: 14:56:01 - sensor_interfaces.laser_interface:  Dimetix laser turned off
INFO: 14:56:01 - main_pipeline.sensor:  Finished shutting down sensors
INFO: 14:56:03 - main_pipeline.sensor:  Shutting down sensors
INFO: 14:56:03 - sensor_interfaces.abakus_interface:  Abakus measurements stopped
INFO: 14:56:03 - sensor_interfaces.laser_interface:  Dimetix laser turned off
INFO: 14:56:03 - main_pipeline.sensor:  Finished shutting down sensors
INFO: 14:56:26 - main_pipeline.sensor:  Successfully connected to port COM8, using real Picarro Gas hardware
INFO: 14:56:26 - main_pipeline.sensor:  Successfully connected to port COM4, using real Abakus hardware
INFO: 14:56:26 - main_pipeline.sensor:  Successfully connected to port COM3 and COM5, using real Flowmeter hardware
INFO: 14:56:26 - main_pipeline.sensor:  Successfully connected to port COM6, using real Dimetix hardware
WARNING: 14:56:26 - main_pipeline.sensor:  Couldn't find Bronkhorst at port COM9, shadowing sensor calls with substitute functions
INFO: 14:56:27 - sensor_interfaces.abakus_interface:  Connected to serial port COM4 with baud 38400
INFO: 14:56:27 - sensor_interfaces.flowmeter_interface:  Connected to serial port COM3 with baud 115200
INFO: 14:56:27 - sensor_interfaces.flowmeter_interface:  Connected to serial port COM5 with baud 115200
INFO: 14:56:27 - sensor_interfaces.laser_interface:  Connected to serial port COM6 with baud 19200
INFO: 14:56:27 - sensor_interfaces.sim_instruments:  Fake hardware, pretending to use serial port COM9 with baud 38400
INFO: 14:56:27 - main_pipeline.sensor:  Sensor class initiated
INFO: 14:56:27 - main_pipeline.interpreter:  Interpreter class initiated
INFO: 14:56:27 - main_pipeline.writer:  Display class initiated
INFO: 14:56:42 - main_pipeline.sensor:  Initializing sensors
INFO: 14:56:42 - sensor_interfaces.abakus_interface:  Initializing Abakus
INFO: 14:56:42 - sensor_interfaces.abakus_interface:  Abakus measurements started
INFO: 14:56:42 - sensor_interfaces.abakus_interface:  Initialization attempt 1/10
INFO: 14:56:43 - sensor_interfaces.abakus_interface:  Initialization attempt 2/10
INFO: 14:56:43 - sensor_interfaces.abakus_interface:  Initialization attempt 3/10
INFO: 14:56:43 - sensor_interfaces.abakus_interface:  Abakus initialized
INFO: 14:56:44 - sensor_interfaces.laser_interface:  Dimetix laser turned on
INFO: 14:56:44 - sensor_interfaces.laser_interface:  Laser distance initialization attempt 1/10
INFO: 14:56:44 - sensor_interfaces.laser_interface:  Laser distance initialized
INFO: 14:56:44 - sensor_interfaces.laser_interface:  Laser temperature initialization attempt 1/10
INFO: 14:56:44 - sensor_interfaces.laser_interface:  Laser temperature initialized
INFO: 14:56:44 - sensor_interfaces.sim_instruments:  Initializing Bronkhorst
INFO: 14:56:44 - sensor_interfaces.sim_instruments:  Bronkhorst initialized
INFO: 14:56:44 - sensor_interfaces.flowmeter_interface:  Flowmeter measurements started
INFO: 14:56:44 - sensor_interfaces.flowmeter_interface:  Initialization attempt 1/10
INFO: 14:56:48 - sensor_interfaces.flowmeter_interface:  Initialization attempt 2/10
INFO: 14:56:48 - sensor_interfaces.flowmeter_interface:  Flowmeter sli2000 initialized
INFO: 14:56:48 - sensor_interfaces.flowmeter_interface:  Flowmeter measurements started
INFO: 14:56:48 - sensor_interfaces.flowmeter_interface:  Initialization attempt 1/10
INFO: 14:56:52 - sensor_interfaces.flowmeter_interface:  Initialization attempt 2/10
INFO: 14:56:52 - sensor_interfaces.flowmeter_interface:  Flowmeter sls1500 initialized
INFO: 14:56:52 - main_pipeline.sensor:  Finished initializing sensors
WARNING: 14:57:15 - main_pipeline.interpreter:  Error in extracting time and data from Abakus reading: cannot unpack non-iterable NoneType object. Probably not a tuple. Not updating measurement
WARNING: 14:57:15 - main_pipeline.interpreter:  Error in extracting time and data from flowmeter SLI2000 reading: cannot unpack non-iterable NoneType object. Probably not a tuple. Not updating measurement
WARNING: 14:57:15 - main_pipeline.interpreter:  Error in extracting time and data from flowmeter SLS1500 reading: cannot unpack non-iterable NoneType object. Probably not a tuple. Not updating measurement
WARNING: 14:57:15 - main_pipeline.interpreter:  Error in extracting time and data from laser reading: cannot unpack non-iterable NoneType object. Probably not a tuple. Not updating measurement
WARNING: 14:57:15 - main_pipeline.interpreter:  Error in extracting time and data from picarro reading: cannot unpack non-iterable NoneType object. Probably not a tuple. Not updating measurement
WARNING: 14:57:15 - main_pipeline.interpreter:  Error in extracting time and data from bronkhorst reading: cannot unpack non-iterable float object. Probably not a tuple. Not updating measurement
WARNING: 14:57:16 - main_pipeline.interpreter:  Error in extracting time and data from picarro reading: cannot unpack non-iterable NoneType object. Probably not a tuple. Not updating measurement
WARNING: 14:57:16 - main_pipeline.interpreter:  Error in extracting time and data from bronkhorst reading: cannot unpack non-iterable float object. Probably not a tuple. Not updating measurement
WARNING: 14:57:16 - __main__:  Error updating the Picarro Gas buffer timestamp: 'NoneType' object is not subscriptable
WARNING: 14:57:16 - __main__:  Error updating the Picarro Gas buffer data: 'NoneType' object is not subscriptable
WARNING: 14:57:16 - __main__:  Error updating the Picarro Gas buffer data: 'NoneType' object is not subscriptable
WARNING: 14:57:16 - __main__:  Error updating the Picarro Gas buffer data: 'NoneType' object is not subscriptable
WARNING: 14:57:16 - __main__:  Error updating the Picarro Gas buffer data: 'NoneType' object is not subscriptable
WARNING: 14:57:16 - __main__:  Error updating the Laser Distance Sensor buffer timestamp: 'NoneType' object is not subscriptable
WARNING: 14:57:16 - __main__:  Error updating the Laser Distance Sensor buffer data: 'NoneType' object is not subscriptable
WARNING: 14:57:16 - __main__:  Error updating the Laser Distance Sensor buffer data: 'NoneType' object is not subscriptable
WARNING: 14:57:16 - __main__:  Error updating the Abakus Particle Counter buffer timestamp: 'NoneType' object is not subscriptable
WARNING: 14:57:16 - __main__:  Error updating the Abakus Particle Counter buffer data: 'NoneType' object is not subscriptable
WARNING: 14:57:16 - __main__:  Error updating the Flowmeter buffer timestamp: 'NoneType' object is not subscriptable
WARNING: 14:57:16 - __main__:  Error updating the Flowmeter buffer data: 'NoneType' object is not subscriptable
WARNING: 14:57:16 - __main__:  Error updating the Flowmeter buffer data: 'NoneType' object is not subscriptable
WARNING: 14:57:16 - __main__:  Error updating the Bronkhorst Pressure buffer timestamp: 'NoneType' object is not subscriptable
WARNING: 14:57:16 - __main__:  Error updating the Bronkhorst Pressure buffer data: 'NoneType' object is not subscriptable
WARNING: 14:57:16 - __main__:  Error updating the Bronkhorst Pressure buffer data: 'NoneType' object is not subscriptable
WARNING: 14:57:16 - __main__:  Error updating the Bronkhorst Pressure buffer data: 'NoneType' object is not subscriptable
WARNING: 14:57:16 - __main__:  Error updating the Bronkhorst Pressure buffer data: 'NoneType' object is not subscriptable
WARNING: 14:57:17 - main_pipeline.interpreter:  Error in extracting time and data from picarro reading: cannot unpack non-iterable NoneType object. Probably not a tuple. Not updating measurement
WARNING: 14:57:17 - main_pipeline.interpreter:  Error in extracting time and data from bronkhorst reading: cannot unpack non-iterable float object. Probably not a tuple. Not updating measurement
WARNING: 14:57:18 - main_pipeline.interpreter:  Error in extracting time and data from picarro reading: cannot unpack non-iterable NoneType object. Probably not a tuple. Not updating measurement
WARNING: 14:57:18 - main_pipeline.interpreter:  Error in extracting time and data from bronkhorst reading: cannot unpack non-iterable float object. Probably not a tuple. Not updating measurement
WARNING: 14:57:19 - main_pipeline.interpreter:  Error in extracting time and data from picarro reading: cannot unpack non-iterable NoneType object. Probably not a tuple. Not updating measurement
WARNING: 14:57:19 - main_pipeline.interpreter:  Error in extracting time and data from bronkhorst reading: cannot unpack non-iterable float object. Probably not a tuple. Not updating measurement
WARNING: 14:57:20 - main_pipeline.interpreter:  Error in extracting time and data from picarro reading: cannot unpack non-iterable NoneType object. Probably not a tuple. Not updating measurement
WARNING: 14:57:20 - main_pipeline.interpreter:  Error in extracting time and data from bronkhorst reading: cannot unpack non-iterable float object. Probably not a tuple. Not updating measurement
WARNING: 14:57:21 - main_pipeline.interpreter:  Error in extracting time and data from picarro reading: cannot unpack non-iterable NoneType object. Probably not a tuple. Not updating measurement
WARNING: 14:57:21 - main_pipeline.interpreter:  Error in extracting time and data from bronkhorst reading: cannot unpack non-iterable float object. Probably not a tuple. Not updating measurement
WARNING: 14:57:22 - main_pipeline.interpreter:  Error in extracting time and data from picarro reading: cannot unpack non-iterable NoneType object. Probably not a tuple. Not updating measurement
WARNING: 14:57:22 - main_pipeline.interpreter:  Error in extracting time and data from bronkhorst reading: cannot unpack non-iterable float object. Probably not a tuple. Not updating measurement
WARNING: 14:57:23 - main_pipeline.interpreter:  Error in extracting time and data from picarro reading: cannot unpack non-iterable NoneType object. Probably not a tuple. Not updating measurement
WARNING: 14:57:23 - main_pipeline.interpreter:  Error in extracting time and data from bronkhorst reading: cannot unpack non-iterable float object. Probably not a tuple. Not updating measurement
WARNING: 14:57:24 - main_pipeline.interpreter:  Error in extracting time and data from picarro reading: cannot unpack non-iterable NoneType object. Probably not a tuple. Not updating measurement
WARNING: 14:57:24 - main_pipeline.interpreter:  Error in extracting time and data from bronkhorst reading: cannot unpack non-iterable float object. Probably not a tuple. Not updating measurement
WARNING: 14:57:25 - main_pipeline.interpreter:  Error in extracting time and data from picarro reading: cannot unpack non-iterable NoneType object. Probably not a tuple. Not updating measurement
WARNING: 14:57:25 - main_pipeline.interpreter:  Error in extracting time and data from bronkhorst reading: cannot unpack non-iterable float object. Probably not a tuple. Not updating measurement
WARNING: 14:57:26 - main_pipeline.interpreter:  Error in extracting time and data from picarro reading: cannot unpack non-iterable NoneType object. Probably not a tuple. Not updating measurement
WARNING: 14:57:26 - main_pipeline.interpreter:  Error in extracting time and data from bronkhorst reading: cannot unpack non-iterable float object. Probably not a tuple. Not updating measurement
WARNING: 14:57:27 - main_pipeline.interpreter:  Error in extracting time and data from picarro reading: cannot unpack non-iterable NoneType object. Probably not a tuple. Not updating measurement
WARNING: 14:57:27 - main_pipeline.interpreter:  Error in extracting time and data from bronkhorst reading: cannot unpack non-iterable float object. Probably not a tuple. Not updating measurement
WARNING: 14:57:28 - main_pipeline.interpreter:  Error in extracting time and data from picarro reading: cannot unpack non-iterable NoneType object. Probably not a tuple. Not updating measurement
WARNING: 14:57:28 - main_pipeline.interpreter:  Error in extracting time and data from bronkhorst reading: cannot unpack non-iterable float object. Probably not a tuple. Not updating measurement
WARNING: 14:57:29 - main_pipeline.interpreter:  Error in extracting time and data from picarro reading: cannot unpack non-iterable NoneType object. Probably not a tuple. Not updating measurement
WARNING: 14:57:29 - main_pipeline.interpreter:  Error in extracting time and data from bronkhorst reading: cannot unpack non-iterable float object. Probably not a tuple. Not updating measurement
WARNING: 14:57:30 - main_pipeline.interpreter:  Error in extracting time and data from picarro reading: cannot unpack non-iterable NoneType object. Probably not a tuple. Not updating measurement
WARNING: 14:57:30 - main_pipeline.interpreter:  Error in extracting time and data from bronkhorst reading: cannot unpack non-iterable float object. Probably not a tuple. Not updating measurement
WARNING: 14:57:31 - main_pipeline.interpreter:  Error in extracting time and data from picarro reading: cannot unpack non-iterable NoneType object. Probably not a tuple. Not updating measurement
WARNING: 14:57:31 - main_pipeline.interpreter:  Error in extracting time and data from bronkhorst reading: cannot unpack non-iterable float object. Probably not a tuple. Not updating measurement
WARNING: 14:57:32 - main_pipeline.interpreter:  Error in extracting time and data from picarro reading: cannot unpack non-iterable NoneType object. Probably not a tuple. Not updating measurement
WARNING: 14:57:32 - main_pipeline.interpreter:  Error in extracting time and data from bronkhorst reading: cannot unpack non-iterable float object. Probably not a tuple. Not updating measurement
WARNING: 14:57:33 - main_pipeline.interpreter:  Error in extracting time and data from picarro reading: cannot unpack non-iterable NoneType object. Probably not a tuple. Not updating measurement
WARNING: 14:57:33 - main_pipeline.interpreter:  Error in extracting time and data from bronkhorst reading: cannot unpack non-iterable float object. Probably not a tuple. Not updating measurement
WARNING: 14:57:34 - main_pipeline.interpreter:  Error in extracting time and data from picarro reading: cannot unpack non-iterable NoneType object. Probably not a tuple. Not updating measurement
WARNING: 14:57:34 - main_pipeline.interpreter:  Error in extracting time and data from bronkhorst reading: cannot unpack non-iterable float object. Probably not a tuple. Not updating measurement
WARNING: 14:57:35 - main_pipeline.interpreter:  Error in extracting time and data from picarro reading: cannot unpack non-iterable NoneType object. Probably not a tuple. Not updating measurement
WARNING: 14:57:35 - main_pipeline.interpreter:  Error in extracting time and data from bronkhorst reading: cannot unpack non-iterable float object. Probably not a tuple. Not updating measurement
WARNING: 14:57:36 - main_pipeline.interpreter:  Error in extracting time and data from picarro reading: cannot unpack non-iterable NoneType object. Probably not a tuple. Not updating measurement
WARNING: 14:57:36 - main_pipeline.interpreter:  Error in extracting time and data from bronkhorst reading: cannot unpack non-iterable float object. Probably not a tuple. Not updating measurement
WARNING: 14:57:37 - main_pipeline.interpreter:  Error in extracting time and data from picarro reading: cannot unpack non-iterable NoneType object. Probably not a tuple. Not updating measurement
WARNING: 14:57:37 - main_pipeline.interpreter:  Error in extracting time and data from bronkhorst reading: cannot unpack non-iterable float object. Probably not a tuple. Not updating measurement
WARNING: 14:57:38 - main_pipeline.interpreter:  Error in extracting time and data from picarro reading: cannot unpack non-iterable NoneType object. Probably not a tuple. Not updating measurement
WARNING: 14:57:38 - main_pipeline.interpreter:  Error in extracting time and data from bronkhorst reading: cannot unpack non-iterable float object. Probably not a tuple. Not updating measurement
WARNING: 14:57:39 - main_pipeline.interpreter:  Error in extracting time and data from picarro reading: cannot unpack non-iterable NoneType object. Probably not a tuple. Not updating measurement
WARNING: 14:57:39 - main_pipeline.interpreter:  Error in extracting time and data from bronkhorst reading: cannot unpack non-iterable float object. Probably not a tuple. Not updating measurement
WARNING: 14:57:40 - main_pipeline.interpreter:  Error in extracting time and data from picarro reading: cannot unpack non-iterable NoneType object. Probably not a tuple. Not updating measurement
WARNING: 14:57:40 - main_pipeline.interpreter:  Error in extracting time and data from bronkhorst reading: cannot unpack non-iterable float object. Probably not a tuple. Not updating measurement
WARNING: 14:57:41 - main_pipeline.interpreter:  Error in extracting time and data from picarro reading: cannot unpack non-iterable NoneType object. Probably not a tuple. Not updating measurement
WARNING: 14:57:41 - main_pipeline.interpreter:  Error in extracting time and data from bronkhorst reading: cannot unpack non-iterable float object. Probably not a tuple. Not updating measurement
WARNING: 14:57:42 - main_pipeline.interpreter:  Error in extracting time and data from picarro reading: cannot unpack non-iterable NoneType object. Probably not a tuple. Not updating measurement
WARNING: 14:57:42 - main_pipeline.interpreter:  Error in extracting time and data from bronkhorst reading: cannot unpack non-iterable float object. Probably not a tuple. Not updating measurement
WARNING: 14:57:43 - main_pipeline.interpreter:  Error in extracting time and data from picarro reading: cannot unpack non-iterable NoneType object. Probably not a tuple. Not updating measurement
WARNING: 14:57:43 - main_pipeline.interpreter:  Error in extracting time and data from bronkhorst reading: cannot unpack non-iterable float object. Probably not a tuple. Not updating measurement
WARNING: 14:57:44 - main_pipeline.interpreter:  Error in extracting time and data from picarro reading: cannot unpack non-iterable NoneType object. Probably not a tuple. Not updating measurement
WARNING: 14:57:44 - main_pipeline.interpreter:  Error in extracting time and data from bronkhorst reading: cannot unpack non-iterable float object. Probably not a tuple. Not updating measurement
WARNING: 14:57:45 - main_pipeline.interpreter:  Error in extracting time and data from picarro reading: cannot unpack non-iterable NoneType object. Probably not a tuple. Not updating measurement
WARNING: 14:57:45 - main_pipeline.interpreter:  Error in extracting time and data from bronkhorst reading: cannot unpack non-iterable float object. Probably not a tuple. Not updating measurement
WARNING: 14:57:46 - main_pipeline.interpreter:  Error in extracting time and data from picarro reading: cannot unpack non-iterable NoneType object. Probably not a tuple. Not updating measurement
WARNING: 14:57:46 - main_pipeline.interpreter:  Error in extracting time and data from bronkhorst reading: cannot unpack non-iterable float object. Probably not a tuple. Not updating measurement
WARNING: 14:57:47 - main_pipeline.interpreter:  Error in extracting time and data from picarro reading: cannot unpack non-iterable NoneType object. Probably not a tuple. Not updating measurement
WARNING: 14:57:47 - main_pipeline.interpreter:  Error in extracting time and data from bronkhorst reading: cannot unpack non-iterable float object. Probably not a tuple. Not updating measurement
WARNING: 14:57:48 - main_pipeline.interpreter:  Error in extracting time and data from picarro reading: cannot unpack non-iterable NoneType object. Probably not a tuple. Not updating measurement
WARNING: 14:57:48 - main_pipeline.interpreter:  Error in extracting time and data from bronkhorst reading: cannot unpack non-iterable float object. Probably not a tuple. Not updating measurement
WARNING: 14:57:49 - main_pipeline.interpreter:  Error in extracting time and data from picarro reading: cannot unpack non-iterable NoneType object. Probably not a tuple. Not updating measurement
WARNING: 14:57:49 - main_pipeline.interpreter:  Error in extracting time and data from bronkhorst reading: cannot unpack non-iterable float object. Probably not a tuple. Not updating measurement
WARNING: 14:57:50 - main_pipeline.interpreter:  Error in extracting time and data from picarro reading: cannot unpack non-iterable NoneType object. Probably not a tuple. Not updating measurement
WARNING: 14:57:50 - main_pipeline.interpreter:  Error in extracting time and data from bronkhorst reading: cannot unpack non-iterable float object. Probably not a tuple. Not updating measurement
WARNING: 14:57:51 - main_pipeline.interpreter:  Error in extracting time and data from picarro reading: cannot unpack non-iterable NoneType object. Probably not a tuple. Not updating measurement
WARNING: 14:57:51 - main_pipeline.interpreter:  Error in extracting time and data from bronkhorst reading: cannot unpack non-iterable float object. Probably not a tuple. Not updating measurement
WARNING: 14:57:52 - main_pipeline.interpreter:  Error in extracting time and data from picarro reading: cannot unpack non-iterable NoneType object. Probably not a tuple. Not updating measurement
WARNING: 14:57:52 - main_pipeline.interpreter:  Error in extracting time and data from bronkhorst reading: cannot unpack non-iterable float object. Probably not a tuple. Not updating measurement
WARNING: 14:57:53 - main_pipeline.interpreter:  Error in extracting time and data from picarro reading: cannot unpack non-iterable NoneType object. Probably not a tuple. Not updating measurement
WARNING: 14:57:53 - main_pipeline.interpreter:  Error in extracting time and data from bronkhorst reading: cannot unpack non-iterable float object. Probably not a tuple. Not updating measurement
WARNING: 14:57:54 - main_pipeline.interpreter:  Error in extracting time and data from picarro reading: cannot unpack non-iterable NoneType object. Probably not a tuple. Not updating measurement
WARNING: 14:57:54 - main_pipeline.interpreter:  Error in extracting time and data from bronkhorst reading: cannot unpack non-iterable float object. Probably not a tuple. Not updating measurement
WARNING: 14:57:55 - main_pipeline.interpreter:  Error in extracting time and data from picarro reading: cannot unpack non-iterable NoneType object. Probably not a tuple. Not updating measurement
WARNING: 14:57:55 - main_pipeline.interpreter:  Error in extracting time and data from bronkhorst reading: cannot unpack non-iterable float object. Probably not a tuple. Not updating measurement
WARNING: 14:57:56 - main_pipeline.interpreter:  Error in extracting time and data from picarro reading: cannot unpack non-iterable NoneType object. Probably not a tuple. Not updating measurement
WARNING: 14:57:56 - main_pipeline.interpreter:  Error in extracting time and data from bronkhorst reading: cannot unpack non-iterable float object. Probably not a tuple. Not updating measurement
WARNING: 14:57:57 - main_pipeline.interpreter:  Error in extracting time and data from picarro reading: cannot unpack non-iterable NoneType object. Probably not a tuple. Not updating measurement
WARNING: 14:57:57 - main_pipeline.interpreter:  Error in extracting time and data from bronkhorst reading: cannot unpack non-iterable float object. Probably not a tuple. Not updating measurement
WARNING: 14:57:58 - main_pipeline.interpreter:  Error in extracting time and data from picarro reading: cannot unpack non-iterable NoneType object. Probably not a tuple. Not updating measurement
WARNING: 14:57:58 - main_pipeline.interpreter:  Error in extracting time and data from bronkhorst reading: cannot unpack non-iterable float object. Probably not a tuple. Not updating measurement
WARNING: 14:57:59 - main_pipeline.interpreter:  Error in extracting time and data from picarro reading: cannot unpack non-iterable NoneType object. Probably not a tuple. Not updating measurement
WARNING: 14:57:59 - main_pipeline.interpreter:  Error in extracting time and data from bronkhorst reading: cannot unpack non-iterable float object. Probably not a tuple. Not updating measurement
WARNING: 14:58:00 - main_pipeline.interpreter:  Error in extracting time and data from picarro reading: cannot unpack non-iterable NoneType object. Probably not a tuple. Not updating measurement
WARNING: 14:58:00 - main_pipeline.interpreter:  Error in extracting time and data from bronkhorst reading: cannot unpack non-iterable float object. Probably not a tuple. Not updating measurement
WARNING: 14:58:01 - main_pipeline.interpreter:  Error in extracting time and data from picarro reading: cannot unpack non-iterable NoneType object. Probably not a tuple. Not updating measurement
WARNING: 14:58:01 - main_pipeline.interpreter:  Error in extracting time and data from bronkhorst reading: cannot unpack non-iterable float object. Probably not a tuple. Not updating measurement
WARNING: 14:58:02 - main_pipeline.interpreter:  Error in extracting time and data from picarro reading: cannot unpack non-iterable NoneType object. Probably not a tuple. Not updating measurement
WARNING: 14:58:02 - main_pipeline.interpreter:  Error in extracting time and data from bronkhorst reading: cannot unpack non-iterable float object. Probably not a tuple. Not updating measurement
WARNING: 14:58:03 - main_pipeline.interpreter:  Error in extracting time and data from picarro reading: cannot unpack non-iterable NoneType object. Probably not a tuple. Not updating measurement
WARNING: 14:58:03 - main_pipeline.interpreter:  Error in extracting time and data from bronkhorst reading: cannot unpack non-iterable float object. Probably not a tuple. Not updating measurement
WARNING: 14:58:04 - main_pipeline.interpreter:  Error in extracting time and data from picarro reading: cannot unpack non-iterable NoneType object. Probably not a tuple. Not updating measurement
WARNING: 14:58:04 - main_pipeline.interpreter:  Error in extracting time and data from bronkhorst reading: cannot unpack non-iterable float object. Probably not a tuple. Not updating measurement
WARNING: 14:58:05 - main_pipeline.interpreter:  Error in extracting time and data from picarro reading: cannot unpack non-iterable NoneType object. Probably not a tuple. Not updating measurement
WARNING: 14:58:05 - main_pipeline.interpreter:  Error in extracting time and data from bronkhorst reading: cannot unpack non-iterable float object. Probably not a tuple. Not updating measurement
WARNING: 14:58:06 - main_pipeline.interpreter:  Error in extracting time and data from picarro reading: cannot unpack non-iterable NoneType object. Probably not a tuple. Not updating measurement
WARNING: 14:58:06 - main_pipeline.interpreter:  Error in extracting time and data from bronkhorst reading: cannot unpack non-iterable float object. Probably not a tuple. Not updating measurement
WARNING: 14:58:07 - main_pipeline.interpreter:  Error in extracting time and data from picarro reading: cannot unpack non-iterable NoneType object. Probably not a tuple. Not updating measurement
WARNING: 14:58:07 - main_pipeline.interpreter:  Error in extracting time and data from bronkhorst reading: cannot unpack non-iterable float object. Probably not a tuple. Not updating measurement
WARNING: 14:58:08 - main_pipeline.interpreter:  Error in extracting time and data from picarro reading: cannot unpack non-iterable NoneType object. Probably not a tuple. Not updating measurement
WARNING: 14:58:08 - main_pipeline.interpreter:  Error in extracting time and data from bronkhorst reading: cannot unpack non-iterable float object. Probably not a tuple. Not updating measurement
WARNING: 14:58:09 - main_pipeline.interpreter:  Error in extracting time and data from picarro reading: cannot unpack non-iterable NoneType object. Probably not a tuple. Not updating measurement
WARNING: 14:58:09 - main_pipeline.interpreter:  Error in extracting time and data from bronkhorst reading: cannot unpack non-iterable float object. Probably not a tuple. Not updating measurement
WARNING: 14:58:10 - main_pipeline.interpreter:  Error in extracting time and data from picarro reading: cannot unpack non-iterable NoneType object. Probably not a tuple. Not updating measurement
WARNING: 14:58:10 - main_pipeline.interpreter:  Error in extracting time and data from bronkhorst reading: cannot unpack non-iterable float object. Probably not a tuple. Not updating measurement
WARNING: 14:58:11 - main_pipeline.interpreter:  Error in extracting time and data from picarro reading: cannot unpack non-iterable NoneType object. Probably not a tuple. Not updating measurement
WARNING: 14:58:11 - main_pipeline.interpreter:  Error in extracting time and data from bronkhorst reading: cannot unpack non-iterable float object. Probably not a tuple. Not updating measurement
WARNING: 14:58:12 - main_pipeline.interpreter:  Error in extracting time and data from picarro reading: cannot unpack non-iterable NoneType object. Probably not a tuple. Not updating measurement
WARNING: 14:58:12 - main_pipeline.interpreter:  Error in extracting time and data from bronkhorst reading: cannot unpack non-iterable float object. Probably not a tuple. Not updating measurement
WARNING: 14:58:13 - main_pipeline.interpreter:  Error in extracting time and data from picarro reading: cannot unpack non-iterable NoneType object. Probably not a tuple. Not updating measurement
WARNING: 14:58:13 - main_pipeline.interpreter:  Error in extracting time and data from bronkhorst reading: cannot unpack non-iterable float object. Probably not a tuple. Not updating measurement
WARNING: 14:58:14 - main_pipeline.interpreter:  Error in extracting time and data from picarro reading: cannot unpack non-iterable NoneType object. Probably not a tuple. Not updating measurement
WARNING: 14:58:14 - main_pipeline.interpreter:  Error in extracting time and data from bronkhorst reading: cannot unpack non-iterable float object. Probably not a tuple. Not updating measurement
WARNING: 14:58:15 - main_pipeline.interpreter:  Error in extracting time and data from picarro reading: cannot unpack non-iterable NoneType object. Probably not a tuple. Not updating measurement
WARNING: 14:58:15 - main_pipeline.interpreter:  Error in extracting time and data from bronkhorst reading: cannot unpack non-iterable float object. Probably not a tuple. Not updating measurement
WARNING: 14:58:16 - main_pipeline.interpreter:  Error in extracting time and data from picarro reading: cannot unpack non-iterable NoneType object. Probably not a tuple. Not updating measurement
WARNING: 14:58:16 - main_pipeline.interpreter:  Error in extracting time and data from bronkhorst reading: cannot unpack non-iterable float object. Probably not a tuple. Not updating measurement
WARNING: 14:58:17 - main_pipeline.interpreter:  Error in extracting time and data from picarro reading: cannot unpack non-iterable NoneType object. Probably not a tuple. Not updating measurement
WARNING: 14:58:17 - main_pipeline.interpreter:  Error in extracting time and data from bronkhorst reading: cannot unpack non-iterable float object. Probably not a tuple. Not updating measurement
WARNING: 14:58:18 - main_pipeline.interpreter:  Error in extracting time and data from picarro reading: cannot unpack non-iterable NoneType object. Probably not a tuple. Not updating measurement
WARNING: 14:58:18 - main_pipeline.interpreter:  Error in extracting time and data from bronkhorst reading: cannot unpack non-iterable float object. Probably not a tuple. Not updating measurement
WARNING: 14:58:19 - main_pipeline.interpreter:  Error in extracting time and data from picarro reading: cannot unpack non-iterable NoneType object. Probably not a tuple. Not updating measurement
WARNING: 14:58:19 - main_pipeline.interpreter:  Error in extracting time and data from bronkhorst reading: cannot unpack non-iterable float object. Probably not a tuple. Not updating measurement
WARNING: 14:58:20 - main_pipeline.interpreter:  Error in extracting time and data from picarro reading: cannot unpack non-iterable NoneType object. Probably not a tuple. Not updating measurement
WARNING: 14:58:20 - main_pipeline.interpreter:  Error in extracting time and data from bronkhorst reading: cannot unpack non-iterable float object. Probably not a tuple. Not updating measurement
WARNING: 14:58:21 - main_pipeline.interpreter:  Error in extracting time and data from picarro reading: cannot unpack non-iterable NoneType object. Probably not a tuple. Not updating measurement
WARNING: 14:58:21 - main_pipeline.interpreter:  Error in extracting time and data from bronkhorst reading: cannot unpack non-iterable float object. Probably not a tuple. Not updating measurement
WARNING: 14:58:22 - main_pipeline.interpreter:  Error in extracting time and data from picarro reading: cannot unpack non-iterable NoneType object. Probably not a tuple. Not updating measurement
WARNING: 14:58:22 - main_pipeline.interpreter:  Error in extracting time and data from bronkhorst reading: cannot unpack non-iterable float object. Probably not a tuple. Not updating measurement
WARNING: 14:58:23 - main_pipeline.interpreter:  Error in extracting time and data from picarro reading: cannot unpack non-iterable NoneType object. Probably not a tuple. Not updating measurement
WARNING: 14:58:23 - main_pipeline.interpreter:  Error in extracting time and data from bronkhorst reading: cannot unpack non-iterable float object. Probably not a tuple. Not updating measurement
WARNING: 14:58:24 - main_pipeline.interpreter:  Error in extracting time and data from picarro reading: cannot unpack non-iterable NoneType object. Probably not a tuple. Not updating measurement
WARNING: 14:58:24 - main_pipeline.interpreter:  Error in extracting time and data from bronkhorst reading: cannot unpack non-iterable float object. Probably not a tuple. Not updating measurement
WARNING: 14:58:25 - main_pipeline.interpreter:  Error in extracting time and data from picarro reading: cannot unpack non-iterable NoneType object. Probably not a tuple. Not updating measurement
WARNING: 14:58:25 - main_pipeline.interpreter:  Error in extracting time and data from bronkhorst reading: cannot unpack non-iterable float object. Probably not a tuple. Not updating measurement
WARNING: 14:58:26 - main_pipeline.interpreter:  Error in extracting time and data from picarro reading: cannot unpack non-iterable NoneType object. Probably not a tuple. Not updating measurement
WARNING: 14:58:26 - main_pipeline.interpreter:  Error in extracting time and data from bronkhorst reading: cannot unpack non-iterable float object. Probably not a tuple. Not updating measurement
WARNING: 14:58:27 - main_pipeline.interpreter:  Error in extracting time and data from picarro reading: cannot unpack non-iterable NoneType object. Probably not a tuple. Not updating measurement
WARNING: 14:58:27 - main_pipeline.interpreter:  Error in extracting time and data from bronkhorst reading: cannot unpack non-iterable float object. Probably not a tuple. Not updating measurement
WARNING: 14:58:28 - main_pipeline.interpreter:  Error in extracting time and data from picarro reading: cannot unpack non-iterable NoneType object. Probably not a tuple. Not updating measurement
WARNING: 14:58:28 - main_pipeline.interpreter:  Error in extracting time and data from bronkhorst reading: cannot unpack non-iterable float object. Probably not a tuple. Not updating measurement
WARNING: 14:58:29 - main_pipeline.interpreter:  Error in extracting time and data from picarro reading: cannot unpack non-iterable NoneType object. Probably not a tuple. Not updating measurement
WARNING: 14:58:29 - main_pipeline.interpreter:  Error in extracting time and data from bronkhorst reading: cannot unpack non-iterable float object. Probably not a tuple. Not updating measurement
WARNING: 14:58:30 - main_pipeline.interpreter:  Error in extracting time and data from picarro reading: cannot unpack non-iterable NoneType object. Probably not a tuple. Not updating measurement
WARNING: 14:58:30 - main_pipeline.interpreter:  Error in extracting time and data from bronkhorst reading: cannot unpack non-iterable float object. Probably not a tuple. Not updating measurement
WARNING: 14:58:31 - main_pipeline.interpreter:  Error in extracting time and data from picarro reading: cannot unpack non-iterable NoneType object. Probably not a tuple. Not updating measurement
WARNING: 14:58:31 - main_pipeline.interpreter:  Error in extracting time and data from bronkhorst reading: cannot unpack non-iterable float object. Probably not a tuple. Not updating measurement
WARNING: 14:58:32 - main_pipeline.interpreter:  Error in extracting time and data from picarro reading: cannot unpack non-iterable NoneType object. Probably not a tuple. Not updating measurement
WARNING: 14:58:32 - main_pipeline.interpreter:  Error in extracting time and data from bronkhorst reading: cannot unpack non-iterable float object. Probably not a tuple. Not updating measurement
WARNING: 14:58:33 - main_pipeline.interpreter:  Error in extracting time and data from picarro reading: cannot unpack non-iterable NoneType object. Probably not a tuple. Not updating measurement
WARNING: 14:58:33 - main_pipeline.interpreter:  Error in extracting time and data from bronkhorst reading: cannot unpack non-iterable float object. Probably not a tuple. Not updating measurement
WARNING: 14:58:34 - main_pipeline.interpreter:  Error in extracting time and data from picarro reading: cannot unpack non-iterable NoneType object. Probably not a tuple. Not updating measurement
WARNING: 14:58:34 - main_pipeline.interpreter:  Error in extracting time and data from bronkhorst reading: cannot unpack non-iterable float object. Probably not a tuple. Not updating measurement
WARNING: 14:58:35 - main_pipeline.interpreter:  Error in extracting time and data from picarro reading: cannot unpack non-iterable NoneType object. Probably not a tuple. Not updating measurement
WARNING: 14:58:35 - main_pipeline.interpreter:  Error in extracting time and data from bronkhorst reading: cannot unpack non-iterable float object. Probably not a tuple. Not updating measurement
WARNING: 14:58:36 - main_pipeline.interpreter:  Error in extracting time and data from picarro reading: cannot unpack non-iterable NoneType object. Probably not a tuple. Not updating measurement
WARNING: 14:58:36 - main_pipeline.interpreter:  Error in extracting time and data from bronkhorst reading: cannot unpack non-iterable float object. Probably not a tuple. Not updating measurement
WARNING: 14:58:37 - main_pipeline.interpreter:  Error in extracting time and data from picarro reading: cannot unpack non-iterable NoneType object. Probably not a tuple. Not updating measurement
WARNING: 14:58:37 - main_pipeline.interpreter:  Error in extracting time and data from bronkhorst reading: cannot unpack non-iterable float object. Probably not a tuple. Not updating measurement
WARNING: 14:58:38 - main_pipeline.interpreter:  Error in extracting time and data from picarro reading: cannot unpack non-iterable NoneType object. Probably not a tuple. Not updating measurement
WARNING: 14:58:38 - main_pipeline.interpreter:  Error in extracting time and data from bronkhorst reading: cannot unpack non-iterable float object. Probably not a tuple. Not updating measurement
WARNING: 14:58:39 - main_pipeline.interpreter:  Error in extracting time and data from picarro reading: cannot unpack non-iterable NoneType object. Probably not a tuple. Not updating measurement
WARNING: 14:58:39 - main_pipeline.interpreter:  Error in extracting time and data from bronkhorst reading: cannot unpack non-iterable float object. Probably not a tuple. Not updating measurement
WARNING: 14:58:40 - main_pipeline.interpreter:  Error in extracting time and data from picarro reading: cannot unpack non-iterable NoneType object. Probably not a tuple. Not updating measurement
WARNING: 14:58:40 - main_pipeline.interpreter:  Error in extracting time and data from bronkhorst reading: cannot unpack non-iterable float object. Probably not a tuple. Not updating measurement
WARNING: 14:58:41 - main_pipeline.interpreter:  Error in extracting time and data from picarro reading: cannot unpack non-iterable NoneType object. Probably not a tuple. Not updating measurement
WARNING: 14:58:41 - main_pipeline.interpreter:  Error in extracting time and data from bronkhorst reading: cannot unpack non-iterable float object. Probably not a tuple. Not updating measurement
WARNING: 14:58:43 - main_pipeline.interpreter:  Error in extracting time and data from picarro reading: cannot unpack non-iterable NoneType object. Probably not a tuple. Not updating measurement
WARNING: 14:58:43 - main_pipeline.interpreter:  Error in extracting time and data from bronkhorst reading: cannot unpack non-iterable float object. Probably not a tuple. Not updating measurement
WARNING: 14:58:44 - main_pipeline.interpreter:  Error in extracting time and data from picarro reading: cannot unpack non-iterable NoneType object. Probably not a tuple. Not updating measurement
WARNING: 14:58:44 - main_pipeline.interpreter:  Error in extracting time and data from bronkhorst reading: cannot unpack non-iterable float object. Probably not a tuple. Not updating measurement
WARNING: 14:58:45 - main_pipeline.interpreter:  Error in extracting time and data from picarro reading: cannot unpack non-iterable NoneType object. Probably not a tuple. Not updating measurement
WARNING: 14:58:45 - main_pipeline.interpreter:  Error in extracting time and data from bronkhorst reading: cannot unpack non-iterable float object. Probably not a tuple. Not updating measurement
WARNING: 14:58:46 - main_pipeline.interpreter:  Error in extracting time and data from picarro reading: cannot unpack non-iterable NoneType object. Probably not a tuple. Not updating measurement
WARNING: 14:58:46 - main_pipeline.interpreter:  Error in extracting time and data from bronkhorst reading: cannot unpack non-iterable float object. Probably not a tuple. Not updating measurement
WARNING: 14:58:47 - main_pipeline.interpreter:  Error in extracting time and data from picarro reading: cannot unpack non-iterable NoneType object. Probably not a tuple. Not updating measurement
WARNING: 14:58:47 - main_pipeline.interpreter:  Error in extracting time and data from bronkhorst reading: cannot unpack non-iterable float object. Probably not a tuple. Not updating measurement
WARNING: 14:58:48 - main_pipeline.interpreter:  Error in extracting time and data from picarro reading: cannot unpack non-iterable NoneType object. Probably not a tuple. Not updating measurement
WARNING: 14:58:48 - main_pipeline.interpreter:  Error in extracting time and data from bronkhorst reading: cannot unpack non-iterable float object. Probably not a tuple. Not updating measurement
WARNING: 14:58:49 - main_pipeline.interpreter:  Error in extracting time and data from picarro reading: cannot unpack non-iterable NoneType object. Probably not a tuple. Not updating measurement
WARNING: 14:58:49 - main_pipeline.interpreter:  Error in extracting time and data from bronkhorst reading: cannot unpack non-iterable float object. Probably not a tuple. Not updating measurement
WARNING: 14:58:50 - main_pipeline.interpreter:  Error in extracting time and data from picarro reading: cannot unpack non-iterable NoneType object. Probably not a tuple. Not updating measurement
WARNING: 14:58:50 - main_pipeline.interpreter:  Error in extracting time and data from bronkhorst reading: cannot unpack non-iterable float object. Probably not a tuple. Not updating measurement
WARNING: 14:58:51 - main_pipeline.interpreter:  Error in extracting time and data from picarro reading: cannot unpack non-iterable NoneType object. Probably not a tuple. Not updating measurement
WARNING: 14:58:51 - main_pipeline.interpreter:  Error in extracting time and data from bronkhorst reading: cannot unpack non-iterable float object. Probably not a tuple. Not updating measurement
WARNING: 14:58:52 - main_pipeline.interpreter:  Error in extracting time and data from picarro reading: cannot unpack non-iterable NoneType object. Probably not a tuple. Not updating measurement
WARNING: 14:58:52 - main_pipeline.interpreter:  Error in extracting time and data from bronkhorst reading: cannot unpack non-iterable float object. Probably not a tuple. Not updating measurement
WARNING: 14:58:53 - main_pipeline.interpreter:  Error in extracting time and data from picarro reading: cannot unpack non-iterable NoneType object. Probably not a tuple. Not updating measurement
WARNING: 14:58:53 - main_pipeline.interpreter:  Error in extracting time and data from bronkhorst reading: cannot unpack non-iterable float object. Probably not a tuple. Not updating measurement
WARNING: 14:58:54 - main_pipeline.interpreter:  Error in extracting time and data from picarro reading: cannot unpack non-iterable NoneType object. Probably not a tuple. Not updating measurement
WARNING: 14:58:54 - main_pipeline.interpreter:  Error in extracting time and data from bronkhorst reading: cannot unpack non-iterable float object. Probably not a tuple. Not updating measurement
WARNING: 14:58:55 - main_pipeline.interpreter:  Error in extracting time and data from picarro reading: cannot unpack non-iterable NoneType object. Probably not a tuple. Not updating measurement
WARNING: 14:58:55 - main_pipeline.interpreter:  Error in extracting time and data from bronkhorst reading: cannot unpack non-iterable float object. Probably not a tuple. Not updating measurement
WARNING: 14:58:56 - main_pipeline.interpreter:  Error in extracting time and data from picarro reading: cannot unpack non-iterable NoneType object. Probably not a tuple. Not updating measurement
WARNING: 14:58:56 - main_pipeline.interpreter:  Error in extracting time and data from bronkhorst reading: cannot unpack non-iterable float object. Probably not a tuple. Not updating measurement
WARNING: 14:58:57 - main_pipeline.interpreter:  Error in extracting time and data from picarro reading: cannot unpack non-iterable NoneType object. Probably not a tuple. Not updating measurement
WARNING: 14:58:57 - main_pipeline.interpreter:  Error in extracting time and data from bronkhorst reading: cannot unpack non-iterable float object. Probably not a tuple. Not updating measurement
WARNING: 14:58:58 - main_pipeline.interpreter:  Error in extracting time and data from picarro reading: cannot unpack non-iterable NoneType object. Probably not a tuple. Not updating measurement
WARNING: 14:58:58 - main_pipeline.interpreter:  Error in extracting time and data from bronkhorst reading: cannot unpack non-iterable float object. Probably not a tuple. Not updating measurement
WARNING: 14:58:59 - main_pipeline.interpreter:  Error in extracting time and data from picarro reading: cannot unpack non-iterable NoneType object. Probably not a tuple. Not updating measurement
WARNING: 14:58:59 - main_pipeline.interpreter:  Error in extracting time and data from bronkhorst reading: cannot unpack non-iterable float object. Probably not a tuple. Not updating measurement
INFO: 14:59:00 - main_pipeline.sensor:  Shutting down sensors
INFO: 14:59:00 - sensor_interfaces.abakus_interface:  Abakus measurements stopped
INFO: 14:59:00 - sensor_interfaces.laser_interface:  Dimetix laser turned off
INFO: 14:59:00 - main_pipeline.sensor:  Finished shutting down sensors
INFO: 14:59:03 - main_pipeline.sensor:  Shutting down sensors
INFO: 14:59:03 - sensor_interfaces.abakus_interface:  Abakus measurements stopped
INFO: 14:59:03 - sensor_interfaces.laser_interface:  Dimetix laser turned off
INFO: 14:59:03 - main_pipeline.sensor:  Finished shutting down sensors
INFO: 15:00:46 - main_pipeline.sensor:  Successfully connected to port COM8, using real Picarro Gas hardware
INFO: 15:00:46 - main_pipeline.sensor:  Successfully connected to port COM4, using real Abakus hardware
INFO: 15:00:46 - main_pipeline.sensor:  Successfully connected to port COM3 and COM5, using real Flowmeter hardware
INFO: 15:00:46 - main_pipeline.sensor:  Successfully connected to port COM6, using real Dimetix hardware
WARNING: 15:00:46 - main_pipeline.sensor:  Couldn't find Bronkhorst at port COM9, shadowing sensor calls with substitute functions
INFO: 15:00:46 - sensor_interfaces.abakus_interface:  Connected to serial port COM4 with baud 38400
INFO: 15:00:46 - sensor_interfaces.flowmeter_interface:  Connected to serial port COM3 with baud 115200
INFO: 15:00:46 - sensor_interfaces.flowmeter_interface:  Connected to serial port COM5 with baud 115200
INFO: 15:00:46 - sensor_interfaces.laser_interface:  Connected to serial port COM6 with baud 19200
INFO: 15:00:46 - sensor_interfaces.sim_instruments:  Fake hardware, pretending to use serial port COM9 with baud 38400
INFO: 15:00:46 - main_pipeline.sensor:  Sensor class initiated
INFO: 15:00:46 - main_pipeline.interpreter:  Interpreter class initiated
INFO: 15:00:46 - main_pipeline.writer:  Display class initiated
INFO: 15:00:49 - main_pipeline.sensor:  Initializing sensors
INFO: 15:00:49 - sensor_interfaces.abakus_interface:  Initializing Abakus
INFO: 15:00:49 - sensor_interfaces.abakus_interface:  Abakus measurements started
INFO: 15:00:49 - sensor_interfaces.abakus_interface:  Initialization attempt 1/10
INFO: 15:00:50 - sensor_interfaces.abakus_interface:  Initialization attempt 2/10
INFO: 15:00:50 - sensor_interfaces.abakus_interface:  Initialization attempt 3/10
INFO: 15:00:50 - sensor_interfaces.abakus_interface:  Abakus initialized
INFO: 15:00:51 - sensor_interfaces.laser_interface:  Dimetix laser turned on
INFO: 15:00:51 - sensor_interfaces.laser_interface:  Laser distance initialization attempt 1/10
INFO: 15:00:52 - sensor_interfaces.laser_interface:  Laser distance initialized
INFO: 15:00:52 - sensor_interfaces.laser_interface:  Laser temperature initialization attempt 1/10
INFO: 15:00:52 - sensor_interfaces.laser_interface:  Laser temperature initialized
INFO: 15:00:52 - sensor_interfaces.sim_instruments:  Initializing Bronkhorst
INFO: 15:00:52 - sensor_interfaces.sim_instruments:  Bronkhorst initialized
INFO: 15:00:52 - sensor_interfaces.flowmeter_interface:  Flowmeter measurements started
INFO: 15:00:52 - sensor_interfaces.flowmeter_interface:  Initialization attempt 1/10
INFO: 15:00:55 - sensor_interfaces.flowmeter_interface:  Initialization attempt 2/10
INFO: 15:00:55 - sensor_interfaces.flowmeter_interface:  Flowmeter sli2000 initialized
INFO: 15:00:55 - sensor_interfaces.flowmeter_interface:  Flowmeter measurements started
INFO: 15:00:55 - sensor_interfaces.flowmeter_interface:  Initialization attempt 1/10
INFO: 15:00:59 - sensor_interfaces.flowmeter_interface:  Initialization attempt 2/10
INFO: 15:00:59 - sensor_interfaces.flowmeter_interface:  Flowmeter sls1500 initialized
INFO: 15:00:59 - main_pipeline.sensor:  Finished initializing sensors
WARNING: 15:01:01 - main_pipeline.interpreter:  Error in extracting time and data from Abakus reading: cannot unpack non-iterable NoneType object. Probably not a tuple. Not updating measurement
WARNING: 15:01:01 - main_pipeline.interpreter:  Error in extracting time and data from flowmeter SLI2000 reading: cannot unpack non-iterable NoneType object. Probably not a tuple. Not updating measurement
WARNING: 15:01:01 - main_pipeline.interpreter:  Error in extracting time and data from flowmeter SLS1500 reading: cannot unpack non-iterable NoneType object. Probably not a tuple. Not updating measurement
WARNING: 15:01:01 - main_pipeline.interpreter:  Error in extracting time and data from laser reading: cannot unpack non-iterable NoneType object. Probably not a tuple. Not updating measurement
WARNING: 15:01:01 - main_pipeline.interpreter:  Error in extracting time and data from picarro reading: cannot unpack non-iterable NoneType object. Probably not a tuple. Not updating measurement
WARNING: 15:01:01 - main_pipeline.interpreter:  Error in extracting time and data from bronkhorst reading: cannot unpack non-iterable float object. Probably not a tuple. Not updating measurement
WARNING: 15:01:02 - __main__:  Error updating the Picarro Gas buffer timestamp: 'NoneType' object is not subscriptable
WARNING: 15:01:02 - __main__:  Error updating the Picarro Gas buffer data: 'NoneType' object is not subscriptable
WARNING: 15:01:02 - __main__:  Error updating the Picarro Gas buffer data: 'NoneType' object is not subscriptable
WARNING: 15:01:02 - __main__:  Error updating the Picarro Gas buffer data: 'NoneType' object is not subscriptable
WARNING: 15:01:02 - __main__:  Error updating the Picarro Gas buffer data: 'NoneType' object is not subscriptable
WARNING: 15:01:02 - __main__:  Error updating the Laser Distance Sensor buffer timestamp: 'NoneType' object is not subscriptable
WARNING: 15:01:02 - __main__:  Error updating the Laser Distance Sensor buffer data: 'NoneType' object is not subscriptable
WARNING: 15:01:02 - __main__:  Error updating the Laser Distance Sensor buffer data: 'NoneType' object is not subscriptable
WARNING: 15:01:02 - __main__:  Error updating the Abakus Particle Counter buffer timestamp: 'NoneType' object is not subscriptable
WARNING: 15:01:02 - __main__:  Error updating the Abakus Particle Counter buffer data: 'NoneType' object is not subscriptable
WARNING: 15:01:02 - __main__:  Error updating the Flowmeter buffer timestamp: 'NoneType' object is not subscriptable
WARNING: 15:01:02 - __main__:  Error updating the Flowmeter buffer data: 'NoneType' object is not subscriptable
WARNING: 15:01:02 - __main__:  Error updating the Flowmeter buffer data: 'NoneType' object is not subscriptable
WARNING: 15:01:02 - __main__:  Error updating the Bronkhorst Pressure buffer timestamp: 'NoneType' object is not subscriptable
WARNING: 15:01:02 - main_pipeline.interpreter:  Error in extracting time and data from picarro reading: cannot unpack non-iterable NoneType object. Probably not a tuple. Not updating measurement
WARNING: 15:01:02 - main_pipeline.interpreter:  Error in extracting time and data from bronkhorst reading: cannot unpack non-iterable float object. Probably not a tuple. Not updating measurement
WARNING: 15:01:02 - __main__:  Error updating the Bronkhorst Pressure buffer data: 'NoneType' object is not subscriptable
WARNING: 15:01:02 - __main__:  Error updating the Bronkhorst Pressure buffer data: 'NoneType' object is not subscriptable
WARNING: 15:01:02 - __main__:  Error updating the Bronkhorst Pressure buffer data: 'NoneType' object is not subscriptable
WARNING: 15:01:02 - __main__:  Error updating the Bronkhorst Pressure buffer data: 'NoneType' object is not subscriptable
WARNING: 15:01:03 - main_pipeline.interpreter:  Error in extracting time and data from picarro reading: cannot unpack non-iterable NoneType object. Probably not a tuple. Not updating measurement
WARNING: 15:01:03 - main_pipeline.interpreter:  Error in extracting time and data from bronkhorst reading: cannot unpack non-iterable float object. Probably not a tuple. Not updating measurement
WARNING: 15:01:04 - main_pipeline.interpreter:  Error in extracting time and data from picarro reading: cannot unpack non-iterable NoneType object. Probably not a tuple. Not updating measurement
WARNING: 15:01:04 - main_pipeline.interpreter:  Error in extracting time and data from bronkhorst reading: cannot unpack non-iterable float object. Probably not a tuple. Not updating measurement
WARNING: 15:01:05 - main_pipeline.interpreter:  Error in extracting time and data from picarro reading: cannot unpack non-iterable NoneType object. Probably not a tuple. Not updating measurement
WARNING: 15:01:05 - main_pipeline.interpreter:  Error in extracting time and data from bronkhorst reading: cannot unpack non-iterable float object. Probably not a tuple. Not updating measurement
WARNING: 15:01:06 - main_pipeline.interpreter:  Error in extracting time and data from picarro reading: cannot unpack non-iterable NoneType object. Probably not a tuple. Not updating measurement
WARNING: 15:01:06 - main_pipeline.interpreter:  Error in extracting time and data from bronkhorst reading: cannot unpack non-iterable float object. Probably not a tuple. Not updating measurement
INFO: 15:01:08 - main_pipeline.sensor:  Shutting down sensors
INFO: 15:01:08 - sensor_interfaces.abakus_interface:  Abakus measurements stopped
INFO: 15:01:08 - sensor_interfaces.laser_interface:  Dimetix laser turned off
INFO: 15:01:08 - main_pipeline.sensor:  Finished shutting down sensors
INFO: 15:01:12 - main_pipeline.sensor:  Shutting down sensors
INFO: 15:01:12 - sensor_interfaces.abakus_interface:  Abakus measurements stopped
INFO: 15:01:12 - sensor_interfaces.laser_interface:  Dimetix laser turned off
INFO: 15:01:12 - main_pipeline.sensor:  Finished shutting down sensors
INFO: 15:03:27 - main_pipeline.sensor:  Successfully connected to port COM8, using real Picarro Gas hardware
INFO: 15:03:27 - main_pipeline.sensor:  Successfully connected to port COM4, using real Abakus hardware
INFO: 15:03:28 - main_pipeline.sensor:  Successfully connected to port COM3 and COM5, using real Flowmeter hardware
INFO: 15:03:28 - main_pipeline.sensor:  Successfully connected to port COM6, using real Dimetix hardware
WARNING: 15:03:28 - main_pipeline.sensor:  Couldn't find Bronkhorst at port COM9, shadowing sensor calls with substitute functions
INFO: 15:03:28 - sensor_interfaces.abakus_interface:  Connected to serial port COM4 with baud 38400
INFO: 15:03:28 - sensor_interfaces.flowmeter_interface:  Connected to serial port COM3 with baud 115200
INFO: 15:03:28 - sensor_interfaces.flowmeter_interface:  Connected to serial port COM5 with baud 115200
INFO: 15:03:28 - sensor_interfaces.laser_interface:  Connected to serial port COM6 with baud 19200
INFO: 15:03:28 - sensor_interfaces.sim_instruments:  Fake hardware, pretending to use serial port COM9 with baud 38400
INFO: 15:03:28 - main_pipeline.sensor:  Sensor class initiated
INFO: 15:03:28 - main_pipeline.interpreter:  Interpreter class initiated
INFO: 15:03:28 - main_pipeline.writer:  Display class initiated
INFO: 15:03:30 - main_pipeline.sensor:  Initializing sensors
INFO: 15:03:30 - sensor_interfaces.abakus_interface:  Initializing Abakus
INFO: 15:03:30 - sensor_interfaces.abakus_interface:  Abakus measurements started
INFO: 15:03:30 - sensor_interfaces.abakus_interface:  Initialization attempt 1/10
INFO: 15:03:31 - sensor_interfaces.abakus_interface:  Initialization attempt 2/10
INFO: 15:03:31 - sensor_interfaces.abakus_interface:  Initialization attempt 3/10
INFO: 15:03:31 - sensor_interfaces.abakus_interface:  Abakus initialized
INFO: 15:03:36 - sensor_interfaces.laser_interface:  Dimetix laser turned on
INFO: 15:03:36 - sensor_interfaces.laser_interface:  Laser distance initialization attempt 1/10
INFO: 15:03:36 - sensor_interfaces.laser_interface:  Laser distance initialized
INFO: 15:03:36 - sensor_interfaces.laser_interface:  Laser temperature initialization attempt 1/10
INFO: 15:03:36 - sensor_interfaces.laser_interface:  Laser temperature initialized
INFO: 15:03:36 - sensor_interfaces.sim_instruments:  Initializing Bronkhorst
INFO: 15:03:36 - sensor_interfaces.sim_instruments:  Bronkhorst initialized
INFO: 15:03:36 - sensor_interfaces.flowmeter_interface:  Flowmeter measurements started
INFO: 15:03:36 - sensor_interfaces.flowmeter_interface:  Initialization attempt 1/10
INFO: 15:03:41 - sensor_interfaces.flowmeter_interface:  Initialization attempt 2/10
INFO: 15:03:41 - sensor_interfaces.flowmeter_interface:  Flowmeter sli2000 initialized
INFO: 15:03:41 - sensor_interfaces.flowmeter_interface:  Flowmeter measurements started
INFO: 15:03:41 - sensor_interfaces.flowmeter_interface:  Initialization attempt 1/10
INFO: 15:03:46 - sensor_interfaces.flowmeter_interface:  Initialization attempt 2/10
INFO: 15:03:46 - sensor_interfaces.flowmeter_interface:  Flowmeter sls1500 initialized
INFO: 15:03:46 - main_pipeline.sensor:  Finished initializing sensors
WARNING: 15:03:49 - main_pipeline.interpreter:  Error in extracting time and data from Abakus reading: cannot unpack non-iterable NoneType object. Probably not a tuple. Not updating measurement
WARNING: 15:03:49 - main_pipeline.interpreter:  Error in extracting time and data from flowmeter SLI2000 reading: cannot unpack non-iterable NoneType object. Probably not a tuple. Not updating measurement
WARNING: 15:03:49 - main_pipeline.interpreter:  Error in extracting time and data from flowmeter SLS1500 reading: cannot unpack non-iterable NoneType object. Probably not a tuple. Not updating measurement
WARNING: 15:03:49 - main_pipeline.interpreter:  Error in extracting time and data from laser reading: cannot unpack non-iterable NoneType object. Probably not a tuple. Not updating measurement
WARNING: 15:03:49 - main_pipeline.interpreter:  Error in extracting time and data from picarro reading: cannot unpack non-iterable NoneType object. Probably not a tuple. Not updating measurement
WARNING: 15:03:49 - main_pipeline.interpreter:  Error in extracting time and data from bronkhorst reading: cannot unpack non-iterable float object. Probably not a tuple. Not updating measurement
WARNING: 15:03:49 - __main__:  Error updating the Picarro Gas buffer timestamp: 'NoneType' object is not subscriptable
WARNING: 15:03:49 - __main__:  Error updating the Picarro Gas buffer data: 'NoneType' object is not subscriptable
WARNING: 15:03:49 - __main__:  Error updating the Picarro Gas buffer data: 'NoneType' object is not subscriptable
WARNING: 15:03:49 - __main__:  Error updating the Picarro Gas buffer data: 'NoneType' object is not subscriptable
WARNING: 15:03:49 - __main__:  Error updating the Picarro Gas buffer data: 'NoneType' object is not subscriptable
WARNING: 15:03:49 - __main__:  Error updating the Laser Distance Sensor buffer timestamp: 'NoneType' object is not subscriptable
WARNING: 15:03:49 - __main__:  Error updating the Laser Distance Sensor buffer data: 'NoneType' object is not subscriptable
WARNING: 15:03:49 - __main__:  Error updating the Laser Distance Sensor buffer data: 'NoneType' object is not subscriptable
WARNING: 15:03:49 - __main__:  Error updating the Abakus Particle Counter buffer timestamp: 'NoneType' object is not subscriptable
WARNING: 15:03:49 - __main__:  Error updating the Abakus Particle Counter buffer data: 'NoneType' object is not subscriptable
WARNING: 15:03:49 - __main__:  Error updating the Flowmeter buffer timestamp: 'NoneType' object is not subscriptable
WARNING: 15:03:49 - __main__:  Error updating the Flowmeter buffer data: 'NoneType' object is not subscriptable
WARNING: 15:03:49 - __main__:  Error updating the Flowmeter buffer data: 'NoneType' object is not subscriptable
WARNING: 15:03:49 - __main__:  Error updating the Bronkhorst Pressure buffer timestamp: 'NoneType' object is not subscriptable
WARNING: 15:03:49 - __main__:  Error updating the Bronkhorst Pressure buffer data: 'NoneType' object is not subscriptable
WARNING: 15:03:49 - __main__:  Error updating the Bronkhorst Pressure buffer data: 'NoneType' object is not subscriptable
WARNING: 15:03:49 - __main__:  Error updating the Bronkhorst Pressure buffer data: 'NoneType' object is not subscriptable
WARNING: 15:03:49 - __main__:  Error updating the Bronkhorst Pressure buffer data: 'NoneType' object is not subscriptable
WARNING: 15:03:50 - main_pipeline.interpreter:  Unexpected exception in processing picarro GAS data: list index out of range. Not updating measurement
WARNING: 15:03:50 - main_pipeline.interpreter:  Error in extracting time and data from bronkhorst reading: cannot unpack non-iterable float object. Probably not a tuple. Not updating measurement
WARNING: 15:03:51 - main_pipeline.interpreter:  Unexpected exception in processing picarro GAS data: list index out of range. Not updating measurement
WARNING: 15:03:51 - main_pipeline.interpreter:  Error in extracting time and data from bronkhorst reading: cannot unpack non-iterable float object. Probably not a tuple. Not updating measurement
WARNING: 15:03:52 - main_pipeline.interpreter:  Unexpected exception in processing picarro GAS data: list index out of range. Not updating measurement
WARNING: 15:03:52 - main_pipeline.interpreter:  Error in extracting time and data from bronkhorst reading: cannot unpack non-iterable float object. Probably not a tuple. Not updating measurement
WARNING: 15:03:53 - main_pipeline.interpreter:  Unexpected exception in processing picarro GAS data: list index out of range. Not updating measurement
WARNING: 15:03:53 - main_pipeline.interpreter:  Error in extracting time and data from bronkhorst reading: cannot unpack non-iterable float object. Probably not a tuple. Not updating measurement
WARNING: 15:03:54 - main_pipeline.interpreter:  Unexpected exception in processing picarro GAS data: list index out of range. Not updating measurement
WARNING: 15:03:54 - main_pipeline.interpreter:  Error in extracting time and data from bronkhorst reading: cannot unpack non-iterable float object. Probably not a tuple. Not updating measurement
INFO: 15:03:55 - main_pipeline.sensor:  Shutting down sensors
INFO: 15:03:55 - sensor_interfaces.abakus_interface:  Abakus measurements stopped
INFO: 15:03:55 - sensor_interfaces.laser_interface:  Dimetix laser turned off
INFO: 15:03:55 - main_pipeline.sensor:  Finished shutting down sensors
INFO: 15:04:00 - main_pipeline.sensor:  Shutting down sensors
INFO: 15:04:00 - sensor_interfaces.abakus_interface:  Abakus measurements stopped
INFO: 15:04:00 - sensor_interfaces.laser_interface:  Dimetix laser turned off
INFO: 15:04:00 - main_pipeline.sensor:  Finished shutting down sensors
INFO: 15:04:33 - main_pipeline.sensor:  Successfully connected to port COM8, using real Picarro Gas hardware
INFO: 15:04:33 - main_pipeline.sensor:  Successfully connected to port COM4, using real Abakus hardware
INFO: 15:04:34 - main_pipeline.sensor:  Successfully connected to port COM3 and COM5, using real Flowmeter hardware
INFO: 15:04:34 - main_pipeline.sensor:  Successfully connected to port COM6, using real Dimetix hardware
WARNING: 15:04:34 - main_pipeline.sensor:  Couldn't find Bronkhorst at port COM9, shadowing sensor calls with substitute functions
INFO: 15:04:34 - sensor_interfaces.abakus_interface:  Connected to serial port COM4 with baud 38400
INFO: 15:04:34 - sensor_interfaces.flowmeter_interface:  Connected to serial port COM3 with baud 115200
INFO: 15:04:34 - sensor_interfaces.flowmeter_interface:  Connected to serial port COM5 with baud 115200
INFO: 15:04:34 - sensor_interfaces.laser_interface:  Connected to serial port COM6 with baud 19200
INFO: 15:04:34 - sensor_interfaces.picarro_interface:  Connected to serial port COM8 with baud 19200
INFO: 15:04:34 - sensor_interfaces.sim_instruments:  Fake hardware, pretending to use serial port COM9 with baud 38400
INFO: 15:04:34 - main_pipeline.sensor:  Sensor class initiated
INFO: 15:04:34 - main_pipeline.interpreter:  Interpreter class initiated
INFO: 15:04:34 - main_pipeline.writer:  Display class initiated
INFO: 15:04:36 - main_pipeline.sensor:  Initializing sensors
INFO: 15:04:36 - sensor_interfaces.abakus_interface:  Initializing Abakus
INFO: 15:04:36 - sensor_interfaces.abakus_interface:  Abakus measurements started
INFO: 15:04:36 - sensor_interfaces.abakus_interface:  Initialization attempt 1/10
INFO: 15:04:37 - sensor_interfaces.abakus_interface:  Initialization attempt 2/10
INFO: 15:04:37 - sensor_interfaces.abakus_interface:  Initialization attempt 3/10
INFO: 15:04:37 - sensor_interfaces.abakus_interface:  Abakus initialized
INFO: 15:04:37 - sensor_interfaces.picarro_interface:  Initialization attempt 1/10
INFO: 15:04:38 - sensor_interfaces.picarro_interface:  Picarro queried
INFO: 15:04:38 - sensor_interfaces.picarro_interface:  Initialization attempt 2/10
INFO: 15:04:38 - sensor_interfaces.picarro_interface:  Picarro queried
INFO: 15:04:38 - sensor_interfaces.picarro_interface:  Initialization attempt 3/10
INFO: 15:04:39 - sensor_interfaces.picarro_interface:  Picarro queried
INFO: 15:04:39 - sensor_interfaces.picarro_interface:  Initialization attempt 4/10
INFO: 15:04:39 - sensor_interfaces.picarro_interface:  Picarro queried
INFO: 15:04:39 - sensor_interfaces.picarro_interface:  Initialization attempt 5/10
INFO: 15:04:40 - sensor_interfaces.picarro_interface:  Picarro queried
INFO: 15:04:40 - sensor_interfaces.picarro_interface:  Initialization attempt 6/10
INFO: 15:04:40 - sensor_interfaces.picarro_interface:  Picarro queried
INFO: 15:04:40 - sensor_interfaces.picarro_interface:  Initialization attempt 7/10
INFO: 15:04:41 - sensor_interfaces.picarro_interface:  Picarro queried
INFO: 15:04:41 - sensor_interfaces.picarro_interface:  Initialization attempt 8/10
INFO: 15:04:41 - sensor_interfaces.picarro_interface:  Picarro queried
INFO: 15:04:41 - sensor_interfaces.picarro_interface:  Initialization attempt 9/10
INFO: 15:04:42 - sensor_interfaces.picarro_interface:  Picarro queried
INFO: 15:04:42 - sensor_interfaces.picarro_interface:  Initialization attempt 10/10
INFO: 15:04:42 - sensor_interfaces.picarro_interface:  Picarro queried
INFO: 15:04:42 - sensor_interfaces.picarro_interface:  Picarro initialization failed after 10 attempts
INFO: 15:04:42 - sensor_interfaces.laser_interface:  Dimetix laser turned on
INFO: 15:04:42 - sensor_interfaces.laser_interface:  Laser distance initialization attempt 1/10
INFO: 15:04:42 - sensor_interfaces.laser_interface:  Laser distance initialized
INFO: 15:04:42 - sensor_interfaces.laser_interface:  Laser temperature initialization attempt 1/10
INFO: 15:04:42 - sensor_interfaces.laser_interface:  Laser temperature initialized
INFO: 15:04:42 - sensor_interfaces.sim_instruments:  Initializing Bronkhorst
INFO: 15:04:42 - sensor_interfaces.sim_instruments:  Bronkhorst initialized
INFO: 15:04:42 - sensor_interfaces.flowmeter_interface:  Flowmeter measurements started
INFO: 15:04:42 - sensor_interfaces.flowmeter_interface:  Initialization attempt 1/10
INFO: 15:04:46 - sensor_interfaces.flowmeter_interface:  Initialization attempt 2/10
INFO: 15:04:46 - sensor_interfaces.flowmeter_interface:  Flowmeter sli2000 initialized
INFO: 15:04:46 - sensor_interfaces.flowmeter_interface:  Flowmeter measurements started
INFO: 15:04:46 - sensor_interfaces.flowmeter_interface:  Initialization attempt 1/10
INFO: 15:04:51 - sensor_interfaces.flowmeter_interface:  Initialization attempt 2/10
INFO: 15:04:51 - sensor_interfaces.flowmeter_interface:  Flowmeter sls1500 initialized
INFO: 15:04:51 - main_pipeline.sensor:  Finished initializing sensors
WARNING: 15:04:53 - main_pipeline.interpreter:  Error in extracting time and data from Abakus reading: cannot unpack non-iterable NoneType object. Probably not a tuple. Not updating measurement
WARNING: 15:04:53 - main_pipeline.interpreter:  Error in extracting time and data from flowmeter SLI2000 reading: cannot unpack non-iterable NoneType object. Probably not a tuple. Not updating measurement
WARNING: 15:04:53 - main_pipeline.interpreter:  Error in extracting time and data from flowmeter SLS1500 reading: cannot unpack non-iterable NoneType object. Probably not a tuple. Not updating measurement
WARNING: 15:04:53 - main_pipeline.interpreter:  Error in extracting time and data from laser reading: cannot unpack non-iterable NoneType object. Probably not a tuple. Not updating measurement
WARNING: 15:04:53 - main_pipeline.interpreter:  Error in extracting time and data from picarro reading: cannot unpack non-iterable NoneType object. Probably not a tuple. Not updating measurement
WARNING: 15:04:53 - main_pipeline.interpreter:  Error in extracting time and data from bronkhorst reading: cannot unpack non-iterable float object. Probably not a tuple. Not updating measurement
INFO: 15:04:53 - sensor_interfaces.picarro_interface:  Picarro queried
WARNING: 15:04:53 - __main__:  Error updating the Picarro Gas buffer timestamp: 'NoneType' object is not subscriptable
WARNING: 15:04:53 - __main__:  Error updating the Picarro Gas buffer data: 'NoneType' object is not subscriptable
WARNING: 15:04:53 - __main__:  Error updating the Picarro Gas buffer data: 'NoneType' object is not subscriptable
WARNING: 15:04:53 - __main__:  Error updating the Picarro Gas buffer data: 'NoneType' object is not subscriptable
WARNING: 15:04:53 - __main__:  Error updating the Picarro Gas buffer data: 'NoneType' object is not subscriptable
WARNING: 15:04:53 - __main__:  Error updating the Laser Distance Sensor buffer timestamp: 'NoneType' object is not subscriptable
WARNING: 15:04:53 - __main__:  Error updating the Laser Distance Sensor buffer data: 'NoneType' object is not subscriptable
WARNING: 15:04:53 - __main__:  Error updating the Laser Distance Sensor buffer data: 'NoneType' object is not subscriptable
WARNING: 15:04:53 - __main__:  Error updating the Abakus Particle Counter buffer timestamp: 'NoneType' object is not subscriptable
WARNING: 15:04:53 - __main__:  Error updating the Abakus Particle Counter buffer data: 'NoneType' object is not subscriptable
WARNING: 15:04:53 - __main__:  Error updating the Flowmeter buffer timestamp: 'NoneType' object is not subscriptable
WARNING: 15:04:53 - __main__:  Error updating the Flowmeter buffer data: 'NoneType' object is not subscriptable
WARNING: 15:04:53 - __main__:  Error updating the Flowmeter buffer data: 'NoneType' object is not subscriptable
WARNING: 15:04:53 - __main__:  Error updating the Bronkhorst Pressure buffer timestamp: 'NoneType' object is not subscriptable
WARNING: 15:04:53 - __main__:  Error updating the Bronkhorst Pressure buffer data: 'NoneType' object is not subscriptable
WARNING: 15:04:53 - __main__:  Error updating the Bronkhorst Pressure buffer data: 'NoneType' object is not subscriptable
WARNING: 15:04:53 - __main__:  Error updating the Bronkhorst Pressure buffer data: 'NoneType' object is not subscriptable
WARNING: 15:04:53 - __main__:  Error updating the Bronkhorst Pressure buffer data: 'NoneType' object is not subscriptable
WARNING: 15:04:54 - main_pipeline.interpreter:  Unexpected exception in processing picarro GAS data: list index out of range. Not updating measurement
WARNING: 15:04:54 - main_pipeline.interpreter:  Error in extracting time and data from bronkhorst reading: cannot unpack non-iterable float object. Probably not a tuple. Not updating measurement
INFO: 15:04:54 - sensor_interfaces.picarro_interface:  Picarro queried
WARNING: 15:04:55 - main_pipeline.interpreter:  Unexpected exception in processing picarro GAS data: list index out of range. Not updating measurement
WARNING: 15:04:55 - main_pipeline.interpreter:  Error in extracting time and data from bronkhorst reading: cannot unpack non-iterable float object. Probably not a tuple. Not updating measurement
INFO: 15:04:55 - sensor_interfaces.picarro_interface:  Picarro queried
WARNING: 15:04:56 - main_pipeline.interpreter:  Unexpected exception in processing picarro GAS data: list index out of range. Not updating measurement
WARNING: 15:04:56 - main_pipeline.interpreter:  Error in extracting time and data from bronkhorst reading: cannot unpack non-iterable float object. Probably not a tuple. Not updating measurement
INFO: 15:04:56 - sensor_interfaces.picarro_interface:  Picarro queried
WARNING: 15:04:57 - main_pipeline.interpreter:  Unexpected exception in processing picarro GAS data: list index out of range. Not updating measurement
WARNING: 15:04:57 - main_pipeline.interpreter:  Error in extracting time and data from bronkhorst reading: cannot unpack non-iterable float object. Probably not a tuple. Not updating measurement
INFO: 15:04:57 - sensor_interfaces.picarro_interface:  Picarro queried
WARNING: 15:04:58 - main_pipeline.interpreter:  Unexpected exception in processing picarro GAS data: list index out of range. Not updating measurement
WARNING: 15:04:58 - main_pipeline.interpreter:  Error in extracting time and data from bronkhorst reading: cannot unpack non-iterable float object. Probably not a tuple. Not updating measurement
INFO: 15:04:58 - sensor_interfaces.picarro_interface:  Picarro queried
WARNING: 15:04:59 - main_pipeline.interpreter:  Unexpected exception in processing picarro GAS data: list index out of range. Not updating measurement
WARNING: 15:04:59 - main_pipeline.interpreter:  Error in extracting time and data from bronkhorst reading: cannot unpack non-iterable float object. Probably not a tuple. Not updating measurement
INFO: 15:04:59 - sensor_interfaces.picarro_interface:  Picarro queried
WARNING: 15:05:00 - main_pipeline.interpreter:  Unexpected exception in processing picarro GAS data: list index out of range. Not updating measurement
WARNING: 15:05:00 - main_pipeline.interpreter:  Error in extracting time and data from bronkhorst reading: cannot unpack non-iterable float object. Probably not a tuple. Not updating measurement
INFO: 15:05:00 - sensor_interfaces.picarro_interface:  Picarro queried
WARNING: 15:05:01 - main_pipeline.interpreter:  Unexpected exception in processing picarro GAS data: list index out of range. Not updating measurement
WARNING: 15:05:01 - main_pipeline.interpreter:  Error in extracting time and data from bronkhorst reading: cannot unpack non-iterable float object. Probably not a tuple. Not updating measurement
INFO: 15:05:01 - sensor_interfaces.picarro_interface:  Picarro queried
WARNING: 15:05:02 - main_pipeline.interpreter:  Unexpected exception in processing picarro GAS data: list index out of range. Not updating measurement
WARNING: 15:05:02 - main_pipeline.interpreter:  Error in extracting time and data from bronkhorst reading: cannot unpack non-iterable float object. Probably not a tuple. Not updating measurement
INFO: 15:05:02 - sensor_interfaces.picarro_interface:  Picarro queried
WARNING: 15:05:03 - main_pipeline.interpreter:  Unexpected exception in processing picarro GAS data: list index out of range. Not updating measurement
WARNING: 15:05:03 - main_pipeline.interpreter:  Error in extracting time and data from bronkhorst reading: cannot unpack non-iterable float object. Probably not a tuple. Not updating measurement
INFO: 15:05:03 - sensor_interfaces.picarro_interface:  Picarro queried
WARNING: 15:05:04 - main_pipeline.interpreter:  Unexpected exception in processing picarro GAS data: list index out of range. Not updating measurement
WARNING: 15:05:04 - main_pipeline.interpreter:  Error in extracting time and data from bronkhorst reading: cannot unpack non-iterable float object. Probably not a tuple. Not updating measurement
INFO: 15:05:04 - sensor_interfaces.picarro_interface:  Picarro queried
WARNING: 15:05:05 - main_pipeline.interpreter:  Unexpected exception in processing picarro GAS data: list index out of range. Not updating measurement
WARNING: 15:05:05 - main_pipeline.interpreter:  Error in extracting time and data from bronkhorst reading: cannot unpack non-iterable float object. Probably not a tuple. Not updating measurement
INFO: 15:05:05 - sensor_interfaces.picarro_interface:  Picarro queried
WARNING: 15:05:06 - main_pipeline.interpreter:  Unexpected exception in processing picarro GAS data: list index out of range. Not updating measurement
WARNING: 15:05:06 - main_pipeline.interpreter:  Error in extracting time and data from bronkhorst reading: cannot unpack non-iterable float object. Probably not a tuple. Not updating measurement
INFO: 15:05:06 - sensor_interfaces.picarro_interface:  Picarro queried
WARNING: 15:05:07 - main_pipeline.interpreter:  Unexpected exception in processing picarro GAS data: list index out of range. Not updating measurement
WARNING: 15:05:07 - main_pipeline.interpreter:  Error in extracting time and data from bronkhorst reading: cannot unpack non-iterable float object. Probably not a tuple. Not updating measurement
INFO: 15:05:07 - sensor_interfaces.picarro_interface:  Picarro queried
WARNING: 15:05:08 - main_pipeline.interpreter:  Unexpected exception in processing picarro GAS data: list index out of range. Not updating measurement
WARNING: 15:05:08 - main_pipeline.interpreter:  Error in extracting time and data from bronkhorst reading: cannot unpack non-iterable float object. Probably not a tuple. Not updating measurement
INFO: 15:05:08 - sensor_interfaces.picarro_interface:  Picarro queried
WARNING: 15:05:09 - main_pipeline.interpreter:  Unexpected exception in processing picarro GAS data: list index out of range. Not updating measurement
WARNING: 15:05:09 - main_pipeline.interpreter:  Error in extracting time and data from bronkhorst reading: cannot unpack non-iterable float object. Probably not a tuple. Not updating measurement
INFO: 15:05:09 - sensor_interfaces.picarro_interface:  Picarro queried
WARNING: 15:05:10 - main_pipeline.interpreter:  Unexpected exception in processing picarro GAS data: list index out of range. Not updating measurement
WARNING: 15:05:10 - main_pipeline.interpreter:  Error in extracting time and data from bronkhorst reading: cannot unpack non-iterable float object. Probably not a tuple. Not updating measurement
INFO: 15:05:10 - sensor_interfaces.picarro_interface:  Picarro queried
WARNING: 15:05:11 - main_pipeline.interpreter:  Unexpected exception in processing picarro GAS data: list index out of range. Not updating measurement
WARNING: 15:05:11 - main_pipeline.interpreter:  Error in extracting time and data from bronkhorst reading: cannot unpack non-iterable float object. Probably not a tuple. Not updating measurement
INFO: 15:05:11 - sensor_interfaces.picarro_interface:  Picarro queried
WARNING: 15:05:12 - main_pipeline.interpreter:  Unexpected exception in processing picarro GAS data: list index out of range. Not updating measurement
WARNING: 15:05:12 - main_pipeline.interpreter:  Error in extracting time and data from bronkhorst reading: cannot unpack non-iterable float object. Probably not a tuple. Not updating measurement
INFO: 15:05:12 - sensor_interfaces.picarro_interface:  Picarro queried
WARNING: 15:05:13 - main_pipeline.interpreter:  Unexpected exception in processing picarro GAS data: list index out of range. Not updating measurement
WARNING: 15:05:13 - main_pipeline.interpreter:  Error in extracting time and data from bronkhorst reading: cannot unpack non-iterable float object. Probably not a tuple. Not updating measurement
INFO: 15:05:13 - sensor_interfaces.picarro_interface:  Picarro queried
WARNING: 15:05:14 - main_pipeline.interpreter:  Unexpected exception in processing picarro GAS data: list index out of range. Not updating measurement
WARNING: 15:05:14 - main_pipeline.interpreter:  Error in extracting time and data from bronkhorst reading: cannot unpack non-iterable float object. Probably not a tuple. Not updating measurement
INFO: 15:05:14 - sensor_interfaces.picarro_interface:  Picarro queried
WARNING: 15:05:15 - main_pipeline.interpreter:  Unexpected exception in processing picarro GAS data: list index out of range. Not updating measurement
WARNING: 15:05:15 - main_pipeline.interpreter:  Error in extracting time and data from bronkhorst reading: cannot unpack non-iterable float object. Probably not a tuple. Not updating measurement
INFO: 15:05:15 - sensor_interfaces.picarro_interface:  Picarro queried
WARNING: 15:05:16 - main_pipeline.interpreter:  Unexpected exception in processing picarro GAS data: list index out of range. Not updating measurement
WARNING: 15:05:16 - main_pipeline.interpreter:  Error in extracting time and data from bronkhorst reading: cannot unpack non-iterable float object. Probably not a tuple. Not updating measurement
INFO: 15:05:16 - sensor_interfaces.picarro_interface:  Picarro queried
WARNING: 15:05:17 - main_pipeline.interpreter:  Unexpected exception in processing picarro GAS data: list index out of range. Not updating measurement
WARNING: 15:05:17 - main_pipeline.interpreter:  Error in extracting time and data from bronkhorst reading: cannot unpack non-iterable float object. Probably not a tuple. Not updating measurement
INFO: 15:05:17 - sensor_interfaces.picarro_interface:  Picarro queried
WARNING: 15:05:18 - main_pipeline.interpreter:  Unexpected exception in processing picarro GAS data: list index out of range. Not updating measurement
WARNING: 15:05:18 - main_pipeline.interpreter:  Error in extracting time and data from bronkhorst reading: cannot unpack non-iterable float object. Probably not a tuple. Not updating measurement
INFO: 15:05:18 - sensor_interfaces.picarro_interface:  Picarro queried
WARNING: 15:05:19 - main_pipeline.interpreter:  Unexpected exception in processing picarro GAS data: list index out of range. Not updating measurement
WARNING: 15:05:19 - main_pipeline.interpreter:  Error in extracting time and data from bronkhorst reading: cannot unpack non-iterable float object. Probably not a tuple. Not updating measurement
INFO: 15:05:19 - sensor_interfaces.picarro_interface:  Picarro queried
WARNING: 15:05:20 - main_pipeline.interpreter:  Unexpected exception in processing picarro GAS data: list index out of range. Not updating measurement
WARNING: 15:05:20 - main_pipeline.interpreter:  Error in extracting time and data from bronkhorst reading: cannot unpack non-iterable float object. Probably not a tuple. Not updating measurement
INFO: 15:05:20 - sensor_interfaces.picarro_interface:  Picarro queried
WARNING: 15:05:21 - main_pipeline.interpreter:  Unexpected exception in processing picarro GAS data: list index out of range. Not updating measurement
WARNING: 15:05:21 - main_pipeline.interpreter:  Error in extracting time and data from bronkhorst reading: cannot unpack non-iterable float object. Probably not a tuple. Not updating measurement
INFO: 15:05:21 - sensor_interfaces.picarro_interface:  Picarro queried
WARNING: 15:05:22 - main_pipeline.interpreter:  Unexpected exception in processing picarro GAS data: list index out of range. Not updating measurement
WARNING: 15:05:22 - main_pipeline.interpreter:  Error in extracting time and data from bronkhorst reading: cannot unpack non-iterable float object. Probably not a tuple. Not updating measurement
INFO: 15:05:22 - sensor_interfaces.picarro_interface:  Picarro queried
WARNING: 15:05:23 - main_pipeline.interpreter:  Unexpected exception in processing picarro GAS data: list index out of range. Not updating measurement
WARNING: 15:05:23 - main_pipeline.interpreter:  Error in extracting time and data from bronkhorst reading: cannot unpack non-iterable float object. Probably not a tuple. Not updating measurement
INFO: 15:05:23 - sensor_interfaces.picarro_interface:  Picarro queried
WARNING: 15:05:24 - main_pipeline.interpreter:  Unexpected exception in processing picarro GAS data: list index out of range. Not updating measurement
WARNING: 15:05:24 - main_pipeline.interpreter:  Error in extracting time and data from bronkhorst reading: cannot unpack non-iterable float object. Probably not a tuple. Not updating measurement
INFO: 15:05:24 - sensor_interfaces.picarro_interface:  Picarro queried
WARNING: 15:05:25 - main_pipeline.interpreter:  Unexpected exception in processing picarro GAS data: list index out of range. Not updating measurement
WARNING: 15:05:25 - main_pipeline.interpreter:  Error in extracting time and data from bronkhorst reading: cannot unpack non-iterable float object. Probably not a tuple. Not updating measurement
INFO: 15:05:25 - sensor_interfaces.picarro_interface:  Picarro queried
WARNING: 15:05:26 - main_pipeline.interpreter:  Unexpected exception in processing picarro GAS data: list index out of range. Not updating measurement
WARNING: 15:05:26 - main_pipeline.interpreter:  Error in extracting time and data from bronkhorst reading: cannot unpack non-iterable float object. Probably not a tuple. Not updating measurement
INFO: 15:05:26 - sensor_interfaces.picarro_interface:  Picarro queried
WARNING: 15:05:27 - main_pipeline.interpreter:  Unexpected exception in processing picarro GAS data: list index out of range. Not updating measurement
WARNING: 15:05:27 - main_pipeline.interpreter:  Error in extracting time and data from bronkhorst reading: cannot unpack non-iterable float object. Probably not a tuple. Not updating measurement
INFO: 15:05:27 - sensor_interfaces.picarro_interface:  Picarro queried
WARNING: 15:05:28 - main_pipeline.interpreter:  Unexpected exception in processing picarro GAS data: list index out of range. Not updating measurement
WARNING: 15:05:28 - main_pipeline.interpreter:  Error in extracting time and data from bronkhorst reading: cannot unpack non-iterable float object. Probably not a tuple. Not updating measurement
INFO: 15:05:28 - sensor_interfaces.picarro_interface:  Picarro queried
INFO: 15:05:29 - main_pipeline.sensor:  Shutting down sensors
INFO: 15:05:29 - sensor_interfaces.abakus_interface:  Abakus measurements stopped
INFO: 15:05:29 - sensor_interfaces.laser_interface:  Dimetix laser turned off
INFO: 15:05:29 - main_pipeline.sensor:  Finished shutting down sensors
INFO: 15:07:21 - main_pipeline.sensor:  Shutting down sensors
INFO: 15:07:21 - sensor_interfaces.abakus_interface:  Abakus measurements stopped
INFO: 15:07:21 - sensor_interfaces.laser_interface:  Dimetix laser turned off
INFO: 15:07:21 - main_pipeline.sensor:  Finished shutting down sensors
INFO: 15:07:23 - main_pipeline.sensor:  Shutting down sensors
INFO: 15:07:23 - sensor_interfaces.abakus_interface:  Abakus measurements stopped
INFO: 15:07:23 - sensor_interfaces.laser_interface:  Dimetix laser turned off
INFO: 15:07:23 - main_pipeline.sensor:  Finished shutting down sensors
INFO: 15:09:30 - main_pipeline.sensor:  Successfully connected to port COM8, using real Picarro Gas hardware
INFO: 15:09:30 - main_pipeline.sensor:  Successfully connected to port COM4, using real Abakus hardware
INFO: 15:09:30 - main_pipeline.sensor:  Successfully connected to port COM3 and COM5, using real Flowmeter hardware
INFO: 15:09:31 - main_pipeline.sensor:  Successfully connected to port COM6, using real Dimetix hardware
WARNING: 15:09:31 - main_pipeline.sensor:  Couldn't find Bronkhorst at port COM9, shadowing sensor calls with substitute functions
INFO: 15:09:31 - sensor_interfaces.abakus_interface:  Connected to serial port COM4 with baud 38400
INFO: 15:09:31 - sensor_interfaces.flowmeter_interface:  Connected to serial port COM3 with baud 115200
INFO: 15:09:31 - sensor_interfaces.flowmeter_interface:  Connected to serial port COM5 with baud 115200
INFO: 15:09:31 - sensor_interfaces.laser_interface:  Connected to serial port COM6 with baud 19200
INFO: 15:09:31 - sensor_interfaces.picarro_interface:  Connected to serial port COM8 with baud 19200
INFO: 15:09:31 - sensor_interfaces.sim_instruments:  Fake hardware, pretending to use serial port COM9 with baud 38400
INFO: 15:09:31 - main_pipeline.sensor:  Sensor class initiated
INFO: 15:09:31 - main_pipeline.interpreter:  Interpreter class initiated
INFO: 15:09:31 - main_pipeline.writer:  Display class initiated
INFO: 15:09:34 - main_pipeline.sensor:  Initializing sensors
INFO: 15:09:34 - sensor_interfaces.abakus_interface:  Initializing Abakus
INFO: 15:09:34 - sensor_interfaces.abakus_interface:  Abakus measurements started
INFO: 15:09:34 - sensor_interfaces.abakus_interface:  Initialization attempt 1/10
INFO: 15:09:34 - sensor_interfaces.abakus_interface:  Initialization attempt 2/10
INFO: 15:09:34 - sensor_interfaces.abakus_interface:  Initialization attempt 3/10
INFO: 15:09:34 - sensor_interfaces.abakus_interface:  Abakus initialized
INFO: 15:09:34 - sensor_interfaces.picarro_interface:  Initialization attempt 1/10
INFO: 15:09:35 - sensor_interfaces.picarro_interface:  Picarro queried
INFO: 15:09:35 - sensor_interfaces.picarro_interface:  Initialization attempt 2/10
INFO: 15:09:35 - sensor_interfaces.picarro_interface:  Picarro queried
INFO: 15:09:35 - sensor_interfaces.picarro_interface:  Initialization attempt 3/10
INFO: 15:09:36 - sensor_interfaces.picarro_interface:  Picarro queried
INFO: 15:09:36 - sensor_interfaces.picarro_interface:  Initialization attempt 4/10
INFO: 15:09:36 - sensor_interfaces.picarro_interface:  Picarro queried
INFO: 15:09:36 - sensor_interfaces.picarro_interface:  Initialization attempt 5/10
INFO: 15:09:37 - sensor_interfaces.picarro_interface:  Picarro queried
INFO: 15:09:37 - sensor_interfaces.picarro_interface:  Initialization attempt 6/10
INFO: 15:09:37 - sensor_interfaces.picarro_interface:  Picarro queried
INFO: 15:09:37 - sensor_interfaces.picarro_interface:  Initialization attempt 7/10
INFO: 15:09:38 - sensor_interfaces.picarro_interface:  Picarro queried
INFO: 15:09:38 - sensor_interfaces.picarro_interface:  Initialization attempt 8/10
INFO: 15:09:39 - sensor_interfaces.picarro_interface:  Picarro queried
INFO: 15:09:39 - sensor_interfaces.picarro_interface:  Initialization attempt 9/10
INFO: 15:09:39 - sensor_interfaces.picarro_interface:  Picarro queried
INFO: 15:09:39 - sensor_interfaces.picarro_interface:  Initialization attempt 10/10
INFO: 15:09:40 - sensor_interfaces.picarro_interface:  Picarro queried
INFO: 15:09:40 - sensor_interfaces.picarro_interface:  Picarro initialization failed after 10 attempts
INFO: 15:09:40 - sensor_interfaces.laser_interface:  Dimetix laser turned on
INFO: 15:09:40 - sensor_interfaces.laser_interface:  Laser distance initialization attempt 1/10
INFO: 15:09:40 - sensor_interfaces.laser_interface:  Laser distance initialized
INFO: 15:09:40 - sensor_interfaces.laser_interface:  Laser temperature initialization attempt 1/10
INFO: 15:09:40 - sensor_interfaces.laser_interface:  Laser temperature initialized
INFO: 15:09:40 - sensor_interfaces.sim_instruments:  Initializing Bronkhorst
INFO: 15:09:40 - sensor_interfaces.sim_instruments:  Bronkhorst initialized
INFO: 15:09:40 - sensor_interfaces.flowmeter_interface:  Flowmeter measurements started
INFO: 15:09:40 - sensor_interfaces.flowmeter_interface:  Initialization attempt 1/10
INFO: 15:09:43 - sensor_interfaces.flowmeter_interface:  Initialization attempt 2/10
INFO: 15:09:43 - sensor_interfaces.flowmeter_interface:  Flowmeter sli2000 initialized
INFO: 15:09:43 - sensor_interfaces.flowmeter_interface:  Flowmeter measurements started
INFO: 15:09:43 - sensor_interfaces.flowmeter_interface:  Initialization attempt 1/10
INFO: 15:09:47 - sensor_interfaces.flowmeter_interface:  Initialization attempt 2/10
INFO: 15:09:47 - sensor_interfaces.flowmeter_interface:  Flowmeter sls1500 initialized
INFO: 15:09:47 - main_pipeline.sensor:  Finished initializing sensors
WARNING: 15:09:51 - main_pipeline.interpreter:  Error in extracting time and data from Abakus reading: cannot unpack non-iterable NoneType object. Probably not a tuple. Not updating measurement
WARNING: 15:09:51 - main_pipeline.interpreter:  Error in extracting time and data from flowmeter SLI2000 reading: cannot unpack non-iterable NoneType object. Probably not a tuple. Not updating measurement
WARNING: 15:09:51 - main_pipeline.interpreter:  Error in extracting time and data from flowmeter SLS1500 reading: cannot unpack non-iterable NoneType object. Probably not a tuple. Not updating measurement
WARNING: 15:09:51 - main_pipeline.interpreter:  Error in extracting time and data from laser reading: cannot unpack non-iterable NoneType object. Probably not a tuple. Not updating measurement
WARNING: 15:09:51 - main_pipeline.interpreter:  Error in extracting time and data from picarro reading: cannot unpack non-iterable NoneType object. Probably not a tuple. Not updating measurement
WARNING: 15:09:51 - main_pipeline.interpreter:  Error in extracting time and data from bronkhorst reading: cannot unpack non-iterable float object. Probably not a tuple. Not updating measurement
INFO: 15:09:51 - sensor_interfaces.picarro_interface:  Picarro queried
WARNING: 15:09:51 - __main__:  Error updating the Picarro Gas buffer timestamp: 'NoneType' object is not subscriptable
WARNING: 15:09:51 - __main__:  Error updating the Picarro Gas buffer data: 'NoneType' object is not subscriptable
WARNING: 15:09:51 - __main__:  Error updating the Picarro Gas buffer data: 'NoneType' object is not subscriptable
WARNING: 15:09:51 - __main__:  Error updating the Picarro Gas buffer data: 'NoneType' object is not subscriptable
WARNING: 15:09:51 - __main__:  Error updating the Picarro Gas buffer data: 'NoneType' object is not subscriptable
WARNING: 15:09:51 - __main__:  Error updating the Laser Distance Sensor buffer timestamp: 'NoneType' object is not subscriptable
WARNING: 15:09:51 - __main__:  Error updating the Laser Distance Sensor buffer data: 'NoneType' object is not subscriptable
WARNING: 15:09:51 - __main__:  Error updating the Laser Distance Sensor buffer data: 'NoneType' object is not subscriptable
WARNING: 15:09:51 - __main__:  Error updating the Abakus Particle Counter buffer timestamp: 'NoneType' object is not subscriptable
WARNING: 15:09:51 - __main__:  Error updating the Abakus Particle Counter buffer data: 'NoneType' object is not subscriptable
WARNING: 15:09:51 - __main__:  Error updating the Flowmeter buffer timestamp: 'NoneType' object is not subscriptable
WARNING: 15:09:51 - __main__:  Error updating the Flowmeter buffer data: 'NoneType' object is not subscriptable
WARNING: 15:09:51 - __main__:  Error updating the Flowmeter buffer data: 'NoneType' object is not subscriptable
WARNING: 15:09:51 - __main__:  Error updating the Bronkhorst Pressure buffer timestamp: 'NoneType' object is not subscriptable
WARNING: 15:09:51 - __main__:  Error updating the Bronkhorst Pressure buffer data: 'NoneType' object is not subscriptable
WARNING: 15:09:51 - __main__:  Error updating the Bronkhorst Pressure buffer data: 'NoneType' object is not subscriptable
WARNING: 15:09:51 - __main__:  Error updating the Bronkhorst Pressure buffer data: 'NoneType' object is not subscriptable
WARNING: 15:09:51 - __main__:  Error updating the Bronkhorst Pressure buffer data: 'NoneType' object is not subscriptable
WARNING: 15:09:52 - main_pipeline.interpreter:  Unexpected exception in processing picarro GAS data: list index out of range. Not updating measurement
WARNING: 15:09:52 - main_pipeline.interpreter:  Error in extracting time and data from bronkhorst reading: cannot unpack non-iterable float object. Probably not a tuple. Not updating measurement
INFO: 15:09:52 - sensor_interfaces.picarro_interface:  Picarro queried
WARNING: 15:09:53 - main_pipeline.interpreter:  Unexpected exception in processing picarro GAS data: list index out of range. Not updating measurement
WARNING: 15:09:53 - main_pipeline.interpreter:  Error in extracting time and data from bronkhorst reading: cannot unpack non-iterable float object. Probably not a tuple. Not updating measurement
INFO: 15:09:53 - sensor_interfaces.picarro_interface:  Picarro queried
WARNING: 15:09:54 - main_pipeline.interpreter:  Unexpected exception in processing picarro GAS data: list index out of range. Not updating measurement
WARNING: 15:09:54 - main_pipeline.interpreter:  Error in extracting time and data from bronkhorst reading: cannot unpack non-iterable float object. Probably not a tuple. Not updating measurement
INFO: 15:09:54 - sensor_interfaces.picarro_interface:  Picarro queried
WARNING: 15:09:55 - main_pipeline.interpreter:  Unexpected exception in processing picarro GAS data: list index out of range. Not updating measurement
WARNING: 15:09:55 - main_pipeline.interpreter:  Error in extracting time and data from bronkhorst reading: cannot unpack non-iterable float object. Probably not a tuple. Not updating measurement
INFO: 15:09:55 - sensor_interfaces.picarro_interface:  Picarro queried
WARNING: 15:09:56 - main_pipeline.interpreter:  Unexpected exception in processing picarro GAS data: list index out of range. Not updating measurement
WARNING: 15:09:56 - main_pipeline.interpreter:  Error in extracting time and data from bronkhorst reading: cannot unpack non-iterable float object. Probably not a tuple. Not updating measurement
INFO: 15:09:56 - sensor_interfaces.picarro_interface:  Picarro queried
WARNING: 15:09:57 - main_pipeline.interpreter:  Unexpected exception in processing picarro GAS data: list index out of range. Not updating measurement
WARNING: 15:09:57 - main_pipeline.interpreter:  Error in extracting time and data from bronkhorst reading: cannot unpack non-iterable float object. Probably not a tuple. Not updating measurement
INFO: 15:09:57 - sensor_interfaces.picarro_interface:  Picarro queried
WARNING: 15:09:58 - main_pipeline.interpreter:  Unexpected exception in processing picarro GAS data: list index out of range. Not updating measurement
WARNING: 15:09:58 - main_pipeline.interpreter:  Error in extracting time and data from bronkhorst reading: cannot unpack non-iterable float object. Probably not a tuple. Not updating measurement
INFO: 15:09:58 - sensor_interfaces.picarro_interface:  Picarro queried
WARNING: 15:09:59 - main_pipeline.interpreter:  Unexpected exception in processing picarro GAS data: list index out of range. Not updating measurement
WARNING: 15:09:59 - main_pipeline.interpreter:  Error in extracting time and data from bronkhorst reading: cannot unpack non-iterable float object. Probably not a tuple. Not updating measurement
INFO: 15:09:59 - sensor_interfaces.picarro_interface:  Picarro queried
WARNING: 15:10:00 - main_pipeline.interpreter:  Unexpected exception in processing picarro GAS data: list index out of range. Not updating measurement
WARNING: 15:10:00 - main_pipeline.interpreter:  Error in extracting time and data from bronkhorst reading: cannot unpack non-iterable float object. Probably not a tuple. Not updating measurement
INFO: 15:10:00 - sensor_interfaces.picarro_interface:  Picarro queried
WARNING: 15:10:01 - main_pipeline.interpreter:  Unexpected exception in processing picarro GAS data: list index out of range. Not updating measurement
WARNING: 15:10:01 - main_pipeline.interpreter:  Error in extracting time and data from bronkhorst reading: cannot unpack non-iterable float object. Probably not a tuple. Not updating measurement
INFO: 15:10:01 - sensor_interfaces.picarro_interface:  Picarro queried
WARNING: 15:10:02 - main_pipeline.interpreter:  Unexpected exception in processing picarro GAS data: list index out of range. Not updating measurement
WARNING: 15:10:02 - main_pipeline.interpreter:  Error in extracting time and data from bronkhorst reading: cannot unpack non-iterable float object. Probably not a tuple. Not updating measurement
INFO: 15:10:02 - sensor_interfaces.picarro_interface:  Picarro queried
WARNING: 15:10:03 - main_pipeline.interpreter:  Unexpected exception in processing picarro GAS data: list index out of range. Not updating measurement
WARNING: 15:10:03 - main_pipeline.interpreter:  Error in extracting time and data from bronkhorst reading: cannot unpack non-iterable float object. Probably not a tuple. Not updating measurement
INFO: 15:10:03 - sensor_interfaces.picarro_interface:  Picarro queried
WARNING: 15:10:04 - main_pipeline.interpreter:  Unexpected exception in processing picarro GAS data: list index out of range. Not updating measurement
WARNING: 15:10:04 - main_pipeline.interpreter:  Error in extracting time and data from bronkhorst reading: cannot unpack non-iterable float object. Probably not a tuple. Not updating measurement
INFO: 15:10:04 - sensor_interfaces.picarro_interface:  Picarro queried
WARNING: 15:10:05 - main_pipeline.interpreter:  Unexpected exception in processing picarro GAS data: list index out of range. Not updating measurement
WARNING: 15:10:05 - main_pipeline.interpreter:  Error in extracting time and data from bronkhorst reading: cannot unpack non-iterable float object. Probably not a tuple. Not updating measurement
INFO: 15:10:05 - sensor_interfaces.picarro_interface:  Picarro queried
WARNING: 15:10:06 - main_pipeline.interpreter:  Unexpected exception in processing picarro GAS data: list index out of range. Not updating measurement
WARNING: 15:10:06 - main_pipeline.interpreter:  Error in extracting time and data from bronkhorst reading: cannot unpack non-iterable float object. Probably not a tuple. Not updating measurement
INFO: 15:10:06 - sensor_interfaces.picarro_interface:  Picarro queried
WARNING: 15:10:07 - main_pipeline.interpreter:  Unexpected exception in processing picarro GAS data: list index out of range. Not updating measurement
WARNING: 15:10:07 - main_pipeline.interpreter:  Error in extracting time and data from bronkhorst reading: cannot unpack non-iterable float object. Probably not a tuple. Not updating measurement
INFO: 15:10:07 - sensor_interfaces.picarro_interface:  Picarro queried
WARNING: 15:10:08 - main_pipeline.interpreter:  Unexpected exception in processing picarro GAS data: list index out of range. Not updating measurement
WARNING: 15:10:08 - main_pipeline.interpreter:  Error in extracting time and data from bronkhorst reading: cannot unpack non-iterable float object. Probably not a tuple. Not updating measurement
INFO: 15:10:08 - sensor_interfaces.picarro_interface:  Picarro queried
WARNING: 15:10:09 - main_pipeline.interpreter:  Unexpected exception in processing picarro GAS data: list index out of range. Not updating measurement
WARNING: 15:10:09 - main_pipeline.interpreter:  Error in extracting time and data from bronkhorst reading: cannot unpack non-iterable float object. Probably not a tuple. Not updating measurement
INFO: 15:10:09 - sensor_interfaces.picarro_interface:  Picarro queried
WARNING: 15:10:10 - main_pipeline.interpreter:  Unexpected exception in processing picarro GAS data: list index out of range. Not updating measurement
WARNING: 15:10:10 - main_pipeline.interpreter:  Error in extracting time and data from bronkhorst reading: cannot unpack non-iterable float object. Probably not a tuple. Not updating measurement
INFO: 15:10:10 - sensor_interfaces.picarro_interface:  Picarro queried
WARNING: 15:10:11 - main_pipeline.interpreter:  Unexpected exception in processing picarro GAS data: list index out of range. Not updating measurement
WARNING: 15:10:11 - main_pipeline.interpreter:  Error in extracting time and data from bronkhorst reading: cannot unpack non-iterable float object. Probably not a tuple. Not updating measurement
INFO: 15:10:11 - sensor_interfaces.picarro_interface:  Picarro queried
WARNING: 15:10:12 - main_pipeline.interpreter:  Unexpected exception in processing picarro GAS data: list index out of range. Not updating measurement
WARNING: 15:10:12 - main_pipeline.interpreter:  Error in extracting time and data from bronkhorst reading: cannot unpack non-iterable float object. Probably not a tuple. Not updating measurement
INFO: 15:10:12 - sensor_interfaces.picarro_interface:  Picarro queried
WARNING: 15:10:13 - main_pipeline.interpreter:  Unexpected exception in processing picarro GAS data: list index out of range. Not updating measurement
WARNING: 15:10:13 - main_pipeline.interpreter:  Error in extracting time and data from bronkhorst reading: cannot unpack non-iterable float object. Probably not a tuple. Not updating measurement
INFO: 15:10:13 - sensor_interfaces.picarro_interface:  Picarro queried
WARNING: 15:10:14 - main_pipeline.interpreter:  Unexpected exception in processing picarro GAS data: list index out of range. Not updating measurement
WARNING: 15:10:14 - main_pipeline.interpreter:  Error in extracting time and data from bronkhorst reading: cannot unpack non-iterable float object. Probably not a tuple. Not updating measurement
INFO: 15:10:14 - sensor_interfaces.picarro_interface:  Picarro queried
WARNING: 15:10:15 - main_pipeline.interpreter:  Unexpected exception in processing picarro GAS data: list index out of range. Not updating measurement
WARNING: 15:10:15 - main_pipeline.interpreter:  Error in extracting time and data from bronkhorst reading: cannot unpack non-iterable float object. Probably not a tuple. Not updating measurement
INFO: 15:10:15 - sensor_interfaces.picarro_interface:  Picarro queried
WARNING: 15:10:16 - main_pipeline.interpreter:  Unexpected exception in processing picarro GAS data: list index out of range. Not updating measurement
WARNING: 15:10:16 - main_pipeline.interpreter:  Error in extracting time and data from bronkhorst reading: cannot unpack non-iterable float object. Probably not a tuple. Not updating measurement
INFO: 15:10:16 - sensor_interfaces.picarro_interface:  Picarro queried
WARNING: 15:10:17 - main_pipeline.interpreter:  Unexpected exception in processing picarro GAS data: list index out of range. Not updating measurement
WARNING: 15:10:17 - main_pipeline.interpreter:  Error in extracting time and data from bronkhorst reading: cannot unpack non-iterable float object. Probably not a tuple. Not updating measurement
INFO: 15:10:17 - sensor_interfaces.picarro_interface:  Picarro queried
WARNING: 15:10:18 - main_pipeline.interpreter:  Unexpected exception in processing picarro GAS data: list index out of range. Not updating measurement
WARNING: 15:10:18 - main_pipeline.interpreter:  Error in extracting time and data from bronkhorst reading: cannot unpack non-iterable float object. Probably not a tuple. Not updating measurement
INFO: 15:10:18 - sensor_interfaces.picarro_interface:  Picarro queried
WARNING: 15:10:19 - main_pipeline.interpreter:  Unexpected exception in processing picarro GAS data: list index out of range. Not updating measurement
WARNING: 15:10:19 - main_pipeline.interpreter:  Error in extracting time and data from bronkhorst reading: cannot unpack non-iterable float object. Probably not a tuple. Not updating measurement
INFO: 15:10:19 - sensor_interfaces.picarro_interface:  Picarro queried
INFO: 15:10:30 - main_pipeline.sensor:  Shutting down sensors
INFO: 15:10:30 - sensor_interfaces.abakus_interface:  Abakus measurements stopped
INFO: 15:10:30 - sensor_interfaces.laser_interface:  Dimetix laser turned off
INFO: 15:10:30 - main_pipeline.sensor:  Finished shutting down sensors
INFO: 15:10:34 - main_pipeline.sensor:  Shutting down sensors
INFO: 15:10:34 - sensor_interfaces.abakus_interface:  Abakus measurements stopped
INFO: 15:10:34 - sensor_interfaces.laser_interface:  Dimetix laser turned off
INFO: 15:10:34 - main_pipeline.sensor:  Finished shutting down sensors
